curr_state,next_state,target,count,avg_fwd24,win_rate,state_total,p_transition
asia_high_neg_high,asia_high_neg_med,down_med,7,-1.9874293264968956,0.0,49,0.14285714285714285
asia_high_neg_high,asia_high_neg_high,down_small,5,-0.5698120738509587,0.0,49,0.10204081632653061
asia_high_neg_high,asia_high_neg_high,up_med,5,1.348856972750691,1.0,49,0.10204081632653061
asia_high_neg_high,asia_high_neg_low,down_med,4,-1.7711672198395523,0.0,49,0.08163265306122448
asia_high_neg_high,asia_high_neg_med,up_med,4,1.8605383382879142,1.0,49,0.08163265306122448
asia_high_neg_high,asia_high_neg_med,down_large,3,-6.14462747277661,0.0,49,0.061224489795918366
asia_high_neg_high,asia_high_neg_high,down_med,2,-1.3156490494194482,0.0,49,0.04081632653061224
asia_high_neg_high,asia_high_neg_high,up_large,2,5.100481241653862,1.0,49,0.04081632653061224
asia_high_neg_high,asia_high_neg_low,up_small,2,0.2042447897858585,1.0,49,0.04081632653061224
asia_high_neg_high,asia_high_neg_med,down_small,2,-0.5483716727741794,0.0,49,0.04081632653061224
asia_high_neg_high,asia_med_neg_high,down_small,2,-0.8009094453841837,0.0,49,0.04081632653061224
asia_high_neg_high,asia_high_neg_high,up_small,1,0.5118279569892487,1.0,49,0.02040816326530612
asia_high_neg_high,asia_high_neg_low,down_small,1,-0.9074074074074112,0.0,49,0.02040816326530612
asia_high_neg_high,asia_high_neg_low,up_large,1,2.778625954198463,1.0,49,0.02040816326530612
asia_high_neg_high,asia_low_neg_low,down_small,1,-0.059071729957794035,0.0,49,0.02040816326530612
asia_high_neg_high,asia_low_neg_med,down_small,1,-0.08063354931606723,0.0,49,0.02040816326530612
asia_high_neg_high,asia_low_pos_med,up_med,1,1.8380368098159683,1.0,49,0.02040816326530612
asia_high_neg_high,asia_med_neg_high,down_large,1,-5.463414634146326,0.0,49,0.02040816326530612
asia_high_neg_high,asia_med_neg_high,down_med,1,-2.312258064516138,0.0,49,0.02040816326530612
asia_high_neg_high,asia_med_neg_med,down_large,1,-4.219307097208222,0.0,49,0.02040816326530612
asia_high_neg_high,asia_med_neg_med,up_large,1,7.311511585141666,1.0,49,0.02040816326530612
asia_high_neg_high,london_high_neg_low,down_med,1,-1.2023755139332342,0.0,49,0.02040816326530612
asia_high_neg_low,asia_high_neg_low,down_med,4,-1.772950833593809,0.0,42,0.09523809523809523
asia_high_neg_low,asia_high_neg_low,down_small,4,-0.6472086300222538,0.0,42,0.09523809523809523
asia_high_neg_low,asia_high_neg_high,down_large,2,-5.200684458867181,0.0,42,0.047619047619047616
asia_high_neg_low,asia_high_pos_low,down_small,2,-0.7913986218010792,0.0,42,0.047619047619047616
asia_high_neg_low,asia_low_neg_low,up_med,2,1.283738656987297,1.0,42,0.047619047619047616
asia_high_neg_low,asia_med_neg_low,down_small,2,-0.6231391432977268,0.0,42,0.047619047619047616
asia_high_neg_low,asia_med_pos_med,down_large,2,-2.9961251862891345,0.0,42,0.047619047619047616
asia_high_neg_low,asia_high_neg_low,down_large,1,-3.198118139048619,0.0,42,0.023809523809523808
asia_high_neg_low,asia_high_neg_low,up_med,1,2.669144981412641,1.0,42,0.023809523809523808
asia_high_neg_low,asia_high_neg_med,down_large,1,-4.261437908496775,0.0,42,0.023809523809523808
asia_high_neg_low,asia_high_neg_med,up_med,1,1.374644036906273,1.0,42,0.023809523809523808
asia_high_neg_low,asia_high_neg_med,up_small,1,0.45851528384280665,1.0,42,0.023809523809523808
asia_high_neg_low,asia_high_pos_high,down_med,1,-1.6778846153846065,0.0,42,0.023809523809523808
asia_high_neg_low,asia_high_pos_high,up_med,1,2.016701461377873,1.0,42,0.023809523809523808
asia_high_neg_low,asia_high_pos_low,up_large,1,6.87101248266299,1.0,42,0.023809523809523808
asia_high_neg_low,asia_high_pos_low,up_med,1,2.4664775950085374,1.0,42,0.023809523809523808
asia_high_neg_low,asia_high_pos_med,up_large,1,3.5558756451806284,1.0,42,0.023809523809523808
asia_high_neg_low,asia_low_neg_low,up_small,1,0.5948363488513714,1.0,42,0.023809523809523808
asia_high_neg_low,asia_low_neg_med,down_med,1,-1.6172624237140576,0.0,42,0.023809523809523808
asia_high_neg_low,asia_low_neg_med,up_med,1,2.7144575414962424,1.0,42,0.023809523809523808
asia_high_neg_low,asia_low_pos_high,up_med,1,1.7309090909091214,1.0,42,0.023809523809523808
asia_high_neg_low,asia_low_pos_low,up_large,1,10.301117047110159,1.0,42,0.023809523809523808
asia_high_neg_low,asia_low_pos_med,down_med,1,-2.081632653061281,0.0,42,0.023809523809523808
asia_high_neg_low,asia_med_neg_high,down_med,1,-2.4298459042984355,0.0,42,0.023809523809523808
asia_high_neg_low,asia_med_neg_low,up_large,1,2.8349999999999875,1.0,42,0.023809523809523808
asia_high_neg_low,asia_med_neg_med,up_large,1,5.504643962848201,1.0,42,0.023809523809523808
asia_high_neg_low,asia_med_pos_high,up_med,1,1.7499999999999938,1.0,42,0.023809523809523808
asia_high_neg_low,asia_med_pos_low,down_small,1,-0.9156626506023726,0.0,42,0.023809523809523808
asia_high_neg_low,asia_med_pos_med,down_med,1,-1.3750126046183355,0.0,42,0.023809523809523808
asia_high_neg_low,london_high_pos_med,down_large,1,-3.9236869669310273,0.0,42,0.023809523809523808
asia_high_neg_low,london_med_pos_med,down_med,1,-1.6724683544304504,0.0,42,0.023809523809523808
asia_high_neg_med,asia_high_neg_high,down_med,3,-1.595431175255481,0.0,47,0.06382978723404255
asia_high_neg_med,asia_high_neg_low,up_small,3,0.622925537728099,1.0,47,0.06382978723404255
asia_high_neg_med,asia_high_neg_med,down_small,3,-0.9234083025411137,0.0,47,0.06382978723404255
asia_high_neg_med,asia_med_neg_med,down_med,3,-2.044544642106417,0.0,47,0.06382978723404255
asia_high_neg_med,asia_high_neg_high,up_small,2,0.8001395372129287,1.0,47,0.0425531914893617
asia_high_neg_med,asia_high_neg_low,down_large,2,-4.487804811714357,0.0,47,0.0425531914893617
asia_high_neg_med,asia_high_neg_low,down_med,2,-2.418330044037573,0.0,47,0.0425531914893617
asia_high_neg_med,asia_high_neg_low,up_large,2,5.072650521334998,1.0,47,0.0425531914893617
asia_high_neg_med,asia_high_neg_med,down_med,2,-1.683048950632828,0.0,47,0.0425531914893617
asia_high_neg_med,asia_med_neg_low,down_small,2,-0.7656953373032125,0.0,47,0.0425531914893617
asia_high_neg_med,asia_high_neg_high,down_large,1,-3.564986737400539,0.0,47,0.02127659574468085
asia_high_neg_med,asia_high_neg_high,up_med,1,1.6305220883534077,1.0,47,0.02127659574468085
asia_high_neg_med,asia_high_neg_low,down_small,1,-0.9249249249249196,0.0,47,0.02127659574468085
asia_high_neg_med,asia_high_neg_med,up_large,1,3.332222839163417,1.0,47,0.02127659574468085
asia_high_neg_med,asia_high_neg_med,up_med,1,1.372071227741318,1.0,47,0.02127659574468085
asia_high_neg_med,asia_high_neg_med,up_small,1,0.5460645882846272,1.0,47,0.02127659574468085
asia_high_neg_med,asia_high_pos_med,down_large,1,-5.102277802590425,0.0,47,0.02127659574468085
asia_high_neg_med,asia_low_neg_high,down_large,1,-3.5479452054794254,0.0,47,0.02127659574468085
asia_high_neg_med,asia_low_neg_med,down_small,1,-1.0986409469530765,0.0,47,0.02127659574468085
asia_high_neg_med,asia_low_neg_med,up_large,1,3.0263620386643493,1.0,47,0.02127659574468085
asia_high_neg_med,asia_low_pos_low,up_small,1,0.1822916666666568,1.0,47,0.02127659574468085
asia_high_neg_med,asia_low_pos_med,down_small,1,-0.5789473684210971,0.0,47,0.02127659574468085
asia_high_neg_med,asia_med_neg_high,up_small,1,1.1478770131771485,1.0,47,0.02127659574468085
asia_high_neg_med,asia_med_neg_low,down_large,1,-6.436241610738268,0.0,47,0.02127659574468085
asia_high_neg_med,asia_med_neg_low,down_med,1,-1.1858960984769336,0.0,47,0.02127659574468085
asia_high_neg_med,asia_med_neg_low,up_med,1,2.6989207294380315,1.0,47,0.02127659574468085
asia_high_neg_med,asia_med_neg_med,up_med,1,1.9631947000368164,1.0,47,0.02127659574468085
asia_high_neg_med,asia_med_pos_high,up_small,1,0.5169230769231032,1.0,47,0.02127659574468085
asia_high_neg_med,asia_med_pos_med,up_med,1,1.9668174962292568,1.0,47,0.02127659574468085
asia_high_neg_med,london_high_pos_high,up_large,1,2.7474671669793858,1.0,47,0.02127659574468085
asia_high_neg_med,london_low_neg_low,up_small,1,1.105499679007083,1.0,47,0.02127659574468085
asia_high_neg_med,london_low_pos_med,down_large,1,-2.848695652173877,0.0,47,0.02127659574468085
asia_high_neg_med,london_med_neg_med,up_small,1,0.006029285099081323,1.0,47,0.02127659574468085
asia_high_pos_high,asia_high_pos_med,up_med,9,2.1551677093949753,1.0,74,0.12162162162162163
asia_high_pos_high,asia_high_pos_med,down_large,7,-4.901981385204551,0.0,74,0.0945945945945946
asia_high_pos_high,asia_high_pos_med,up_large,7,3.550593644994394,1.0,74,0.0945945945945946
asia_high_pos_high,asia_high_pos_high,up_med,6,2.505619364434119,1.0,74,0.08108108108108109
asia_high_pos_high,asia_high_pos_med,down_small,6,-0.47204966446513136,0.0,74,0.08108108108108109
asia_high_pos_high,asia_high_pos_low,up_large,5,3.1625641586795306,1.0,74,0.06756756756756757
asia_high_pos_high,asia_high_pos_med,down_med,5,-2.034647153199896,0.0,74,0.06756756756756757
asia_high_pos_high,asia_high_pos_med,up_small,3,0.487627291039265,1.0,74,0.04054054054054054
asia_high_pos_high,asia_high_pos_high,down_large,2,-5.303567870622695,0.0,74,0.02702702702702703
asia_high_pos_high,asia_high_pos_high,up_large,2,4.212832738913493,1.0,74,0.02702702702702703
asia_high_pos_high,asia_high_pos_low,down_small,2,-0.4692818213783405,0.0,74,0.02702702702702703
asia_high_pos_high,asia_high_pos_low,up_med,2,2.3209366826272797,1.0,74,0.02702702702702703
asia_high_pos_high,asia_high_pos_low,up_small,2,0.355394935456217,1.0,74,0.02702702702702703
asia_high_pos_high,asia_med_pos_med,up_med,2,2.481481481481478,1.0,74,0.02702702702702703
asia_high_pos_high,asia_high_neg_med,down_small,1,-0.35795923176624317,0.0,74,0.013513513513513514
asia_high_pos_high,asia_high_neg_med,up_large,1,3.934306569343053,1.0,74,0.013513513513513514
asia_high_pos_high,asia_high_pos_high,down_med,1,-1.5673624288425165,0.0,74,0.013513513513513514
asia_high_pos_high,asia_high_pos_high,down_small,1,-0.7256097560975723,0.0,74,0.013513513513513514
asia_high_pos_high,asia_high_pos_high,up_small,1,0.2384842690770076,1.0,74,0.013513513513513514
asia_high_pos_high,asia_high_pos_low,down_large,1,-3.291228070175435,0.0,74,0.013513513513513514
asia_high_pos_high,asia_low_neg_med,up_med,1,1.9619692628288665,1.0,74,0.013513513513513514
asia_high_pos_high,asia_low_pos_med,up_med,1,2.6320000000000094,1.0,74,0.013513513513513514
asia_high_pos_high,asia_med_neg_high,down_small,1,-0.6222222222222168,0.0,74,0.013513513513513514
asia_high_pos_high,asia_med_pos_high,down_large,1,-3.9729729729729732,0.0,74,0.013513513513513514
asia_high_pos_high,asia_med_pos_low,up_large,1,4.1562500000000355,1.0,74,0.013513513513513514
asia_high_pos_high,asia_med_pos_med,down_large,1,-2.945389435989242,0.0,74,0.013513513513513514
asia_high_pos_high,asia_med_pos_med,down_med,1,-2.229629629629628,0.0,74,0.013513513513513514
asia_high_pos_high,asia_med_pos_med,up_small,1,0.24418604651169148,1.0,74,0.013513513513513514
asia_high_pos_low,asia_high_pos_low,down_large,3,-4.939297645501833,0.0,50,0.06
asia_high_pos_low,asia_med_neg_med,up_med,3,1.6863971439666157,1.0,50,0.06
asia_high_pos_low,asia_med_pos_low,up_med,3,1.6825119966650284,1.0,50,0.06
asia_high_pos_low,asia_high_pos_high,up_large,2,3.9187879457060575,1.0,50,0.04
asia_high_pos_low,asia_high_pos_low,up_large,2,3.7138302140582917,1.0,50,0.04
asia_high_pos_low,asia_low_neg_low,up_med,2,2.1415168287327346,1.0,50,0.04
asia_high_pos_low,asia_med_pos_low,down_small,2,-0.5092916202671768,0.0,50,0.04
asia_high_pos_low,asia_med_pos_low,up_large,2,3.8221455877242088,1.0,50,0.04
asia_high_pos_low,asia_high_neg_low,up_small,1,0.21541679115625492,1.0,50,0.02
asia_high_pos_low,asia_high_neg_med,up_med,1,2.047456080310247,1.0,50,0.02
asia_high_pos_low,asia_high_pos_high,down_large,1,-6.1884595023821936,0.0,50,0.02
asia_high_pos_low,asia_high_pos_high,up_med,1,2.015620932049014,1.0,50,0.02
asia_high_pos_low,asia_high_pos_low,down_med,1,-1.5920199501247196,0.0,50,0.02
asia_high_pos_low,asia_high_pos_low,down_small,1,-0.8457997698503608,0.0,50,0.02
asia_high_pos_low,asia_high_pos_low,up_med,1,2.4672990514228497,1.0,50,0.02
asia_high_pos_low,asia_high_pos_low,up_small,1,0.7265517241379204,1.0,50,0.02
asia_high_pos_low,asia_high_pos_med,down_large,1,-4.193034825870701,0.0,50,0.02
asia_high_pos_low,asia_high_pos_med,up_large,1,6.414389954182946,1.0,50,0.02
asia_high_pos_low,asia_high_pos_med,up_med,1,2.226485148514785,1.0,50,0.02
asia_high_pos_low,asia_low_neg_high,down_large,1,-5.3402061855670375,0.0,50,0.02
asia_high_pos_low,asia_low_neg_low,down_large,1,-4.3884156729131005,0.0,50,0.02
asia_high_pos_low,asia_low_neg_low,down_small,1,-0.18679277149129128,0.0,50,0.02
asia_high_pos_low,asia_low_neg_low,up_large,1,6.222505462490909,1.0,50,0.02
asia_high_pos_low,asia_low_neg_med,down_large,1,-8.000572901747324,0.0,50,0.02
asia_high_pos_low,asia_low_pos_low,down_large,1,-11.8706293706293,0.0,50,0.02
asia_high_pos_low,asia_low_pos_low,down_small,1,-0.47933884297519863,0.0,50,0.02
asia_high_pos_low,asia_low_pos_low,up_large,1,7.306733167082416,1.0,50,0.02
asia_high_pos_low,asia_low_pos_low,up_med,1,1.933054393305466,1.0,50,0.02
asia_high_pos_low,asia_low_pos_med,down_med,1,-2.3842794759824986,0.0,50,0.02
asia_high_pos_low,asia_med_neg_high,up_small,1,0.5831325301205049,1.0,50,0.02
asia_high_pos_low,asia_med_neg_low,up_large,1,3.9899648770697307,1.0,50,0.02
asia_high_pos_low,asia_med_neg_med,up_large,1,2.861930294906185,1.0,50,0.02
asia_high_pos_low,asia_med_pos_low,up_small,1,0.5029940119760375,1.0,50,0.02
asia_high_pos_low,asia_med_pos_med,up_med,1,2.5863453815260598,1.0,50,0.02
asia_high_pos_low,london_high_pos_high,up_large,1,4.562300319488732,1.0,50,0.02
asia_high_pos_low,london_high_pos_med,down_large,1,-7.450779327317418,0.0,50,0.02
asia_high_pos_low,london_low_neg_low,down_med,1,-2.5027932960892634,0.0,50,0.02
asia_high_pos_low,london_low_pos_high,down_large,1,-3.8105515587530068,0.0,50,0.02
asia_high_pos_low,london_med_pos_high,up_med,1,2.5108695652174045,1.0,50,0.02
asia_high_pos_med,asia_high_pos_low,down_large,7,-7.970755905854688,0.0,74,0.0945945945945946
asia_high_pos_med,asia_high_pos_high,up_med,4,1.9236774445574985,1.0,74,0.05405405405405406
asia_high_pos_med,london_high_pos_high,up_med,4,1.4347532427764509,1.0,74,0.05405405405405406
asia_high_pos_med,asia_high_pos_low,up_large,3,4.119295541718373,1.0,74,0.04054054054054054
asia_high_pos_med,asia_high_pos_med,down_small,3,-0.2717947966405292,0.0,74,0.04054054054054054
asia_high_pos_med,asia_high_pos_med,up_med,3,2.2920256918675874,1.0,74,0.04054054054054054
asia_high_pos_med,london_med_pos_high,up_small,3,0.720648844915231,1.0,74,0.04054054054054054
asia_high_pos_med,asia_high_pos_high,down_large,2,-5.378739676914328,0.0,74,0.02702702702702703
asia_high_pos_med,asia_high_pos_low,up_med,2,2.1031396628627865,1.0,74,0.02702702702702703
asia_high_pos_med,asia_high_pos_med,down_large,2,-3.7246951667401422,0.0,74,0.02702702702702703
asia_high_pos_med,asia_high_pos_med,up_large,2,6.409093589667986,1.0,74,0.02702702702702703
asia_high_pos_med,asia_low_pos_low,down_med,2,-1.8443996415770538,0.0,74,0.02702702702702703
asia_high_pos_med,asia_low_pos_med,down_large,2,-9.460771939998033,0.0,74,0.02702702702702703
asia_high_pos_med,asia_med_neg_med,up_large,2,3.5436230898416374,1.0,74,0.02702702702702703
asia_high_pos_med,asia_high_neg_high,up_med,1,1.3368433648438403,1.0,74,0.013513513513513514
asia_high_pos_med,asia_high_neg_low,up_large,1,3.329957987719513,1.0,74,0.013513513513513514
asia_high_pos_med,asia_high_neg_low,up_med,1,1.6540219378427938,1.0,74,0.013513513513513514
asia_high_pos_med,asia_high_neg_med,up_large,1,3.1758499413833454,1.0,74,0.013513513513513514
asia_high_pos_med,asia_high_neg_med,up_med,1,2.191895898534012,1.0,74,0.013513513513513514
asia_high_pos_med,asia_high_pos_low,down_small,1,-0.9793056268171549,0.0,74,0.013513513513513514
asia_high_pos_med,asia_high_pos_med,up_small,1,0.4421983575489554,1.0,74,0.013513513513513514
asia_high_pos_med,asia_low_neg_high,down_med,1,-2.353711790392999,0.0,74,0.013513513513513514
asia_high_pos_med,asia_low_neg_high,up_small,1,0.495575221238932,1.0,74,0.013513513513513514
asia_high_pos_med,asia_low_neg_med,up_large,1,2.756513026052101,1.0,74,0.013513513513513514
asia_high_pos_med,asia_low_pos_high,down_med,1,-1.4992008524240756,0.0,74,0.013513513513513514
asia_high_pos_med,asia_low_pos_high,up_med,1,2.35955056179775,1.0,74,0.013513513513513514
asia_high_pos_med,asia_low_pos_med,up_large,1,4.632352941176465,1.0,74,0.013513513513513514
asia_high_pos_med,asia_med_neg_high,down_small,1,-0.20114942528733323,0.0,74,0.013513513513513514
asia_high_pos_med,asia_med_neg_low,up_med,1,1.625139789756214,1.0,74,0.013513513513513514
asia_high_pos_med,asia_med_neg_med,down_large,1,-6.230563002680993,0.0,74,0.013513513513513514
asia_high_pos_med,asia_med_neg_med,down_med,1,-2.197468354430402,0.0,74,0.013513513513513514
asia_high_pos_med,asia_med_neg_med,down_small,1,-0.46052631578947517,0.0,74,0.013513513513513514
asia_high_pos_med,asia_med_pos_high,down_small,1,-1.150971599402087,0.0,74,0.013513513513513514
asia_high_pos_med,asia_med_pos_high,up_small,1,0.9488829988640465,1.0,74,0.013513513513513514
asia_high_pos_med,asia_med_pos_low,down_large,1,-4.5916398713826405,0.0,74,0.013513513513513514
asia_high_pos_med,asia_med_pos_low,down_small,1,-0.4581818181818333,0.0,74,0.013513513513513514
asia_high_pos_med,asia_med_pos_low,up_large,1,3.256162915326857,1.0,74,0.013513513513513514
asia_high_pos_med,asia_med_pos_low,up_med,1,1.4866449511400897,1.0,74,0.013513513513513514
asia_high_pos_med,asia_med_pos_med,down_small,1,-0.8392370572207216,0.0,74,0.013513513513513514
asia_high_pos_med,london_high_pos_high,down_small,1,-1.0047493403694008,0.0,74,0.013513513513513514
asia_high_pos_med,london_high_pos_high,up_small,1,0.5240641711230217,1.0,74,0.013513513513513514
asia_high_pos_med,london_low_neg_high,down_large,1,-4.784313725490191,0.0,74,0.013513513513513514
asia_high_pos_med,london_low_pos_high,up_large,1,6.412213740458021,1.0,74,0.013513513513513514
asia_high_pos_med,london_low_pos_high,up_med,1,2.58682101513804,1.0,74,0.013513513513513514
asia_high_pos_med,london_low_pos_high,up_small,1,1.1428571428571428,1.0,74,0.013513513513513514
asia_high_pos_med,london_low_pos_med,up_large,1,3.8506375227686487,1.0,74,0.013513513513513514
asia_high_pos_med,london_low_pos_med,up_small,1,0.10852713178296487,1.0,74,0.013513513513513514
asia_low_neg_high,asia_low_neg_med,down_med,5,-2.0965248594447963,0.0,54,0.09259259259259259
asia_low_neg_high,asia_low_neg_high,down_med,4,-1.6157386055171326,0.0,54,0.07407407407407407
asia_low_neg_high,asia_low_neg_med,down_large,4,-3.85432205763911,0.0,54,0.07407407407407407
asia_low_neg_high,asia_low_neg_med,up_med,4,1.9742447578835896,1.0,54,0.07407407407407407
asia_low_neg_high,asia_low_neg_low,down_small,3,-0.20893359827785987,0.0,54,0.05555555555555555
asia_low_neg_high,asia_low_neg_high,down_large,2,-4.1002422762700705,0.0,54,0.037037037037037035
asia_low_neg_high,asia_low_neg_high,up_large,2,6.89955678445871,1.0,54,0.037037037037037035
asia_low_neg_high,asia_low_neg_low,down_large,2,-3.229349889999808,0.0,54,0.037037037037037035
asia_low_neg_high,asia_low_neg_low,up_large,2,5.013628793110552,1.0,54,0.037037037037037035
asia_low_neg_high,asia_low_neg_med,down_small,2,-0.5859969558599802,0.0,54,0.037037037037037035
asia_low_neg_high,asia_med_neg_high,up_large,2,8.904387609588234,1.0,54,0.037037037037037035
asia_low_neg_high,asia_med_neg_high,up_med,2,1.8709976106540553,1.0,54,0.037037037037037035
asia_low_neg_high,london_low_pos_high,up_large,2,5.09689111364092,1.0,54,0.037037037037037035
asia_low_neg_high,asia_high_neg_high,up_med,1,1.2233009708737614,1.0,54,0.018518518518518517
asia_low_neg_high,asia_high_neg_med,down_med,1,-2.1032863849765424,0.0,54,0.018518518518518517
asia_low_neg_high,asia_high_pos_high,down_small,1,-0.4842105263158005,0.0,54,0.018518518518518517
asia_low_neg_high,asia_low_neg_high,up_med,1,2.002234636871481,1.0,54,0.018518518518518517
asia_low_neg_high,asia_low_neg_med,up_large,1,4.380674448767853,1.0,54,0.018518518518518517
asia_low_neg_high,asia_low_neg_med,up_small,1,0.4827586206896749,1.0,54,0.018518518518518517
asia_low_neg_high,asia_low_pos_high,up_large,1,3.648725212464573,1.0,54,0.018518518518518517
asia_low_neg_high,asia_low_pos_med,up_med,1,1.6454183266932236,1.0,54,0.018518518518518517
asia_low_neg_high,asia_med_neg_low,down_med,1,-2.7017543859649735,0.0,54,0.018518518518518517
asia_low_neg_high,asia_med_neg_med,down_large,1,-4.314655172413788,0.0,54,0.018518518518518517
asia_low_neg_high,asia_med_neg_med,down_small,1,-0.26666666666674277,0.0,54,0.018518518518518517
asia_low_neg_high,asia_med_pos_high,down_large,1,-2.790035587188635,0.0,54,0.018518518518518517
asia_low_neg_high,asia_med_pos_med,up_med,1,1.513513513513501,1.0,54,0.018518518518518517
asia_low_neg_high,late_low_pos_high,up_large,1,2.9716981132075495,1.0,54,0.018518518518518517
asia_low_neg_high,london_low_pos_high,down_med,1,-1.705382436260606,0.0,54,0.018518518518518517
asia_low_neg_high,london_low_pos_low,up_med,1,1.7324414715719278,1.0,54,0.018518518518518517
asia_low_neg_high,london_med_pos_high,down_small,1,-0.8549417512213443,0.0,54,0.018518518518518517
asia_low_neg_high,ny_low_neg_high,up_small,1,0.48886213124627464,1.0,54,0.018518518518518517
asia_low_neg_low,asia_low_neg_high,up_large,2,10.411595866819818,1.0,52,0.038461538461538464
asia_low_neg_low,asia_low_neg_low,down_large,2,-4.567693959761394,0.0,52,0.038461538461538464
asia_low_neg_low,asia_low_neg_low,down_med,2,-1.729246200642689,0.0,52,0.038461538461538464
asia_low_neg_low,asia_low_neg_low,down_small,2,-0.9993501342308713,0.0,52,0.038461538461538464
asia_low_neg_low,asia_low_neg_med,down_large,2,-3.2886011838170788,0.0,52,0.038461538461538464
asia_low_neg_low,asia_low_pos_med,up_med,2,2.046379663083112,1.0,52,0.038461538461538464
asia_low_neg_low,asia_med_pos_high,up_med,2,1.9746913022721584,1.0,52,0.038461538461538464
asia_low_neg_low,asia_med_pos_low,up_med,2,1.4186605232845415,1.0,52,0.038461538461538464
asia_low_neg_low,asia_high_neg_high,down_med,1,-1.21112255406792,0.0,52,0.019230769230769232
asia_low_neg_low,asia_high_neg_high,up_large,1,6.013593112822927,1.0,52,0.019230769230769232
asia_low_neg_low,asia_high_neg_low,up_small,1,0.31045165498128074,1.0,52,0.019230769230769232
asia_low_neg_low,asia_high_pos_low,up_large,1,4.5560165975103795,1.0,52,0.019230769230769232
asia_low_neg_low,asia_low_neg_low,up_large,1,3.945535148828393,1.0,52,0.019230769230769232
asia_low_neg_low,asia_low_neg_low,up_med,1,2.185873605947976,1.0,52,0.019230769230769232
asia_low_neg_low,asia_low_neg_low,up_small,1,0.3430935709738931,1.0,52,0.019230769230769232
asia_low_neg_low,asia_low_neg_med,down_med,1,-2.0359882005900185,0.0,52,0.019230769230769232
asia_low_neg_low,asia_low_neg_med,down_small,1,-0.9312638580931136,0.0,52,0.019230769230769232
asia_low_neg_low,asia_low_pos_high,down_large,1,-9.052054794520608,0.0,52,0.019230769230769232
asia_low_neg_low,asia_low_pos_low,down_small,1,-0.6528497409326649,0.0,52,0.019230769230769232
asia_low_neg_low,asia_low_pos_low,up_small,1,0.49989113868933965,1.0,52,0.019230769230769232
asia_low_neg_low,asia_low_pos_med,down_large,1,-15.772845953002669,0.0,52,0.019230769230769232
asia_low_neg_low,asia_low_pos_med,down_med,1,-2.2013057671382703,0.0,52,0.019230769230769232
asia_low_neg_low,asia_med_neg_high,down_large,1,-2.8000000000001095,0.0,52,0.019230769230769232
asia_low_neg_low,asia_med_neg_high,down_med,1,-1.9805825242718271,0.0,52,0.019230769230769232
asia_low_neg_low,asia_med_neg_high,up_med,1,1.1629392971245933,1.0,52,0.019230769230769232
asia_low_neg_low,asia_med_neg_low,down_med,1,-1.4401003554254819,0.0,52,0.019230769230769232
asia_low_neg_low,asia_med_neg_low,down_small,1,-0.6818181818181845,0.0,52,0.019230769230769232
asia_low_neg_low,asia_med_neg_low,up_large,1,7.6749311294766285,1.0,52,0.019230769230769232
asia_low_neg_low,asia_med_neg_low,up_small,1,0.9150174621653149,1.0,52,0.019230769230769232
asia_low_neg_low,asia_med_pos_low,down_med,1,-2.3847528290648414,0.0,52,0.019230769230769232
asia_low_neg_low,asia_med_pos_low,up_large,1,2.942469956532822,1.0,52,0.019230769230769232
asia_low_neg_low,london_high_neg_high,down_large,1,-3.3003802281369476,0.0,52,0.019230769230769232
asia_low_neg_low,london_high_pos_med,down_med,1,-2.0818676047329414,0.0,52,0.019230769230769232
asia_low_neg_low,london_low_neg_med,down_large,1,-4.5813008130081405,0.0,52,0.019230769230769232
asia_low_neg_low,london_low_pos_high,up_large,1,5.072251308900564,1.0,52,0.019230769230769232
asia_low_neg_low,london_low_pos_high,up_small,1,0.843636363636348,1.0,52,0.019230769230769232
asia_low_neg_low,london_low_pos_low,up_med,1,1.3643798273512724,1.0,52,0.019230769230769232
asia_low_neg_low,london_low_pos_med,down_med,1,-1.2766143106457049,0.0,52,0.019230769230769232
asia_low_neg_low,london_med_neg_high,down_med,1,-1.8379888268156315,0.0,52,0.019230769230769232
asia_low_neg_low,london_med_neg_high,up_small,1,0.9447852760736343,1.0,52,0.019230769230769232
asia_low_neg_low,london_med_pos_high,down_small,1,0.0,0.0,52,0.019230769230769232
asia_low_neg_low,london_med_pos_high,up_large,1,6.370370370370316,1.0,52,0.019230769230769232
asia_low_neg_low,ny_high_pos_high,up_med,1,1.4000000000000103,1.0,52,0.019230769230769232
asia_low_neg_low,ny_low_neg_high,up_small,1,0.5185185185185185,1.0,52,0.019230769230769232
asia_low_neg_med,asia_low_neg_low,down_large,4,-3.5404508812264153,0.0,48,0.08333333333333333
asia_low_neg_med,asia_low_neg_low,down_med,2,-2.52701024958666,0.0,48,0.041666666666666664
asia_low_neg_med,asia_low_neg_low,down_small,2,-0.5256565469913451,0.0,48,0.041666666666666664
asia_low_neg_med,asia_low_neg_med,down_small,2,-0.652471949384059,0.0,48,0.041666666666666664
asia_low_neg_med,asia_low_neg_med,up_small,2,0.3284492799661133,1.0,48,0.041666666666666664
asia_low_neg_med,asia_med_neg_high,down_med,2,-1.9007967313585261,0.0,48,0.041666666666666664
asia_low_neg_med,asia_high_neg_high,up_med,1,2.425936277249851,1.0,48,0.020833333333333332
asia_low_neg_med,asia_high_neg_med,down_small,1,0.0,0.0,48,0.020833333333333332
asia_low_neg_med,asia_high_neg_med,up_med,1,2.62500000000003,1.0,48,0.020833333333333332
asia_low_neg_med,asia_high_pos_med,down_large,1,-12.171618625277075,0.0,48,0.020833333333333332
asia_low_neg_med,asia_low_neg_high,down_large,1,-5.704918032786877,0.0,48,0.020833333333333332
asia_low_neg_med,asia_low_neg_high,down_med,1,-1.6541786743516185,0.0,48,0.020833333333333332
asia_low_neg_med,asia_low_neg_high,up_large,1,3.221757322175693,1.0,48,0.020833333333333332
asia_low_neg_med,asia_low_neg_high,up_small,1,0.6905105278338558,1.0,48,0.020833333333333332
asia_low_neg_med,asia_low_neg_low,up_large,1,3.0147124386981967,1.0,48,0.020833333333333332
asia_low_neg_med,asia_low_neg_med,down_large,1,-6.590769230769239,0.0,48,0.020833333333333332
asia_low_neg_med,asia_low_pos_high,up_med,1,2.177650429799412,1.0,48,0.020833333333333332
asia_low_neg_med,asia_low_pos_low,down_small,1,-0.788079470198659,0.0,48,0.020833333333333332
asia_low_neg_med,asia_low_pos_med,up_med,1,1.1827478879502074,1.0,48,0.020833333333333332
asia_low_neg_med,asia_med_neg_high,down_small,1,-0.8795811518324324,0.0,48,0.020833333333333332
asia_low_neg_med,asia_med_neg_med,down_large,1,-2.9253731343283436,0.0,48,0.020833333333333332
asia_low_neg_med,asia_med_neg_med,down_med,1,-2.4819944598337877,0.0,48,0.020833333333333332
asia_low_neg_med,asia_med_neg_med,up_large,1,4.653409090909102,1.0,48,0.020833333333333332
asia_low_neg_med,asia_med_neg_med,up_small,1,0.7403210576015117,1.0,48,0.020833333333333332
asia_low_neg_med,asia_med_pos_high,down_large,1,-9.00414937759327,0.0,48,0.020833333333333332
asia_low_neg_med,asia_med_pos_low,up_large,1,3.1046025104602477,1.0,48,0.020833333333333332
asia_low_neg_med,asia_med_pos_med,up_med,1,2.3109404990403033,1.0,48,0.020833333333333332
asia_low_neg_med,late_low_neg_high,up_med,1,1.2572062084257254,1.0,48,0.020833333333333332
asia_low_neg_med,london_high_neg_high,up_large,1,5.035087719298329,1.0,48,0.020833333333333332
asia_low_neg_med,london_low_neg_high,up_med,1,1.3296089385475265,1.0,48,0.020833333333333332
asia_low_neg_med,london_low_neg_med,up_large,1,4.4792243767312545,1.0,48,0.020833333333333332
asia_low_neg_med,london_low_pos_high,down_large,1,-8.931034482758642,0.0,48,0.020833333333333332
asia_low_neg_med,london_low_pos_high,down_med,1,-1.4782608695652129,0.0,48,0.020833333333333332
asia_low_neg_med,london_low_pos_high,up_large,1,5.917686318131273,1.0,48,0.020833333333333332
asia_low_neg_med,london_low_pos_low,down_large,1,-4.250696378830093,0.0,48,0.020833333333333332
asia_low_neg_med,london_low_pos_low,up_med,1,1.336792942397492,1.0,48,0.020833333333333332
asia_low_neg_med,london_low_pos_med,up_small,1,1.0904522613065357,1.0,48,0.020833333333333332
asia_low_neg_med,london_med_pos_high,down_large,1,-6.88135593220335,0.0,48,0.020833333333333332
asia_low_neg_med,london_med_pos_high,up_small,1,0.8750000000000632,1.0,48,0.020833333333333332
asia_low_neg_med,london_med_pos_med,up_small,1,1.0946502057613006,1.0,48,0.020833333333333332
asia_low_pos_high,asia_low_pos_low,up_med,6,1.9990167559851315,1.0,57,0.10526315789473684
asia_low_pos_high,asia_low_pos_med,up_large,5,3.591013102422674,1.0,57,0.08771929824561403
asia_low_pos_high,asia_low_pos_high,down_large,3,-5.799975563037059,0.0,57,0.05263157894736842
asia_low_pos_high,asia_low_pos_high,up_med,3,2.152326983361464,1.0,57,0.05263157894736842
asia_low_pos_high,asia_low_pos_med,up_med,3,1.73635028062889,1.0,57,0.05263157894736842
asia_low_pos_high,asia_low_neg_low,down_med,2,-1.7295906997474368,0.0,57,0.03508771929824561
asia_low_pos_high,asia_low_pos_high,up_large,2,3.154232558139533,1.0,57,0.03508771929824561
asia_low_pos_high,asia_low_pos_low,down_large,2,-5.173191892680066,0.0,57,0.03508771929824561
asia_low_pos_high,asia_low_pos_low,up_small,2,0.29482111334874384,1.0,57,0.03508771929824561
asia_low_pos_high,asia_low_pos_med,down_small,2,-0.47038442083966636,0.0,57,0.03508771929824561
asia_low_pos_high,asia_med_pos_high,down_large,2,-5.132518732817044,0.0,57,0.03508771929824561
asia_low_pos_high,asia_med_pos_high,up_large,2,3.9118298026107903,1.0,57,0.03508771929824561
asia_low_pos_high,asia_med_pos_med,up_med,2,1.8129983962026317,1.0,57,0.03508771929824561
asia_low_pos_high,asia_high_pos_high,down_large,1,-3.3082942097026504,0.0,57,0.017543859649122806
asia_low_pos_high,asia_high_pos_high,up_large,1,4.066982162358934,1.0,57,0.017543859649122806
asia_low_pos_high,asia_high_pos_high,up_med,1,2.4919093851133174,1.0,57,0.017543859649122806
asia_low_pos_high,asia_high_pos_high,up_small,1,0.8641975308642075,1.0,57,0.017543859649122806
asia_low_pos_high,asia_high_pos_med,down_large,1,-5.075,0.0,57,0.017543859649122806
asia_low_pos_high,asia_low_pos_high,down_med,1,-2.515254237288146,0.0,57,0.017543859649122806
asia_low_pos_high,asia_low_pos_high,up_small,1,0.4407407407407476,1.0,57,0.017543859649122806
asia_low_pos_high,asia_low_pos_low,down_med,1,-2.745598057073458,0.0,57,0.017543859649122806
asia_low_pos_high,asia_low_pos_low,up_large,1,3.8181818181818077,1.0,57,0.017543859649122806
asia_low_pos_high,asia_low_pos_med,down_large,1,-4.666666666666642,0.0,57,0.017543859649122806
asia_low_pos_high,asia_low_pos_med,down_med,1,-2.089552238805983,0.0,57,0.017543859649122806
asia_low_pos_high,asia_low_pos_med,up_small,1,0.4329896907216369,1.0,57,0.017543859649122806
asia_low_pos_high,asia_med_pos_high,up_med,1,1.6078124999999948,1.0,57,0.017543859649122806
asia_low_pos_high,asia_med_pos_low,up_large,1,2.749999999999937,1.0,57,0.017543859649122806
asia_low_pos_high,asia_med_pos_med,down_large,1,-3.426386233269614,0.0,57,0.017543859649122806
asia_low_pos_high,late_med_pos_high,up_med,1,1.5909090909090833,1.0,57,0.017543859649122806
asia_low_pos_high,london_low_pos_high,down_large,1,-12.128205128205122,0.0,57,0.017543859649122806
asia_low_pos_high,london_med_pos_high,up_large,1,3.72845953002604,1.0,57,0.017543859649122806
asia_low_pos_high,ny_low_neg_low,down_small,1,-0.06422018348623174,0.0,57,0.017543859649122806
asia_low_pos_high,ny_low_pos_med,up_large,1,2.7509225092250813,1.0,57,0.017543859649122806
asia_low_pos_high,ny_med_neg_high,down_med,1,-1.5217391304347863,0.0,57,0.017543859649122806
asia_low_pos_low,asia_low_pos_low,down_small,4,-0.7679472832039684,0.0,77,0.05194805194805195
asia_low_pos_low,asia_high_pos_high,up_large,3,5.060253043424594,1.0,77,0.03896103896103896
asia_low_pos_low,asia_low_pos_low,up_large,3,4.395565748433694,1.0,77,0.03896103896103896
asia_low_pos_low,asia_high_pos_med,down_small,2,-0.37029683238298106,0.0,77,0.025974025974025976
asia_low_pos_low,asia_low_neg_low,up_large,2,9.871823667299633,1.0,77,0.025974025974025976
asia_low_pos_low,asia_low_pos_high,up_med,2,2.138802593699538,1.0,77,0.025974025974025976
asia_low_pos_low,asia_low_pos_low,down_large,2,-4.720874949957595,0.0,77,0.025974025974025976
asia_low_pos_low,asia_low_pos_low,up_med,2,1.3841138217517854,1.0,77,0.025974025974025976
asia_low_pos_low,asia_low_pos_low,up_small,2,1.0797864198069413,1.0,77,0.025974025974025976
asia_low_pos_low,asia_low_pos_med,down_small,2,-0.5220703488887429,0.0,77,0.025974025974025976
asia_low_pos_low,asia_low_pos_med,up_large,2,5.95153099051015,1.0,77,0.025974025974025976
asia_low_pos_low,asia_med_neg_high,down_med,2,-2.3986398864529965,0.0,77,0.025974025974025976
asia_low_pos_low,asia_med_pos_high,up_large,2,4.116379681446415,1.0,77,0.025974025974025976
asia_low_pos_low,asia_med_pos_low,up_small,2,0.6727398591922789,1.0,77,0.025974025974025976
asia_low_pos_low,asia_med_pos_med,up_med,2,1.6143949724313869,1.0,77,0.025974025974025976
asia_low_pos_low,asia_high_neg_high,up_large,1,8.826609442060136,1.0,77,0.012987012987012988
asia_low_pos_low,asia_high_neg_low,down_med,1,-2.6979166666667096,0.0,77,0.012987012987012988
asia_low_pos_low,asia_high_neg_low,up_med,1,1.5980902777777735,1.0,77,0.012987012987012988
asia_low_pos_low,asia_high_neg_low,up_small,1,0.7578857630008331,1.0,77,0.012987012987012988
asia_low_pos_low,asia_high_pos_high,down_med,1,-1.5444839857650645,0.0,77,0.012987012987012988
asia_low_pos_low,asia_high_pos_low,up_med,1,1.937922403003765,1.0,77,0.012987012987012988
asia_low_pos_low,asia_high_pos_med,down_large,1,-10.006739345886947,0.0,77,0.012987012987012988
asia_low_pos_low,asia_high_pos_med,up_med,1,2.080080584235727,1.0,77,0.012987012987012988
asia_low_pos_low,asia_low_neg_high,down_large,1,-3.645833333333327,0.0,77,0.012987012987012988
asia_low_pos_low,asia_low_neg_high,up_large,1,3.66042087056788,1.0,77,0.012987012987012988
asia_low_pos_low,asia_low_neg_high,up_med,1,1.3076923076923084,1.0,77,0.012987012987012988
asia_low_pos_low,asia_low_neg_low,up_small,1,1.145667643365455,1.0,77,0.012987012987012988
asia_low_pos_low,asia_low_neg_med,down_large,1,-2.9473684210526545,0.0,77,0.012987012987012988
asia_low_pos_low,asia_low_pos_high,down_large,1,-3.9765258215962542,0.0,77,0.012987012987012988
asia_low_pos_low,asia_low_pos_high,down_med,1,-2.5888077858880867,0.0,77,0.012987012987012988
asia_low_pos_low,asia_low_pos_high,up_large,1,3.154929577464857,1.0,77,0.012987012987012988
asia_low_pos_low,asia_low_pos_high,up_small,1,0.6967675731144002,1.0,77,0.012987012987012988
asia_low_pos_low,asia_low_pos_med,down_large,1,-5.902240325865578,0.0,77,0.012987012987012988
asia_low_pos_low,asia_low_pos_med,down_med,1,-1.9620749782040252,0.0,77,0.012987012987012988
asia_low_pos_low,asia_low_pos_med,up_med,1,2.3069679849340856,1.0,77,0.012987012987012988
asia_low_pos_low,asia_low_pos_med,up_small,1,0.2545454545454833,1.0,77,0.012987012987012988
asia_low_pos_low,asia_med_neg_high,down_large,1,-5.097690941385425,0.0,77,0.012987012987012988
asia_low_pos_low,asia_med_neg_high,down_small,1,-0.6711945665201958,0.0,77,0.012987012987012988
asia_low_pos_low,asia_med_pos_high,down_large,1,-7.171597633136139,0.0,77,0.012987012987012988
asia_low_pos_low,asia_med_pos_high,down_small,1,-0.04268292682926374,0.0,77,0.012987012987012988
asia_low_pos_low,asia_med_pos_high,up_med,1,1.5581014729950855,1.0,77,0.012987012987012988
asia_low_pos_low,asia_med_pos_low,down_large,1,-3.413391557496389,0.0,77,0.012987012987012988
asia_low_pos_low,asia_med_pos_low,up_med,1,1.2405063291139304,1.0,77,0.012987012987012988
asia_low_pos_low,asia_med_pos_med,down_large,1,-7.065420560747698,0.0,77,0.012987012987012988
asia_low_pos_low,london_low_neg_low,down_large,1,-4.971962616822452,0.0,77,0.012987012987012988
asia_low_pos_low,london_low_neg_med,up_large,1,3.1783783783783526,1.0,77,0.012987012987012988
asia_low_pos_low,london_low_pos_high,down_large,1,-5.931851851851861,0.0,77,0.012987012987012988
asia_low_pos_low,london_low_pos_high,down_small,1,0.0,0.0,77,0.012987012987012988
asia_low_pos_low,london_low_pos_high,up_large,1,3.7616161616161565,1.0,77,0.012987012987012988
asia_low_pos_low,london_low_pos_low,down_med,1,-2.2580645161290245,0.0,77,0.012987012987012988
asia_low_pos_low,london_low_pos_med,down_med,1,-1.7036274762027084,0.0,77,0.012987012987012988
asia_low_pos_low,london_low_pos_med,up_small,1,0.33585858585858547,1.0,77,0.012987012987012988
asia_low_pos_low,london_med_neg_high,down_large,1,-5.662921348314623,0.0,77,0.012987012987012988
asia_low_pos_low,london_med_pos_high,down_large,1,-4.255159474671666,0.0,77,0.012987012987012988
asia_low_pos_low,london_med_pos_high,up_med,1,2.413793103448276,1.0,77,0.012987012987012988
asia_low_pos_low,ny_low_neg_high,down_large,1,-2.7999999999999616,0.0,77,0.012987012987012988
asia_low_pos_low,ny_low_pos_high,down_med,1,-2.0,0.0,77,0.012987012987012988
asia_low_pos_low,ny_low_pos_high,up_med,1,1.713123844732004,1.0,77,0.012987012987012988
asia_low_pos_med,asia_low_pos_med,down_med,6,-1.815458515556351,0.0,74,0.08108108108108109
asia_low_pos_med,asia_low_pos_low,up_large,5,4.12327771809654,1.0,74,0.06756756756756757
asia_low_pos_med,asia_low_pos_low,up_small,4,0.6683477484171723,1.0,74,0.05405405405405406
asia_low_pos_med,asia_low_pos_low,down_med,3,-1.3839137194340136,0.0,74,0.04054054054054054
asia_low_pos_med,asia_low_pos_low,down_small,3,-0.231946287643335,0.0,74,0.04054054054054054
asia_low_pos_med,asia_low_pos_med,down_large,3,-5.741265668823605,0.0,74,0.04054054054054054
asia_low_pos_med,asia_med_pos_high,down_large,3,-6.467371497497773,0.0,74,0.04054054054054054
asia_low_pos_med,asia_med_pos_high,up_large,3,4.302073879022173,1.0,74,0.04054054054054054
asia_low_pos_med,asia_high_pos_high,up_small,2,1.0269274376417106,1.0,74,0.02702702702702703
asia_low_pos_med,asia_med_pos_high,down_small,2,-0.7043053224054668,0.0,74,0.02702702702702703
asia_low_pos_med,asia_med_pos_high,up_small,2,0.24037718846548764,1.0,74,0.02702702702702703
asia_low_pos_med,asia_med_pos_med,down_large,2,-3.5525977569395826,0.0,74,0.02702702702702703
asia_low_pos_med,london_low_pos_high,up_large,2,3.7617370892018567,1.0,74,0.02702702702702703
asia_low_pos_med,asia_high_neg_low,down_small,1,-1.0629370629370571,0.0,74,0.013513513513513514
asia_low_pos_med,asia_high_pos_high,down_large,1,-5.558823529411765,0.0,74,0.013513513513513514
asia_low_pos_med,asia_high_pos_high,down_small,1,-0.7179487179487173,0.0,74,0.013513513513513514
asia_low_pos_med,asia_high_pos_high,up_large,1,5.272264631043215,1.0,74,0.013513513513513514
asia_low_pos_med,asia_high_pos_low,down_small,1,-0.14352283317799286,0.0,74,0.013513513513513514
asia_low_pos_med,asia_high_pos_med,up_med,1,1.37222870478413,1.0,74,0.013513513513513514
asia_low_pos_med,asia_low_neg_med,down_med,1,-2.6928104575163347,0.0,74,0.013513513513513514
asia_low_pos_med,asia_low_pos_high,down_large,1,-3.529411764705886,0.0,74,0.013513513513513514
asia_low_pos_med,asia_low_pos_high,up_small,1,0.16800000000000734,1.0,74,0.013513513513513514
asia_low_pos_med,asia_low_pos_low,down_large,1,-7.294900221729492,0.0,74,0.013513513513513514
asia_low_pos_med,asia_low_pos_low,up_med,1,1.993670886075955,1.0,74,0.013513513513513514
asia_low_pos_med,asia_low_pos_med,down_small,1,-0.7318489835430647,0.0,74,0.013513513513513514
asia_low_pos_med,asia_low_pos_med,up_large,1,6.571428571428499,1.0,74,0.013513513513513514
asia_low_pos_med,asia_low_pos_med,up_med,1,2.612598425196873,1.0,74,0.013513513513513514
asia_low_pos_med,asia_low_pos_med,up_small,1,0.41469194312795943,1.0,74,0.013513513513513514
asia_low_pos_med,asia_med_neg_low,down_large,1,-6.588235294117647,0.0,74,0.013513513513513514
asia_low_pos_med,asia_med_neg_low,down_small,1,-0.9682242990654335,0.0,74,0.013513513513513514
asia_low_pos_med,asia_med_pos_high,down_med,1,-1.5844594594594388,0.0,74,0.013513513513513514
asia_low_pos_med,asia_med_pos_low,down_large,1,-6.50810810810806,0.0,74,0.013513513513513514
asia_low_pos_med,asia_med_pos_low,up_med,1,1.7225572979493415,1.0,74,0.013513513513513514
asia_low_pos_med,asia_med_pos_med,down_small,1,-0.9731940027260141,0.0,74,0.013513513513513514
asia_low_pos_med,asia_med_pos_med,up_small,1,0.668049792531111,1.0,74,0.013513513513513514
asia_low_pos_med,london_high_pos_high,down_large,1,-4.79826464208242,0.0,74,0.013513513513513514
asia_low_pos_med,london_high_pos_high,down_small,1,-0.6620305980528632,0.0,74,0.013513513513513514
asia_low_pos_med,london_low_pos_high,down_large,1,-5.620973782771492,0.0,74,0.013513513513513514
asia_low_pos_med,london_low_pos_high,up_small,1,0.760779681039585,1.0,74,0.013513513513513514
asia_low_pos_med,london_med_neg_high,up_small,1,0.20426487093152443,1.0,74,0.013513513513513514
asia_low_pos_med,london_med_pos_high,up_med,1,1.4994697773064813,1.0,74,0.013513513513513514
asia_low_pos_med,london_med_pos_med,up_small,1,0.7293260473588534,1.0,74,0.013513513513513514
asia_low_pos_med,ny_low_neg_high,down_med,1,-2.3773584905660377,0.0,74,0.013513513513513514
asia_low_pos_med,ny_low_neg_high,down_small,1,-0.760180995475117,0.0,74,0.013513513513513514
asia_low_pos_med,ny_low_neg_high,up_large,1,4.532374100719401,1.0,74,0.013513513513513514
asia_low_pos_med,ny_low_pos_high,down_small,1,0.0,0.0,74,0.013513513513513514
asia_low_pos_med,ny_low_pos_med,down_small,1,-0.27279053583852586,0.0,74,0.013513513513513514
asia_med_neg_high,asia_med_neg_low,down_large,5,-3.3696304081629775,0.0,47,0.10638297872340426
asia_med_neg_high,asia_med_neg_high,down_med,4,-1.869262225095159,0.0,47,0.0851063829787234
asia_med_neg_high,asia_med_neg_high,down_large,3,-3.8069943056626077,0.0,47,0.06382978723404255
asia_med_neg_high,asia_med_neg_low,down_med,3,-1.5315250364066095,0.0,47,0.06382978723404255
asia_med_neg_high,asia_high_neg_high,down_large,2,-6.172762033105746,0.0,47,0.0425531914893617
asia_med_neg_high,asia_high_neg_med,down_small,2,-0.6780932003848972,0.0,47,0.0425531914893617
asia_med_neg_high,asia_med_neg_high,down_small,2,-0.2596443120150878,0.0,47,0.0425531914893617
asia_med_neg_high,asia_med_neg_high,up_small,2,0.5654096834264475,1.0,47,0.0425531914893617
asia_med_neg_high,asia_med_neg_low,up_small,2,0.6908041559029822,1.0,47,0.0425531914893617
asia_med_neg_high,asia_med_neg_med,down_med,2,-2.1762685076445156,0.0,47,0.0425531914893617
asia_med_neg_high,asia_med_neg_med,up_small,2,0.324320447536417,1.0,47,0.0425531914893617
asia_med_neg_high,asia_high_neg_high,down_small,1,-0.5029940119760378,0.0,47,0.02127659574468085
asia_med_neg_high,asia_high_neg_high,up_large,1,7.844827586206902,1.0,47,0.02127659574468085
asia_med_neg_high,asia_high_neg_high,up_med,1,1.6475482912332808,1.0,47,0.02127659574468085
asia_med_neg_high,asia_high_neg_high,up_small,1,0.38263665594855606,1.0,47,0.02127659574468085
asia_med_neg_high,asia_high_neg_low,up_small,1,0.7083816145229496,1.0,47,0.02127659574468085
asia_med_neg_high,asia_high_neg_med,down_med,1,-1.7977044476327164,0.0,47,0.02127659574468085
asia_med_neg_high,asia_high_neg_med,up_small,1,0.12316715542520712,1.0,47,0.02127659574468085
asia_med_neg_high,asia_low_neg_high,down_small,1,-0.790123456790125,0.0,47,0.02127659574468085
asia_med_neg_high,asia_low_neg_high,up_large,1,5.631851085832488,1.0,47,0.02127659574468085
asia_med_neg_high,asia_low_neg_high,up_small,1,0.18872549019607615,1.0,47,0.02127659574468085
asia_med_neg_high,asia_low_neg_med,down_large,1,-2.903834066624758,0.0,47,0.02127659574468085
asia_med_neg_high,asia_med_neg_high,up_large,1,6.57649325626206,1.0,47,0.02127659574468085
asia_med_neg_high,asia_med_neg_low,up_med,1,1.6596874078442823,1.0,47,0.02127659574468085
asia_med_neg_high,asia_med_neg_med,down_large,1,-3.4177407126611064,0.0,47,0.02127659574468085
asia_med_neg_high,asia_med_neg_med,down_small,1,-0.9910112359550535,0.0,47,0.02127659574468085
asia_med_neg_high,london_low_neg_med,down_large,1,-7.233333333333289,0.0,47,0.02127659574468085
asia_med_neg_high,london_med_pos_high,up_med,1,1.3945841392649998,1.0,47,0.02127659574468085
asia_med_neg_high,ny_low_pos_high,down_small,1,-0.3560023654642274,0.0,47,0.02127659574468085
asia_med_neg_low,asia_high_neg_high,up_small,2,0.5642660966995636,1.0,44,0.045454545454545456
asia_med_neg_low,asia_high_pos_high,up_large,2,6.695839503887445,1.0,44,0.045454545454545456
asia_med_neg_low,asia_low_neg_high,down_med,2,-2.603912462817889,0.0,44,0.045454545454545456
asia_med_neg_low,asia_low_neg_low,down_small,2,-0.9180087795437005,0.0,44,0.045454545454545456
asia_med_neg_low,asia_med_neg_low,down_med,2,-1.262803585761589,0.0,44,0.045454545454545456
asia_med_neg_low,asia_med_neg_low,down_small,2,-1.0338294414246212,0.0,44,0.045454545454545456
asia_med_neg_low,asia_med_neg_med,down_small,2,-0.5091522157996158,0.0,44,0.045454545454545456
asia_med_neg_low,asia_med_pos_med,up_large,2,4.687522449092365,1.0,44,0.045454545454545456
asia_med_neg_low,asia_high_neg_high,down_large,1,-3.989637305699491,0.0,44,0.022727272727272728
asia_med_neg_low,asia_high_neg_high,down_med,1,-2.0886836027714093,0.0,44,0.022727272727272728
asia_med_neg_low,asia_high_neg_low,up_large,1,7.886976926085323,1.0,44,0.022727272727272728
asia_med_neg_low,asia_high_pos_high,down_small,1,-0.04780733285407547,0.0,44,0.022727272727272728
asia_med_neg_low,asia_low_pos_high,down_small,1,-0.8654545454545541,0.0,44,0.022727272727272728
asia_med_neg_low,asia_low_pos_high,up_large,1,3.00000000000009,1.0,44,0.022727272727272728
asia_med_neg_low,asia_low_pos_high,up_med,1,1.6394532693017065,1.0,44,0.022727272727272728
asia_med_neg_low,asia_low_pos_low,down_large,1,-8.06250000000002,0.0,44,0.022727272727272728
asia_med_neg_low,asia_low_pos_low,down_small,1,-0.4219910846954122,0.0,44,0.022727272727272728
asia_med_neg_low,asia_low_pos_low,up_small,1,0.32646715895842787,1.0,44,0.022727272727272728
asia_med_neg_low,asia_low_pos_med,down_med,1,-2.5765472312703417,0.0,44,0.022727272727272728
asia_med_neg_low,asia_low_pos_med,down_small,1,-0.5370934959349575,0.0,44,0.022727272727272728
asia_med_neg_low,asia_low_pos_med,up_large,1,4.153846153846151,1.0,44,0.022727272727272728
asia_med_neg_low,asia_low_pos_med,up_small,1,0.3935742971886986,1.0,44,0.022727272727272728
asia_med_neg_low,asia_med_neg_low,down_large,1,-9.570312499999932,0.0,44,0.022727272727272728
asia_med_neg_low,asia_med_neg_low,up_large,1,3.2087591240876057,1.0,44,0.022727272727272728
asia_med_neg_low,asia_med_pos_high,down_med,1,-2.260869565217383,0.0,44,0.022727272727272728
asia_med_neg_low,asia_med_pos_low,up_small,1,0.6535359801488788,1.0,44,0.022727272727272728
asia_med_neg_low,asia_med_pos_med,down_med,1,-2.3674841772152324,0.0,44,0.022727272727272728
asia_med_neg_low,london_low_neg_high,down_large,1,-5.677205882352959,0.0,44,0.022727272727272728
asia_med_neg_low,london_low_neg_high,down_small,1,-0.6302250803858548,0.0,44,0.022727272727272728
asia_med_neg_low,london_low_pos_med,down_large,1,-2.7678160919539696,0.0,44,0.022727272727272728
asia_med_neg_low,london_low_pos_med,down_med,1,-2.2426127527216155,0.0,44,0.022727272727272728
asia_med_neg_low,london_med_neg_high,up_small,1,0.6297770700636915,1.0,44,0.022727272727272728
asia_med_neg_low,london_med_pos_high,up_med,1,1.7615894039735216,1.0,44,0.022727272727272728
asia_med_neg_low,london_med_pos_med,down_large,1,-5.241025641025623,0.0,44,0.022727272727272728
asia_med_neg_low,london_med_pos_med,up_large,1,2.974036191974882,1.0,44,0.022727272727272728
asia_med_neg_low,ny_low_pos_high,down_small,1,-0.6136701337295778,0.0,44,0.022727272727272728
asia_med_neg_med,asia_med_neg_low,up_small,3,0.682528870937548,1.0,39,0.07692307692307693
asia_med_neg_med,asia_high_neg_med,up_med,2,2.0633153261874093,1.0,39,0.05128205128205128
asia_med_neg_med,asia_med_neg_low,down_large,2,-5.092454959604724,0.0,39,0.05128205128205128
asia_med_neg_med,asia_med_neg_med,up_small,2,0.9820069323457359,1.0,39,0.05128205128205128
asia_med_neg_med,asia_high_neg_high,down_large,1,-3.3870110140523932,0.0,39,0.02564102564102564
asia_med_neg_med,asia_high_neg_high,down_med,1,-1.3641177716585928,0.0,39,0.02564102564102564
asia_med_neg_med,asia_high_neg_high,down_small,1,-0.3468537601403509,0.0,39,0.02564102564102564
asia_med_neg_med,asia_high_neg_high,up_small,1,0.5860465116278814,1.0,39,0.02564102564102564
asia_med_neg_med,asia_high_neg_low,down_med,1,-1.4266332399350934,0.0,39,0.02564102564102564
asia_med_neg_med,asia_high_neg_low,up_large,1,2.7570332480818407,1.0,39,0.02564102564102564
asia_med_neg_med,asia_high_neg_med,down_med,1,-1.6885496183206175,0.0,39,0.02564102564102564
asia_med_neg_med,asia_high_neg_med,down_small,1,-0.1486954513969172,0.0,39,0.02564102564102564
asia_med_neg_med,asia_high_neg_med,up_large,1,3.1359533398139265,1.0,39,0.02564102564102564
asia_med_neg_med,asia_high_pos_high,down_small,1,-0.3774509803921528,0.0,39,0.02564102564102564
asia_med_neg_med,asia_high_pos_med,up_large,1,3.05300859598853,1.0,39,0.02564102564102564
asia_med_neg_med,asia_low_neg_high,down_med,1,-2.3194959229058787,0.0,39,0.02564102564102564
asia_med_neg_med,asia_low_neg_low,down_large,1,-3.820560747663539,0.0,39,0.02564102564102564
asia_med_neg_med,asia_low_neg_low,down_small,1,-1.1199999999999781,0.0,39,0.02564102564102564
asia_med_neg_med,asia_low_neg_med,up_small,1,0.763636363636386,1.0,39,0.02564102564102564
asia_med_neg_med,asia_low_pos_low,down_large,1,-5.090909090909081,0.0,39,0.02564102564102564
asia_med_neg_med,asia_low_pos_low,up_med,1,1.4085365853658676,1.0,39,0.02564102564102564
asia_med_neg_med,asia_low_pos_med,down_small,1,-0.3255813953488372,0.0,39,0.02564102564102564
asia_med_neg_med,asia_med_neg_high,down_large,1,-4.1760391198043925,0.0,39,0.02564102564102564
asia_med_neg_med,asia_med_neg_low,down_small,1,-0.9438202247191363,0.0,39,0.02564102564102564
asia_med_neg_med,asia_med_neg_low,up_large,1,8.008230452674924,1.0,39,0.02564102564102564
asia_med_neg_med,asia_med_neg_low,up_med,1,1.1720930232558244,1.0,39,0.02564102564102564
asia_med_neg_med,asia_med_neg_med,down_large,1,-3.777777777777809,0.0,39,0.02564102564102564
asia_med_neg_med,asia_med_neg_med,up_med,1,2.4111111111110963,1.0,39,0.02564102564102564
asia_med_neg_med,london_low_neg_high,up_med,1,2.5882352941176574,1.0,39,0.02564102564102564
asia_med_neg_med,london_low_pos_high,up_large,1,3.3703703703703662,1.0,39,0.02564102564102564
asia_med_neg_med,london_low_pos_med,up_large,1,3.9460784313725212,1.0,39,0.02564102564102564
asia_med_neg_med,london_med_neg_high,down_med,1,-2.73350923482852,0.0,39,0.02564102564102564
asia_med_neg_med,london_med_neg_low,up_small,1,0.21212121212122279,1.0,39,0.02564102564102564
asia_med_neg_med,london_med_pos_low,down_small,1,-0.8369565217390295,0.0,39,0.02564102564102564
asia_med_pos_high,asia_med_pos_med,down_large,9,-4.8553178313711784,0.0,79,0.11392405063291139
asia_med_pos_high,asia_med_pos_med,up_large,8,4.007268208724788,1.0,79,0.10126582278481013
asia_med_pos_high,asia_med_pos_med,down_small,5,-0.26669672284377566,0.0,79,0.06329113924050633
asia_med_pos_high,asia_med_pos_high,up_med,4,1.990872871214803,1.0,79,0.05063291139240506
asia_med_pos_high,asia_med_pos_low,up_large,4,3.7076038920604275,1.0,79,0.05063291139240506
asia_med_pos_high,asia_med_pos_low,up_med,4,2.2183638559480916,1.0,79,0.05063291139240506
asia_med_pos_high,asia_med_pos_low,up_small,4,0.5771425048830224,1.0,79,0.05063291139240506
asia_med_pos_high,asia_med_pos_med,up_med,4,2.0595043691694426,1.0,79,0.05063291139240506
asia_med_pos_high,asia_high_pos_high,down_large,3,-3.373992706309707,0.0,79,0.0379746835443038
asia_med_pos_high,asia_high_pos_med,up_large,3,3.825236871200961,1.0,79,0.0379746835443038
asia_med_pos_high,asia_high_pos_low,up_med,2,2.0711146838156527,1.0,79,0.02531645569620253
asia_med_pos_high,asia_high_pos_med,down_large,2,-6.597335313646651,0.0,79,0.02531645569620253
asia_med_pos_high,asia_low_pos_med,up_med,2,2.021975239310796,1.0,79,0.02531645569620253
asia_med_pos_high,asia_med_pos_high,up_large,2,3.816223076960203,1.0,79,0.02531645569620253
asia_med_pos_high,asia_med_pos_med,down_med,2,-1.8787137921870696,0.0,79,0.02531645569620253
asia_med_pos_high,asia_med_pos_med,up_small,2,0.7213706772334736,1.0,79,0.02531645569620253
asia_med_pos_high,asia_high_pos_high,down_med,1,-2.397042093287822,0.0,79,0.012658227848101266
asia_med_pos_high,asia_high_pos_high,down_small,1,-0.7438565419526171,0.0,79,0.012658227848101266
asia_med_pos_high,asia_high_pos_high,up_large,1,5.108108108108122,1.0,79,0.012658227848101266
asia_med_pos_high,asia_high_pos_low,up_large,1,6.177754677754608,1.0,79,0.012658227848101266
asia_med_pos_high,asia_high_pos_med,up_med,1,2.3636363636363775,1.0,79,0.012658227848101266
asia_med_pos_high,asia_high_pos_med,up_small,1,0.9135220125785845,1.0,79,0.012658227848101266
asia_med_pos_high,asia_low_pos_high,up_med,1,2.3333333333333464,1.0,79,0.012658227848101266
asia_med_pos_high,asia_low_pos_low,down_med,1,-2.111858026351129,0.0,79,0.012658227848101266
asia_med_pos_high,asia_med_neg_high,down_large,1,-2.978723404255312,0.0,79,0.012658227848101266
asia_med_pos_high,asia_med_neg_high,down_small,1,-0.5957446808510606,0.0,79,0.012658227848101266
asia_med_pos_high,asia_med_pos_high,up_small,1,0.06746987951808335,1.0,79,0.012658227848101266
asia_med_pos_high,asia_med_pos_low,down_large,1,-3.2367688022284407,0.0,79,0.012658227848101266
asia_med_pos_high,asia_med_pos_low,down_med,1,-1.2352941176470835,0.0,79,0.012658227848101266
asia_med_pos_high,asia_med_pos_low,down_small,1,-0.48641819330390906,0.0,79,0.012658227848101266
asia_med_pos_high,london_high_pos_high,up_med,1,1.836065573770492,1.0,79,0.012658227848101266
asia_med_pos_high,london_low_pos_low,down_large,1,-6.990052108005675,0.0,79,0.012658227848101266
asia_med_pos_high,london_med_neg_high,down_med,1,-2.4631956912028814,0.0,79,0.012658227848101266
asia_med_pos_high,london_med_pos_high,up_med,1,1.3272171253822638,1.0,79,0.012658227848101266
asia_med_pos_high,ny_low_pos_high,down_small,1,-0.029075804776754505,0.0,79,0.012658227848101266
asia_med_pos_low,asia_low_pos_med,up_large,3,3.3448965448965358,1.0,66,0.045454545454545456
asia_med_pos_low,asia_med_pos_low,up_med,3,1.7190088258705705,1.0,66,0.045454545454545456
asia_med_pos_low,asia_med_pos_med,up_med,3,2.3850501890953812,1.0,66,0.045454545454545456
asia_med_pos_low,asia_high_pos_med,up_large,2,3.714236999147472,1.0,66,0.030303030303030304
asia_med_pos_low,asia_low_neg_high,down_large,2,-4.036428009441387,0.0,66,0.030303030303030304
asia_med_pos_low,asia_low_neg_low,down_med,2,-1.7461448974035094,0.0,66,0.030303030303030304
asia_med_pos_low,asia_low_pos_low,down_small,2,-0.10280777537797924,0.0,66,0.030303030303030304
asia_med_pos_low,asia_low_pos_low,up_small,2,0.7829447146021598,1.0,66,0.030303030303030304
asia_med_pos_low,asia_low_pos_med,down_large,2,-7.2882225423797244,0.0,66,0.030303030303030304
asia_med_pos_low,asia_med_pos_low,up_small,2,0.36288849194337486,1.0,66,0.030303030303030304
asia_med_pos_low,london_med_pos_high,up_large,2,5.877855401139994,1.0,66,0.030303030303030304
asia_med_pos_low,london_med_pos_high,up_med,2,2.249751070397279,1.0,66,0.030303030303030304
asia_med_pos_low,asia_high_neg_low,up_med,1,1.4743928829045598,1.0,66,0.015151515151515152
asia_med_pos_low,asia_high_neg_med,up_large,1,6.651568766218465,1.0,66,0.015151515151515152
asia_med_pos_low,asia_high_pos_high,down_large,1,-4.069767441860445,0.0,66,0.015151515151515152
asia_med_pos_low,asia_high_pos_high,up_med,1,2.437137330754326,1.0,66,0.015151515151515152
asia_med_pos_low,asia_high_pos_low,up_med,1,1.4721101352955153,1.0,66,0.015151515151515152
asia_med_pos_low,asia_high_pos_low,up_small,1,0.9747899159663957,1.0,66,0.015151515151515152
asia_med_pos_low,asia_high_pos_med,down_large,1,-7.042168674698817,0.0,66,0.015151515151515152
asia_med_pos_low,asia_low_neg_high,up_large,1,6.614678899082598,1.0,66,0.015151515151515152
asia_med_pos_low,asia_low_neg_high,up_med,1,2.4535315985130417,1.0,66,0.015151515151515152
asia_med_pos_low,asia_low_neg_high,up_small,1,1.0253521126760787,1.0,66,0.015151515151515152
asia_med_pos_low,asia_low_neg_low,down_small,1,-0.9197755034664891,0.0,66,0.015151515151515152
asia_med_pos_low,asia_low_neg_low,up_med,1,2.4852071005917016,1.0,66,0.015151515151515152
asia_med_pos_low,asia_low_neg_low,up_small,1,0.4437538844002461,1.0,66,0.015151515151515152
asia_med_pos_low,asia_low_neg_med,down_large,1,-2.7697841726618693,0.0,66,0.015151515151515152
asia_med_pos_low,asia_low_neg_med,up_med,1,2.0871559633027568,1.0,66,0.015151515151515152
asia_med_pos_low,asia_low_pos_high,down_large,1,-9.585461689587472,0.0,66,0.015151515151515152
asia_med_pos_low,asia_low_pos_high,down_small,1,-0.19178082191778373,0.0,66,0.015151515151515152
asia_med_pos_low,asia_low_pos_low,down_large,1,-2.9662464416429613,0.0,66,0.015151515151515152
asia_med_pos_low,asia_low_pos_low,up_large,1,3.2024291497975685,1.0,66,0.015151515151515152
asia_med_pos_low,asia_low_pos_low,up_med,1,1.4464944649446614,1.0,66,0.015151515151515152
asia_med_pos_low,asia_low_pos_med,down_med,1,-1.320754716981117,0.0,66,0.015151515151515152
asia_med_pos_low,asia_low_pos_med,down_small,1,-0.12000000000000406,0.0,66,0.015151515151515152
asia_med_pos_low,asia_med_pos_high,down_med,1,-1.614794520547959,0.0,66,0.015151515151515152
asia_med_pos_low,asia_med_pos_high,down_small,1,-0.2084367245658133,0.0,66,0.015151515151515152
asia_med_pos_low,asia_med_pos_high,up_large,1,3.0638977635782747,1.0,66,0.015151515151515152
asia_med_pos_low,asia_med_pos_high,up_med,1,1.9944134078212794,1.0,66,0.015151515151515152
asia_med_pos_low,asia_med_pos_low,down_large,1,-3.8684210526315868,0.0,66,0.015151515151515152
asia_med_pos_low,asia_med_pos_low,down_med,1,-1.3131313131313234,0.0,66,0.015151515151515152
asia_med_pos_low,asia_med_pos_low,down_small,1,-0.30661548882366957,0.0,66,0.015151515151515152
asia_med_pos_low,asia_med_pos_med,down_large,1,-7.762376237623492,0.0,66,0.015151515151515152
asia_med_pos_low,asia_med_pos_med,up_large,1,4.625222024866799,1.0,66,0.015151515151515152
asia_med_pos_low,london_high_pos_high,down_small,1,-0.2270270270270025,0.0,66,0.015151515151515152
asia_med_pos_low,london_high_pos_high,up_med,1,1.41772151898734,1.0,66,0.015151515151515152
asia_med_pos_low,london_low_neg_low,up_small,1,0.9893992932862203,1.0,66,0.015151515151515152
asia_med_pos_low,london_low_pos_high,up_small,1,1.1400651465798215,1.0,66,0.015151515151515152
asia_med_pos_low,ny_low_pos_high,down_med,1,-1.8571428571428554,0.0,66,0.015151515151515152
asia_med_pos_low,ny_low_pos_high,up_med,1,1.183098591549318,1.0,66,0.015151515151515152
asia_med_pos_low,ny_med_pos_high,down_small,1,-1.111111111111117,0.0,66,0.015151515151515152
asia_med_pos_low,ny_med_pos_high,up_small,1,0.39999999999995717,1.0,66,0.015151515151515152
asia_med_pos_med,asia_med_pos_med,up_small,5,0.8766791730182671,1.0,76,0.06578947368421052
asia_med_pos_med,asia_med_pos_med,down_small,4,-0.1400997010605795,0.0,76,0.05263157894736842
asia_med_pos_med,asia_low_pos_med,down_large,3,-5.315730398835915,0.0,76,0.039473684210526314
asia_med_pos_med,asia_med_pos_low,up_large,3,3.090254694856608,1.0,76,0.039473684210526314
asia_med_pos_med,asia_med_pos_low,up_med,3,2.0135215085121123,1.0,76,0.039473684210526314
asia_med_pos_med,asia_med_pos_low,up_small,3,0.9715279947731691,1.0,76,0.039473684210526314
asia_med_pos_med,london_med_pos_high,up_med,3,1.7109100050276471,1.0,76,0.039473684210526314
asia_med_pos_med,asia_high_pos_high,up_small,2,0.9795882226123391,1.0,76,0.02631578947368421
asia_med_pos_med,asia_high_pos_low,up_large,2,4.314008400252435,1.0,76,0.02631578947368421
asia_med_pos_med,asia_low_pos_high,up_med,2,2.3830996589617337,1.0,76,0.02631578947368421
asia_med_pos_med,asia_med_neg_high,up_med,2,1.9826760563380508,1.0,76,0.02631578947368421
asia_med_pos_med,asia_med_pos_high,down_med,2,-1.890209120117252,0.0,76,0.02631578947368421
asia_med_pos_med,asia_med_pos_high,up_large,2,3.9962171052632307,1.0,76,0.02631578947368421
asia_med_pos_med,asia_med_pos_high,up_med,2,1.9926201947977442,1.0,76,0.02631578947368421
asia_med_pos_med,asia_med_pos_low,down_large,2,-4.948517849863109,0.0,76,0.02631578947368421
asia_med_pos_med,asia_med_pos_low,down_small,2,-0.3006134969325343,0.0,76,0.02631578947368421
asia_med_pos_med,asia_high_neg_high,down_large,1,-2.8284683502787535,0.0,76,0.013157894736842105
asia_med_pos_med,asia_high_neg_med,down_med,1,-1.5479421579532884,0.0,76,0.013157894736842105
asia_med_pos_med,asia_high_pos_high,down_small,1,-0.1253731343283449,0.0,76,0.013157894736842105
asia_med_pos_med,asia_high_pos_high,up_large,1,4.239267315397839,1.0,76,0.013157894736842105
asia_med_pos_med,asia_high_pos_low,up_small,1,0.9767441860465439,1.0,76,0.013157894736842105
asia_med_pos_med,asia_high_pos_med,up_large,1,3.8648648648648622,1.0,76,0.013157894736842105
asia_med_pos_med,asia_low_neg_low,up_med,1,2.4086021505376554,1.0,76,0.013157894736842105
asia_med_pos_med,asia_low_neg_med,up_large,1,5.284507042253525,1.0,76,0.013157894736842105
asia_med_pos_med,asia_low_neg_med,up_small,1,0.03409090909090353,1.0,76,0.013157894736842105
asia_med_pos_med,asia_low_pos_high,down_large,1,-6.544061302681966,0.0,76,0.013157894736842105
asia_med_pos_med,asia_low_pos_high,down_small,1,-0.24096385542166096,0.0,76,0.013157894736842105
asia_med_pos_med,asia_low_pos_low,up_large,1,2.9390519187358835,1.0,76,0.013157894736842105
asia_med_pos_med,asia_low_pos_med,down_med,1,-1.7446808510638614,0.0,76,0.013157894736842105
asia_med_pos_med,asia_low_pos_med,up_large,1,3.33569530558015,1.0,76,0.013157894736842105
asia_med_pos_med,asia_low_pos_med,up_med,1,1.3552511415525164,1.0,76,0.013157894736842105
asia_med_pos_med,asia_med_neg_high,down_large,1,-2.9009009009009112,0.0,76,0.013157894736842105
asia_med_pos_med,asia_med_neg_low,down_med,1,-1.8243831640058041,0.0,76,0.013157894736842105
asia_med_pos_med,asia_med_neg_med,up_med,1,2.120585470659327,1.0,76,0.013157894736842105
asia_med_pos_med,asia_med_pos_high,down_large,1,-4.229740361919734,0.0,76,0.013157894736842105
asia_med_pos_med,asia_med_pos_high,down_small,1,-0.2033898305084811,0.0,76,0.013157894736842105
asia_med_pos_med,asia_med_pos_high,up_small,1,0.6066666666666523,1.0,76,0.013157894736842105
asia_med_pos_med,asia_med_pos_low,down_med,1,-2.0474308300394943,0.0,76,0.013157894736842105
asia_med_pos_med,asia_med_pos_med,down_large,1,-4.537931034482694,0.0,76,0.013157894736842105
asia_med_pos_med,asia_med_pos_med,up_large,1,2.7909967845659174,1.0,76,0.013157894736842105
asia_med_pos_med,asia_med_pos_med,up_med,1,1.684647302904613,1.0,76,0.013157894736842105
asia_med_pos_med,late_low_pos_high,up_large,1,2.8717948717948603,1.0,76,0.013157894736842105
asia_med_pos_med,london_high_pos_high,down_small,1,-0.6568914956011569,0.0,76,0.013157894736842105
asia_med_pos_med,london_low_neg_high,up_small,1,1.0057471264367555,1.0,76,0.013157894736842105
asia_med_pos_med,london_low_pos_high,down_small,1,-0.6649395509499055,0.0,76,0.013157894736842105
asia_med_pos_med,london_low_pos_high,up_large,1,2.940639269406319,1.0,76,0.013157894736842105
asia_med_pos_med,london_low_pos_high,up_med,1,1.3401221995926955,1.0,76,0.013157894736842105
asia_med_pos_med,london_low_pos_high,up_small,1,0.22027972027973614,1.0,76,0.013157894736842105
asia_med_pos_med,ny_low_neg_high,down_large,1,-2.895454545454556,0.0,76,0.013157894736842105
asia_med_pos_med,ny_low_neg_high,up_small,1,0.3134328358208901,1.0,76,0.013157894736842105
late_high_neg_high,late_high_neg_med,down_med,2,-1.7461684425631194,0.0,5,0.4
late_high_neg_high,asia_high_neg_low,down_small,1,-1.0936832468721165,0.0,5,0.2
late_high_neg_high,late_high_neg_high,down_large,1,-3.2026143790849995,0.0,5,0.2
late_high_neg_high,late_high_neg_low,up_large,1,3.005235602094266,1.0,5,0.2
late_high_neg_low,late_high_neg_low,up_med,2,1.758185261445396,1.0,19,0.10526315789473684
late_high_neg_low,late_high_neg_low,up_small,2,0.6593922165479844,1.0,19,0.10526315789473684
late_high_neg_low,late_high_neg_med,down_small,2,-0.43456752162382795,0.0,19,0.10526315789473684
late_high_neg_low,asia_low_neg_low,up_small,1,0.7106967106967174,1.0,19,0.05263157894736842
late_high_neg_low,asia_med_pos_low,down_large,1,-4.83387622149837,0.0,19,0.05263157894736842
late_high_neg_low,late_high_neg_high,down_large,1,-4.990099009900993,0.0,19,0.05263157894736842
late_high_neg_low,late_high_neg_high,down_small,1,-0.5765306122448365,0.0,19,0.05263157894736842
late_high_neg_low,late_high_neg_low,down_large,1,-6.642192165817608,0.0,19,0.05263157894736842
late_high_neg_low,late_low_pos_high,up_large,1,2.959960937500011,1.0,19,0.05263157894736842
late_high_neg_low,late_low_pos_low,down_large,1,-7.351397604107384,0.0,19,0.05263157894736842
late_high_neg_low,late_low_pos_low,down_small,1,0.0,0.0,19,0.05263157894736842
late_high_neg_low,late_low_pos_low,up_large,1,3.5793991416309505,1.0,19,0.05263157894736842
late_high_neg_low,late_low_pos_low,up_small,1,0.5153825926900154,1.0,19,0.05263157894736842
late_high_neg_low,late_med_neg_low,up_large,1,3.900497512437927,1.0,19,0.05263157894736842
late_high_neg_low,late_med_neg_med,down_med,1,-1.935264054514506,0.0,19,0.05263157894736842
late_high_neg_low,late_med_pos_low,up_small,1,0.9937521693856041,1.0,19,0.05263157894736842
late_high_neg_med,late_high_neg_low,down_med,3,-1.4643787752501038,0.0,14,0.21428571428571427
late_high_neg_med,late_high_neg_med,down_med,3,-1.6393563420937607,0.0,14,0.21428571428571427
late_high_neg_med,asia_high_neg_med,down_med,1,-1.4081358962896753,0.0,14,0.07142857142857142
late_high_neg_med,late_high_neg_low,down_small,1,-0.14889845530516632,0.0,14,0.07142857142857142
late_high_neg_med,late_high_neg_low,up_med,1,2.7071021254536047,1.0,14,0.07142857142857142
late_high_neg_med,late_high_neg_low,up_small,1,1.0013537906137377,1.0,14,0.07142857142857142
late_high_neg_med,late_high_neg_med,up_med,1,1.6529445397369924,1.0,14,0.07142857142857142
late_high_neg_med,late_high_pos_low,up_small,1,0.027563228835401007,1.0,14,0.07142857142857142
late_high_neg_med,late_med_neg_low,down_med,1,-2.702290076335869,0.0,14,0.07142857142857142
late_high_neg_med,late_med_neg_low,down_small,1,-0.8965517241379117,0.0,14,0.07142857142857142
late_high_pos_high,late_high_pos_med,up_small,6,0.40707890911065014,1.0,20,0.3
late_high_pos_high,late_high_pos_low,up_med,4,2.1283793921428016,1.0,20,0.2
late_high_pos_high,late_high_pos_low,down_small,2,-0.5362483122686417,0.0,20,0.1
late_high_pos_high,late_high_pos_med,up_large,2,8.693930823454016,1.0,20,0.1
late_high_pos_high,late_high_pos_med,up_med,2,2.050711381891194,1.0,20,0.1
late_high_pos_high,asia_high_pos_med,up_large,1,3.59513331607559,1.0,20,0.05
late_high_pos_high,late_high_pos_low,up_large,1,3.2100591715976248,1.0,20,0.05
late_high_pos_high,late_med_pos_med,down_small,1,0.0,0.0,20,0.05
late_high_pos_high,late_med_pos_med,up_small,1,0.3290322580645096,1.0,20,0.05
late_high_pos_low,late_high_pos_low,up_med,2,1.5121325285740626,1.0,19,0.10526315789473684
late_high_pos_low,late_high_pos_low,up_small,2,0.3315374333132156,1.0,19,0.10526315789473684
late_high_pos_low,late_high_pos_med,up_large,2,3.682651987236265,1.0,19,0.10526315789473684
late_high_pos_low,late_low_pos_low,down_small,2,-0.5370821141369382,0.0,19,0.10526315789473684
late_high_pos_low,asia_low_pos_high,down_large,1,-7.875,0.0,19,0.05263157894736842
late_high_pos_low,asia_low_pos_high,up_med,1,2.0944881889763884,1.0,19,0.05263157894736842
late_high_pos_low,asia_low_pos_low,down_large,1,-8.464067031904612,0.0,19,0.05263157894736842
late_high_pos_low,asia_low_pos_low,up_large,1,3.1014164305948797,1.0,19,0.05263157894736842
late_high_pos_low,asia_med_pos_high,up_small,1,0.2560975609756057,1.0,19,0.05263157894736842
late_high_pos_low,late_high_neg_low,down_med,1,-1.154639175257748,0.0,19,0.05263157894736842
late_high_pos_low,late_high_neg_med,up_small,1,0.1774224995126005,1.0,19,0.05263157894736842
late_high_pos_low,late_high_pos_high,up_large,1,8.425991561181487,1.0,19,0.05263157894736842
late_high_pos_low,late_high_pos_low,down_large,1,-8.9176245210729,0.0,19,0.05263157894736842
late_high_pos_low,late_med_neg_med,down_med,1,-1.9726027397260313,0.0,19,0.05263157894736842
late_high_pos_low,late_med_pos_low,up_med,1,1.2944038929440502,1.0,19,0.05263157894736842
late_high_pos_med,asia_med_pos_med,up_large,2,5.967149761986633,1.0,18,0.1111111111111111
late_high_pos_med,late_high_pos_med,down_small,2,-0.4274332296199933,0.0,18,0.1111111111111111
late_high_pos_med,late_high_pos_med,up_small,2,0.22919625802028368,1.0,18,0.1111111111111111
late_high_pos_med,asia_high_pos_low,up_med,1,2.2438465941614325,1.0,18,0.05555555555555555
late_high_pos_med,asia_high_pos_med,up_large,1,7.015745501285358,1.0,18,0.05555555555555555
late_high_pos_med,late_high_pos_high,up_large,1,4.9554911772451895,1.0,18,0.05555555555555555
late_high_pos_med,late_high_pos_high,up_small,1,0.790953650356862,1.0,18,0.05555555555555555
late_high_pos_med,late_high_pos_low,up_large,1,4.954545454545457,1.0,18,0.05555555555555555
late_high_pos_med,late_high_pos_low,up_med,1,1.6481764206955225,1.0,18,0.05555555555555555
late_high_pos_med,late_high_pos_med,down_med,1,-1.163204747774474,0.0,18,0.05555555555555555
late_high_pos_med,late_low_neg_med,down_small,1,-0.04168734491315299,0.0,18,0.05555555555555555
late_high_pos_med,late_low_pos_med,up_small,1,0.04827586206899035,1.0,18,0.05555555555555555
late_high_pos_med,late_med_neg_high,down_small,1,-0.8443579766537026,0.0,18,0.05555555555555555
late_high_pos_med,late_med_pos_low,down_small,1,-0.8172588832487456,0.0,18,0.05555555555555555
late_high_pos_med,ny_low_pos_high,up_small,1,0.05937234944869288,1.0,18,0.05555555555555555
late_low_neg_high,asia_low_neg_med,down_med,1,-2.5434083601286184,0.0,6,0.16666666666666666
late_low_neg_high,late_low_neg_low,up_small,1,0.4955752212389385,1.0,6,0.16666666666666666
late_low_neg_high,late_low_neg_med,down_large,1,-3.915567282321915,0.0,6,0.16666666666666666
late_low_neg_high,late_low_neg_med,down_small,1,-0.21875000000003794,0.0,6,0.16666666666666666
late_low_neg_high,late_low_neg_med,up_small,1,0.26775956284152164,1.0,6,0.16666666666666666
late_low_neg_high,late_med_neg_low,up_med,1,2.723735408560271,1.0,6,0.16666666666666666
late_low_neg_low,late_high_neg_low,up_small,2,0.5255839651797629,1.0,10,0.2
late_low_neg_low,late_low_neg_low,down_large,2,-5.366701839970882,0.0,10,0.2
late_low_neg_low,asia_low_neg_high,up_med,1,1.917808219178085,1.0,10,0.1
late_low_neg_low,asia_low_pos_high,down_large,1,-3.729386892177609,0.0,10,0.1
late_low_neg_low,asia_low_pos_med,down_large,1,-8.139534883721138,0.0,10,0.1
late_low_neg_low,late_low_neg_med,down_small,1,-1.0769230769230882,0.0,10,0.1
late_low_neg_low,late_low_pos_med,down_med,1,-2.0446664707610958,0.0,10,0.1
late_low_neg_low,late_med_pos_low,down_med,1,-2.4097444089456688,0.0,10,0.1
late_low_neg_med,asia_low_neg_high,down_small,1,-0.9217210990150223,0.0,14,0.07142857142857142
late_low_neg_med,asia_low_pos_low,up_med,1,1.3314121037464406,1.0,14,0.07142857142857142
late_low_neg_med,asia_med_neg_high,down_small,1,-1.0177514792899534,0.0,14,0.07142857142857142
late_low_neg_med,late_high_neg_high,down_large,1,-8.679999999999952,0.0,14,0.07142857142857142
late_low_neg_med,late_high_neg_high,up_small,1,0.6125000000000047,1.0,14,0.07142857142857142
late_low_neg_med,late_high_pos_high,up_large,1,6.959064327485388,1.0,14,0.07142857142857142
late_low_neg_med,late_low_neg_low,down_large,1,-2.7825841108283926,0.0,14,0.07142857142857142
late_low_neg_med,late_low_neg_low,up_small,1,0.2429752066115824,1.0,14,0.07142857142857142
late_low_neg_med,late_low_neg_med,down_large,1,-2.780764635603358,0.0,14,0.07142857142857142
late_low_neg_med,late_low_neg_med,down_med,1,-1.2757693456827066,0.0,14,0.07142857142857142
late_low_neg_med,late_low_neg_med,up_small,1,1.1344929995757471,1.0,14,0.07142857142857142
late_low_neg_med,late_low_pos_low,down_small,1,-0.7623762376237534,0.0,14,0.07142857142857142
late_low_neg_med,london_med_pos_high,up_large,1,6.410526315789603,1.0,14,0.07142857142857142
late_low_neg_med,ny_med_pos_high,up_small,1,0.1891891891891686,1.0,14,0.07142857142857142
late_low_pos_high,late_low_pos_low,up_large,2,4.607410362097262,1.0,17,0.11764705882352941
late_low_pos_high,late_low_pos_med,down_small,2,-0.09260372820200752,0.0,17,0.11764705882352941
late_low_pos_high,asia_low_neg_med,up_large,1,5.430303030303033,1.0,17,0.058823529411764705
late_low_pos_high,asia_low_pos_high,down_large,1,-2.772727272727323,0.0,17,0.058823529411764705
late_low_pos_high,asia_med_pos_high,down_large,1,-3.0939226519337186,0.0,17,0.058823529411764705
late_low_pos_high,late_high_pos_high,down_small,1,0.0,0.0,17,0.058823529411764705
late_low_pos_high,late_low_pos_high,up_med,1,1.244444444444446,1.0,17,0.058823529411764705
late_low_pos_high,late_low_pos_low,down_med,1,-1.2589928057553978,0.0,17,0.058823529411764705
late_low_pos_high,late_low_pos_low,up_small,1,0.8555555555555642,1.0,17,0.058823529411764705
late_low_pos_high,late_low_pos_med,up_large,1,8.055932203389814,1.0,17,0.058823529411764705
late_low_pos_high,late_low_pos_med,up_med,1,2.2105263157894597,1.0,17,0.058823529411764705
late_low_pos_high,late_low_pos_med,up_small,1,0.7069234773555471,1.0,17,0.058823529411764705
late_low_pos_high,late_med_neg_med,up_small,1,0.8235294117647081,1.0,17,0.058823529411764705
late_low_pos_high,late_med_pos_med,down_small,1,-0.4142011834319652,0.0,17,0.058823529411764705
late_low_pos_high,late_med_pos_med,up_med,1,2.3517350157729213,1.0,17,0.058823529411764705
late_low_pos_low,late_low_pos_low,down_large,4,-5.841339895108736,0.0,32,0.125
late_low_pos_low,asia_low_pos_high,down_large,2,-5.147810218978111,0.0,32,0.0625
late_low_pos_low,asia_med_pos_high,down_large,2,-4.805214305214295,0.0,32,0.0625
late_low_pos_low,asia_high_pos_high,down_med,1,-1.231270358306182,0.0,32,0.03125
late_low_pos_low,asia_high_pos_high,down_small,1,-0.8205128205128476,0.0,32,0.03125
late_low_pos_low,asia_low_neg_high,down_large,1,-3.826666666666662,0.0,32,0.03125
late_low_pos_low,asia_low_pos_low,up_small,1,0.11382113821135975,1.0,32,0.03125
late_low_pos_low,asia_low_pos_med,down_large,1,-3.320158102766797,0.0,32,0.03125
late_low_pos_low,asia_med_neg_high,down_large,1,-4.364263803680953,0.0,32,0.03125
late_low_pos_low,asia_med_pos_high,up_large,1,5.7415278575531845,1.0,32,0.03125
late_low_pos_low,asia_med_pos_high,up_med,1,2.5774058577405565,1.0,32,0.03125
late_low_pos_low,asia_med_pos_med,up_small,1,1.083750417083826,1.0,32,0.03125
late_low_pos_low,late_high_pos_low,down_large,1,-4.077713551702009,0.0,32,0.03125
late_low_pos_low,late_high_pos_low,up_large,1,3.17973856209144,1.0,32,0.03125
late_low_pos_low,late_low_neg_low,down_large,1,-3.0076793407004687,0.0,32,0.03125
late_low_pos_low,late_low_pos_low,down_med,1,-1.461279461279454,0.0,32,0.03125
late_low_pos_low,late_low_pos_low,up_med,1,2.0554649265905285,1.0,32,0.03125
late_low_pos_low,late_low_pos_med,down_large,1,-5.090909090909117,0.0,32,0.03125
late_low_pos_low,late_low_pos_med,up_large,1,3.0793825799338426,1.0,32,0.03125
late_low_pos_low,late_low_pos_med,up_med,1,1.9758064516128468,1.0,32,0.03125
late_low_pos_low,late_med_neg_low,up_large,1,6.3448275862068195,1.0,32,0.03125
late_low_pos_low,late_med_pos_low,up_large,1,5.4839924670433335,1.0,32,0.03125
late_low_pos_low,late_med_pos_low,up_small,1,0.042553191489356816,1.0,32,0.03125
late_low_pos_low,late_med_pos_med,down_med,1,-2.2814814814814675,0.0,32,0.03125
late_low_pos_low,late_med_pos_med,up_small,1,0.8729792147805928,1.0,32,0.03125
late_low_pos_low,london_med_pos_high,up_med,1,2.4571428571428346,1.0,32,0.03125
late_low_pos_low,ny_low_pos_high,up_med,1,1.7142857142857155,1.0,32,0.03125
late_low_pos_med,late_med_pos_high,up_med,2,1.8725168756026895,1.0,22,0.09090909090909091
late_low_pos_med,late_med_pos_med,up_large,2,3.9566868472196806,1.0,22,0.09090909090909091
late_low_pos_med,asia_low_neg_high,down_med,1,-1.5534675615212705,0.0,22,0.045454545454545456
late_low_pos_med,asia_low_pos_high,up_large,1,5.833333333333314,1.0,22,0.045454545454545456
late_low_pos_med,asia_low_pos_low,down_large,1,-6.0570878768441005,0.0,22,0.045454545454545456
late_low_pos_med,asia_low_pos_low,up_large,1,2.7764265668849015,1.0,22,0.045454545454545456
late_low_pos_med,asia_low_pos_med,down_med,1,-2.068728522336752,0.0,22,0.045454545454545456
late_low_pos_med,asia_med_pos_high,up_large,1,4.021207929921619,1.0,22,0.045454545454545456
late_low_pos_med,asia_med_pos_low,up_large,1,5.698569856985573,1.0,22,0.045454545454545456
late_low_pos_med,asia_med_pos_med,up_large,1,6.2750809061489194,1.0,22,0.045454545454545456
late_low_pos_med,late_high_pos_high,up_large,1,2.925039872408294,1.0,22,0.045454545454545456
late_low_pos_med,late_high_pos_high,up_med,1,1.6261653675683725,1.0,22,0.045454545454545456
late_low_pos_med,late_high_pos_low,down_small,1,-0.4845173041894371,0.0,22,0.045454545454545456
late_low_pos_med,late_low_pos_high,up_small,1,1.1453252032520451,1.0,22,0.045454545454545456
late_low_pos_med,late_low_pos_low,down_large,1,-6.216783216783229,0.0,22,0.045454545454545456
late_low_pos_med,late_low_pos_low,up_med,1,1.2277949005323952,1.0,22,0.045454545454545456
late_low_pos_med,late_low_pos_low,up_small,1,1.1221374045801356,1.0,22,0.045454545454545456
late_low_pos_med,late_low_pos_med,up_med,1,2.739130434782644,1.0,22,0.045454545454545456
late_low_pos_med,london_low_neg_high,down_large,1,-4.267326732673306,0.0,22,0.045454545454545456
late_low_pos_med,london_low_pos_high,down_small,1,-0.4711538461538558,0.0,22,0.045454545454545456
late_med_neg_high,asia_med_neg_low,down_small,1,-0.1505376344085711,0.0,6,0.16666666666666666
late_med_neg_high,late_low_pos_med,down_small,1,-0.11978036010727944,0.0,6,0.16666666666666666
late_med_neg_high,late_med_neg_low,up_med,1,1.6499473868817207,1.0,6,0.16666666666666666
late_med_neg_high,late_med_neg_med,down_small,1,-0.9352818371607644,0.0,6,0.16666666666666666
late_med_neg_high,late_med_neg_med,up_small,1,0.16216216216216853,1.0,6,0.16666666666666666
late_med_neg_high,late_med_pos_high,up_large,1,5.712846347607169,1.0,6,0.16666666666666666
late_med_neg_low,asia_low_pos_med,down_small,2,-0.17689987867195722,0.0,26,0.07692307692307693
late_med_neg_low,late_med_neg_low,down_med,2,-2.0213937998627602,0.0,26,0.07692307692307693
late_med_neg_low,late_med_neg_low,up_med,2,1.3903996625980035,1.0,26,0.07692307692307693
late_med_neg_low,late_med_neg_low,up_small,2,0.27897980714059556,1.0,26,0.07692307692307693
late_med_neg_low,asia_high_neg_high,down_large,1,-2.9763779527559495,0.0,26,0.038461538461538464
late_med_neg_low,asia_low_neg_high,down_large,1,-3.054545454545459,0.0,26,0.038461538461538464
late_med_neg_low,asia_low_neg_high,down_small,1,-1.0606060606060579,0.0,26,0.038461538461538464
late_med_neg_low,asia_low_neg_high,up_med,1,2.457354758961832,1.0,26,0.038461538461538464
late_med_neg_low,asia_low_neg_low,down_med,1,-1.800297324083274,0.0,26,0.038461538461538464
late_med_neg_low,asia_low_neg_low,down_small,1,-0.7442010309278715,0.0,26,0.038461538461538464
late_med_neg_low,asia_low_pos_low,down_large,1,-4.544802867383488,0.0,26,0.038461538461538464
late_med_neg_low,asia_low_pos_low,up_large,1,3.706113292204119,1.0,26,0.038461538461538464
late_med_neg_low,asia_med_neg_med,down_small,1,-0.03012912482067832,0.0,26,0.038461538461538464
late_med_neg_low,asia_med_pos_high,up_med,1,2.4248366013071463,1.0,26,0.038461538461538464
late_med_neg_low,late_high_neg_high,down_large,1,-4.333039129155618,0.0,26,0.038461538461538464
late_med_neg_low,late_high_neg_med,up_large,1,4.2930980144973345,1.0,26,0.038461538461538464
late_med_neg_low,late_low_neg_low,down_large,1,-7.874999999999794,0.0,26,0.038461538461538464
late_med_neg_low,late_low_neg_low,up_small,1,0.5982081323225363,1.0,26,0.038461538461538464
late_med_neg_low,late_med_neg_low,up_large,1,7.375983578515265,1.0,26,0.038461538461538464
late_med_neg_low,late_med_neg_med,down_large,1,-3.383561643835634,0.0,26,0.038461538461538464
late_med_neg_low,late_med_neg_med,up_large,1,3.342587451415914,1.0,26,0.038461538461538464
late_med_neg_low,london_low_pos_med,down_med,1,-1.170418006430822,0.0,26,0.038461538461538464
late_med_neg_med,late_med_neg_low,down_med,2,-2.052894710878393,0.0,13,0.15384615384615385
late_med_neg_med,late_med_neg_low,down_small,2,-0.34670571638597225,0.0,13,0.15384615384615385
late_med_neg_med,late_med_neg_med,down_med,2,-2.219873716777857,0.0,13,0.15384615384615385
late_med_neg_med,asia_low_neg_med,down_large,1,-3.8356164383561526,0.0,13,0.07692307692307693
late_med_neg_med,asia_low_neg_med,up_large,1,5.662368112543906,1.0,13,0.07692307692307693
late_med_neg_med,asia_low_neg_med,up_small,1,0.8017621145374183,1.0,13,0.07692307692307693
late_med_neg_med,asia_med_neg_med,up_small,1,0.8802286308132193,1.0,13,0.07692307692307693
late_med_neg_med,late_low_neg_med,down_med,1,-2.3106796116505213,0.0,13,0.07692307692307693
late_med_neg_med,late_med_neg_low,up_small,1,0.6844850065189136,1.0,13,0.07692307692307693
late_med_neg_med,ny_low_pos_med,up_small,1,0.4265927977839277,1.0,13,0.07692307692307693
late_med_pos_high,late_med_pos_low,up_small,4,0.8586297760210808,1.0,21,0.19047619047619047
late_med_pos_high,late_med_pos_high,up_med,3,1.765457060228832,1.0,21,0.14285714285714285
late_med_pos_high,late_med_pos_low,down_small,2,-0.47444351614250563,0.0,21,0.09523809523809523
late_med_pos_high,late_med_pos_med,up_large,2,6.3287170107134685,1.0,21,0.09523809523809523
late_med_pos_high,late_med_pos_med,up_med,2,2.076321353065553,1.0,21,0.09523809523809523
late_med_pos_high,late_high_pos_high,up_med,1,2.566666666666667,1.0,21,0.047619047619047616
late_med_pos_high,late_low_pos_low,down_small,1,-0.20467836257313332,0.0,21,0.047619047619047616
late_med_pos_high,late_low_pos_med,down_small,1,-0.967184801381696,0.0,21,0.047619047619047616
late_med_pos_high,late_low_pos_med,up_med,1,1.63086232980332,1.0,21,0.047619047619047616
late_med_pos_high,late_low_pos_med,up_small,1,0.7026022304832634,1.0,21,0.047619047619047616
late_med_pos_high,late_med_pos_med,down_small,1,-0.4827586206896607,0.0,21,0.047619047619047616
late_med_pos_high,late_med_pos_med,up_small,1,0.5222381635580925,1.0,21,0.047619047619047616
late_med_pos_high,ny_med_pos_high,up_med,1,1.4736842105263157,1.0,21,0.047619047619047616
late_med_pos_low,late_med_neg_low,down_small,2,-0.6010815197513532,0.0,20,0.1
late_med_pos_low,late_med_pos_low,up_large,2,8.98248656147046,1.0,20,0.1
late_med_pos_low,asia_high_pos_high,up_med,1,2.7203791469194463,1.0,20,0.05
late_med_pos_low,asia_high_pos_high,up_small,1,1.0007077140835299,1.0,20,0.05
late_med_pos_low,asia_high_pos_med,down_large,1,-2.8305414881184103,0.0,20,0.05
late_med_pos_low,asia_low_neg_high,down_large,1,-4.087999999999976,0.0,20,0.05
late_med_pos_low,asia_low_neg_high,up_small,1,0.2545454545454545,1.0,20,0.05
late_med_pos_low,asia_low_pos_high,down_small,1,-0.32369942196527846,0.0,20,0.05
late_med_pos_low,asia_low_pos_high,up_large,1,3.6060606060605784,1.0,20,0.05
late_med_pos_low,asia_low_pos_med,down_large,1,-6.285714285714286,0.0,20,0.05
late_med_pos_low,asia_med_neg_med,up_large,1,3.269162210338692,1.0,20,0.05
late_med_pos_low,asia_med_pos_high,up_large,1,4.666666666666689,1.0,20,0.05
late_med_pos_low,asia_med_pos_high,up_med,1,1.3316195372750483,1.0,20,0.05
late_med_pos_low,asia_med_pos_med,down_med,1,-1.4306569343065632,0.0,20,0.05
late_med_pos_low,asia_med_pos_med,up_large,1,5.482517482517511,1.0,20,0.05
late_med_pos_low,late_med_pos_high,up_large,1,5.687500000000015,1.0,20,0.05
late_med_pos_low,late_med_pos_low,up_small,1,0.9967426710097538,1.0,20,0.05
late_med_pos_low,late_med_pos_med,down_med,1,-1.183673469387806,0.0,20,0.05
late_med_pos_med,asia_med_pos_high,up_large,2,5.44757354790043,1.0,21,0.09523809523809523
late_med_pos_med,late_low_pos_low,up_med,2,1.7646321070234197,1.0,21,0.09523809523809523
late_med_pos_med,late_med_pos_med,up_large,2,3.968406195715115,1.0,21,0.09523809523809523
late_med_pos_med,asia_high_pos_high,down_large,1,-2.754098360655716,0.0,21,0.047619047619047616
late_med_pos_med,asia_high_pos_high,up_med,1,2.2334630350194655,1.0,21,0.047619047619047616
late_med_pos_med,asia_low_neg_high,down_med,1,-1.9890710382513754,0.0,21,0.047619047619047616
late_med_pos_med,asia_med_pos_med,up_med,1,2.2515463917525964,1.0,21,0.047619047619047616
late_med_pos_med,late_high_pos_high,up_small,1,0.8844241922120814,1.0,21,0.047619047619047616
late_med_pos_med,late_low_pos_low,up_large,1,4.603603603603601,1.0,21,0.047619047619047616
late_med_pos_med,late_low_pos_med,up_large,1,3.0930232558139483,1.0,21,0.047619047619047616
late_med_pos_med,late_low_pos_med,up_med,1,1.2945205479452084,1.0,21,0.047619047619047616
late_med_pos_med,late_med_pos_low,down_large,1,-3.917910447761184,0.0,21,0.047619047619047616
late_med_pos_med,late_med_pos_low,down_small,1,-0.03617571059431115,0.0,21,0.047619047619047616
late_med_pos_med,late_med_pos_low,up_med,1,1.8410958904109858,1.0,21,0.047619047619047616
late_med_pos_med,late_med_pos_med,down_small,1,-0.24705882352943023,0.0,21,0.047619047619047616
late_med_pos_med,late_med_pos_med,up_small,1,0.1496992648696866,1.0,21,0.047619047619047616
late_med_pos_med,london_low_pos_high,up_small,1,0.4516129032258081,1.0,21,0.047619047619047616
late_med_pos_med,ny_low_pos_low,up_small,1,0.7291666666666675,1.0,21,0.047619047619047616
london_high_neg_high,london_high_neg_med,down_med,5,-1.8613973617226136,0.0,44,0.11363636363636363
london_high_neg_high,london_high_neg_high,down_large,4,-4.545114965057929,0.0,44,0.09090909090909091
london_high_neg_high,london_high_neg_high,up_large,3,4.991264259609026,1.0,44,0.06818181818181818
london_high_neg_high,london_high_neg_med,up_small,3,0.8572325500234967,1.0,44,0.06818181818181818
london_high_neg_high,london_high_neg_low,down_med,2,-1.4599228896104022,0.0,44,0.045454545454545456
london_high_neg_high,london_high_neg_med,down_large,2,-4.276578029215664,0.0,44,0.045454545454545456
london_high_neg_high,london_high_neg_med,up_large,2,8.293879737511654,1.0,44,0.045454545454545456
london_high_neg_high,ny_high_neg_high,up_large,2,3.9889365800863636,1.0,44,0.045454545454545456
london_high_neg_high,ny_high_neg_med,up_large,2,3.600435890173737,1.0,44,0.045454545454545456
london_high_neg_high,london_high_neg_high,down_med,1,-2.5269878119559035,0.0,44,0.022727272727272728
london_high_neg_high,london_high_neg_high,up_med,1,1.740398498411756,1.0,44,0.022727272727272728
london_high_neg_high,london_high_neg_high,up_small,1,0.09803921568626912,1.0,44,0.022727272727272728
london_high_neg_high,london_high_neg_low,down_large,1,-4.395151515151537,0.0,44,0.022727272727272728
london_high_neg_high,london_high_neg_med,down_small,1,-0.15461847389558062,0.0,44,0.022727272727272728
london_high_neg_high,london_high_pos_high,up_large,1,3.8745136186770424,1.0,44,0.022727272727272728
london_high_neg_high,london_high_pos_high,up_med,1,1.693463561232152,1.0,44,0.022727272727272728
london_high_neg_high,london_high_pos_low,up_large,1,4.5791666666666915,1.0,44,0.022727272727272728
london_high_neg_high,london_low_neg_high,down_med,1,-1.9983207388749413,0.0,44,0.022727272727272728
london_high_neg_high,london_med_neg_high,down_large,1,-3.9325842696629607,0.0,44,0.022727272727272728
london_high_neg_high,london_med_neg_low,down_med,1,-2.500809498111161,0.0,44,0.022727272727272728
london_high_neg_high,ny_high_neg_high,down_large,1,-6.66732283464566,0.0,44,0.022727272727272728
london_high_neg_high,ny_high_neg_high,up_med,1,2.704797047970481,1.0,44,0.022727272727272728
london_high_neg_high,ny_high_neg_med,up_small,1,0.13953488372093528,1.0,44,0.022727272727272728
london_high_neg_high,ny_high_pos_high,down_large,1,-3.626943005181361,0.0,44,0.022727272727272728
london_high_neg_high,ny_med_neg_high,down_large,1,-6.066666666666693,0.0,44,0.022727272727272728
london_high_neg_high,ny_med_neg_med,up_med,1,2.22199899547965,1.0,44,0.022727272727272728
london_high_neg_high,ny_med_neg_med,up_small,1,1.0277892990460455,1.0,44,0.022727272727272728
london_high_neg_high,ny_med_pos_high,down_med,1,-1.5285359801488716,0.0,44,0.022727272727272728
london_high_neg_low,london_low_neg_med,down_small,2,-0.43043304336175103,0.0,21,0.09523809523809523
london_high_neg_low,london_high_neg_high,down_med,1,-1.2874972629735206,0.0,21,0.047619047619047616
london_high_neg_low,london_high_neg_high,up_med,1,1.3968835930338919,1.0,21,0.047619047619047616
london_high_neg_low,london_high_neg_low,down_med,1,-1.6556372549018266,0.0,21,0.047619047619047616
london_high_neg_low,london_high_neg_low,down_small,1,-0.6897810218978305,0.0,21,0.047619047619047616
london_high_neg_low,london_high_neg_med,down_large,1,-6.677206851119838,0.0,21,0.047619047619047616
london_high_neg_low,london_high_neg_med,down_small,1,-0.619513964454127,0.0,21,0.047619047619047616
london_high_neg_low,london_high_neg_med,up_small,1,0.9255729061042326,1.0,21,0.047619047619047616
london_high_neg_low,london_high_pos_high,down_med,1,-2.167979002624691,0.0,21,0.047619047619047616
london_high_neg_low,london_high_pos_low,down_large,1,-15.556777996070727,0.0,21,0.047619047619047616
london_high_neg_low,london_high_pos_low,up_large,1,2.797548697745708,1.0,21,0.047619047619047616
london_high_neg_low,london_high_pos_low,up_med,1,1.7038615179760952,1.0,21,0.047619047619047616
london_high_neg_low,london_low_neg_low,up_small,1,0.5132905591200403,1.0,21,0.047619047619047616
london_high_neg_low,london_low_pos_high,up_large,1,9.230874785591778,1.0,21,0.047619047619047616
london_high_neg_low,london_low_pos_high,up_med,1,2.33333333333329,1.0,21,0.047619047619047616
london_high_neg_low,london_low_pos_low,down_med,1,-1.409337676438655,0.0,21,0.047619047619047616
london_high_neg_low,london_low_pos_low,up_med,1,2.2680546519193143,1.0,21,0.047619047619047616
london_high_neg_low,london_low_pos_med,up_med,1,1.6600790513833672,1.0,21,0.047619047619047616
london_high_neg_low,london_med_neg_low,down_med,1,-1.7416115042228149,0.0,21,0.047619047619047616
london_high_neg_low,london_med_neg_med,down_small,1,-0.7638376383763774,0.0,21,0.047619047619047616
london_high_neg_med,london_high_neg_med,down_large,3,-9.133188794734304,0.0,31,0.0967741935483871
london_high_neg_med,london_high_neg_low,down_small,2,-0.4252661188153679,0.0,31,0.06451612903225806
london_high_neg_med,london_high_neg_low,up_small,2,0.600623440456543,1.0,31,0.06451612903225806
london_high_neg_med,london_low_neg_med,down_med,2,-1.8804155614500186,0.0,31,0.06451612903225806
london_high_neg_med,london_high_neg_high,up_large,1,3.585334077796386,1.0,31,0.03225806451612903
london_high_neg_med,london_high_neg_low,down_large,1,-12.861928104575119,0.0,31,0.03225806451612903
london_high_neg_med,london_high_neg_low,down_med,1,-1.2644376899695373,0.0,31,0.03225806451612903
london_high_neg_med,london_high_neg_low,up_med,1,1.7087794432547976,1.0,31,0.03225806451612903
london_high_neg_med,london_high_neg_med,down_med,1,-1.40484429065749,0.0,31,0.03225806451612903
london_high_neg_med,london_high_neg_med,up_large,1,5.16554229372084,1.0,31,0.03225806451612903
london_high_neg_med,london_high_pos_med,down_large,1,-9.39331619537285,0.0,31,0.03225806451612903
london_high_neg_med,london_high_pos_med,down_small,1,-0.995118140988086,0.0,31,0.03225806451612903
london_high_neg_med,london_low_neg_high,down_med,1,-2.2300884955751985,0.0,31,0.03225806451612903
london_high_neg_med,london_low_neg_med,down_large,1,-4.9648241206031685,0.0,31,0.03225806451612903
london_high_neg_med,london_low_pos_low,down_large,1,-10.21226993865034,0.0,31,0.03225806451612903
london_high_neg_med,london_low_pos_med,down_large,1,-4.7084442293733115,0.0,31,0.03225806451612903
london_high_neg_med,london_low_pos_med,down_med,1,-2.4313725490196303,0.0,31,0.03225806451612903
london_high_neg_med,london_low_pos_med,up_large,1,8.292048192771121,1.0,31,0.03225806451612903
london_high_neg_med,london_med_neg_low,up_large,1,8.778803693295854,1.0,31,0.03225806451612903
london_high_neg_med,london_med_neg_med,down_med,1,-1.2482853223593766,0.0,31,0.03225806451612903
london_high_neg_med,london_med_neg_med,up_small,1,0.2709677419354934,1.0,31,0.03225806451612903
london_high_neg_med,london_med_pos_med,down_small,1,-0.5706690296854252,0.0,31,0.03225806451612903
london_high_neg_med,ny_high_neg_high,up_med,1,1.9978046103183267,1.0,31,0.03225806451612903
london_high_neg_med,ny_high_neg_med,down_med,1,-1.2473813526445299,0.0,31,0.03225806451612903
london_high_neg_med,ny_high_neg_med,up_med,1,2.594300443935302,1.0,31,0.03225806451612903
london_high_neg_med,ny_med_neg_high,up_small,1,0.43979057591623777,1.0,31,0.03225806451612903
london_high_pos_high,london_high_pos_med,down_small,9,-0.36368014137804483,0.0,100,0.09
london_high_pos_high,london_high_pos_high,down_large,7,-3.8995677943782496,0.0,100,0.07
london_high_pos_high,london_high_pos_high,down_small,6,-0.6663961612947131,0.0,100,0.06
london_high_pos_high,london_high_pos_high,up_large,6,4.344938921099352,1.0,100,0.06
london_high_pos_high,london_high_pos_med,up_med,6,1.8772730845406205,1.0,100,0.06
london_high_pos_high,london_high_pos_med,down_med,5,-1.7946647308213823,0.0,100,0.05
london_high_pos_high,ny_high_pos_high,up_small,5,0.6187623830762197,1.0,100,0.05
london_high_pos_high,london_high_pos_high,down_med,4,-1.6998854938619612,0.0,100,0.04
london_high_pos_high,london_high_pos_high,up_med,4,2.054872241348494,1.0,100,0.04
london_high_pos_high,london_high_pos_med,up_small,4,0.5199732100035359,1.0,100,0.04
london_high_pos_high,london_high_neg_high,down_large,3,-4.444153835180766,0.0,100,0.03
london_high_pos_high,london_high_pos_low,up_large,3,4.076403450298765,1.0,100,0.03
london_high_pos_high,london_high_pos_high,up_small,2,0.5643551535550737,1.0,100,0.02
london_high_pos_high,london_high_pos_low,down_large,2,-7.38215889013679,0.0,100,0.02
london_high_pos_high,london_high_pos_low,down_small,2,-0.36559004234067316,0.0,100,0.02
london_high_pos_high,london_high_pos_low,up_small,2,1.0222746175722623,1.0,100,0.02
london_high_pos_high,london_high_pos_med,down_large,2,-3.918440906514757,0.0,100,0.02
london_high_pos_high,london_high_pos_med,up_large,2,5.809809441471271,1.0,100,0.02
london_high_pos_high,ny_high_pos_high,up_med,2,1.7094197844415993,1.0,100,0.02
london_high_pos_high,ny_high_pos_med,up_med,2,1.2417890398943645,1.0,100,0.02
london_high_pos_high,ny_high_pos_med,up_small,2,0.40517997946001744,1.0,100,0.02
london_high_pos_high,ny_med_pos_high,down_large,2,-3.2905480984340123,0.0,100,0.02
london_high_pos_high,london_high_neg_high,up_large,1,4.939313281873827,1.0,100,0.01
london_high_pos_high,london_high_neg_high,up_med,1,2.7040714995034527,1.0,100,0.01
london_high_pos_high,london_high_neg_high,up_small,1,0.10885433195809796,1.0,100,0.01
london_high_pos_high,london_high_neg_med,up_large,1,4.011695906432735,1.0,100,0.01
london_high_pos_high,london_high_pos_low,down_med,1,-1.4660254421346564,0.0,100,0.01
london_high_pos_high,london_high_pos_low,up_med,1,1.8559822747415282,1.0,100,0.01
london_high_pos_high,london_low_pos_med,down_small,1,-0.6986666666666361,0.0,100,0.01
london_high_pos_high,london_med_pos_high,down_med,1,-2.0,0.0,100,0.01
london_high_pos_high,london_med_pos_high,down_small,1,0.0,0.0,100,0.01
london_high_pos_high,london_med_pos_high,up_med,1,1.40401146131806,1.0,100,0.01
london_high_pos_high,london_med_pos_high,up_small,1,0.4666666666666814,1.0,100,0.01
london_high_pos_high,london_med_pos_med,down_large,1,-4.598187311178269,0.0,100,0.01
london_high_pos_high,london_med_pos_med,down_med,1,-2.068838916934358,0.0,100,0.01
london_high_pos_high,ny_high_pos_high,down_small,1,-0.12280701754385148,0.0,100,0.01
london_high_pos_high,ny_high_pos_med,down_large,1,-2.773497688751927,0.0,100,0.01
london_high_pos_high,ny_low_pos_med,down_large,1,-3.500000000000011,0.0,100,0.01
london_high_pos_high,ny_med_pos_high,up_small,1,1.0928270042194055,1.0,100,0.01
london_high_pos_high,ny_med_pos_med,up_small,1,0.6677265500794791,1.0,100,0.01
london_high_pos_low,london_high_pos_low,down_large,3,-6.934331267534847,0.0,40,0.075
london_high_pos_low,london_med_pos_low,up_small,3,0.6330417047113593,1.0,40,0.075
london_high_pos_low,london_high_pos_low,up_small,2,1.0067428208789269,1.0,40,0.05
london_high_pos_low,london_med_neg_low,down_large,2,-4.921245162853175,0.0,40,0.05
london_high_pos_low,london_med_pos_med,up_large,2,6.526165992611972,1.0,40,0.05
london_high_pos_low,london_high_neg_high,up_med,1,1.938093016021119,1.0,40,0.025
london_high_pos_low,london_high_neg_high,up_small,1,0.20115606936413677,1.0,40,0.025
london_high_pos_low,london_high_neg_low,down_large,1,-3.3125967192820145,0.0,40,0.025
london_high_pos_low,london_high_neg_low,down_small,1,-0.9934949733883721,0.0,40,0.025
london_high_pos_low,london_high_pos_high,down_large,1,-4.723151092419717,0.0,40,0.025
london_high_pos_low,london_high_pos_high,down_small,1,-0.7206815298169381,0.0,40,0.025
london_high_pos_low,london_high_pos_high,up_large,1,5.107491856677522,1.0,40,0.025
london_high_pos_low,london_high_pos_high,up_small,1,1.065901148277612,1.0,40,0.025
london_high_pos_low,london_high_pos_low,down_med,1,-1.933256616800928,0.0,40,0.025
london_high_pos_low,london_high_pos_low,up_large,1,2.7476970317298166,1.0,40,0.025
london_high_pos_low,london_high_pos_med,down_large,1,-4.165731769505272,0.0,40,0.025
london_high_pos_low,london_low_neg_low,up_small,1,0.19953355791656263,1.0,40,0.025
london_high_pos_low,london_low_pos_high,up_large,1,4.412322274881514,1.0,40,0.025
london_high_pos_low,london_low_pos_low,down_med,1,-1.3876932403758824,0.0,40,0.025
london_high_pos_low,london_low_pos_low,up_small,1,0.6940928270042583,1.0,40,0.025
london_high_pos_low,london_med_neg_low,down_small,1,-0.7567567567567902,0.0,40,0.025
london_high_pos_low,london_med_neg_med,down_med,1,-2.2785880363559663,0.0,40,0.025
london_high_pos_low,london_med_pos_high,down_large,1,-5.688665285587504,0.0,40,0.025
london_high_pos_low,london_med_pos_high,up_large,1,6.049668874172192,1.0,40,0.025
london_high_pos_low,london_med_pos_low,down_large,1,-4.376718443135171,0.0,40,0.025
london_high_pos_low,london_med_pos_low,down_med,1,-2.0400000000000076,0.0,40,0.025
london_high_pos_low,london_med_pos_low,down_small,1,-0.15819209039550594,0.0,40,0.025
london_high_pos_low,london_med_pos_low,up_large,1,5.734643734643657,1.0,40,0.025
london_high_pos_low,london_med_pos_low,up_med,1,1.7395498392283053,1.0,40,0.025
london_high_pos_low,london_med_pos_med,down_large,1,-8.544776119403023,0.0,40,0.025
london_high_pos_low,ny_high_pos_med,down_large,1,-2.941573033707863,0.0,40,0.025
london_high_pos_low,ny_low_pos_high,up_med,1,1.222784810126575,1.0,40,0.025
london_high_pos_low,ny_low_pos_med,up_small,1,0.2580645161290428,1.0,40,0.025
london_high_pos_med,london_high_pos_high,up_med,5,1.8978451229762925,1.0,66,0.07575757575757576
london_high_pos_med,london_high_pos_high,up_small,4,0.5325885772273753,1.0,66,0.06060606060606061
london_high_pos_med,london_high_pos_med,down_small,4,-0.4364919375927819,0.0,66,0.06060606060606061
london_high_pos_med,london_high_pos_low,up_small,3,0.5349759249451816,1.0,66,0.045454545454545456
london_high_pos_med,london_high_pos_med,down_large,3,-5.945683987935773,0.0,66,0.045454545454545456
london_high_pos_med,london_high_pos_med,up_large,3,9.343391610397807,1.0,66,0.045454545454545456
london_high_pos_med,london_high_pos_med,up_small,3,0.3812059717312686,1.0,66,0.045454545454545456
london_high_pos_med,london_med_pos_med,up_small,3,0.4188760859834597,1.0,66,0.045454545454545456
london_high_pos_med,london_high_pos_high,down_large,2,-4.309244802366658,0.0,66,0.030303030303030304
london_high_pos_med,london_high_pos_med,up_med,2,1.418632788868723,1.0,66,0.030303030303030304
london_high_pos_med,london_low_neg_high,down_large,2,-6.5046261565391905,0.0,66,0.030303030303030304
london_high_pos_med,london_med_neg_med,down_med,2,-2.0300347019447984,0.0,66,0.030303030303030304
london_high_pos_med,ny_high_pos_high,up_large,2,6.982585018859151,1.0,66,0.030303030303030304
london_high_pos_med,london_high_neg_low,down_med,1,-2.463356461405033,0.0,66,0.015151515151515152
london_high_pos_med,london_high_pos_high,down_med,1,-2.333333333333371,0.0,66,0.015151515151515152
london_high_pos_med,london_high_pos_low,down_large,1,-4.615315985130143,0.0,66,0.015151515151515152
london_high_pos_med,london_high_pos_low,down_med,1,-1.8452213137862847,0.0,66,0.015151515151515152
london_high_pos_med,london_high_pos_low,down_small,1,-0.006555841723318457,0.0,66,0.015151515151515152
london_high_pos_med,london_high_pos_low,up_large,1,12.33715139442218,1.0,66,0.015151515151515152
london_high_pos_med,london_high_pos_med,down_med,1,-1.9891484274416096,0.0,66,0.015151515151515152
london_high_pos_med,london_low_neg_low,down_med,1,-2.6273972602739577,0.0,66,0.015151515151515152
london_high_pos_med,london_low_pos_high,down_small,1,-0.25322997416020815,0.0,66,0.015151515151515152
london_high_pos_med,london_low_pos_low,down_large,1,-13.05954198473283,0.0,66,0.015151515151515152
london_high_pos_med,london_low_pos_med,down_large,1,-4.637770897832788,0.0,66,0.015151515151515152
london_high_pos_med,london_low_pos_med,down_med,1,-1.3306400170104278,0.0,66,0.015151515151515152
london_high_pos_med,london_low_pos_med,up_med,1,1.2444444444444476,1.0,66,0.015151515151515152
london_high_pos_med,london_med_neg_high,up_small,1,0.41621621621619953,1.0,66,0.015151515151515152
london_high_pos_med,london_med_neg_low,up_small,1,0.6216928966397313,1.0,66,0.015151515151515152
london_high_pos_med,london_med_neg_med,down_large,1,-4.702290076335754,0.0,66,0.015151515151515152
london_high_pos_med,london_med_neg_med,up_small,1,0.4135021097046842,1.0,66,0.015151515151515152
london_high_pos_med,london_med_pos_high,down_large,1,-6.924731182795872,0.0,66,0.015151515151515152
london_high_pos_med,london_med_pos_high,down_med,1,-1.862598588625972,0.0,66,0.015151515151515152
london_high_pos_med,london_med_pos_high,up_large,1,3.4472361809044707,1.0,66,0.015151515151515152
london_high_pos_med,london_med_pos_high,up_med,1,1.3658536585365888,1.0,66,0.015151515151515152
london_high_pos_med,london_med_pos_low,down_small,1,-0.05283018867924293,0.0,66,0.015151515151515152
london_high_pos_med,london_med_pos_low,up_small,1,0.8155339805825244,1.0,66,0.015151515151515152
london_high_pos_med,london_med_pos_med,down_small,1,-0.5999999999999944,0.0,66,0.015151515151515152
london_high_pos_med,ny_high_neg_med,down_small,1,-0.8205347593582955,0.0,66,0.015151515151515152
london_high_pos_med,ny_med_pos_low,down_small,1,-0.05761316872427325,0.0,66,0.015151515151515152
london_high_pos_med,ny_med_pos_med,up_med,1,1.5031921067904885,1.0,66,0.015151515151515152
london_high_pos_med,ny_med_pos_med,up_small,1,0.5384615384615553,1.0,66,0.015151515151515152
london_low_neg_high,london_low_neg_low,down_med,5,-2.172742406440693,0.0,40,0.125
london_low_neg_high,london_low_neg_med,down_large,5,-5.4027740468114915,0.0,40,0.125
london_low_neg_high,london_high_neg_high,down_large,2,-3.2955561172902232,0.0,40,0.05
london_low_neg_high,london_low_neg_high,down_large,2,-3.5037242100706933,0.0,40,0.05
london_low_neg_high,london_low_neg_high,up_med,2,1.4243584531653997,1.0,40,0.05
london_low_neg_high,london_low_neg_med,down_med,2,-2.254473044736347,0.0,40,0.05
london_low_neg_high,london_med_neg_high,up_large,2,4.471180975413132,1.0,40,0.05
london_low_neg_high,ny_low_neg_high,up_large,2,3.6549305879398846,1.0,40,0.05
london_low_neg_high,london_high_neg_high,down_med,1,-2.5984848484848486,0.0,40,0.025
london_low_neg_high,london_high_neg_med,up_small,1,0.9882352941176243,1.0,40,0.025
london_low_neg_high,london_low_neg_high,down_small,1,0.0,0.0,40,0.025
london_low_neg_high,london_low_neg_high,up_large,1,9.211594202898452,1.0,40,0.025
london_low_neg_high,london_low_neg_low,down_small,1,-0.3054972723457736,0.0,40,0.025
london_low_neg_high,london_low_neg_med,up_large,1,3.9259602036094283,1.0,40,0.025
london_low_neg_high,london_low_neg_med,up_small,1,0.7902023429180011,1.0,40,0.025
london_low_neg_high,london_low_pos_med,down_large,1,-3.4999999999999867,0.0,40,0.025
london_low_neg_high,london_med_neg_low,down_small,1,-0.12962962962960234,0.0,40,0.025
london_low_neg_high,london_med_neg_med,down_large,1,-6.416666666666667,0.0,40,0.025
london_low_neg_high,london_med_neg_med,up_small,1,0.7096992227103729,1.0,40,0.025
london_low_neg_high,london_med_pos_med,down_med,1,-1.328813559322042,0.0,40,0.025
london_low_neg_high,london_med_pos_med,up_large,1,4.139534883720891,1.0,40,0.025
london_low_neg_high,ny_high_neg_high,up_small,1,1.0663390663390675,1.0,40,0.025
london_low_neg_high,ny_low_pos_high,down_med,1,-1.1956521739130348,0.0,40,0.025
london_low_neg_high,ny_low_pos_med,up_med,1,1.2056239015817147,1.0,40,0.025
london_low_neg_high,ny_med_neg_high,up_small,1,0.8549618320610671,1.0,40,0.025
london_low_neg_high,ny_med_pos_high,up_med,1,1.4,1.0,40,0.025
london_low_neg_low,london_high_pos_high,up_small,2,0.6560663584307499,1.0,31,0.06451612903225806
london_low_neg_low,london_low_neg_low,down_small,2,-0.6636270267036023,0.0,31,0.06451612903225806
london_low_neg_low,london_low_neg_low,up_large,2,6.176221076430598,1.0,31,0.06451612903225806
london_low_neg_low,london_med_neg_high,down_large,2,-3.822943402982162,0.0,31,0.06451612903225806
london_low_neg_low,london_med_pos_high,up_med,2,1.5945030926934152,1.0,31,0.06451612903225806
london_low_neg_low,london_high_neg_high,down_med,1,-2.610625655365218,0.0,31,0.03225806451612903
london_low_neg_low,london_high_neg_high,up_large,1,3.5288362512872853,1.0,31,0.03225806451612903
london_low_neg_low,london_high_neg_low,down_large,1,-3.8725585937499503,0.0,31,0.03225806451612903
london_low_neg_low,london_high_pos_high,down_med,1,-2.0388349514563218,0.0,31,0.03225806451612903
london_low_neg_low,london_high_pos_low,down_large,1,-3.8457831325301,0.0,31,0.03225806451612903
london_low_neg_low,london_low_neg_high,down_small,1,-0.43478260869566554,0.0,31,0.03225806451612903
london_low_neg_low,london_low_neg_med,down_large,1,-2.981194690265507,0.0,31,0.03225806451612903
london_low_neg_low,london_low_pos_high,up_large,1,2.7571523619428104,1.0,31,0.03225806451612903
london_low_neg_low,london_low_pos_high,up_med,1,2.0164609053497875,1.0,31,0.03225806451612903
london_low_neg_low,london_low_pos_low,up_med,1,1.6990291262135904,1.0,31,0.03225806451612903
london_low_neg_low,london_low_pos_med,down_med,1,-2.398148148148214,0.0,31,0.03225806451612903
london_low_neg_low,london_low_pos_med,up_med,1,2.1538461538462057,1.0,31,0.03225806451612903
london_low_neg_low,london_low_pos_med,up_small,1,0.9338014042126243,1.0,31,0.03225806451612903
london_low_neg_low,london_med_neg_low,up_large,1,4.010810810810832,1.0,31,0.03225806451612903
london_low_neg_low,london_med_neg_med,down_small,1,-0.12430032812199468,0.0,31,0.03225806451612903
london_low_neg_low,london_med_pos_high,down_med,1,-1.1775700934579256,0.0,31,0.03225806451612903
london_low_neg_low,london_med_pos_high,down_small,1,-0.1535087719298248,0.0,31,0.03225806451612903
london_low_neg_low,london_med_pos_low,down_small,1,-0.8493543758966994,0.0,31,0.03225806451612903
london_low_neg_low,london_med_pos_low,up_med,1,1.6847339632023826,1.0,31,0.03225806451612903
london_low_neg_low,ny_high_pos_high,down_small,1,-0.01664684898929663,0.0,31,0.03225806451612903
london_low_neg_low,ny_low_pos_med,down_small,1,-0.4982206405693982,0.0,31,0.03225806451612903
london_low_neg_med,london_low_neg_low,up_small,2,0.21390600246436195,1.0,30,0.06666666666666667
london_low_neg_med,ny_med_neg_med,down_med,2,-2.088209706656513,0.0,30,0.06666666666666667
london_low_neg_med,london_high_neg_med,down_small,1,-0.7777777777778465,0.0,30,0.03333333333333333
london_low_neg_med,london_high_neg_med,up_small,1,0.28455284552845606,1.0,30,0.03333333333333333
london_low_neg_med,london_high_pos_high,down_large,1,-4.911602209944754,0.0,30,0.03333333333333333
london_low_neg_med,london_high_pos_high,up_med,1,2.223175965665193,1.0,30,0.03333333333333333
london_low_neg_med,london_low_neg_high,down_large,1,-3.9099099099099064,0.0,30,0.03333333333333333
london_low_neg_med,london_low_neg_high,up_med,1,1.5753424657534385,1.0,30,0.03333333333333333
london_low_neg_med,london_low_neg_low,down_large,1,-8.814814814814767,0.0,30,0.03333333333333333
london_low_neg_med,london_low_neg_low,down_small,1,-0.7179487179487485,0.0,30,0.03333333333333333
london_low_neg_med,london_low_neg_low,up_large,1,5.307692307692268,1.0,30,0.03333333333333333
london_low_neg_med,london_low_neg_med,down_small,1,-0.7132075471698246,0.0,30,0.03333333333333333
london_low_neg_med,london_low_neg_med,up_large,1,3.593098490294731,1.0,30,0.03333333333333333
london_low_neg_med,london_low_neg_med,up_med,1,2.180606060606073,1.0,30,0.03333333333333333
london_low_neg_med,london_low_pos_high,down_med,1,-2.5128205128205345,0.0,30,0.03333333333333333
london_low_neg_med,london_low_pos_high,down_small,1,-0.383211678832104,0.0,30,0.03333333333333333
london_low_neg_med,london_low_pos_high,up_large,1,8.81218274111674,1.0,30,0.03333333333333333
london_low_neg_med,london_low_pos_low,down_large,1,-8.358956024311748,0.0,30,0.03333333333333333
london_low_neg_med,london_med_neg_low,up_med,1,1.2416749093306096,1.0,30,0.03333333333333333
london_low_neg_med,london_med_neg_med,down_med,1,-1.54371959585878,0.0,30,0.03333333333333333
london_low_neg_med,london_med_neg_med,up_large,1,3.22515635858232,1.0,30,0.03333333333333333
london_low_neg_med,london_med_pos_high,down_large,1,-2.916666666666699,0.0,30,0.03333333333333333
london_low_neg_med,london_med_pos_high,down_med,1,-1.4692400482509331,0.0,30,0.03333333333333333
london_low_neg_med,london_med_pos_med,down_med,1,-2.6621923937360092,0.0,30,0.03333333333333333
london_low_neg_med,ny_low_neg_low,down_large,1,-3.027681660899628,0.0,30,0.03333333333333333
london_low_neg_med,ny_low_neg_low,down_med,1,-1.549019607843149,0.0,30,0.03333333333333333
london_low_neg_med,ny_low_pos_high,down_med,1,-1.9266055045871586,0.0,30,0.03333333333333333
london_low_neg_med,ny_low_pos_med,up_med,1,1.9818799546998775,1.0,30,0.03333333333333333
london_low_pos_high,london_low_pos_high,up_large,8,4.429701187723613,1.0,101,0.07920792079207921
london_low_pos_high,london_low_pos_low,up_med,5,2.132666585638177,1.0,101,0.04950495049504951
london_low_pos_high,london_low_pos_med,down_small,5,-0.7157124346650432,0.0,101,0.04950495049504951
london_low_pos_high,london_low_pos_med,up_large,4,4.384179673359216,1.0,101,0.039603960396039604
london_low_pos_high,london_low_pos_med,up_med,4,2.023290853798597,1.0,101,0.039603960396039604
london_low_pos_high,london_med_pos_med,up_large,4,3.5608855224169873,1.0,101,0.039603960396039604
london_low_pos_high,london_high_pos_high,down_large,3,-4.808815971493461,0.0,101,0.0297029702970297
london_low_pos_high,london_high_pos_high,up_large,3,3.4679727972797267,1.0,101,0.0297029702970297
london_low_pos_high,london_low_pos_low,down_med,3,-1.4424721274514922,0.0,101,0.0297029702970297
london_low_pos_high,london_med_pos_high,up_large,3,3.902194518686693,1.0,101,0.0297029702970297
london_low_pos_high,london_med_pos_med,down_small,3,-0.4932084558666929,0.0,101,0.0297029702970297
london_low_pos_high,ny_low_neg_high,up_small,3,0.41947957830307514,1.0,101,0.0297029702970297
london_low_pos_high,london_low_pos_high,down_med,2,-1.5104625199362163,0.0,101,0.019801980198019802
london_low_pos_high,london_low_pos_high,up_small,2,0.6528935920926522,1.0,101,0.019801980198019802
london_low_pos_high,london_low_pos_low,down_large,2,-4.213019901306884,0.0,101,0.019801980198019802
london_low_pos_high,london_low_pos_low,down_small,2,-0.5039355243876936,0.0,101,0.019801980198019802
london_low_pos_high,london_low_pos_low,up_large,2,7.167205939647525,1.0,101,0.019801980198019802
london_low_pos_high,london_low_pos_low,up_small,2,0.5099626400996267,1.0,101,0.019801980198019802
london_low_pos_high,london_low_pos_med,down_med,2,-1.5054806020267595,0.0,101,0.019801980198019802
london_low_pos_high,london_med_pos_med,down_med,2,-1.7198394046219971,0.0,101,0.019801980198019802
london_low_pos_high,london_med_pos_med,up_med,2,1.6826280672098977,1.0,101,0.019801980198019802
london_low_pos_high,london_med_pos_med,up_small,2,0.8366337952204277,1.0,101,0.019801980198019802
london_low_pos_high,ny_med_pos_high,up_med,2,2.2196703457103397,1.0,101,0.019801980198019802
london_low_pos_high,ny_med_pos_med,up_med,2,1.786242789064472,1.0,101,0.019801980198019802
london_low_pos_high,asia_low_pos_high,up_large,1,5.37499999999999,1.0,101,0.009900990099009901
london_low_pos_high,asia_med_pos_high,up_large,1,7.272727272727293,1.0,101,0.009900990099009901
london_low_pos_high,london_high_neg_med,down_large,1,-8.17947062621045,0.0,101,0.009900990099009901
london_low_pos_high,london_high_pos_high,down_med,1,-1.7389937106918205,0.0,101,0.009900990099009901
london_low_pos_high,london_high_pos_high,down_small,1,-0.9790209790209797,0.0,101,0.009900990099009901
london_low_pos_high,london_high_pos_high,up_med,1,2.1184210526315694,1.0,101,0.009900990099009901
london_low_pos_high,london_high_pos_high,up_small,1,0.6730769230769287,1.0,101,0.009900990099009901
london_low_pos_high,london_low_pos_high,down_large,1,-4.210526315789684,0.0,101,0.009900990099009901
london_low_pos_high,london_low_pos_high,down_small,1,-0.728983688833063,0.0,101,0.009900990099009901
london_low_pos_high,london_low_pos_high,up_med,1,1.2086330935251828,1.0,101,0.009900990099009901
london_low_pos_high,london_low_pos_med,down_large,1,-8.79487179487182,0.0,101,0.009900990099009901
london_low_pos_high,london_low_pos_med,up_small,1,0.6511627906976563,1.0,101,0.009900990099009901
london_low_pos_high,london_med_neg_med,up_med,1,1.6627078384798148,1.0,101,0.009900990099009901
london_low_pos_high,london_med_pos_high,down_med,1,-2.5633802816901308,0.0,101,0.009900990099009901
london_low_pos_high,london_med_pos_high,up_small,1,0.01703163017030969,1.0,101,0.009900990099009901
london_low_pos_high,london_med_pos_low,down_large,1,-8.857142857142858,0.0,101,0.009900990099009901
london_low_pos_high,london_med_pos_low,down_med,1,-2.047353760445696,0.0,101,0.009900990099009901
london_low_pos_high,london_med_pos_low,down_small,1,-1.0594594594594589,0.0,101,0.009900990099009901
london_low_pos_high,london_med_pos_low,up_med,1,1.3869969040247365,1.0,101,0.009900990099009901
london_low_pos_high,ny_high_pos_high,down_small,1,-0.02604651162790415,0.0,101,0.009900990099009901
london_low_pos_high,ny_low_neg_high,down_med,1,-2.131568059577974,0.0,101,0.009900990099009901
london_low_pos_high,ny_low_pos_high,down_large,1,-4.408510638297874,0.0,101,0.009900990099009901
london_low_pos_high,ny_low_pos_high,down_med,1,-1.8475836431226806,0.0,101,0.009900990099009901
london_low_pos_high,ny_low_pos_high,up_med,1,1.448756218905473,1.0,101,0.009900990099009901
london_low_pos_high,ny_low_pos_high,up_small,1,1.1452205882352988,1.0,101,0.009900990099009901
london_low_pos_high,ny_low_pos_med,down_large,1,-6.066666666666655,0.0,101,0.009900990099009901
london_low_pos_high,ny_low_pos_med,down_med,1,-2.461942257217866,0.0,101,0.009900990099009901
london_low_pos_high,ny_low_pos_med,down_small,1,-0.5585349901896531,0.0,101,0.009900990099009901
london_low_pos_high,ny_med_neg_high,down_med,1,-1.6502590673575055,0.0,101,0.009900990099009901
london_low_pos_low,london_low_pos_low,down_large,6,-9.725804172772248,0.0,57,0.10526315789473684
london_low_pos_low,london_low_pos_high,down_large,3,-5.072173913917734,0.0,57,0.05263157894736842
london_low_pos_low,london_low_pos_low,down_med,3,-1.9550242491991805,0.0,57,0.05263157894736842
london_low_pos_low,london_low_neg_high,up_large,2,6.031375264678864,1.0,57,0.03508771929824561
london_low_pos_low,london_low_pos_high,up_large,2,3.632258276747878,1.0,57,0.03508771929824561
london_low_pos_low,london_low_pos_high,up_small,2,0.4526175705885433,1.0,57,0.03508771929824561
london_low_pos_low,london_low_pos_low,up_large,2,2.84505205872906,1.0,57,0.03508771929824561
london_low_pos_low,london_med_pos_high,down_small,2,-0.9710643233670553,0.0,57,0.03508771929824561
london_low_pos_low,london_med_pos_high,up_large,2,6.292714669460007,1.0,57,0.03508771929824561
london_low_pos_low,asia_med_pos_high,up_large,1,6.12500000000003,1.0,57,0.017543859649122806
london_low_pos_low,london_high_neg_high,down_large,1,-3.8936605316973307,0.0,57,0.017543859649122806
london_low_pos_low,london_high_neg_high,up_large,1,6.052920619071231,1.0,57,0.017543859649122806
london_low_pos_low,london_high_neg_med,down_small,1,-0.3967611336032787,0.0,57,0.017543859649122806
london_low_pos_low,london_high_pos_high,down_large,1,-8.50366911274167,0.0,57,0.017543859649122806
london_low_pos_low,london_high_pos_high,up_large,1,3.0909385637866476,1.0,57,0.017543859649122806
london_low_pos_low,london_high_pos_med,up_large,1,11.245968924069109,1.0,57,0.017543859649122806
london_low_pos_low,london_low_neg_high,down_large,1,-4.544188537761096,0.0,57,0.017543859649122806
london_low_pos_low,london_low_neg_high,down_med,1,-2.539767649687242,0.0,57,0.017543859649122806
london_low_pos_low,london_low_neg_high,up_small,1,0.7749077490775097,1.0,57,0.017543859649122806
london_low_pos_low,london_low_neg_low,down_med,1,-1.210723551455741,0.0,57,0.017543859649122806
london_low_pos_low,london_low_neg_low,down_small,1,-0.03571428571428172,0.0,57,0.017543859649122806
london_low_pos_low,london_low_neg_low,up_small,1,0.9277108433734832,1.0,57,0.017543859649122806
london_low_pos_low,london_low_neg_med,down_small,1,-0.6388973966309451,0.0,57,0.017543859649122806
london_low_pos_low,london_low_pos_high,up_med,1,1.7441077441077626,1.0,57,0.017543859649122806
london_low_pos_low,london_low_pos_low,down_small,1,-0.9468599033816301,0.0,57,0.017543859649122806
london_low_pos_low,london_low_pos_med,down_med,1,-1.7935943060498452,0.0,57,0.017543859649122806
london_low_pos_low,london_low_pos_med,up_large,1,4.1764705882352935,1.0,57,0.017543859649122806
london_low_pos_low,london_low_pos_med,up_small,1,0.7250996015936724,1.0,57,0.017543859649122806
london_low_pos_low,london_med_neg_high,down_large,1,-13.38953488372117,0.0,57,0.017543859649122806
london_low_pos_low,london_med_pos_high,down_large,1,-4.00556637907041,0.0,57,0.017543859649122806
london_low_pos_low,london_med_pos_high,down_med,1,-1.4499999999999396,0.0,57,0.017543859649122806
london_low_pos_low,london_med_pos_high,up_small,1,0.5543556515478573,1.0,57,0.017543859649122806
london_low_pos_low,london_med_pos_low,up_small,1,0.5223384030418048,1.0,57,0.017543859649122806
london_low_pos_low,london_med_pos_med,down_large,1,-3.4678899082568844,0.0,57,0.017543859649122806
london_low_pos_low,london_med_pos_med,down_small,1,-0.47975077881619427,0.0,57,0.017543859649122806
london_low_pos_low,ny_low_neg_med,down_small,1,-0.2060035314891117,0.0,57,0.017543859649122806
london_low_pos_low,ny_low_pos_high,down_small,1,-0.6671338472319123,0.0,57,0.017543859649122806
london_low_pos_low,ny_low_pos_high,up_med,1,1.762237762237761,1.0,57,0.017543859649122806
london_low_pos_low,ny_low_pos_low,up_med,1,2.352000000000006,1.0,57,0.017543859649122806
london_low_pos_low,ny_low_pos_med,up_med,1,1.2363636363636439,1.0,57,0.017543859649122806
london_low_pos_low,ny_med_pos_high,up_large,1,4.268292682926798,1.0,57,0.017543859649122806
london_low_pos_low,ny_med_pos_high,up_small,1,0.5964912280701886,1.0,57,0.017543859649122806
london_low_pos_med,london_low_pos_low,down_med,5,-2.219082292695481,0.0,63,0.07936507936507936
london_low_pos_med,london_low_pos_high,up_large,3,4.844566251732303,1.0,63,0.047619047619047616
london_low_pos_med,ny_med_pos_high,up_med,3,1.9185993334952605,1.0,63,0.047619047619047616
london_low_pos_med,london_low_pos_high,down_large,2,-6.383134849031661,0.0,63,0.031746031746031744
london_low_pos_med,london_low_pos_low,down_small,2,-0.3397186471116836,0.0,63,0.031746031746031744
london_low_pos_med,london_low_pos_med,down_large,2,-5.92408485856902,0.0,63,0.031746031746031744
london_low_pos_med,london_low_pos_med,down_med,2,-1.993823349181191,0.0,63,0.031746031746031744
london_low_pos_med,london_med_pos_high,up_large,2,5.817795366333648,1.0,63,0.031746031746031744
london_low_pos_med,london_med_pos_low,up_med,2,2.0520722405644403,1.0,63,0.031746031746031744
london_low_pos_med,ny_low_pos_high,down_large,2,-4.090383287292838,0.0,63,0.031746031746031744
london_low_pos_med,asia_high_pos_high,up_large,1,3.862068965517241,1.0,63,0.015873015873015872
london_low_pos_med,asia_med_pos_high,up_large,1,6.161676646706568,1.0,63,0.015873015873015872
london_low_pos_med,london_high_neg_high,up_med,1,1.540000000000019,1.0,63,0.015873015873015872
london_low_pos_med,london_high_pos_high,down_med,1,-2.670520231213851,0.0,63,0.015873015873015872
london_low_pos_med,london_high_pos_high,down_small,1,-0.034610630407907156,0.0,63,0.015873015873015872
london_low_pos_med,london_high_pos_high,up_med,1,1.2744186046511612,1.0,63,0.015873015873015872
london_low_pos_med,london_high_pos_high,up_small,1,0.671268656716411,1.0,63,0.015873015873015872
london_low_pos_med,london_high_pos_low,up_large,1,2.8636363636363704,1.0,63,0.015873015873015872
london_low_pos_med,london_high_pos_med,down_large,1,-5.211461461461457,0.0,63,0.015873015873015872
london_low_pos_med,london_high_pos_med,up_med,1,2.199684708355208,1.0,63,0.015873015873015872
london_low_pos_med,london_low_neg_high,down_med,1,-2.1102941176470735,0.0,63,0.015873015873015872
london_low_pos_med,london_low_neg_high,up_large,1,8.930362116991532,1.0,63,0.015873015873015872
london_low_pos_med,london_low_neg_low,down_med,1,-1.973810563072898,0.0,63,0.015873015873015872
london_low_pos_med,london_low_pos_high,down_med,1,-1.4900990099009965,0.0,63,0.015873015873015872
london_low_pos_med,london_low_pos_high,up_small,1,0.13759213759212294,1.0,63,0.015873015873015872
london_low_pos_med,london_low_pos_low,up_large,1,5.843248347497628,1.0,63,0.015873015873015872
london_low_pos_med,london_low_pos_low,up_med,1,2.6791131855309103,1.0,63,0.015873015873015872
london_low_pos_med,london_low_pos_med,down_small,1,-0.10522258624009018,0.0,63,0.015873015873015872
london_low_pos_med,london_low_pos_med,up_large,1,3.154216867469886,1.0,63,0.015873015873015872
london_low_pos_med,london_low_pos_med,up_small,1,0.4367622259696518,1.0,63,0.015873015873015872
london_low_pos_med,london_med_neg_high,down_large,1,-4.583184257602889,0.0,63,0.015873015873015872
london_low_pos_med,london_med_neg_high,down_med,1,-2.2950819672131115,0.0,63,0.015873015873015872
london_low_pos_med,london_med_pos_high,down_med,1,-2.3412969283277056,0.0,63,0.015873015873015872
london_low_pos_med,london_med_pos_low,down_large,1,-3.975917767988288,0.0,63,0.015873015873015872
london_low_pos_med,london_med_pos_low,down_small,1,-0.3435582822085962,0.0,63,0.015873015873015872
london_low_pos_med,london_med_pos_low,up_large,1,5.926666666666648,1.0,63,0.015873015873015872
london_low_pos_med,london_med_pos_med,up_large,1,4.88489208633092,1.0,63,0.015873015873015872
london_low_pos_med,ny_low_neg_high,down_med,1,-2.298816568047333,0.0,63,0.015873015873015872
london_low_pos_med,ny_low_neg_high,down_small,1,-1.0421455938697417,0.0,63,0.015873015873015872
london_low_pos_med,ny_low_neg_med,down_med,1,-1.61287590004237,0.0,63,0.015873015873015872
london_low_pos_med,ny_low_neg_med,down_small,1,-1.030303030303052,0.0,63,0.015873015873015872
london_low_pos_med,ny_low_neg_med,up_small,1,1.00900900900901,1.0,63,0.015873015873015872
london_low_pos_med,ny_low_pos_high,up_med,1,2.0118929633300078,1.0,63,0.015873015873015872
london_low_pos_med,ny_low_pos_low,down_small,1,-0.3521049753963754,0.0,63,0.015873015873015872
london_low_pos_med,ny_med_neg_high,up_large,1,6.190954773869376,1.0,63,0.015873015873015872
london_low_pos_med,ny_med_neg_high,up_med,1,2.690751445086792,1.0,63,0.015873015873015872
london_low_pos_med,ny_med_pos_high,down_large,1,-3.8402777777778545,0.0,63,0.015873015873015872
london_low_pos_med,ny_med_pos_med,down_large,1,-3.7574931880109133,0.0,63,0.015873015873015872
london_med_neg_high,london_med_neg_med,down_large,6,-6.087063033141848,0.0,30,0.2
london_med_neg_high,london_high_neg_high,up_large,3,4.121513018022733,1.0,30,0.1
london_med_neg_high,london_med_neg_low,down_large,2,-4.286231884057994,0.0,30,0.06666666666666667
london_med_neg_high,london_med_neg_low,up_small,2,0.6937954339719409,1.0,30,0.06666666666666667
london_med_neg_high,london_high_neg_high,down_large,1,-4.646420824295005,0.0,30,0.03333333333333333
london_med_neg_high,london_high_neg_high,down_med,1,-2.035460992907825,0.0,30,0.03333333333333333
london_med_neg_high,london_high_pos_med,up_small,1,0.21675421620124985,1.0,30,0.03333333333333333
london_med_neg_high,london_med_neg_high,down_large,1,-6.1049180327869115,0.0,30,0.03333333333333333
london_med_neg_high,london_med_neg_high,down_med,1,-2.376623376623372,0.0,30,0.03333333333333333
london_med_neg_high,london_med_neg_high,up_med,1,1.2197541513909775,1.0,30,0.03333333333333333
london_med_neg_high,london_med_neg_low,down_small,1,-0.6892307692307656,0.0,30,0.03333333333333333
london_med_neg_high,london_med_neg_low,up_large,1,2.837837837837817,1.0,30,0.03333333333333333
london_med_neg_high,london_med_neg_low,up_med,1,1.1545083824196063,1.0,30,0.03333333333333333
london_med_neg_high,london_med_neg_med,down_small,1,-0.11699164345404287,0.0,30,0.03333333333333333
london_med_neg_high,ny_high_neg_high,down_small,1,-0.05394990366087561,0.0,30,0.03333333333333333
london_med_neg_high,ny_high_neg_med,up_med,1,1.8065743004618338,1.0,30,0.03333333333333333
london_med_neg_high,ny_low_neg_med,down_small,1,-0.18815837268428437,0.0,30,0.03333333333333333
london_med_neg_high,ny_low_pos_high,up_small,1,0.6030769230768966,1.0,30,0.03333333333333333
london_med_neg_high,ny_med_neg_high,up_small,1,0.7947598253274909,1.0,30,0.03333333333333333
london_med_neg_high,ny_med_neg_med,down_med,1,-1.1959798994975304,0.0,30,0.03333333333333333
london_med_neg_high,ny_med_neg_med,up_med,1,2.071041802035941,1.0,30,0.03333333333333333
london_med_neg_low,london_low_neg_high,down_med,3,-2.031610252213795,0.0,29,0.10344827586206896
london_med_neg_low,london_low_pos_low,up_small,2,0.14900147996562685,1.0,29,0.06896551724137931
london_med_neg_low,london_high_neg_high,down_large,1,-5.121951219512212,0.0,29,0.034482758620689655
london_med_neg_low,london_high_neg_high,up_large,1,7.147820163487712,1.0,29,0.034482758620689655
london_med_neg_low,london_high_neg_low,up_small,1,0.6352530541011974,1.0,29,0.034482758620689655
london_med_neg_low,london_high_pos_high,down_large,1,-3.1348369300665104,0.0,29,0.034482758620689655
london_med_neg_low,london_high_pos_med,down_med,1,-1.8356361542889832,0.0,29,0.034482758620689655
london_med_neg_low,london_low_neg_high,up_large,1,3.5506739890164387,1.0,29,0.034482758620689655
london_med_neg_low,london_low_neg_low,up_large,1,5.347480106100847,1.0,29,0.034482758620689655
london_med_neg_low,london_low_neg_low,up_small,1,0.12761109001139903,1.0,29,0.034482758620689655
london_med_neg_low,london_low_neg_med,down_med,1,-1.1926286509040465,0.0,29,0.034482758620689655
london_med_neg_low,london_low_neg_med,up_med,1,2.7073791348600538,1.0,29,0.034482758620689655
london_med_neg_low,london_low_neg_med,up_small,1,0.26415094339617506,1.0,29,0.034482758620689655
london_med_neg_low,london_low_pos_low,up_med,1,1.7405405405404817,1.0,29,0.034482758620689655
london_med_neg_low,london_med_neg_high,down_med,1,-1.371314342828588,0.0,29,0.034482758620689655
london_med_neg_low,london_med_neg_high,up_large,1,3.799999999999939,1.0,29,0.034482758620689655
london_med_neg_low,london_med_neg_low,down_large,1,-3.094736842105201,0.0,29,0.034482758620689655
london_med_neg_low,london_med_neg_low,up_med,1,2.4791666666667447,1.0,29,0.034482758620689655
london_med_neg_low,london_med_neg_med,down_large,1,-23.99676084218106,0.0,29,0.034482758620689655
london_med_neg_low,london_med_neg_med,down_med,1,-2.604651162790716,0.0,29,0.034482758620689655
london_med_neg_low,london_med_neg_med,up_small,1,1.0829304574191116,1.0,29,0.034482758620689655
london_med_neg_low,london_med_pos_high,down_large,1,-19.693913816081796,0.0,29,0.034482758620689655
london_med_neg_low,london_med_pos_high,down_med,1,-2.6108430315071947,0.0,29,0.034482758620689655
london_med_neg_low,london_med_pos_high,up_med,1,2.0758620689654776,1.0,29,0.034482758620689655
london_med_neg_low,london_med_pos_med,up_large,1,5.592915378127695,1.0,29,0.034482758620689655
london_med_neg_low,ny_low_pos_high,down_small,1,-0.602150537634431,0.0,29,0.034482758620689655
london_med_neg_med,london_med_neg_low,down_large,4,-6.967265388182871,0.0,35,0.11428571428571428
london_med_neg_med,london_high_pos_high,up_large,2,11.11379804842758,1.0,35,0.05714285714285714
london_med_neg_med,london_med_neg_low,up_small,2,0.48300644052865843,1.0,35,0.05714285714285714
london_med_neg_med,london_med_neg_med,up_large,2,3.358737726586102,1.0,35,0.05714285714285714
london_med_neg_med,london_med_pos_high,up_med,2,1.8317062818336216,1.0,35,0.05714285714285714
london_med_neg_med,london_high_neg_high,down_large,1,-3.7171215880893365,0.0,35,0.02857142857142857
london_med_neg_med,london_high_neg_low,up_med,1,1.6263893868770223,1.0,35,0.02857142857142857
london_med_neg_med,london_high_neg_med,up_small,1,0.9681402815510792,1.0,35,0.02857142857142857
london_med_neg_med,london_high_pos_high,up_med,1,1.5801508148868404,1.0,35,0.02857142857142857
london_med_neg_med,london_low_neg_high,down_large,1,-4.137313432835807,0.0,35,0.02857142857142857
london_med_neg_med,london_low_neg_low,down_large,1,-3.3316455696202425,0.0,35,0.02857142857142857
london_med_neg_med,london_low_neg_low,down_med,1,-1.703561116458115,0.0,35,0.02857142857142857
london_med_neg_med,london_low_pos_high,down_small,1,-0.3255813953488065,0.0,35,0.02857142857142857
london_med_neg_med,london_low_pos_med,up_large,1,3.795180722891538,1.0,35,0.02857142857142857
london_med_neg_med,london_med_neg_high,down_large,1,-7.3973597359736045,0.0,35,0.02857142857142857
london_med_neg_med,london_med_neg_high,down_med,1,-2.4399999999999777,0.0,35,0.02857142857142857
london_med_neg_med,london_med_neg_high,down_small,1,-0.8583509513741855,0.0,35,0.02857142857142857
london_med_neg_med,london_med_neg_low,down_med,1,-2.0338134001251658,0.0,35,0.02857142857142857
london_med_neg_med,london_med_neg_low,up_med,1,1.541284403669687,1.0,35,0.02857142857142857
london_med_neg_med,london_med_neg_med,down_large,1,-3.6353316778999263,0.0,35,0.02857142857142857
london_med_neg_med,london_med_neg_med,down_med,1,-1.596533795493943,0.0,35,0.02857142857142857
london_med_neg_med,london_med_neg_med,down_small,1,-0.7689822294022323,0.0,35,0.02857142857142857
london_med_neg_med,london_med_pos_high,up_small,1,1.0074962518740522,1.0,35,0.02857142857142857
london_med_neg_med,london_med_pos_low,down_large,1,-15.421319796954572,0.0,35,0.02857142857142857
london_med_neg_med,london_med_pos_med,up_large,1,3.770988805970239,1.0,35,0.02857142857142857
london_med_neg_med,ny_low_neg_high,up_med,1,1.2972972972972678,1.0,35,0.02857142857142857
london_med_neg_med,ny_low_neg_med,up_med,1,1.7751196172248915,1.0,35,0.02857142857142857
london_med_neg_med,ny_med_neg_high,down_large,1,-5.4184100418409855,0.0,35,0.02857142857142857
london_med_pos_high,london_med_pos_med,up_small,9,0.5215399700710056,1.0,103,0.08737864077669903
london_med_pos_high,london_med_pos_med,up_large,8,4.435788164676591,1.0,103,0.07766990291262135
london_med_pos_high,london_med_pos_high,up_large,5,4.232994257891412,1.0,103,0.04854368932038835
london_med_pos_high,london_med_pos_high,up_med,5,1.8026608731359406,1.0,103,0.04854368932038835
london_med_pos_high,london_med_pos_low,up_large,5,4.575878871467632,1.0,103,0.04854368932038835
london_med_pos_high,london_high_pos_med,down_small,4,-0.2713171523054852,0.0,103,0.038834951456310676
london_med_pos_high,london_low_pos_med,up_med,4,2.0169463061196033,1.0,103,0.038834951456310676
london_med_pos_high,london_med_pos_low,up_med,4,2.059032427649969,1.0,103,0.038834951456310676
london_med_pos_high,london_med_pos_med,down_large,4,-5.83054140725144,0.0,103,0.038834951456310676
london_med_pos_high,ny_high_pos_high,up_med,4,1.4258547424726835,1.0,103,0.038834951456310676
london_med_pos_high,london_high_pos_high,down_small,3,-0.5966904320641727,0.0,103,0.02912621359223301
london_med_pos_high,london_high_pos_high,up_large,3,3.4513333657428475,1.0,103,0.02912621359223301
london_med_pos_high,london_high_pos_high,up_med,3,1.8682539141541366,1.0,103,0.02912621359223301
london_med_pos_high,london_med_pos_high,down_large,3,-5.091834132066089,0.0,103,0.02912621359223301
london_med_pos_high,london_med_pos_med,down_small,3,-0.33991939287923884,0.0,103,0.02912621359223301
london_med_pos_high,london_high_neg_med,down_large,2,-11.414779161947912,0.0,103,0.019417475728155338
london_med_pos_high,london_high_pos_med,up_large,2,4.322857287244794,1.0,103,0.019417475728155338
london_med_pos_high,london_high_pos_med,up_small,2,0.2445027599312305,1.0,103,0.019417475728155338
london_med_pos_high,london_med_neg_high,up_med,2,1.9681323859928992,1.0,103,0.019417475728155338
london_med_pos_high,london_med_pos_high,up_small,2,0.9467403314917118,1.0,103,0.019417475728155338
london_med_pos_high,london_med_pos_low,down_small,2,-0.6756521739130557,0.0,103,0.019417475728155338
london_med_pos_high,london_med_pos_low,up_small,2,0.6705144866600992,1.0,103,0.019417475728155338
london_med_pos_high,ny_low_pos_high,down_large,2,-8.2,0.0,103,0.019417475728155338
london_med_pos_high,london_high_neg_high,down_large,1,-3.084745762711733,0.0,103,0.009708737864077669
london_med_pos_high,london_high_neg_high,up_large,1,5.917065390749618,1.0,103,0.009708737864077669
london_med_pos_high,london_high_pos_low,down_med,1,-2.222558209857897,0.0,103,0.009708737864077669
london_med_pos_high,london_high_pos_med,down_med,1,-1.4979604643866116,0.0,103,0.009708737864077669
london_med_pos_high,london_low_neg_high,down_large,1,-5.395833333333276,0.0,103,0.009708737864077669
london_med_pos_high,london_low_neg_high,up_med,1,2.538354253835403,1.0,103,0.009708737864077669
london_med_pos_high,london_low_neg_med,down_large,1,-4.709090909090992,0.0,103,0.009708737864077669
london_med_pos_high,london_low_pos_high,up_large,1,3.291390728476812,1.0,103,0.009708737864077669
london_med_pos_high,london_med_neg_med,up_large,1,11.356578947368448,1.0,103,0.009708737864077669
london_med_pos_high,london_med_neg_med,up_small,1,0.8139534883721109,1.0,103,0.009708737864077669
london_med_pos_high,london_med_pos_high,down_med,1,-2.142857142857127,0.0,103,0.009708737864077669
london_med_pos_high,london_med_pos_low,down_large,1,-7.980000000000002,0.0,103,0.009708737864077669
london_med_pos_high,london_med_pos_med,down_med,1,-2.2331288343557882,0.0,103,0.009708737864077669
london_med_pos_high,london_med_pos_med,up_med,1,1.8283062645011947,1.0,103,0.009708737864077669
london_med_pos_high,ny_high_pos_high,up_small,1,0.6934984520123837,1.0,103,0.009708737864077669
london_med_pos_high,ny_low_pos_high,down_med,1,-2.143863552094918,0.0,103,0.009708737864077669
london_med_pos_high,ny_low_pos_low,up_small,1,0.9333333333333333,1.0,103,0.009708737864077669
london_med_pos_high,ny_low_pos_med,up_small,1,1.069230769230761,1.0,103,0.009708737864077669
london_med_pos_high,ny_med_pos_high,up_small,1,1.1341772151898695,1.0,103,0.009708737864077669
london_med_pos_high,ny_med_pos_med,down_med,1,-1.3790149892933592,0.0,103,0.009708737864077669
london_med_pos_low,london_low_pos_high,up_large,3,4.023696837695085,1.0,56,0.05357142857142857
london_med_pos_low,london_med_pos_high,up_large,3,4.624826001174001,1.0,56,0.05357142857142857
london_med_pos_low,london_low_pos_high,down_large,2,-3.408591065292096,0.0,56,0.03571428571428571
london_med_pos_low,london_low_pos_low,up_large,2,3.2784216453549018,1.0,56,0.03571428571428571
london_med_pos_low,london_med_pos_high,down_large,2,-11.305100808324902,0.0,56,0.03571428571428571
london_med_pos_low,london_med_pos_low,down_large,2,-11.250022327174609,0.0,56,0.03571428571428571
london_med_pos_low,london_med_pos_low,down_med,2,-1.4608308201908218,0.0,56,0.03571428571428571
london_med_pos_low,london_med_pos_low,up_large,2,4.282001195617002,1.0,56,0.03571428571428571
london_med_pos_low,london_med_pos_med,up_med,2,2.105136446456976,1.0,56,0.03571428571428571
london_med_pos_low,asia_high_pos_high,up_large,1,5.261744966442937,1.0,56,0.017857142857142856
london_med_pos_low,london_high_neg_low,up_small,1,0.7833935018050081,1.0,56,0.017857142857142856
london_med_pos_low,london_high_pos_high,down_large,1,-7.447624847746733,0.0,56,0.017857142857142856
london_med_pos_low,london_high_pos_high,up_small,1,0.5876180482686807,1.0,56,0.017857142857142856
london_med_pos_low,london_high_pos_low,down_med,1,-2.503641365916867,0.0,56,0.017857142857142856
london_med_pos_low,london_high_pos_low,up_med,1,1.457497612225394,1.0,56,0.017857142857142856
london_med_pos_low,london_high_pos_low,up_small,1,0.22826086956522562,1.0,56,0.017857142857142856
london_med_pos_low,london_high_pos_med,down_small,1,-0.23790849673202022,0.0,56,0.017857142857142856
london_med_pos_low,london_high_pos_med,up_small,1,1.036294173829963,1.0,56,0.017857142857142856
london_med_pos_low,london_low_neg_high,down_small,1,-0.47839195979898885,0.0,56,0.017857142857142856
london_med_pos_low,london_low_neg_high,up_large,1,3.771428571428508,1.0,56,0.017857142857142856
london_med_pos_low,london_low_neg_high,up_small,1,0.47804878048785604,1.0,56,0.017857142857142856
london_med_pos_low,london_low_neg_low,down_small,1,-0.652849740932593,0.0,56,0.017857142857142856
london_med_pos_low,london_low_neg_med,down_small,1,-0.08936170212764986,0.0,56,0.017857142857142856
london_med_pos_low,london_low_pos_high,down_med,1,-1.2771929824561696,0.0,56,0.017857142857142856
london_med_pos_low,london_low_pos_high,up_med,1,1.641379310344841,1.0,56,0.017857142857142856
london_med_pos_low,london_low_pos_low,up_med,1,2.475399753997576,1.0,56,0.017857142857142856
london_med_pos_low,london_low_pos_med,down_large,1,-3.935135135135107,0.0,56,0.017857142857142856
london_med_pos_low,london_med_neg_high,up_large,1,7.1647058823529965,1.0,56,0.017857142857142856
london_med_pos_low,london_med_neg_high,up_med,1,2.417763157894748,1.0,56,0.017857142857142856
london_med_pos_low,london_med_neg_low,up_med,1,1.1644511963540112,1.0,56,0.017857142857142856
london_med_pos_low,london_med_neg_med,down_large,1,-3.909433962264103,0.0,56,0.017857142857142856
london_med_pos_low,london_med_neg_med,down_small,1,-0.041403785488921124,0.0,56,0.017857142857142856
london_med_pos_low,london_med_neg_med,up_large,1,3.638418079096033,1.0,56,0.017857142857142856
london_med_pos_low,london_med_pos_high,down_small,1,-0.3218390804597701,0.0,56,0.017857142857142856
london_med_pos_low,london_med_pos_low,up_med,1,2.3275606135576434,1.0,56,0.017857142857142856
london_med_pos_low,london_med_pos_low,up_small,1,0.538461538461528,1.0,56,0.017857142857142856
london_med_pos_low,london_med_pos_med,down_med,1,-1.4994697773064374,0.0,56,0.017857142857142856
london_med_pos_low,london_med_pos_med,up_small,1,0.41681260945707543,1.0,56,0.017857142857142856
london_med_pos_low,ny_low_pos_high,down_med,1,-1.3145539906103165,0.0,56,0.017857142857142856
london_med_pos_low,ny_low_pos_high,down_small,1,-0.6579634464751765,0.0,56,0.017857142857142856
london_med_pos_low,ny_low_pos_high,up_large,1,4.439024390243903,1.0,56,0.017857142857142856
london_med_pos_low,ny_low_pos_high,up_med,1,2.1724137931034457,1.0,56,0.017857142857142856
london_med_pos_low,ny_low_pos_high,up_small,1,0.6666666666666666,1.0,56,0.017857142857142856
london_med_pos_low,ny_med_neg_high,down_small,1,-0.48275862068965514,0.0,56,0.017857142857142856
london_med_pos_low,ny_med_pos_high,up_med,1,1.7500000000000155,1.0,56,0.017857142857142856
london_med_pos_med,london_low_pos_high,down_med,4,-1.9987762706147016,0.0,73,0.0547945205479452
london_med_pos_med,london_low_pos_high,up_small,4,0.6659671313482756,1.0,73,0.0547945205479452
london_med_pos_med,london_med_pos_low,up_large,4,4.424711393373452,1.0,73,0.0547945205479452
london_med_pos_med,london_high_pos_low,up_med,3,1.8770986397078921,1.0,73,0.0410958904109589
london_med_pos_med,london_low_pos_high,down_large,3,-4.421360137227039,0.0,73,0.0410958904109589
london_med_pos_med,london_med_pos_high,up_med,3,1.8097469296729312,1.0,73,0.0410958904109589
london_med_pos_med,london_med_pos_med,down_med,3,-1.7810951066025316,0.0,73,0.0410958904109589
london_med_pos_med,london_high_pos_high,up_large,2,3.555831363278217,1.0,73,0.0273972602739726
london_med_pos_med,london_low_pos_med,up_small,2,0.9354131295981933,1.0,73,0.0273972602739726
london_med_pos_med,london_med_pos_high,down_med,2,-1.847222222222222,0.0,73,0.0273972602739726
london_med_pos_med,london_med_pos_high,up_large,2,7.771337040618915,1.0,73,0.0273972602739726
london_med_pos_med,london_med_pos_low,down_large,2,-4.353121850554297,0.0,73,0.0273972602739726
london_med_pos_med,london_med_pos_low,down_med,2,-2.3538666503054504,0.0,73,0.0273972602739726
london_med_pos_med,london_med_pos_med,up_small,2,0.4256697454758134,1.0,73,0.0273972602739726
london_med_pos_med,ny_low_pos_high,down_large,2,-7.104696702294268,0.0,73,0.0273972602739726
london_med_pos_med,ny_med_pos_med,down_med,2,-1.7968688845401155,0.0,73,0.0273972602739726
london_med_pos_med,asia_low_neg_high,up_large,1,9.180845070422528,1.0,73,0.0136986301369863
london_med_pos_med,london_high_neg_high,up_large,1,2.7607170693687357,1.0,73,0.0136986301369863
london_med_pos_med,london_high_neg_med,up_large,1,2.866193853427896,1.0,73,0.0136986301369863
london_med_pos_med,london_high_pos_low,down_large,1,-3.4999999999999347,0.0,73,0.0136986301369863
london_med_pos_med,london_low_pos_high,up_large,1,3.8020304568528185,1.0,73,0.0136986301369863
london_med_pos_med,london_low_pos_high,up_med,1,1.3446723361681023,1.0,73,0.0136986301369863
london_med_pos_med,london_low_pos_med,down_large,1,-5.551462621885091,0.0,73,0.0136986301369863
london_med_pos_med,london_low_pos_med,down_med,1,-1.164869029275814,0.0,73,0.0136986301369863
london_med_pos_med,london_low_pos_med,down_small,1,-0.054368932038828977,0.0,73,0.0136986301369863
london_med_pos_med,london_low_pos_med,up_large,1,3.802469135802408,1.0,73,0.0136986301369863
london_med_pos_med,london_low_pos_med,up_med,1,1.915072933549465,1.0,73,0.0136986301369863
london_med_pos_med,london_med_neg_high,down_large,1,-3.3986928104575194,0.0,73,0.0136986301369863
london_med_pos_med,london_med_pos_high,down_large,1,-9.662932294203536,0.0,73,0.0136986301369863
london_med_pos_med,london_med_pos_low,down_small,1,-0.4883720930232926,0.0,73,0.0136986301369863
london_med_pos_med,london_med_pos_low,up_med,1,2.520000000000002,1.0,73,0.0136986301369863
london_med_pos_med,london_med_pos_low,up_small,1,1.0646992054483468,1.0,73,0.0136986301369863
london_med_pos_med,london_med_pos_med,down_small,1,0.0,0.0,73,0.0136986301369863
london_med_pos_med,london_med_pos_med,up_large,1,6.113333333333283,1.0,73,0.0136986301369863
london_med_pos_med,london_med_pos_med,up_med,1,2.2764227642276897,1.0,73,0.0136986301369863
london_med_pos_med,ny_high_pos_high,down_large,1,-3.5867768595041483,0.0,73,0.0136986301369863
london_med_pos_med,ny_high_pos_high,up_large,1,6.481481481481427,1.0,73,0.0136986301369863
london_med_pos_med,ny_low_pos_high,up_large,1,5.913253012048186,1.0,73,0.0136986301369863
london_med_pos_med,ny_low_pos_med,down_large,1,-8.629441624365452,0.0,73,0.0136986301369863
london_med_pos_med,ny_low_pos_med,down_med,1,-2.520380434782626,0.0,73,0.0136986301369863
london_med_pos_med,ny_low_pos_med,up_large,1,3.9693486590037974,1.0,73,0.0136986301369863
london_med_pos_med,ny_low_pos_med,up_med,1,2.168910002639231,1.0,73,0.0136986301369863
london_med_pos_med,ny_med_neg_high,down_med,1,-1.4081237911024715,0.0,73,0.0136986301369863
london_med_pos_med,ny_med_pos_high,down_large,1,-8.709987966305635,0.0,73,0.0136986301369863
london_med_pos_med,ny_med_pos_high,up_med,1,1.7948717948717898,1.0,73,0.0136986301369863
london_med_pos_med,ny_med_pos_high,up_small,1,1.1482014388489303,1.0,73,0.0136986301369863
london_med_pos_med,ny_med_pos_med,down_small,1,-0.39807524059493293,0.0,73,0.0136986301369863
ny_high_neg_high,ny_high_neg_high,up_med,4,2.054020163889419,1.0,50,0.08
ny_high_neg_high,ny_high_neg_high,up_small,4,0.33274407890978336,1.0,50,0.08
ny_high_neg_high,ny_high_neg_med,down_med,4,-1.7971481794106283,0.0,50,0.08
ny_high_neg_high,ny_high_neg_med,down_small,4,-0.35066738406376136,0.0,50,0.08
ny_high_neg_high,ny_high_neg_med,up_med,4,1.366557763191283,1.0,50,0.08
ny_high_neg_high,ny_high_neg_low,up_med,3,1.3206748861512263,1.0,50,0.06
ny_high_neg_high,ny_high_neg_high,down_large,2,-4.293666809096624,0.0,50,0.04
ny_high_neg_high,ny_high_neg_high,up_large,2,2.998905198280755,1.0,50,0.04
ny_high_neg_high,ny_high_neg_med,down_large,2,-4.705732968369775,0.0,50,0.04
ny_high_neg_high,ny_high_neg_med,up_large,2,5.85334161571107,1.0,50,0.04
ny_high_neg_high,ny_high_neg_med,up_small,2,0.42711316736432264,1.0,50,0.04
ny_high_neg_high,ny_high_pos_high,up_med,2,1.8563189894465488,1.0,50,0.04
ny_high_neg_high,ny_high_neg_high,down_med,1,-2.153846153846151,0.0,50,0.02
ny_high_neg_high,ny_high_neg_high,down_small,1,-0.26211453744493995,0.0,50,0.02
ny_high_neg_high,ny_high_neg_low,down_large,1,-2.9369682907966195,0.0,50,0.02
ny_high_neg_high,ny_high_neg_low,down_med,1,-2.1084337349397635,0.0,50,0.02
ny_high_neg_high,ny_high_neg_low,down_small,1,-0.8367071524966575,0.0,50,0.02
ny_high_neg_high,ny_high_neg_low,up_large,1,3.848605577689255,1.0,50,0.02
ny_high_neg_high,ny_high_neg_low,up_small,1,0.4801097393689976,1.0,50,0.02
ny_high_neg_high,ny_high_pos_high,down_med,1,-2.5441906653425903,0.0,50,0.02
ny_high_neg_high,ny_high_pos_low,up_small,1,0.5612300933553109,1.0,50,0.02
ny_high_neg_high,ny_low_neg_med,down_med,1,-1.6994219653179332,0.0,50,0.02
ny_high_neg_high,ny_low_pos_high,up_med,1,1.6806167400881262,1.0,50,0.02
ny_high_neg_high,ny_med_neg_high,down_large,1,-6.336842105263071,0.0,50,0.02
ny_high_neg_high,ny_med_neg_high,down_med,1,-1.2884710539337052,0.0,50,0.02
ny_high_neg_high,ny_med_neg_med,up_small,1,0.24778761061949872,1.0,50,0.02
ny_high_neg_high,ny_med_pos_med,up_large,1,3.978947368421049,1.0,50,0.02
ny_high_neg_low,ny_high_neg_low,up_small,9,0.49284832167510945,1.0,95,0.09473684210526316
ny_high_neg_low,ny_high_neg_low,up_med,8,1.7811914773968696,1.0,95,0.08421052631578947
ny_high_neg_low,ny_high_neg_low,down_small,5,-0.6167076687097,0.0,95,0.05263157894736842
ny_high_neg_low,ny_high_neg_low,up_large,4,5.7374171454177745,1.0,95,0.042105263157894736
ny_high_neg_low,ny_med_neg_low,up_small,4,0.7551573011679849,1.0,95,0.042105263157894736
ny_high_neg_low,ny_high_neg_med,up_small,3,0.7449961460979151,1.0,95,0.031578947368421054
ny_high_neg_low,ny_med_neg_low,down_med,3,-1.7968350405642408,0.0,95,0.031578947368421054
ny_high_neg_low,ny_med_pos_low,up_large,3,5.591382274731015,1.0,95,0.031578947368421054
ny_high_neg_low,ny_high_neg_low,down_large,2,-4.418939373579853,0.0,95,0.021052631578947368
ny_high_neg_low,ny_high_neg_low,down_med,2,-1.346845994232718,0.0,95,0.021052631578947368
ny_high_neg_low,ny_high_neg_med,down_large,2,-4.245027486584721,0.0,95,0.021052631578947368
ny_high_neg_low,ny_high_pos_low,up_med,2,1.8814733630225797,1.0,95,0.021052631578947368
ny_high_neg_low,ny_high_pos_low,up_small,2,0.4642233784931884,1.0,95,0.021052631578947368
ny_high_neg_low,ny_high_pos_med,down_small,2,-0.6415418071128377,0.0,95,0.021052631578947368
ny_high_neg_low,ny_high_pos_med,up_large,2,6.191271549161829,1.0,95,0.021052631578947368
ny_high_neg_low,ny_low_neg_low,down_small,2,-0.27869700103412076,0.0,95,0.021052631578947368
ny_high_neg_low,ny_low_neg_low,up_med,2,1.9834529809679613,1.0,95,0.021052631578947368
ny_high_neg_low,ny_low_neg_low,up_small,2,0.6142095205498886,1.0,95,0.021052631578947368
ny_high_neg_low,ny_low_pos_low,down_small,2,-0.7764145630007344,0.0,95,0.021052631578947368
ny_high_neg_low,ny_low_pos_low,up_med,2,2.268397609637104,1.0,95,0.021052631578947368
ny_high_neg_low,ny_med_neg_low,up_med,2,1.1668424774247335,1.0,95,0.021052631578947368
ny_high_neg_low,asia_low_pos_low,down_large,1,-5.8412698412698285,0.0,95,0.010526315789473684
ny_high_neg_low,asia_med_neg_high,up_large,1,4.059479553903223,1.0,95,0.010526315789473684
ny_high_neg_low,late_high_neg_low,down_large,1,-6.4176904176903635,0.0,95,0.010526315789473684
ny_high_neg_low,late_high_neg_low,down_med,1,-1.9815583218073118,0.0,95,0.010526315789473684
ny_high_neg_low,late_high_neg_low,up_small,1,0.3834062550640198,1.0,95,0.010526315789473684
ny_high_neg_low,late_high_neg_med,down_small,1,-0.17787188988883906,0.0,95,0.010526315789473684
ny_high_neg_low,late_high_neg_med,up_small,1,0.2540996656583572,1.0,95,0.010526315789473684
ny_high_neg_low,late_low_neg_low,up_small,1,0.9328604003040235,1.0,95,0.010526315789473684
ny_high_neg_low,late_med_neg_high,down_med,1,-1.3450381679389256,0.0,95,0.010526315789473684
ny_high_neg_low,late_med_pos_low,up_large,1,2.9494994438264794,1.0,95,0.010526315789473684
ny_high_neg_low,ny_high_neg_high,down_small,1,-0.11133652519678792,0.0,95,0.010526315789473684
ny_high_neg_low,ny_high_neg_high,up_med,1,2.1121739130434896,1.0,95,0.010526315789473684
ny_high_neg_low,ny_high_neg_med,down_small,1,-0.24852071005912144,0.0,95,0.010526315789473684
ny_high_neg_low,ny_high_neg_med,up_med,1,1.9707835325365246,1.0,95,0.010526315789473684
ny_high_neg_low,ny_high_pos_low,up_large,1,6.254383297861515,1.0,95,0.010526315789473684
ny_high_neg_low,ny_high_pos_med,down_large,1,-6.538791423001904,0.0,95,0.010526315789473684
ny_high_neg_low,ny_high_pos_med,up_med,1,2.3499406880190117,1.0,95,0.010526315789473684
ny_high_neg_low,ny_low_neg_low,down_med,1,-2.669299820466803,0.0,95,0.010526315789473684
ny_high_neg_low,ny_low_neg_med,down_med,1,-1.5259640102827976,0.0,95,0.010526315789473684
ny_high_neg_low,ny_med_neg_low,down_small,1,-0.897764027562963,0.0,95,0.010526315789473684
ny_high_neg_low,ny_med_neg_med,down_med,1,-1.8970630997382862,0.0,95,0.010526315789473684
ny_high_neg_low,ny_med_neg_med,up_med,1,1.5128979781547653,1.0,95,0.010526315789473684
ny_high_neg_low,ny_med_neg_med,up_small,1,0.800618238021652,1.0,95,0.010526315789473684
ny_high_neg_low,ny_med_pos_high,down_large,1,-3.073170731707293,0.0,95,0.010526315789473684
ny_high_neg_low,ny_med_pos_low,down_large,1,-2.879837067209784,0.0,95,0.010526315789473684
ny_high_neg_low,ny_med_pos_low,up_med,1,1.738331230852359,1.0,95,0.010526315789473684
ny_high_neg_low,ny_med_pos_low,up_small,1,0.8837970540098445,1.0,95,0.010526315789473684
ny_high_neg_low,ny_med_pos_med,down_large,1,-2.7779310344827164,0.0,95,0.010526315789473684
ny_high_neg_low,ny_med_pos_med,up_med,1,1.9787985865723972,1.0,95,0.010526315789473684
ny_high_neg_low,ny_med_pos_med,up_small,1,0.2863421230560745,1.0,95,0.010526315789473684
ny_high_neg_med,ny_high_neg_med,down_small,7,-0.2972721125317355,0.0,85,0.08235294117647059
ny_high_neg_med,ny_high_neg_low,down_small,5,-0.5289095579364214,0.0,85,0.058823529411764705
ny_high_neg_med,ny_high_neg_low,up_med,5,1.754192493979946,1.0,85,0.058823529411764705
ny_high_neg_med,ny_high_neg_high,down_med,4,-1.849399893558124,0.0,85,0.047058823529411764
ny_high_neg_med,ny_high_neg_high,up_small,4,0.45028096692793673,1.0,85,0.047058823529411764
ny_high_neg_med,ny_high_neg_low,down_large,4,-4.422184930824339,0.0,85,0.047058823529411764
ny_high_neg_med,ny_high_neg_low,up_large,4,4.9153572308462685,1.0,85,0.047058823529411764
ny_high_neg_med,ny_high_neg_med,down_med,4,-1.4027087857815415,0.0,85,0.047058823529411764
ny_high_neg_med,ny_high_neg_med,up_med,4,1.626514932745263,1.0,85,0.047058823529411764
ny_high_neg_med,ny_high_neg_low,up_small,3,0.3718950720707053,1.0,85,0.03529411764705882
ny_high_neg_med,ny_high_pos_med,up_small,3,1.0029682354549199,1.0,85,0.03529411764705882
ny_high_neg_med,ny_med_neg_high,down_small,3,-0.7455094699670582,0.0,85,0.03529411764705882
ny_high_neg_med,ny_high_neg_med,down_large,2,-2.9403628184440826,0.0,85,0.023529411764705882
ny_high_neg_med,ny_high_neg_med,up_small,2,0.40307591786810454,1.0,85,0.023529411764705882
ny_high_neg_med,ny_med_neg_low,down_small,2,-0.12458714782878688,0.0,85,0.023529411764705882
ny_high_neg_med,ny_med_pos_low,down_med,2,-1.7545637945307775,0.0,85,0.023529411764705882
ny_high_neg_med,late_high_neg_low,down_large,1,-2.872641509433934,0.0,85,0.011764705882352941
ny_high_neg_med,late_med_neg_med,up_small,1,0.41409691629958983,1.0,85,0.011764705882352941
ny_high_neg_med,ny_high_neg_high,down_large,1,-3.5094998061263505,0.0,85,0.011764705882352941
ny_high_neg_med,ny_high_neg_high,down_small,1,-0.7726514730405828,0.0,85,0.011764705882352941
ny_high_neg_med,ny_high_neg_low,down_med,1,-1.5450317124735562,0.0,85,0.011764705882352941
ny_high_neg_med,ny_high_neg_med,up_large,1,6.664251207729525,1.0,85,0.011764705882352941
ny_high_neg_med,ny_high_pos_high,down_med,1,-2.3042139384116616,0.0,85,0.011764705882352941
ny_high_neg_med,ny_high_pos_high,up_small,1,0.3356164383561331,1.0,85,0.011764705882352941
ny_high_neg_med,ny_high_pos_low,up_med,1,1.9590480605779546,1.0,85,0.011764705882352941
ny_high_neg_med,ny_high_pos_low,up_small,1,1.0708955223880565,1.0,85,0.011764705882352941
ny_high_neg_med,ny_high_pos_med,up_large,1,3.247542100652192,1.0,85,0.011764705882352941
ny_high_neg_med,ny_high_pos_med,up_med,1,1.187788427405053,1.0,85,0.011764705882352941
ny_high_neg_med,ny_low_neg_high,down_large,1,-4.112732095490704,0.0,85,0.011764705882352941
ny_high_neg_med,ny_low_neg_low,up_small,1,0.2699724517906625,1.0,85,0.011764705882352941
ny_high_neg_med,ny_low_pos_high,down_small,1,-0.8174147823152236,0.0,85,0.011764705882352941
ny_high_neg_med,ny_low_pos_low,down_med,1,-1.740000000000009,0.0,85,0.011764705882352941
ny_high_neg_med,ny_low_pos_low,down_small,1,-0.6888602150537366,0.0,85,0.011764705882352941
ny_high_neg_med,ny_low_pos_low,up_med,1,2.07878787878791,1.0,85,0.011764705882352941
ny_high_neg_med,ny_low_pos_med,down_small,1,-0.41093117408907076,0.0,85,0.011764705882352941
ny_high_neg_med,ny_low_pos_med,up_small,1,0.8376068376068149,1.0,85,0.011764705882352941
ny_high_neg_med,ny_med_neg_low,down_med,1,-1.5537049626104826,0.0,85,0.011764705882352941
ny_high_neg_med,ny_med_neg_low,up_large,1,3.0963665086887655,1.0,85,0.011764705882352941
ny_high_neg_med,ny_med_neg_med,down_small,1,-0.6582278481012686,0.0,85,0.011764705882352941
ny_high_neg_med,ny_med_pos_low,up_small,1,0.680696661828697,1.0,85,0.011764705882352941
ny_high_neg_med,ny_med_pos_med,down_med,1,-2.2561983471074467,0.0,85,0.011764705882352941
ny_high_neg_med,ny_med_pos_med,up_large,1,4.167902899527957,1.0,85,0.011764705882352941
ny_high_neg_med,ny_med_pos_med,up_small,1,0.01901025950512448,1.0,85,0.011764705882352941
ny_high_pos_high,ny_high_pos_med,up_small,11,0.6324929690936126,1.0,106,0.10377358490566038
ny_high_pos_high,ny_high_pos_med,down_large,9,-5.043003531064857,0.0,106,0.08490566037735849
ny_high_pos_high,ny_high_pos_low,up_small,7,0.5800690206644344,1.0,106,0.0660377358490566
ny_high_pos_high,ny_high_pos_med,down_med,7,-1.9690665255782025,0.0,106,0.0660377358490566
ny_high_pos_high,ny_high_pos_high,down_large,6,-5.097183241355872,0.0,106,0.05660377358490566
ny_high_pos_high,ny_high_pos_high,up_med,5,1.5505330868938016,1.0,106,0.04716981132075472
ny_high_pos_high,ny_high_pos_med,up_large,5,4.216896547820961,1.0,106,0.04716981132075472
ny_high_pos_high,ny_high_pos_med,up_med,5,1.6606398153615622,1.0,106,0.04716981132075472
ny_high_pos_high,ny_high_pos_high,down_small,4,-0.37105329766929085,0.0,106,0.03773584905660377
ny_high_pos_high,ny_high_pos_high,up_small,4,0.6695453498161952,1.0,106,0.03773584905660377
ny_high_pos_high,ny_high_pos_med,down_small,4,-0.2995342882240335,0.0,106,0.03773584905660377
ny_high_pos_high,ny_high_pos_high,down_med,3,-1.879284157825203,0.0,106,0.02830188679245283
ny_high_pos_high,ny_high_pos_low,down_small,3,-0.566423356509661,0.0,106,0.02830188679245283
ny_high_pos_high,ny_med_pos_med,up_small,3,0.725680755478137,1.0,106,0.02830188679245283
ny_high_pos_high,asia_med_pos_high,up_large,2,4.0988742643647305,1.0,106,0.018867924528301886
ny_high_pos_high,ny_high_neg_med,up_med,2,1.8187298659152864,1.0,106,0.018867924528301886
ny_high_pos_high,ny_high_pos_low,down_large,2,-3.6853955612748983,0.0,106,0.018867924528301886
ny_high_pos_high,ny_high_pos_low,down_med,2,-1.8007062304048649,0.0,106,0.018867924528301886
ny_high_pos_high,ny_high_pos_low,up_med,2,1.9289910600255076,1.0,106,0.018867924528301886
ny_high_pos_high,ny_med_pos_high,down_large,2,-3.539752194114606,0.0,106,0.018867924528301886
ny_high_pos_high,ny_med_pos_med,down_large,2,-3.9334351733220836,0.0,106,0.018867924528301886
ny_high_pos_high,ny_med_pos_med,down_med,2,-1.8932407407407692,0.0,106,0.018867924528301886
ny_high_pos_high,asia_low_pos_high,up_small,1,0.7489711934156136,1.0,106,0.009433962264150943
ny_high_pos_high,late_high_pos_high,down_med,1,-2.332159033719131,0.0,106,0.009433962264150943
ny_high_pos_high,late_high_pos_high,down_small,1,-0.722386455253967,0.0,106,0.009433962264150943
ny_high_pos_high,ny_high_neg_high,up_small,1,0.0728286112401229,1.0,106,0.009433962264150943
ny_high_pos_high,ny_high_neg_med,down_small,1,-0.598290598290604,0.0,106,0.009433962264150943
ny_high_pos_high,ny_high_neg_med,up_small,1,0.7441228539668234,1.0,106,0.009433962264150943
ny_high_pos_high,ny_high_pos_high,up_large,1,4.127467105263157,1.0,106,0.009433962264150943
ny_high_pos_high,ny_high_pos_low,up_large,1,4.02761490448267,1.0,106,0.009433962264150943
ny_high_pos_high,ny_low_neg_med,up_small,1,0.7106997616042634,1.0,106,0.009433962264150943
ny_high_pos_high,ny_low_pos_high,down_large,1,-7.75206611570246,0.0,106,0.009433962264150943
ny_high_pos_high,ny_low_pos_high,down_small,1,-1.0769230769230769,0.0,106,0.009433962264150943
ny_high_pos_high,ny_med_pos_high,down_small,1,-0.8936170212765963,0.0,106,0.009433962264150943
ny_high_pos_high,ny_med_pos_low,down_large,1,-5.064516129032256,0.0,106,0.009433962264150943
ny_high_pos_high,ny_med_pos_med,down_small,1,0.0,0.0,106,0.009433962264150943
ny_high_pos_low,ny_high_pos_low,down_small,9,-0.4837332851137477,0.0,90,0.1
ny_high_pos_low,ny_high_pos_low,up_med,7,2.0819766359925573,1.0,90,0.07777777777777778
ny_high_pos_low,ny_high_pos_low,up_small,7,0.39225761664016723,1.0,90,0.07777777777777778
ny_high_pos_low,ny_high_pos_med,up_med,5,1.901528406428921,1.0,90,0.05555555555555555
ny_high_pos_low,ny_med_pos_low,down_small,4,-0.7425796686959054,0.0,90,0.044444444444444446
ny_high_pos_low,ny_med_pos_low,up_med,4,1.6211422973099971,1.0,90,0.044444444444444446
ny_high_pos_low,ny_high_neg_low,down_med,3,-1.4585301119836618,0.0,90,0.03333333333333333
ny_high_pos_low,ny_high_neg_low,up_med,3,1.7342896170767925,1.0,90,0.03333333333333333
ny_high_pos_low,ny_high_pos_low,down_med,3,-1.9361158433639003,0.0,90,0.03333333333333333
ny_high_pos_low,ny_med_pos_low,up_small,3,0.4505639506040633,1.0,90,0.03333333333333333
ny_high_pos_low,ny_high_pos_low,up_large,2,6.559397881448154,1.0,90,0.022222222222222223
ny_high_pos_low,ny_high_pos_med,down_small,2,-0.7819155743015366,0.0,90,0.022222222222222223
ny_high_pos_low,ny_med_neg_low,down_med,2,-2.5873659020343327,0.0,90,0.022222222222222223
ny_high_pos_low,ny_med_neg_low,up_small,2,0.9312073470578828,1.0,90,0.022222222222222223
ny_high_pos_low,ny_med_pos_med,down_small,2,-0.38981194084352344,0.0,90,0.022222222222222223
ny_high_pos_low,asia_high_pos_high,up_large,1,4.881662149954817,1.0,90,0.011111111111111112
ny_high_pos_low,asia_low_pos_med,down_large,1,-5.402489626556,0.0,90,0.011111111111111112
ny_high_pos_low,late_high_pos_high,down_med,1,-1.5774647887324054,0.0,90,0.011111111111111112
ny_high_pos_low,late_high_pos_high,down_small,1,-0.04057187016997874,0.0,90,0.011111111111111112
ny_high_pos_low,late_high_pos_high,up_med,1,1.3090079817559999,1.0,90,0.011111111111111112
ny_high_pos_low,late_high_pos_low,up_small,1,0.5097940733299988,1.0,90,0.011111111111111112
ny_high_pos_low,late_low_pos_high,down_large,1,-3.2261521972133083,0.0,90,0.011111111111111112
ny_high_pos_low,late_low_pos_low,down_small,1,-0.9568345323740903,0.0,90,0.011111111111111112
ny_high_pos_low,late_low_pos_low,up_small,1,0.23978919631092824,1.0,90,0.011111111111111112
ny_high_pos_low,ny_high_neg_high,up_large,1,7.4545262267343215,1.0,90,0.011111111111111112
ny_high_pos_low,ny_high_neg_low,up_small,1,1.0446813336357301,1.0,90,0.011111111111111112
ny_high_pos_low,ny_high_neg_med,down_med,1,-1.3876977152900272,0.0,90,0.011111111111111112
ny_high_pos_low,ny_high_neg_med,down_small,1,-1.0133569043409774,0.0,90,0.011111111111111112
ny_high_pos_low,ny_high_neg_med,up_large,1,3.5192709322194697,1.0,90,0.011111111111111112
ny_high_pos_low,ny_high_pos_high,up_small,1,1.0729574223245033,1.0,90,0.011111111111111112
ny_high_pos_low,ny_high_pos_med,down_med,1,-2.7027777777777886,0.0,90,0.011111111111111112
ny_high_pos_low,ny_high_pos_med,up_large,1,8.345828295042324,1.0,90,0.011111111111111112
ny_high_pos_low,ny_high_pos_med,up_small,1,0.45727673649395784,1.0,90,0.011111111111111112
ny_high_pos_low,ny_low_neg_low,down_med,1,-1.6261187957689254,0.0,90,0.011111111111111112
ny_high_pos_low,ny_low_neg_med,up_small,1,0.23839009287927884,1.0,90,0.011111111111111112
ny_high_pos_low,ny_low_pos_low,down_med,1,-1.7923875432526433,0.0,90,0.011111111111111112
ny_high_pos_low,ny_low_pos_low,down_small,1,-0.7555555555555691,0.0,90,0.011111111111111112
ny_high_pos_low,ny_low_pos_low,up_med,1,2.5639534883721096,1.0,90,0.011111111111111112
ny_high_pos_low,ny_low_pos_med,down_small,1,-0.3048211508553483,0.0,90,0.011111111111111112
ny_high_pos_low,ny_low_pos_med,up_large,1,6.869888475836437,1.0,90,0.011111111111111112
ny_high_pos_low,ny_med_neg_low,down_large,1,-2.8081852934562983,0.0,90,0.011111111111111112
ny_high_pos_low,ny_med_neg_low,up_med,1,1.1773308957952613,1.0,90,0.011111111111111112
ny_high_pos_low,ny_med_neg_med,up_small,1,0.1437740693196374,1.0,90,0.011111111111111112
ny_high_pos_low,ny_med_pos_high,up_med,1,1.5342465753424634,1.0,90,0.011111111111111112
ny_high_pos_low,ny_med_pos_low,up_large,1,3.7201856891307203,1.0,90,0.011111111111111112
ny_high_pos_low,ny_med_pos_med,down_large,1,-4.092180421508762,0.0,90,0.011111111111111112
ny_high_pos_low,ny_med_pos_med,up_med,1,2.580551523947726,1.0,90,0.011111111111111112
ny_high_pos_med,ny_high_pos_med,down_large,10,-6.500001277544913,0.0,128,0.078125
ny_high_pos_med,ny_high_pos_med,up_med,10,1.5226857874846746,1.0,128,0.078125
ny_high_pos_med,ny_high_pos_low,up_small,6,0.624282160823557,1.0,128,0.046875
ny_high_pos_med,ny_med_pos_med,up_med,6,1.791724981026989,1.0,128,0.046875
ny_high_pos_med,ny_high_pos_low,up_med,5,1.962687357727922,1.0,128,0.0390625
ny_high_pos_med,ny_high_pos_med,down_small,5,-0.5093224694182703,0.0,128,0.0390625
ny_high_pos_med,ny_high_pos_med,up_large,5,3.6623011172892355,1.0,128,0.0390625
ny_high_pos_med,ny_high_pos_med,up_small,5,0.44604548675005284,1.0,128,0.0390625
ny_high_pos_med,ny_high_pos_high,down_large,4,-6.45402754997463,0.0,128,0.03125
ny_high_pos_med,ny_high_pos_high,down_med,3,-1.6358090285818534,0.0,128,0.0234375
ny_high_pos_med,ny_high_pos_high,up_med,3,2.023365838416906,1.0,128,0.0234375
ny_high_pos_med,ny_high_pos_low,up_large,3,6.250237330308965,1.0,128,0.0234375
ny_high_pos_med,ny_high_pos_med,down_med,3,-1.723221217527109,0.0,128,0.0234375
ny_high_pos_med,ny_high_neg_med,down_large,2,-6.013042287598131,0.0,128,0.015625
ny_high_pos_med,ny_high_neg_med,up_large,2,5.023884670900051,1.0,128,0.015625
ny_high_pos_med,ny_high_pos_high,up_small,2,0.40743375330333925,1.0,128,0.015625
ny_high_pos_med,ny_high_pos_low,down_large,2,-3.592597192895287,0.0,128,0.015625
ny_high_pos_med,ny_high_pos_low,down_med,2,-2.0800257139975944,0.0,128,0.015625
ny_high_pos_med,ny_low_neg_low,down_med,2,-2.0218104903025944,0.0,128,0.015625
ny_high_pos_med,ny_low_pos_low,down_large,2,-3.8759776301119206,0.0,128,0.015625
ny_high_pos_med,ny_low_pos_med,up_large,2,3.7669131103140145,1.0,128,0.015625
ny_high_pos_med,ny_med_neg_high,down_small,2,-0.5017445388349482,0.0,128,0.015625
ny_high_pos_med,ny_med_neg_low,down_large,2,-4.712623464931562,0.0,128,0.015625
ny_high_pos_med,ny_med_pos_low,down_small,2,-0.21464162514372076,0.0,128,0.015625
ny_high_pos_med,ny_med_pos_med,up_small,2,0.03810516380227973,1.0,128,0.015625
ny_high_pos_med,asia_low_pos_high,up_large,1,6.073529411764708,1.0,128,0.0078125
ny_high_pos_med,late_low_neg_high,down_small,1,-0.12389380530974864,0.0,128,0.0078125
ny_high_pos_med,london_med_pos_high,up_small,1,0.33353186420488706,1.0,128,0.0078125
ny_high_pos_med,ny_high_neg_high,down_small,1,-0.012935016938709066,0.0,128,0.0078125
ny_high_pos_med,ny_high_neg_high,up_med,1,2.543371522094931,1.0,128,0.0078125
ny_high_pos_med,ny_high_neg_low,down_large,1,-6.888749214330582,0.0,128,0.0078125
ny_high_pos_med,ny_high_neg_low,down_med,1,-2.0129193581996607,0.0,128,0.0078125
ny_high_pos_med,ny_high_neg_low,up_large,1,6.969053934571158,1.0,128,0.0078125
ny_high_pos_med,ny_high_neg_low,up_small,1,0.03511360283270894,1.0,128,0.0078125
ny_high_pos_med,ny_high_neg_med,down_med,1,-1.4879876994041865,0.0,128,0.0078125
ny_high_pos_med,ny_high_neg_med,down_small,1,-0.2860696517413151,0.0,128,0.0078125
ny_high_pos_med,ny_high_pos_high,down_small,1,-0.17883211678835761,0.0,128,0.0078125
ny_high_pos_med,ny_high_pos_low,down_small,1,-0.33487360695837415,0.0,128,0.0078125
ny_high_pos_med,ny_low_neg_high,down_large,1,-3.755441741357222,0.0,128,0.0078125
ny_high_pos_med,ny_low_neg_low,up_large,1,4.133333333333305,1.0,128,0.0078125
ny_high_pos_med,ny_low_neg_low,up_small,1,0.14130434782610787,1.0,128,0.0078125
ny_high_pos_med,ny_low_neg_med,down_small,1,-0.9467455621301782,0.0,128,0.0078125
ny_high_pos_med,ny_low_neg_med,up_small,1,0.5019920318725208,1.0,128,0.0078125
ny_high_pos_med,ny_low_pos_high,up_med,1,1.7575757575757485,1.0,128,0.0078125
ny_high_pos_med,ny_low_pos_med,up_med,1,2.1573770491803304,1.0,128,0.0078125
ny_high_pos_med,ny_med_neg_high,up_small,1,0.1450777202072596,1.0,128,0.0078125
ny_high_pos_med,ny_med_neg_low,up_small,1,0.15901765157329578,1.0,128,0.0078125
ny_high_pos_med,ny_med_neg_med,down_med,1,-2.2580645161290414,0.0,128,0.0078125
ny_high_pos_med,ny_med_neg_med,down_small,1,-0.7262247838616449,0.0,128,0.0078125
ny_high_pos_med,ny_med_pos_high,down_large,1,-3.3528336380255963,0.0,128,0.0078125
ny_high_pos_med,ny_med_pos_high,down_small,1,-0.6544715447154424,0.0,128,0.0078125
ny_high_pos_med,ny_med_pos_high,up_med,1,2.6630434782608643,1.0,128,0.0078125
ny_high_pos_med,ny_med_pos_high,up_small,1,0.6461538461538696,1.0,128,0.0078125
ny_high_pos_med,ny_med_pos_low,down_med,1,-1.8006644518272674,0.0,128,0.0078125
ny_high_pos_med,ny_med_pos_low,up_large,1,3.6730038022813236,1.0,128,0.0078125
ny_high_pos_med,ny_med_pos_low,up_med,1,2.5395114942528854,1.0,128,0.0078125
ny_high_pos_med,ny_med_pos_low,up_small,1,0.36129032258066063,1.0,128,0.0078125
ny_high_pos_med,ny_med_pos_med,down_large,1,-5.326086956521768,0.0,128,0.0078125
ny_high_pos_med,ny_med_pos_med,down_med,1,-2.576762962028489,0.0,128,0.0078125
ny_high_pos_med,ny_med_pos_med,down_small,1,-0.5578655578655719,0.0,128,0.0078125
ny_high_pos_med,ny_med_pos_med,up_large,1,4.880579010856436,1.0,128,0.0078125
ny_low_neg_high,ny_low_neg_med,down_med,4,-2.0239545106124757,0.0,51,0.0784313725490196
ny_low_neg_high,ny_low_neg_med,down_small,4,-0.5220104639802459,0.0,51,0.0784313725490196
ny_low_neg_high,ny_low_neg_med,up_med,4,1.847217007168164,1.0,51,0.0784313725490196
ny_low_neg_high,ny_low_neg_low,down_small,3,-0.6408275351802123,0.0,51,0.058823529411764705
ny_low_neg_high,ny_low_neg_high,up_med,2,2.1229377381451124,1.0,51,0.0392156862745098
ny_low_neg_high,ny_low_neg_high,up_small,2,0.4563825107768036,1.0,51,0.0392156862745098
ny_low_neg_high,ny_low_neg_low,down_med,2,-1.4694301697644634,0.0,51,0.0392156862745098
ny_low_neg_high,ny_low_neg_low,up_large,2,3.798993719668859,1.0,51,0.0392156862745098
ny_low_neg_high,ny_low_neg_low,up_med,2,1.7921721354283011,1.0,51,0.0392156862745098
ny_low_neg_high,ny_low_neg_low,up_small,2,0.24061607857974637,1.0,51,0.0392156862745098
ny_low_neg_high,ny_med_neg_med,up_small,2,0.5742018941587443,1.0,51,0.0392156862745098
ny_low_neg_high,ny_med_pos_low,up_med,2,2.6317707948740376,1.0,51,0.0392156862745098
ny_low_neg_high,asia_high_pos_high,up_large,1,5.150138504155151,1.0,51,0.0196078431372549
ny_low_neg_high,london_med_pos_high,up_med,1,1.9875647668393686,1.0,51,0.0196078431372549
ny_low_neg_high,ny_high_neg_high,down_large,1,-3.9487179487179227,0.0,51,0.0196078431372549
ny_low_neg_high,ny_high_neg_high,up_small,1,0.5833333333333286,1.0,51,0.0196078431372549
ny_low_neg_high,ny_high_neg_med,up_large,1,3.195173137460646,1.0,51,0.0196078431372549
ny_low_neg_high,ny_high_neg_med,up_med,1,2.1286549707601945,1.0,51,0.0196078431372549
ny_low_neg_high,ny_high_pos_high,up_med,1,1.2672413793103297,1.0,51,0.0196078431372549
ny_low_neg_high,ny_high_pos_high,up_small,1,0.34862385321100675,1.0,51,0.0196078431372549
ny_low_neg_high,ny_high_pos_med,down_large,1,-3.7006088599622142,0.0,51,0.0196078431372549
ny_low_neg_high,ny_low_neg_high,down_med,1,-1.5392670157067971,0.0,51,0.0196078431372549
ny_low_neg_high,ny_low_neg_high,down_small,1,-0.2814070351758792,0.0,51,0.0196078431372549
ny_low_neg_high,ny_low_neg_med,up_large,1,6.777777777777754,1.0,51,0.0196078431372549
ny_low_neg_high,ny_low_neg_med,up_small,1,0.7913043478261005,1.0,51,0.0196078431372549
ny_low_neg_high,ny_low_pos_low,up_small,1,1.000000000000014,1.0,51,0.0196078431372549
ny_low_neg_high,ny_med_neg_high,up_med,1,2.1538461538461293,1.0,51,0.0196078431372549
ny_low_neg_high,ny_med_neg_med,down_small,1,-0.1866666666666722,0.0,51,0.0196078431372549
ny_low_neg_high,ny_med_neg_med,up_large,1,4.352575718353602,1.0,51,0.0196078431372549
ny_low_neg_high,ny_med_pos_high,up_med,1,1.1818181818182172,1.0,51,0.0196078431372549
ny_low_neg_high,ny_med_pos_low,down_large,1,-8.913709677419268,0.0,51,0.0196078431372549
ny_low_neg_high,ny_med_pos_med,up_small,1,0.28726614363305136,1.0,51,0.0196078431372549
ny_low_neg_low,ny_low_pos_low,up_med,5,1.746247143320716,1.0,72,0.06944444444444445
ny_low_neg_low,ny_low_neg_high,up_large,3,4.821206343461419,1.0,72,0.041666666666666664
ny_low_neg_low,ny_low_neg_low,down_med,3,-2.3521834167929794,0.0,72,0.041666666666666664
ny_low_neg_low,ny_low_neg_low,down_small,3,-0.6554140684108009,0.0,72,0.041666666666666664
ny_low_neg_low,ny_low_pos_low,up_large,3,3.4485184524633268,1.0,72,0.041666666666666664
ny_low_neg_low,ny_med_neg_low,down_med,3,-2.4040274608081496,0.0,72,0.041666666666666664
ny_low_neg_low,late_med_pos_high,down_large,2,-4.145000000000008,0.0,72,0.027777777777777776
ny_low_neg_low,ny_low_neg_high,down_small,2,-0.9253962118283774,0.0,72,0.027777777777777776
ny_low_neg_low,ny_low_neg_low,down_large,2,-3.199968722151287,0.0,72,0.027777777777777776
ny_low_neg_low,ny_low_neg_low,up_large,2,4.312593703148417,1.0,72,0.027777777777777776
ny_low_neg_low,ny_low_neg_low,up_med,2,1.3928901200369666,1.0,72,0.027777777777777776
ny_low_neg_low,ny_low_neg_med,down_large,2,-4.9629781041832635,0.0,72,0.027777777777777776
ny_low_neg_low,asia_high_neg_high,down_small,1,-0.32666666666668065,0.0,72,0.013888888888888888
ny_low_neg_low,asia_high_pos_med,down_med,1,-1.5504637206764673,0.0,72,0.013888888888888888
ny_low_neg_low,asia_low_pos_high,up_large,1,3.1448275862068877,1.0,72,0.013888888888888888
ny_low_neg_low,asia_med_pos_high,down_large,1,-3.1843137254901848,0.0,72,0.013888888888888888
ny_low_neg_low,late_high_neg_low,up_small,1,0.08259587020647323,1.0,72,0.013888888888888888
ny_low_neg_low,late_high_neg_med,down_med,1,-2.597000000000033,0.0,72,0.013888888888888888
ny_low_neg_low,late_low_neg_low,down_small,1,-0.3240069084628992,0.0,72,0.013888888888888888
ny_low_neg_low,late_low_neg_med,down_med,1,-1.4595744680850813,0.0,72,0.013888888888888888
ny_low_neg_low,late_low_pos_low,down_med,1,-2.5776173285198265,0.0,72,0.013888888888888888
ny_low_neg_low,late_med_neg_high,up_small,1,0.9977957384275369,1.0,72,0.013888888888888888
ny_low_neg_low,late_med_pos_low,up_med,1,2.7179487179487327,1.0,72,0.013888888888888888
ny_low_neg_low,london_low_pos_high,down_large,1,-4.882644628099175,0.0,72,0.013888888888888888
ny_low_neg_low,london_med_pos_high,down_small,1,-0.6896551724138065,0.0,72,0.013888888888888888
ny_low_neg_low,ny_high_neg_high,up_med,1,2.6209523809524047,1.0,72,0.013888888888888888
ny_low_neg_low,ny_high_neg_low,down_small,1,-0.05957446808509467,0.0,72,0.013888888888888888
ny_low_neg_low,ny_high_neg_med,down_med,1,-1.436713657723208,0.0,72,0.013888888888888888
ny_low_neg_low,ny_high_pos_med,up_med,1,2.3473053892215616,1.0,72,0.013888888888888888
ny_low_neg_low,ny_low_neg_high,down_med,1,-1.742971887550192,0.0,72,0.013888888888888888
ny_low_neg_low,ny_low_neg_low,up_small,1,0.3085399449035687,1.0,72,0.013888888888888888
ny_low_neg_low,ny_low_neg_med,down_med,1,-1.5648982315649074,0.0,72,0.013888888888888888
ny_low_neg_low,ny_low_neg_med,up_small,1,0.12227074235805167,1.0,72,0.013888888888888888
ny_low_neg_low,ny_low_pos_high,down_small,1,-1.0623306233062215,0.0,72,0.013888888888888888
ny_low_neg_low,ny_low_pos_med,down_small,1,0.0,0.0,72,0.013888888888888888
ny_low_neg_low,ny_low_pos_med,up_med,1,2.2996057818659663,1.0,72,0.013888888888888888
ny_low_neg_low,ny_med_neg_high,down_large,1,-3.4023904382470076,0.0,72,0.013888888888888888
ny_low_neg_low,ny_med_neg_high,down_small,1,-0.5526315789473684,0.0,72,0.013888888888888888
ny_low_neg_low,ny_med_neg_high,up_small,1,0.056224899598341586,1.0,72,0.013888888888888888
ny_low_neg_low,ny_med_neg_low,down_large,1,-3.1663286004055835,0.0,72,0.013888888888888888
ny_low_neg_low,ny_med_neg_low,down_small,1,-0.8592057761732995,0.0,72,0.013888888888888888
ny_low_neg_low,ny_med_neg_low,up_med,1,2.0919540229885087,1.0,72,0.013888888888888888
ny_low_neg_low,ny_med_neg_low,up_small,1,0.46198641216433695,1.0,72,0.013888888888888888
ny_low_neg_low,ny_med_neg_med,down_small,1,-0.9004149377593333,0.0,72,0.013888888888888888
ny_low_neg_low,ny_med_neg_med,up_large,1,9.604651162790839,1.0,72,0.013888888888888888
ny_low_neg_low,ny_med_neg_med,up_med,1,2.6320386118133756,1.0,72,0.013888888888888888
ny_low_neg_low,ny_med_pos_low,down_large,1,-5.385863267670815,0.0,72,0.013888888888888888
ny_low_neg_low,ny_med_pos_low,down_med,1,-1.6116116116116193,0.0,72,0.013888888888888888
ny_low_neg_low,ny_med_pos_low,down_small,1,-0.8676424789785195,0.0,72,0.013888888888888888
ny_low_neg_low,ny_med_pos_low,up_large,1,4.406557377049135,1.0,72,0.013888888888888888
ny_low_neg_low,ny_med_pos_low,up_med,1,2.4019456113199045,1.0,72,0.013888888888888888
ny_low_neg_low,ny_med_pos_med,up_small,1,0.005634936606958066,1.0,72,0.013888888888888888
ny_low_neg_med,ny_low_neg_low,down_small,3,-0.8115034910360607,0.0,53,0.05660377358490566
ny_low_neg_med,ny_low_neg_low,up_med,3,1.902546382641816,1.0,53,0.05660377358490566
ny_low_neg_med,ny_low_neg_med,up_small,3,0.6588129421314176,1.0,53,0.05660377358490566
ny_low_neg_med,ny_low_neg_high,down_large,2,-4.909389379126856,0.0,53,0.03773584905660377
ny_low_neg_med,ny_low_neg_med,down_med,2,-2.110178645616939,0.0,53,0.03773584905660377
ny_low_neg_med,ny_med_neg_med,down_med,2,-2.315764828454713,0.0,53,0.03773584905660377
ny_low_neg_med,asia_high_pos_high,down_small,1,-0.38888888888888884,0.0,53,0.018867924528301886
ny_low_neg_med,asia_high_pos_high,up_large,1,3.7776130467012883,1.0,53,0.018867924528301886
ny_low_neg_med,asia_low_neg_high,down_large,1,-3.968503937007908,0.0,53,0.018867924528301886
ny_low_neg_med,asia_low_pos_high,up_small,1,0.1196581196581065,1.0,53,0.018867924528301886
ny_low_neg_med,late_med_neg_med,down_small,1,-0.22923976608184107,0.0,53,0.018867924528301886
ny_low_neg_med,london_low_neg_high,down_small,1,-0.8113804004214865,0.0,53,0.018867924528301886
ny_low_neg_med,london_low_neg_med,down_med,1,-2.520000000000011,0.0,53,0.018867924528301886
ny_low_neg_med,ny_high_neg_high,down_large,1,-4.6285714285714095,0.0,53,0.018867924528301886
ny_low_neg_med,ny_high_neg_low,up_small,1,0.5245316681534183,1.0,53,0.018867924528301886
ny_low_neg_med,ny_high_neg_med,up_med,1,2.3566666666666904,1.0,53,0.018867924528301886
ny_low_neg_med,ny_high_pos_med,up_small,1,0.9819639278557268,1.0,53,0.018867924528301886
ny_low_neg_med,ny_low_neg_high,down_small,1,-0.9545454545454427,0.0,53,0.018867924528301886
ny_low_neg_med,ny_low_neg_high,up_large,1,3.1568627450980347,1.0,53,0.018867924528301886
ny_low_neg_med,ny_low_neg_high,up_med,1,1.507692307692313,1.0,53,0.018867924528301886
ny_low_neg_med,ny_low_neg_high,up_small,1,0.07291666666665858,1.0,53,0.018867924528301886
ny_low_neg_med,ny_low_neg_low,up_large,1,5.641025641025662,1.0,53,0.018867924528301886
ny_low_neg_med,ny_low_neg_low,up_small,1,0.42393655371306393,1.0,53,0.018867924528301886
ny_low_neg_med,ny_low_neg_med,down_large,1,-6.132830899670288,0.0,53,0.018867924528301886
ny_low_neg_med,ny_low_neg_med,down_small,1,-0.20498915401300996,0.0,53,0.018867924528301886
ny_low_neg_med,ny_low_neg_med,up_large,1,7.511168384879721,1.0,53,0.018867924528301886
ny_low_neg_med,ny_low_pos_high,up_large,1,2.9228070175438408,1.0,53,0.018867924528301886
ny_low_neg_med,ny_low_pos_high,up_med,1,1.58976207642395,1.0,53,0.018867924528301886
ny_low_neg_med,ny_low_pos_high,up_small,1,0.700973574408899,1.0,53,0.018867924528301886
ny_low_neg_med,ny_low_pos_low,down_large,1,-10.237500000000022,0.0,53,0.018867924528301886
ny_low_neg_med,ny_low_pos_low,down_med,1,-1.4867256637168142,0.0,53,0.018867924528301886
ny_low_neg_med,ny_low_pos_low,up_large,1,3.0844155844156003,1.0,53,0.018867924528301886
ny_low_neg_med,ny_low_pos_low,up_med,1,1.7884231536926245,1.0,53,0.018867924528301886
ny_low_neg_med,ny_low_pos_low,up_small,1,1.043046357615882,1.0,53,0.018867924528301886
ny_low_neg_med,ny_low_pos_med,up_large,1,3.291666666666667,1.0,53,0.018867924528301886
ny_low_neg_med,ny_low_pos_med,up_small,1,0.20806794055202843,1.0,53,0.018867924528301886
ny_low_neg_med,ny_med_neg_high,down_large,1,-7.736842105263128,0.0,53,0.018867924528301886
ny_low_neg_med,ny_med_neg_high,down_small,1,-0.8600118133490723,0.0,53,0.018867924528301886
ny_low_neg_med,ny_med_neg_low,down_large,1,-6.217252396166168,0.0,53,0.018867924528301886
ny_low_neg_med,ny_med_neg_low,down_med,1,-2.6149116064565967,0.0,53,0.018867924528301886
ny_low_neg_med,ny_med_neg_low,down_small,1,-1.0999999999999936,0.0,53,0.018867924528301886
ny_low_neg_med,ny_med_neg_med,down_large,1,-4.546955163952707,0.0,53,0.018867924528301886
ny_low_neg_med,ny_med_neg_med,up_large,1,4.183183183183174,1.0,53,0.018867924528301886
ny_low_neg_med,ny_med_neg_med,up_small,1,0.010851311200114027,1.0,53,0.018867924528301886
ny_low_pos_high,ny_low_pos_low,down_small,7,-0.42254776309854297,0.0,96,0.07291666666666667
ny_low_pos_high,ny_low_pos_med,down_small,5,-0.3504950565053778,0.0,96,0.052083333333333336
ny_low_pos_high,ny_low_pos_high,down_med,4,-1.9110951482512017,0.0,96,0.041666666666666664
ny_low_pos_high,ny_low_pos_high,up_med,4,1.968985079537031,1.0,96,0.041666666666666664
ny_low_pos_high,ny_low_pos_low,up_large,4,3.30652483926137,1.0,96,0.041666666666666664
ny_low_pos_high,ny_low_pos_med,up_med,4,1.804075145009374,1.0,96,0.041666666666666664
ny_low_pos_high,ny_high_pos_high,down_large,3,-5.74216613595464,0.0,96,0.03125
ny_low_pos_high,ny_low_pos_high,down_large,3,-5.3224256377374575,0.0,96,0.03125
ny_low_pos_high,ny_low_pos_low,down_large,3,-3.094072886482248,0.0,96,0.03125
ny_low_pos_high,ny_low_pos_low,up_med,3,1.8711582323790357,1.0,96,0.03125
ny_low_pos_high,ny_low_pos_med,down_med,3,-1.8219236903447429,0.0,96,0.03125
ny_low_pos_high,ny_low_pos_med,up_large,3,5.586889402995894,1.0,96,0.03125
ny_low_pos_high,ny_med_pos_high,down_large,3,-5.399918576221718,0.0,96,0.03125
ny_low_pos_high,ny_med_pos_high,up_small,3,1.016947566356176,1.0,96,0.03125
ny_low_pos_high,ny_high_pos_high,down_small,2,-0.7621146922700242,0.0,96,0.020833333333333332
ny_low_pos_high,ny_high_pos_high,up_small,2,0.30865953048675787,1.0,96,0.020833333333333332
ny_low_pos_high,ny_high_pos_med,up_small,2,0.5970311257873155,1.0,96,0.020833333333333332
ny_low_pos_high,ny_low_pos_high,up_small,2,0.2629563774300446,1.0,96,0.020833333333333332
ny_low_pos_high,ny_low_pos_low,down_med,2,-1.3017876810980193,0.0,96,0.020833333333333332
ny_low_pos_high,ny_low_pos_med,up_small,2,0.418322671034592,1.0,96,0.020833333333333332
ny_low_pos_high,ny_med_pos_high,down_med,2,-2.14783347493629,0.0,96,0.020833333333333332
ny_low_pos_high,ny_med_pos_low,down_small,2,-0.8872762457668215,0.0,96,0.020833333333333332
ny_low_pos_high,ny_med_pos_med,down_med,2,-1.7632080610021998,0.0,96,0.020833333333333332
ny_low_pos_high,ny_med_pos_med,up_med,2,1.7534515113977749,1.0,96,0.020833333333333332
ny_low_pos_high,ny_med_pos_med,up_small,2,0.2840433268688256,1.0,96,0.020833333333333332
ny_low_pos_high,asia_low_neg_high,down_med,1,-1.3355780022446968,0.0,96,0.010416666666666666
ny_low_pos_high,asia_low_neg_high,down_small,1,-0.41410693970420387,0.0,96,0.010416666666666666
ny_low_pos_high,late_low_pos_high,down_med,1,-1.4848484848484849,0.0,96,0.010416666666666666
ny_low_pos_high,late_low_pos_high,up_large,1,7.449541284403632,1.0,96,0.010416666666666666
ny_low_pos_high,late_low_pos_med,down_small,1,-0.15384615384613648,0.0,96,0.010416666666666666
ny_low_pos_high,late_low_pos_med,up_small,1,0.20254629629629795,1.0,96,0.010416666666666666
ny_low_pos_high,london_low_pos_high,down_large,1,-3.908221797323087,0.0,96,0.010416666666666666
ny_low_pos_high,london_low_pos_high,up_med,1,2.4606060606060436,1.0,96,0.010416666666666666
ny_low_pos_high,london_med_pos_high,down_small,1,-0.5090909090909014,0.0,96,0.010416666666666666
ny_low_pos_high,ny_high_pos_high,up_med,1,1.8158415841584201,1.0,96,0.010416666666666666
ny_low_pos_high,ny_low_neg_med,down_med,1,-1.7496603920046558,0.0,96,0.010416666666666666
ny_low_pos_high,ny_low_pos_high,down_small,1,-0.6363636363636364,0.0,96,0.010416666666666666
ny_low_pos_high,ny_low_pos_low,up_small,1,0.47457627118644624,1.0,96,0.010416666666666666
ny_low_pos_high,ny_low_pos_med,down_large,1,-3.2045028142589045,0.0,96,0.010416666666666666
ny_low_pos_high,ny_med_neg_high,down_large,1,-2.7922437673130265,0.0,96,0.010416666666666666
ny_low_pos_high,ny_med_neg_high,down_med,1,-1.4649881982690858,0.0,96,0.010416666666666666
ny_low_pos_high,ny_med_neg_high,up_small,1,0.04506065857885446,1.0,96,0.010416666666666666
ny_low_pos_high,ny_med_pos_high,down_small,1,-0.13861386138612308,0.0,96,0.010416666666666666
ny_low_pos_high,ny_med_pos_high,up_large,1,4.705882352941199,1.0,96,0.010416666666666666
ny_low_pos_high,ny_med_pos_low,up_small,1,0.3206106870229106,1.0,96,0.010416666666666666
ny_low_pos_high,ny_med_pos_med,down_large,1,-2.9878048780487885,0.0,96,0.010416666666666666
ny_low_pos_high,ny_med_pos_med,down_small,1,-1.015544041450784,0.0,96,0.010416666666666666
ny_low_pos_low,ny_low_pos_low,up_large,10,3.59475867454982,1.0,133,0.07518796992481203
ny_low_pos_low,ny_low_pos_low,up_small,10,0.46369844559432316,1.0,133,0.07518796992481203
ny_low_pos_low,ny_low_pos_low,down_med,6,-1.5444908887400273,0.0,133,0.045112781954887216
ny_low_pos_low,ny_low_pos_low,up_med,6,1.9833195249682405,1.0,133,0.045112781954887216
ny_low_pos_low,ny_low_pos_high,down_small,4,-0.36826560103270656,0.0,133,0.03007518796992481
ny_low_pos_low,ny_med_pos_low,down_small,4,-0.45670199830324415,0.0,133,0.03007518796992481
ny_low_pos_low,ny_low_pos_med,down_med,3,-1.8345971145702376,0.0,133,0.022556390977443608
ny_low_pos_low,ny_med_pos_high,down_small,3,-0.6160080701023457,0.0,133,0.022556390977443608
ny_low_pos_low,ny_med_pos_low,up_med,3,1.4865758234159479,1.0,133,0.022556390977443608
ny_low_pos_low,ny_med_pos_med,up_med,3,1.496938222968917,1.0,133,0.022556390977443608
ny_low_pos_low,asia_high_pos_high,up_large,2,5.079486289482841,1.0,133,0.015037593984962405
ny_low_pos_low,asia_med_pos_high,up_large,2,6.492981087931367,1.0,133,0.015037593984962405
ny_low_pos_low,late_low_pos_high,down_large,2,-3.8220078299776143,0.0,133,0.015037593984962405
ny_low_pos_low,late_med_neg_med,down_med,2,-1.6520362207741854,0.0,133,0.015037593984962405
ny_low_pos_low,late_med_pos_high,up_large,2,6.370417732310315,1.0,133,0.015037593984962405
ny_low_pos_low,ny_low_neg_med,up_small,2,0.35247616178736624,1.0,133,0.015037593984962405
ny_low_pos_low,ny_med_neg_low,up_large,2,5.128529287821341,1.0,133,0.015037593984962405
ny_low_pos_low,ny_med_pos_high,down_med,2,-2.5438123752495025,0.0,133,0.015037593984962405
ny_low_pos_low,ny_med_pos_high,up_med,2,1.817934123847171,1.0,133,0.015037593984962405
ny_low_pos_low,ny_med_pos_low,down_med,2,-1.3969903965926092,0.0,133,0.015037593984962405
ny_low_pos_low,asia_high_pos_high,down_med,1,-2.3195266272189365,0.0,133,0.007518796992481203
ny_low_pos_low,asia_high_pos_high,up_small,1,0.9877300613496938,1.0,133,0.007518796992481203
ny_low_pos_low,asia_low_neg_high,down_large,1,-3.352112676056326,0.0,133,0.007518796992481203
ny_low_pos_low,asia_low_pos_med,up_large,1,5.249999999999869,1.0,133,0.007518796992481203
ny_low_pos_low,asia_med_pos_high,down_large,1,-4.726399999999987,0.0,133,0.007518796992481203
ny_low_pos_low,asia_med_pos_high,down_small,1,-0.10950661853188193,0.0,133,0.007518796992481203
ny_low_pos_low,asia_med_pos_high,up_small,1,0.3376623376623488,1.0,133,0.007518796992481203
ny_low_pos_low,late_high_pos_high,up_med,1,1.941708542713557,1.0,133,0.007518796992481203
ny_low_pos_low,late_low_neg_high,up_med,1,1.937499999999966,1.0,133,0.007518796992481203
ny_low_pos_low,late_low_pos_high,down_small,1,-0.3398058252427096,0.0,133,0.007518796992481203
ny_low_pos_low,late_low_pos_high,up_large,1,3.480337078651652,1.0,133,0.007518796992481203
ny_low_pos_low,late_low_pos_high,up_med,1,1.5692307692307543,1.0,133,0.007518796992481203
ny_low_pos_low,late_low_pos_low,down_small,1,-0.30303030303029804,0.0,133,0.007518796992481203
ny_low_pos_low,late_low_pos_low,up_large,1,4.071713147410424,1.0,133,0.007518796992481203
ny_low_pos_low,late_low_pos_med,up_large,1,9.772903225806497,1.0,133,0.007518796992481203
ny_low_pos_low,late_low_pos_med,up_small,1,0.3913738019169624,1.0,133,0.007518796992481203
ny_low_pos_low,late_med_neg_high,up_small,1,0.576470588235354,1.0,133,0.007518796992481203
ny_low_pos_low,london_high_neg_high,down_med,1,-2.741016109045836,0.0,133,0.007518796992481203
ny_low_pos_low,london_low_neg_high,down_med,1,-2.3999999999999817,0.0,133,0.007518796992481203
ny_low_pos_low,london_low_neg_high,up_large,1,6.363636363636326,1.0,133,0.007518796992481203
ny_low_pos_low,london_low_pos_high,down_med,1,-2.4429530201342353,0.0,133,0.007518796992481203
ny_low_pos_low,london_med_pos_high,up_large,1,5.444444444444444,1.0,133,0.007518796992481203
ny_low_pos_low,ny_high_neg_high,up_large,1,4.2893617021276755,1.0,133,0.007518796992481203
ny_low_pos_low,ny_high_neg_low,down_med,1,-1.484928409947214,0.0,133,0.007518796992481203
ny_low_pos_low,ny_high_neg_low,up_med,1,1.5234678624813136,1.0,133,0.007518796992481203
ny_low_pos_low,ny_high_neg_med,up_small,1,0.8420828905419517,1.0,133,0.007518796992481203
ny_low_pos_low,ny_high_pos_high,down_large,1,-13.453900709219889,0.0,133,0.007518796992481203
ny_low_pos_low,ny_high_pos_high,down_med,1,-1.9747682018543942,0.0,133,0.007518796992481203
ny_low_pos_low,ny_high_pos_low,down_large,1,-3.087289433384393,0.0,133,0.007518796992481203
ny_low_pos_low,ny_high_pos_low,down_small,1,-0.29269617159923345,0.0,133,0.007518796992481203
ny_low_pos_low,ny_high_pos_low,up_small,1,0.7209515096065953,1.0,133,0.007518796992481203
ny_low_pos_low,ny_high_pos_med,down_small,1,0.0,0.0,133,0.007518796992481203
ny_low_pos_low,ny_low_neg_high,down_large,1,-2.7753303964757396,0.0,133,0.007518796992481203
ny_low_pos_low,ny_low_neg_high,up_med,1,2.57894736842109,1.0,133,0.007518796992481203
ny_low_pos_low,ny_low_neg_low,down_large,1,-2.9726027397260477,0.0,133,0.007518796992481203
ny_low_pos_low,ny_low_neg_low,down_med,1,-2.1468682505399714,0.0,133,0.007518796992481203
ny_low_pos_low,ny_low_neg_low,down_small,1,-0.8490014612761807,0.0,133,0.007518796992481203
ny_low_pos_low,ny_low_neg_low,up_med,1,1.4626865671641578,1.0,133,0.007518796992481203
ny_low_pos_low,ny_low_neg_med,down_large,1,-5.391891891891916,0.0,133,0.007518796992481203
ny_low_pos_low,ny_low_neg_med,down_med,1,-2.1652743282907987,0.0,133,0.007518796992481203
ny_low_pos_low,ny_low_pos_high,down_large,1,-4.61914460285132,0.0,133,0.007518796992481203
ny_low_pos_low,ny_low_pos_high,down_med,1,-2.7410526315789276,0.0,133,0.007518796992481203
ny_low_pos_low,ny_low_pos_high,up_large,1,5.192810457516314,1.0,133,0.007518796992481203
ny_low_pos_low,ny_low_pos_high,up_small,1,0.8206896551724306,1.0,133,0.007518796992481203
ny_low_pos_low,ny_low_pos_low,down_large,1,-5.3521657250470955,0.0,133,0.007518796992481203
ny_low_pos_low,ny_low_pos_med,down_small,1,-0.4390243902439598,0.0,133,0.007518796992481203
ny_low_pos_low,ny_low_pos_med,up_small,1,0.15086206896555152,1.0,133,0.007518796992481203
ny_low_pos_low,ny_med_neg_high,up_small,1,0.20947630922692972,1.0,133,0.007518796992481203
ny_low_pos_low,ny_med_neg_low,down_med,1,-1.4681647940075526,0.0,133,0.007518796992481203
ny_low_pos_low,ny_med_neg_low,down_small,1,-0.04388714733541739,0.0,133,0.007518796992481203
ny_low_pos_low,ny_med_neg_low,up_med,1,2.3018018018017705,1.0,133,0.007518796992481203
ny_low_pos_low,ny_med_neg_low,up_small,1,0.3228894691035853,1.0,133,0.007518796992481203
ny_low_pos_low,ny_med_neg_med,up_large,1,3.1659751037344632,1.0,133,0.007518796992481203
ny_low_pos_low,ny_med_pos_high,up_large,1,3.181818181818182,1.0,133,0.007518796992481203
ny_low_pos_low,ny_med_pos_high,up_small,1,1.1089108910890897,1.0,133,0.007518796992481203
ny_low_pos_low,ny_med_pos_low,up_large,1,3.2632850241545666,1.0,133,0.007518796992481203
ny_low_pos_low,ny_med_pos_low,up_small,1,0.8606557377048699,1.0,133,0.007518796992481203
ny_low_pos_low,ny_med_pos_med,down_large,1,-4.577437858508624,0.0,133,0.007518796992481203
ny_low_pos_low,ny_med_pos_med,down_med,1,-2.6013027082619313,0.0,133,0.007518796992481203
ny_low_pos_low,ny_med_pos_med,down_small,1,-0.3655913978494708,0.0,133,0.007518796992481203
ny_low_pos_low,ny_med_pos_med,up_small,1,0.3385316278255033,1.0,133,0.007518796992481203
ny_low_pos_med,ny_low_pos_med,up_med,7,2.016133492078134,1.0,95,0.07368421052631578
ny_low_pos_med,ny_low_pos_med,up_small,5,0.3717337127002911,1.0,95,0.05263157894736842
ny_low_pos_med,ny_med_pos_high,down_large,5,-5.108564270572922,0.0,95,0.05263157894736842
ny_low_pos_med,ny_low_pos_low,down_small,4,-0.3696642571256625,0.0,95,0.042105263157894736
ny_low_pos_med,ny_low_pos_low,up_med,4,1.7780313143020257,1.0,95,0.042105263157894736
ny_low_pos_med,ny_low_pos_med,down_small,4,-0.6238236566850588,0.0,95,0.042105263157894736
ny_low_pos_med,ny_low_pos_low,down_med,3,-2.1672454098016423,0.0,95,0.031578947368421054
ny_low_pos_med,ny_low_pos_low,up_small,3,0.5571867169248244,1.0,95,0.031578947368421054
ny_low_pos_med,ny_med_pos_med,up_med,3,1.82234479245962,1.0,95,0.031578947368421054
ny_low_pos_med,asia_med_pos_high,up_large,2,4.344498910675348,1.0,95,0.021052631578947368
ny_low_pos_med,ny_high_pos_high,up_med,2,1.5153743315508166,1.0,95,0.021052631578947368
ny_low_pos_med,ny_low_neg_low,down_small,2,-0.544071260384727,0.0,95,0.021052631578947368
ny_low_pos_med,ny_low_neg_low,up_large,2,3.4887502743835617,1.0,95,0.021052631578947368
ny_low_pos_med,ny_low_pos_high,up_large,2,5.387258865657829,1.0,95,0.021052631578947368
ny_low_pos_med,ny_low_pos_high,up_med,2,1.3082917092987625,1.0,95,0.021052631578947368
ny_low_pos_med,ny_low_pos_low,up_large,2,3.7064382139148337,1.0,95,0.021052631578947368
ny_low_pos_med,ny_med_pos_low,up_small,2,0.5091362548989843,1.0,95,0.021052631578947368
ny_low_pos_med,ny_med_pos_med,up_large,2,3.831552290310001,1.0,95,0.021052631578947368
ny_low_pos_med,asia_high_neg_high,down_large,1,-3.55555555555557,0.0,95,0.010526315789473684
ny_low_pos_med,asia_high_pos_high,down_med,1,-1.2409090909090945,0.0,95,0.010526315789473684
ny_low_pos_med,asia_med_neg_high,down_large,1,-4.54404945904171,0.0,95,0.010526315789473684
ny_low_pos_med,late_high_pos_high,up_med,1,1.3461538461538192,1.0,95,0.010526315789473684
ny_low_pos_med,late_low_neg_med,down_small,1,-0.5590277777777883,0.0,95,0.010526315789473684
ny_low_pos_med,late_low_pos_high,down_med,1,-2.709677419354865,0.0,95,0.010526315789473684
ny_low_pos_med,late_med_neg_low,down_large,1,-4.617283950617271,0.0,95,0.010526315789473684
ny_low_pos_med,late_med_pos_high,down_small,1,-0.4456233421750292,0.0,95,0.010526315789473684
ny_low_pos_med,london_low_pos_high,up_med,1,1.6153846153846223,1.0,95,0.010526315789473684
ny_low_pos_med,london_med_pos_high,down_large,1,-7.000000000000016,0.0,95,0.010526315789473684
ny_low_pos_med,london_med_pos_high,down_med,1,-2.707981220657301,0.0,95,0.010526315789473684
ny_low_pos_med,london_med_pos_high,down_small,1,-0.9859154929577465,0.0,95,0.010526315789473684
ny_low_pos_med,ny_high_neg_high,up_med,1,1.2845594179466404,1.0,95,0.010526315789473684
ny_low_pos_med,ny_high_neg_low,up_med,1,1.8417408506429316,1.0,95,0.010526315789473684
ny_low_pos_med,ny_high_neg_med,down_med,1,-2.3667100130039045,0.0,95,0.010526315789473684
ny_low_pos_med,ny_high_pos_high,down_large,1,-7.132855335301608,0.0,95,0.010526315789473684
ny_low_pos_med,ny_high_pos_high,up_small,1,0.5233644859812877,1.0,95,0.010526315789473684
ny_low_pos_med,ny_high_pos_low,down_small,1,-0.593639575971657,0.0,95,0.010526315789473684
ny_low_pos_med,ny_low_neg_high,down_small,1,-0.9061488673139276,0.0,95,0.010526315789473684
ny_low_pos_med,ny_low_neg_high,up_large,1,3.6305506216696144,1.0,95,0.010526315789473684
ny_low_pos_med,ny_low_neg_high,up_med,1,1.6056701030927951,1.0,95,0.010526315789473684
ny_low_pos_med,ny_low_neg_low,down_med,1,-2.6508875739644995,0.0,95,0.010526315789473684
ny_low_pos_med,ny_low_neg_med,up_med,1,1.687268232385654,1.0,95,0.010526315789473684
ny_low_pos_med,ny_low_pos_high,up_small,1,1.0120481927710956,1.0,95,0.010526315789473684
ny_low_pos_med,ny_low_pos_med,down_large,1,-8.795561246265507,0.0,95,0.010526315789473684
ny_low_pos_med,ny_low_pos_med,up_large,1,3.7787892580792013,1.0,95,0.010526315789473684
ny_low_pos_med,ny_med_neg_high,down_small,1,-0.4418145956607613,0.0,95,0.010526315789473684
ny_low_pos_med,ny_med_neg_high,up_small,1,0.031263957123757985,1.0,95,0.010526315789473684
ny_low_pos_med,ny_med_neg_low,down_small,1,-1.0836820083681755,0.0,95,0.010526315789473684
ny_low_pos_med,ny_med_neg_med,down_med,1,-2.6923076923077183,0.0,95,0.010526315789473684
ny_low_pos_med,ny_med_neg_med,down_small,1,-0.6340882002383641,0.0,95,0.010526315789473684
ny_low_pos_med,ny_med_neg_med,up_large,1,4.6,1.0,95,0.010526315789473684
ny_low_pos_med,ny_med_pos_high,down_small,1,-0.2566191446029457,0.0,95,0.010526315789473684
ny_low_pos_med,ny_med_pos_high,up_med,1,1.3830645161290371,1.0,95,0.010526315789473684
ny_low_pos_med,ny_med_pos_high,up_small,1,0.7179487179487203,1.0,95,0.010526315789473684
ny_low_pos_med,ny_med_pos_low,down_small,1,-0.43448275862069835,0.0,95,0.010526315789473684
ny_low_pos_med,ny_med_pos_med,down_large,1,-3.7333333333333583,0.0,95,0.010526315789473684
ny_low_pos_med,ny_med_pos_med,down_med,1,-1.8337531486146235,0.0,95,0.010526315789473684
ny_low_pos_med,ny_med_pos_med,down_small,1,-0.9082774049217038,0.0,95,0.010526315789473684
ny_med_neg_high,ny_med_neg_low,up_small,4,0.640478468725481,1.0,44,0.09090909090909091
ny_med_neg_high,ny_med_neg_med,up_small,4,0.5865470693509105,1.0,44,0.09090909090909091
ny_med_neg_high,ny_med_neg_med,up_large,3,3.1616989843028818,1.0,44,0.06818181818181818
ny_med_neg_high,ny_med_neg_high,down_large,2,-5.082561445741095,0.0,44,0.045454545454545456
ny_med_neg_high,ny_med_neg_high,down_med,2,-1.7010846891948215,0.0,44,0.045454545454545456
ny_med_neg_high,ny_med_neg_high,down_small,2,-0.6501910416986472,0.0,44,0.045454545454545456
ny_med_neg_high,ny_med_neg_low,down_med,2,-1.8398816325334781,0.0,44,0.045454545454545456
ny_med_neg_high,ny_med_neg_low,up_med,2,1.63818476172337,1.0,44,0.045454545454545456
ny_med_neg_high,ny_med_neg_med,down_small,2,-0.3483159063569975,0.0,44,0.045454545454545456
ny_med_neg_high,late_low_pos_low,down_large,1,-5.944444444444485,0.0,44,0.022727272727272728
ny_med_neg_high,london_med_pos_high,down_med,1,-2.3333333333333335,0.0,44,0.022727272727272728
ny_med_neg_high,ny_high_neg_high,down_med,1,-2.3228699551569547,0.0,44,0.022727272727272728
ny_med_neg_high,ny_high_neg_high,down_small,1,-0.869565217391305,0.0,44,0.022727272727272728
ny_med_neg_high,ny_high_neg_low,down_med,1,-1.395638629283518,0.0,44,0.022727272727272728
ny_med_neg_high,ny_high_neg_low,down_small,1,-0.6059701492537428,0.0,44,0.022727272727272728
ny_med_neg_high,ny_high_neg_low,up_med,1,2.157534246575348,1.0,44,0.022727272727272728
ny_med_neg_high,ny_high_neg_med,down_med,1,-1.9480789200415487,0.0,44,0.022727272727272728
ny_med_neg_high,ny_high_neg_med,down_small,1,-1.0980392156863035,0.0,44,0.022727272727272728
ny_med_neg_high,ny_high_neg_med,up_small,1,0.4186407766990155,1.0,44,0.022727272727272728
ny_med_neg_high,ny_high_pos_high,down_large,1,-4.047393364928935,0.0,44,0.022727272727272728
ny_med_neg_high,ny_low_neg_high,down_small,1,-0.5714285714286096,0.0,44,0.022727272727272728
ny_med_neg_high,ny_low_neg_med,down_large,1,-5.813148788927355,0.0,44,0.022727272727272728
ny_med_neg_high,ny_low_pos_high,down_med,1,-2.67479674796747,0.0,44,0.022727272727272728
ny_med_neg_high,ny_low_pos_high,down_small,1,-0.4516129032257599,0.0,44,0.022727272727272728
ny_med_neg_high,ny_low_pos_high,up_med,1,2.0017985611511153,1.0,44,0.022727272727272728
ny_med_neg_high,ny_low_pos_med,up_large,1,5.961173425366681,1.0,44,0.022727272727272728
ny_med_neg_high,ny_low_pos_med,up_small,1,0.703832752613233,1.0,44,0.022727272727272728
ny_med_neg_high,ny_med_neg_high,up_small,1,0.6970954356846707,1.0,44,0.022727272727272728
ny_med_neg_high,ny_med_neg_med,down_med,1,-1.7073170731707286,0.0,44,0.022727272727272728
ny_med_neg_high,ny_med_pos_high,down_small,1,-0.8139534883720836,0.0,44,0.022727272727272728
ny_med_neg_low,ny_med_neg_low,down_med,7,-1.6617180478553257,0.0,89,0.07865168539325842
ny_med_neg_low,ny_med_neg_low,down_small,6,-0.9550259331032169,0.0,89,0.06741573033707865
ny_med_neg_low,ny_med_neg_low,down_large,4,-4.567244235657233,0.0,89,0.0449438202247191
ny_med_neg_low,ny_med_neg_low,up_med,3,2.102882650349376,1.0,89,0.033707865168539325
ny_med_neg_low,late_med_neg_low,up_small,2,0.22490866107885982,1.0,89,0.02247191011235955
ny_med_neg_low,london_low_pos_high,down_large,2,-7.808362089719934,0.0,89,0.02247191011235955
ny_med_neg_low,ny_high_neg_low,down_small,2,-0.5143402324316922,0.0,89,0.02247191011235955
ny_med_neg_low,ny_high_pos_high,down_small,2,-0.47396073101401726,0.0,89,0.02247191011235955
ny_med_neg_low,ny_low_neg_low,down_large,2,-3.2665651675886904,0.0,89,0.02247191011235955
ny_med_neg_low,ny_low_neg_med,down_small,2,-0.3158974358974289,0.0,89,0.02247191011235955
ny_med_neg_low,ny_low_pos_low,up_small,2,0.24330999478849846,1.0,89,0.02247191011235955
ny_med_neg_low,ny_med_neg_low,up_large,2,4.8734254790592635,1.0,89,0.02247191011235955
ny_med_neg_low,ny_med_pos_low,down_med,2,-2.493795993221415,0.0,89,0.02247191011235955
ny_med_neg_low,asia_high_neg_high,down_med,1,-1.4042553191489735,0.0,89,0.011235955056179775
ny_med_neg_low,asia_med_neg_med,up_large,1,6.008849557522104,1.0,89,0.011235955056179775
ny_med_neg_low,asia_med_pos_high,up_large,1,7.335439705107982,1.0,89,0.011235955056179775
ny_med_neg_low,late_high_neg_high,down_large,1,-5.003134796238228,0.0,89,0.011235955056179775
ny_med_neg_low,late_high_neg_med,down_large,1,-3.0670640834575074,0.0,89,0.011235955056179775
ny_med_neg_low,late_low_neg_high,down_large,1,-3.5735056542810697,0.0,89,0.011235955056179775
ny_med_neg_low,late_low_neg_med,down_large,1,-7.3465346534654135,0.0,89,0.011235955056179775
ny_med_neg_low,late_low_neg_med,up_large,1,4.990099009901063,1.0,89,0.011235955056179775
ny_med_neg_low,late_low_pos_low,down_large,1,-5.631578947368452,0.0,89,0.011235955056179775
ny_med_neg_low,late_med_neg_low,down_small,1,-0.19484240687677554,0.0,89,0.011235955056179775
ny_med_neg_low,late_med_neg_low,up_large,1,7.297819091884175,1.0,89,0.011235955056179775
ny_med_neg_low,late_med_neg_low,up_med,1,2.028985507246309,1.0,89,0.011235955056179775
ny_med_neg_low,late_med_pos_high,down_med,1,-2.7236363636363756,0.0,89,0.011235955056179775
ny_med_neg_low,london_med_pos_high,down_med,1,-1.8666666666666802,0.0,89,0.011235955056179775
ny_med_neg_low,ny_high_neg_low,down_large,1,-2.901434956480854,0.0,89,0.011235955056179775
ny_med_neg_low,ny_high_neg_low,down_med,1,-1.5661293455039786,0.0,89,0.011235955056179775
ny_med_neg_low,ny_high_neg_low,up_med,1,1.5118790496760257,1.0,89,0.011235955056179775
ny_med_neg_low,ny_high_neg_low,up_small,1,1.0975106587814687,1.0,89,0.011235955056179775
ny_med_neg_low,ny_high_neg_med,down_large,1,-4.340326340326372,0.0,89,0.011235955056179775
ny_med_neg_low,ny_high_neg_med,down_med,1,-2.6830466830466917,0.0,89,0.011235955056179775
ny_med_neg_low,ny_high_neg_med,down_small,1,-0.6905829596412751,0.0,89,0.011235955056179775
ny_med_neg_low,ny_high_pos_high,down_med,1,-1.524297724010654,0.0,89,0.011235955056179775
ny_med_neg_low,ny_high_pos_high,up_large,1,5.213494720576897,1.0,89,0.011235955056179775
ny_med_neg_low,ny_high_pos_high,up_med,1,1.772151898734181,1.0,89,0.011235955056179775
ny_med_neg_low,ny_high_pos_low,down_large,1,-2.8472151251916253,0.0,89,0.011235955056179775
ny_med_neg_low,ny_high_pos_low,down_med,1,-1.4447291987014959,0.0,89,0.011235955056179775
ny_med_neg_low,ny_high_pos_low,down_small,1,-0.13289422704378306,0.0,89,0.011235955056179775
ny_med_neg_low,ny_high_pos_med,up_small,1,0.4002220371912218,1.0,89,0.011235955056179775
ny_med_neg_low,ny_low_neg_high,down_small,1,-0.4619528619528422,0.0,89,0.011235955056179775
ny_med_neg_low,ny_low_neg_high,up_med,1,2.3594249201277857,1.0,89,0.011235955056179775
ny_med_neg_low,ny_low_neg_low,down_med,1,-1.5145631067961347,0.0,89,0.011235955056179775
ny_med_neg_low,ny_low_neg_low,down_small,1,-0.42155309033280913,0.0,89,0.011235955056179775
ny_med_neg_low,ny_low_neg_low,up_small,1,0.13304093567250713,1.0,89,0.011235955056179775
ny_med_neg_low,ny_low_pos_low,up_large,1,7.597796143250723,1.0,89,0.011235955056179775
ny_med_neg_low,ny_low_pos_med,down_large,1,-3.067341131836867,0.0,89,0.011235955056179775
ny_med_neg_low,ny_low_pos_med,down_small,1,-0.6086956521740045,0.0,89,0.011235955056179775
ny_med_neg_low,ny_med_neg_high,down_large,1,-4.735294117646897,0.0,89,0.011235955056179775
ny_med_neg_low,ny_med_neg_high,down_small,1,-0.44652908067543584,0.0,89,0.011235955056179775
ny_med_neg_low,ny_med_neg_high,up_large,1,3.02359346642467,1.0,89,0.011235955056179775
ny_med_neg_low,ny_med_neg_low,up_small,1,0.9362302483069965,1.0,89,0.011235955056179775
ny_med_neg_low,ny_med_neg_med,down_med,1,-2.332367549668864,0.0,89,0.011235955056179775
ny_med_neg_low,ny_med_neg_med,down_small,1,-0.07433628318584364,0.0,89,0.011235955056179775
ny_med_neg_low,ny_med_pos_high,down_large,1,-5.999999999999995,0.0,89,0.011235955056179775
ny_med_neg_low,ny_med_pos_high,down_med,1,-2.343096234309628,0.0,89,0.011235955056179775
ny_med_neg_low,ny_med_pos_high,down_small,1,-0.05323193916352543,0.0,89,0.011235955056179775
ny_med_neg_low,ny_med_pos_low,down_large,1,-4.025751072961337,0.0,89,0.011235955056179775
ny_med_neg_low,ny_med_pos_low,up_large,1,5.406716417910416,1.0,89,0.011235955056179775
ny_med_neg_low,ny_med_pos_low,up_small,1,0.7427055702917914,1.0,89,0.011235955056179775
ny_med_neg_low,ny_med_pos_med,down_small,1,-0.737692307692307,0.0,89,0.011235955056179775
ny_med_neg_low,ny_med_pos_med,up_large,1,4.813473149030891,1.0,89,0.011235955056179775
ny_med_neg_low,ny_med_pos_med,up_small,1,0.973262032085563,1.0,89,0.011235955056179775
ny_med_neg_med,ny_med_neg_low,down_large,3,-4.89852150358307,0.0,50,0.06
ny_med_neg_med,ny_med_neg_low,down_med,3,-1.9650070859807542,0.0,50,0.06
ny_med_neg_med,ny_med_neg_low,up_small,3,0.5490833603462991,1.0,50,0.06
ny_med_neg_med,ny_high_neg_med,down_small,2,-0.2711917341175878,0.0,50,0.04
ny_med_neg_med,ny_low_neg_low,down_small,2,-0.5388088433753939,0.0,50,0.04
ny_med_neg_med,ny_low_neg_med,down_small,2,-0.4643977261589821,0.0,50,0.04
ny_med_neg_med,ny_low_pos_med,up_small,2,0.8205108556832476,1.0,50,0.04
ny_med_neg_med,ny_med_neg_high,up_small,2,0.2069556866511222,1.0,50,0.04
ny_med_neg_med,ny_med_neg_low,up_large,2,6.514525139664869,1.0,50,0.04
ny_med_neg_med,ny_med_neg_med,down_med,2,-2.1929248723559196,0.0,50,0.04
ny_med_neg_med,ny_med_neg_med,up_small,2,0.6343267882187943,1.0,50,0.04
ny_med_neg_med,asia_low_pos_low,down_large,1,-2.999999999999997,0.0,50,0.02
ny_med_neg_med,late_high_neg_high,down_large,1,-9.966463414634228,0.0,50,0.02
ny_med_neg_med,late_med_neg_high,down_med,1,-1.7970149253731114,0.0,50,0.02
ny_med_neg_med,london_low_pos_high,up_large,1,4.1176470588234935,1.0,50,0.02
ny_med_neg_med,ny_high_neg_high,down_small,1,-0.2987804878048811,0.0,50,0.02
ny_med_neg_med,ny_high_neg_high,up_small,1,0.17571954122485514,1.0,50,0.02
ny_med_neg_med,ny_high_neg_med,up_large,1,3.7492260061919542,1.0,50,0.02
ny_med_neg_med,ny_high_pos_high,down_small,1,-0.8352788586251555,0.0,50,0.02
ny_med_neg_med,ny_high_pos_med,up_small,1,0.46832077979618636,1.0,50,0.02
ny_med_neg_med,ny_low_neg_high,down_large,1,-5.290697674418582,0.0,50,0.02
ny_med_neg_med,ny_low_neg_high,down_med,1,-2.2677376171352077,0.0,50,0.02
ny_med_neg_med,ny_low_neg_high,up_small,1,0.8526187576126341,1.0,50,0.02
ny_med_neg_med,ny_low_neg_low,up_large,1,7.027043090638941,1.0,50,0.02
ny_med_neg_med,ny_low_neg_med,down_large,1,-6.369084423305585,0.0,50,0.02
ny_med_neg_med,ny_low_neg_med,down_med,1,-1.6857333630091351,0.0,50,0.02
ny_med_neg_med,ny_low_neg_med,up_large,1,2.788540245566155,1.0,50,0.02
ny_med_neg_med,ny_low_neg_med,up_small,1,0.9587796170074401,1.0,50,0.02
ny_med_neg_med,ny_low_pos_high,down_med,1,-1.8349514563106741,0.0,50,0.02
ny_med_neg_med,ny_low_pos_high,up_small,1,0.5600000000000125,1.0,50,0.02
ny_med_neg_med,ny_low_pos_low,down_small,1,-0.77241379310345,0.0,50,0.02
ny_med_neg_med,ny_low_pos_med,up_med,1,1.741176470588249,1.0,50,0.02
ny_med_neg_med,ny_med_neg_high,up_med,1,2.276188516155588,1.0,50,0.02
ny_med_neg_med,ny_med_neg_low,down_small,1,-0.6979472140762569,0.0,50,0.02
ny_med_neg_med,ny_med_pos_low,down_small,1,-0.17031630170315334,0.0,50,0.02
ny_med_neg_med,ny_med_pos_med,down_med,1,-1.4456521739130728,0.0,50,0.02
ny_med_pos_high,ny_med_pos_med,down_large,6,-4.3073568678223575,0.0,87,0.06896551724137931
ny_med_pos_high,ny_med_pos_high,down_large,5,-4.057828177141827,0.0,87,0.05747126436781609
ny_med_pos_high,ny_med_pos_low,down_med,5,-2.0068016510737503,0.0,87,0.05747126436781609
ny_med_pos_high,ny_med_pos_high,up_small,4,0.6649443664377774,1.0,87,0.04597701149425287
ny_med_pos_high,ny_med_pos_low,down_small,4,-0.7622985159852157,0.0,87,0.04597701149425287
ny_med_pos_high,ny_med_pos_med,down_small,4,-0.6338135331458287,0.0,87,0.04597701149425287
ny_med_pos_high,ny_med_pos_med,up_med,4,1.7083389327059477,1.0,87,0.04597701149425287
ny_med_pos_high,asia_low_pos_high,up_large,3,5.761208544987439,1.0,87,0.034482758620689655
ny_med_pos_high,ny_low_pos_high,up_small,3,0.9565706570657024,1.0,87,0.034482758620689655
ny_med_pos_high,ny_med_pos_low,up_med,3,2.0269294232932826,1.0,87,0.034482758620689655
ny_med_pos_high,ny_med_pos_low,up_small,3,0.36830529422872416,1.0,87,0.034482758620689655
ny_med_pos_high,ny_high_pos_med,down_large,2,-10.15200911188049,0.0,87,0.022988505747126436
ny_med_pos_high,ny_high_pos_med,up_small,2,0.8151037562385082,1.0,87,0.022988505747126436
ny_med_pos_high,ny_low_pos_med,down_large,2,-8.860534729136006,0.0,87,0.022988505747126436
ny_med_pos_high,ny_low_pos_med,up_med,2,1.6844622121522375,1.0,87,0.022988505747126436
ny_med_pos_high,ny_med_pos_high,down_med,2,-1.96762035292101,0.0,87,0.022988505747126436
ny_med_pos_high,ny_med_pos_low,down_large,2,-3.7703671508840624,0.0,87,0.022988505747126436
ny_med_pos_high,ny_med_pos_low,up_large,2,2.9692260252852503,1.0,87,0.022988505747126436
ny_med_pos_high,ny_med_pos_med,down_med,2,-1.700769203730573,0.0,87,0.022988505747126436
ny_med_pos_high,asia_low_neg_high,down_small,1,-0.9629629629629582,0.0,87,0.011494252873563218
ny_med_pos_high,late_high_pos_med,down_small,1,-0.7954545454544872,0.0,87,0.011494252873563218
ny_med_pos_high,late_low_pos_low,up_med,1,1.2898739678400664,1.0,87,0.011494252873563218
ny_med_pos_high,late_med_pos_high,down_med,1,-1.8421052631579355,0.0,87,0.011494252873563218
ny_med_pos_high,late_med_pos_high,down_small,1,-0.7924528301886793,0.0,87,0.011494252873563218
ny_med_pos_high,late_med_pos_high,up_small,1,0.1296296296296153,1.0,87,0.011494252873563218
ny_med_pos_high,london_low_pos_high,up_large,1,4.082634730538935,1.0,87,0.011494252873563218
ny_med_pos_high,ny_high_neg_low,up_small,1,0.3333333333333427,1.0,87,0.011494252873563218
ny_med_pos_high,ny_high_pos_high,down_large,1,-3.4076246334310696,0.0,87,0.011494252873563218
ny_med_pos_high,ny_high_pos_high,down_small,1,-0.5613207547169927,0.0,87,0.011494252873563218
ny_med_pos_high,ny_high_pos_high,up_large,1,3.260273972602765,1.0,87,0.011494252873563218
ny_med_pos_high,ny_high_pos_high,up_med,1,1.4657039711191269,1.0,87,0.011494252873563218
ny_med_pos_high,ny_high_pos_high,up_small,1,0.843282236248848,1.0,87,0.011494252873563218
ny_med_pos_high,ny_high_pos_low,up_med,1,1.3236363636363242,1.0,87,0.011494252873563218
ny_med_pos_high,ny_high_pos_med,down_med,1,-1.1914893617021116,0.0,87,0.011494252873563218
ny_med_pos_high,ny_high_pos_med,down_small,1,-1.0208333333333335,0.0,87,0.011494252873563218
ny_med_pos_high,ny_low_pos_high,down_large,1,-2.865771812080537,0.0,87,0.011494252873563218
ny_med_pos_high,ny_low_pos_high,down_med,1,-2.2544283413848363,0.0,87,0.011494252873563218
ny_med_pos_high,ny_low_pos_high,up_med,1,2.2857142857142816,1.0,87,0.011494252873563218
ny_med_pos_high,ny_low_pos_low,down_large,1,-4.270194986072434,0.0,87,0.011494252873563218
ny_med_pos_high,ny_low_pos_med,down_small,1,-0.3091482649841903,0.0,87,0.011494252873563218
ny_med_pos_high,ny_med_neg_low,up_med,1,1.5576662143826403,1.0,87,0.011494252873563218
ny_med_pos_high,ny_med_neg_med,down_large,1,-3.4034482758621136,0.0,87,0.011494252873563218
ny_med_pos_high,ny_med_pos_high,down_small,1,-0.855203619909488,0.0,87,0.011494252873563218
ny_med_pos_high,ny_med_pos_high,up_med,1,2.2524752475247536,1.0,87,0.011494252873563218
ny_med_pos_high,ny_med_pos_med,up_large,1,4.833333333333315,1.0,87,0.011494252873563218
ny_med_pos_high,ny_med_pos_med,up_small,1,0.15448275862068336,1.0,87,0.011494252873563218
ny_med_pos_low,ny_med_pos_low,down_small,8,-0.5311320810183133,0.0,121,0.06611570247933884
ny_med_pos_low,ny_med_pos_low,up_med,7,1.720985658335197,1.0,121,0.05785123966942149
ny_med_pos_low,ny_med_pos_low,up_large,4,4.115926376979955,1.0,121,0.03305785123966942
ny_med_pos_low,ny_med_pos_low,up_small,4,0.7517818471456961,1.0,121,0.03305785123966942
ny_med_pos_low,ny_high_neg_low,up_small,3,0.4303803062228899,1.0,121,0.024793388429752067
ny_med_pos_low,ny_low_neg_low,up_med,3,2.096653785489016,1.0,121,0.024793388429752067
ny_med_pos_low,ny_low_pos_low,down_small,3,-0.5155754624011423,0.0,121,0.024793388429752067
ny_med_pos_low,ny_med_pos_med,up_large,3,5.051140063489143,1.0,121,0.024793388429752067
ny_med_pos_low,asia_high_pos_high,up_large,2,6.534457831325296,1.0,121,0.01652892561983471
ny_med_pos_low,late_high_pos_high,up_med,2,1.5512650779641237,1.0,121,0.01652892561983471
ny_med_pos_low,late_med_pos_high,down_small,2,0.0,0.0,121,0.01652892561983471
ny_med_pos_low,ny_high_neg_low,up_med,2,1.3620276950938668,1.0,121,0.01652892561983471
ny_med_pos_low,ny_high_neg_med,up_large,2,5.638215700024779,1.0,121,0.01652892561983471
ny_med_pos_low,ny_high_pos_low,down_med,2,-1.7864105836956168,0.0,121,0.01652892561983471
ny_med_pos_low,ny_high_pos_low,up_large,2,2.8742328764205705,1.0,121,0.01652892561983471
ny_med_pos_low,ny_high_pos_low,up_small,2,0.7576910097614091,1.0,121,0.01652892561983471
ny_med_pos_low,ny_high_pos_med,down_small,2,-0.5422102491619607,0.0,121,0.01652892561983471
ny_med_pos_low,ny_low_pos_low,down_med,2,-2.2822229788521815,0.0,121,0.01652892561983471
ny_med_pos_low,ny_low_pos_low,up_large,2,3.5188790423411245,1.0,121,0.01652892561983471
ny_med_pos_low,ny_low_pos_low,up_med,2,1.835324315515002,1.0,121,0.01652892561983471
ny_med_pos_low,ny_low_pos_low,up_small,2,0.5275404469235578,1.0,121,0.01652892561983471
ny_med_pos_low,ny_low_pos_med,down_small,2,-0.8043997800110242,0.0,121,0.01652892561983471
ny_med_pos_low,ny_low_pos_med,up_large,2,4.195653432529071,1.0,121,0.01652892561983471
ny_med_pos_low,ny_med_neg_low,down_small,2,-0.8477690056234939,0.0,121,0.01652892561983471
ny_med_pos_low,ny_med_pos_high,down_med,2,-2.0445629218601065,0.0,121,0.01652892561983471
ny_med_pos_low,ny_med_pos_high,up_small,2,0.33894616097295877,1.0,121,0.01652892561983471
ny_med_pos_low,ny_med_pos_low,down_med,2,-1.9499216194111382,0.0,121,0.01652892561983471
ny_med_pos_low,ny_med_pos_med,down_small,2,-0.5945854609403083,0.0,121,0.01652892561983471
ny_med_pos_low,asia_low_neg_high,down_small,1,-0.9921259842520128,0.0,121,0.008264462809917356
ny_med_pos_low,asia_low_pos_high,up_large,1,4.666666666666595,1.0,121,0.008264462809917356
ny_med_pos_low,asia_med_neg_high,down_large,1,-4.199999999999988,0.0,121,0.008264462809917356
ny_med_pos_low,late_high_neg_high,up_med,1,2.2909090909091896,1.0,121,0.008264462809917356
ny_med_pos_low,late_high_pos_high,down_med,1,-1.1729055258467107,0.0,121,0.008264462809917356
ny_med_pos_low,late_high_pos_high,up_small,1,1.1297468354430678,1.0,121,0.008264462809917356
ny_med_pos_low,late_low_neg_high,down_large,1,-3.0165745856353787,0.0,121,0.008264462809917356
ny_med_pos_low,late_low_neg_high,down_small,1,-0.7659574468085212,0.0,121,0.008264462809917356
ny_med_pos_low,late_low_neg_med,up_med,1,1.4126333059885448,1.0,121,0.008264462809917356
ny_med_pos_low,late_low_pos_high,down_small,1,-0.6577181208053821,0.0,121,0.008264462809917356
ny_med_pos_low,late_low_pos_med,down_small,1,-0.8446069469835341,0.0,121,0.008264462809917356
ny_med_pos_low,late_med_pos_high,up_med,1,1.1666666666666667,1.0,121,0.008264462809917356
ny_med_pos_low,late_med_pos_med,up_med,1,1.5000000000000053,1.0,121,0.008264462809917356
ny_med_pos_low,london_med_pos_high,up_small,1,0.358974358974359,1.0,121,0.008264462809917356
ny_med_pos_low,ny_high_neg_high,down_med,1,-1.9983466519702537,0.0,121,0.008264462809917356
ny_med_pos_low,ny_high_neg_high,down_small,1,-0.8020833333333713,0.0,121,0.008264462809917356
ny_med_pos_low,ny_high_neg_low,down_small,1,-0.1474201474201803,0.0,121,0.008264462809917356
ny_med_pos_low,ny_high_neg_low,up_large,1,5.441860465116278,1.0,121,0.008264462809917356
ny_med_pos_low,ny_high_neg_med,down_med,1,-2.192700729927005,0.0,121,0.008264462809917356
ny_med_pos_low,ny_high_neg_med,down_small,1,-0.8291629162916208,0.0,121,0.008264462809917356
ny_med_pos_low,ny_high_pos_high,down_med,1,-1.5586013986013958,0.0,121,0.008264462809917356
ny_med_pos_low,ny_high_pos_high,down_small,1,-0.32885906040264784,0.0,121,0.008264462809917356
ny_med_pos_low,ny_high_pos_high,up_large,1,2.812652068126487,1.0,121,0.008264462809917356
ny_med_pos_low,ny_high_pos_high,up_med,1,1.7434773076079955,1.0,121,0.008264462809917356
ny_med_pos_low,ny_high_pos_high,up_small,1,1.0109409190371899,1.0,121,0.008264462809917356
ny_med_pos_low,ny_high_pos_low,down_small,1,-0.5492520462884947,0.0,121,0.008264462809917356
ny_med_pos_low,ny_high_pos_med,down_med,1,-2.3977900552486333,0.0,121,0.008264462809917356
ny_med_pos_low,ny_low_neg_high,up_large,1,5.7217391304347895,1.0,121,0.008264462809917356
ny_med_pos_low,ny_low_neg_low,down_large,1,-3.913232104121508,0.0,121,0.008264462809917356
ny_med_pos_low,ny_low_neg_low,down_small,1,-0.9722222222222221,0.0,121,0.008264462809917356
ny_med_pos_low,ny_low_neg_med,down_large,1,-2.7488584474886033,0.0,121,0.008264462809917356
ny_med_pos_low,ny_low_neg_med,up_small,1,1.1070615034168807,1.0,121,0.008264462809917356
ny_med_pos_low,ny_low_pos_high,down_small,1,-0.39436619718310045,0.0,121,0.008264462809917356
ny_med_pos_low,ny_low_pos_high,up_large,1,4.074218749999974,1.0,121,0.008264462809917356
ny_med_pos_low,ny_low_pos_low,down_large,1,-4.5533980582524025,0.0,121,0.008264462809917356
ny_med_pos_low,ny_low_pos_med,up_med,1,1.6007751937984478,1.0,121,0.008264462809917356
ny_med_pos_low,ny_med_neg_low,down_large,1,-5.238095238095246,0.0,121,0.008264462809917356
ny_med_pos_low,ny_med_neg_low,up_large,1,4.0739030023094545,1.0,121,0.008264462809917356
ny_med_pos_low,ny_med_neg_low,up_med,1,2.7169017049042132,1.0,121,0.008264462809917356
ny_med_pos_low,ny_med_neg_med,down_large,1,-2.9236947791164662,0.0,121,0.008264462809917356
ny_med_pos_low,ny_med_pos_high,down_large,1,-4.552147239263714,0.0,121,0.008264462809917356
ny_med_pos_low,ny_med_pos_high,up_large,1,6.429629629629686,1.0,121,0.008264462809917356
ny_med_pos_low,ny_med_pos_low,down_large,1,-4.545761757251559,0.0,121,0.008264462809917356
ny_med_pos_low,ny_med_pos_med,down_large,1,-2.9336437718277324,0.0,121,0.008264462809917356
ny_med_pos_low,ny_med_pos_med,down_med,1,-1.421686746987956,0.0,121,0.008264462809917356
ny_med_pos_low,ny_med_pos_med,up_med,1,1.519832985386175,1.0,121,0.008264462809917356
ny_med_pos_med,ny_med_pos_low,up_small,6,0.4816661766398904,1.0,110,0.05454545454545454
ny_med_pos_med,ny_low_pos_low,down_med,5,-1.8797959364916323,0.0,110,0.045454545454545456
ny_med_pos_med,ny_low_pos_low,up_med,4,1.5171976556077709,1.0,110,0.03636363636363636
ny_med_pos_med,ny_low_pos_low,up_small,4,0.42394207882109436,1.0,110,0.03636363636363636
ny_med_pos_med,ny_med_pos_med,down_large,4,-3.802556386233088,0.0,110,0.03636363636363636
ny_med_pos_med,ny_med_pos_med,down_med,4,-2.1489997789041233,0.0,110,0.03636363636363636
ny_med_pos_med,asia_low_pos_high,up_large,3,5.741128292722209,1.0,110,0.02727272727272727
ny_med_pos_med,ny_high_pos_high,up_med,3,1.2975071723325506,1.0,110,0.02727272727272727
ny_med_pos_med,ny_low_pos_high,up_large,3,3.5394445905535754,1.0,110,0.02727272727272727
ny_med_pos_med,ny_med_pos_low,down_large,3,-4.131064859059692,0.0,110,0.02727272727272727
ny_med_pos_med,ny_med_pos_med,up_small,3,0.3302721277504789,1.0,110,0.02727272727272727
ny_med_pos_med,ny_high_pos_high,down_med,2,-1.524755455229488,0.0,110,0.01818181818181818
ny_med_pos_med,ny_high_pos_high,down_small,2,-0.6358671010871073,0.0,110,0.01818181818181818
ny_med_pos_med,ny_high_pos_high,up_small,2,0.7572532549713028,1.0,110,0.01818181818181818
ny_med_pos_med,ny_high_pos_low,up_med,2,1.8569894600340096,1.0,110,0.01818181818181818
ny_med_pos_med,ny_high_pos_med,down_large,2,-3.8320317537072786,0.0,110,0.01818181818181818
ny_med_pos_med,ny_high_pos_med,up_med,2,2.106545693489656,1.0,110,0.01818181818181818
ny_med_pos_med,ny_low_pos_low,up_large,2,4.475395319418108,1.0,110,0.01818181818181818
ny_med_pos_med,ny_low_pos_med,down_small,2,-0.6945169595275855,0.0,110,0.01818181818181818
ny_med_pos_med,ny_low_pos_med,up_large,2,3.7249322493224923,1.0,110,0.01818181818181818
ny_med_pos_med,ny_low_pos_med,up_med,2,1.5888694402262782,1.0,110,0.01818181818181818
ny_med_pos_med,ny_low_pos_med,up_small,2,0.7237436175277718,1.0,110,0.01818181818181818
ny_med_pos_med,ny_med_pos_high,down_med,2,-1.7715511347602115,0.0,110,0.01818181818181818
ny_med_pos_med,ny_med_pos_high,up_small,2,0.38472868217056355,1.0,110,0.01818181818181818
ny_med_pos_med,ny_med_pos_low,down_small,2,-0.766010685374567,0.0,110,0.01818181818181818
ny_med_pos_med,ny_med_pos_low,up_large,2,3.6394855042874243,1.0,110,0.01818181818181818
ny_med_pos_med,ny_med_pos_low,up_med,2,2.520218936668477,1.0,110,0.01818181818181818
ny_med_pos_med,ny_med_pos_med,up_med,2,2.053851492019432,1.0,110,0.01818181818181818
ny_med_pos_med,asia_low_neg_med,up_med,1,1.931034482758627,1.0,110,0.00909090909090909
ny_med_pos_med,asia_low_pos_high,down_small,1,-0.9206680584551563,0.0,110,0.00909090909090909
ny_med_pos_med,asia_med_pos_high,up_med,1,2.489973844812542,1.0,110,0.00909090909090909
ny_med_pos_med,late_low_neg_high,up_small,1,0.8888888888888565,1.0,110,0.00909090909090909
ny_med_pos_med,late_low_pos_high,up_large,1,6.078947368421109,1.0,110,0.00909090909090909
ny_med_pos_med,late_med_pos_high,down_small,1,-1.0008826125330996,0.0,110,0.00909090909090909
ny_med_pos_med,late_med_pos_high,up_med,1,1.2650602409638563,1.0,110,0.00909090909090909
ny_med_pos_med,late_med_pos_med,up_large,1,4.358098068350664,1.0,110,0.00909090909090909
ny_med_pos_med,london_low_pos_high,up_med,1,2.0962566844919897,1.0,110,0.00909090909090909
ny_med_pos_med,london_low_pos_high,up_small,1,0.08259587020647323,1.0,110,0.00909090909090909
ny_med_pos_med,ny_high_neg_high,down_med,1,-1.6554957457891757,0.0,110,0.00909090909090909
ny_med_pos_med,ny_high_neg_low,down_small,1,-0.8299437472955723,0.0,110,0.00909090909090909
ny_med_pos_med,ny_high_neg_low,up_med,1,2.2421185372005246,1.0,110,0.00909090909090909
ny_med_pos_med,ny_high_neg_med,up_large,1,3.2943607912607247,1.0,110,0.00909090909090909
ny_med_pos_med,ny_high_pos_high,down_large,1,-4.900000000000041,0.0,110,0.00909090909090909
ny_med_pos_med,ny_high_pos_low,down_small,1,-0.346055979643742,0.0,110,0.00909090909090909
ny_med_pos_med,ny_high_pos_med,up_small,1,0.6149870801033647,1.0,110,0.00909090909090909
ny_med_pos_med,ny_low_neg_high,up_large,1,3.705882352941145,1.0,110,0.00909090909090909
ny_med_pos_med,ny_low_neg_high,up_med,1,2.370370370370372,1.0,110,0.00909090909090909
ny_med_pos_med,ny_low_neg_low,down_med,1,-2.2473886750962055,0.0,110,0.00909090909090909
ny_med_pos_med,ny_low_neg_low,down_small,1,-0.4069478908188563,0.0,110,0.00909090909090909
ny_med_pos_med,ny_low_neg_med,up_small,1,0.5964912280701649,1.0,110,0.00909090909090909
ny_med_pos_med,ny_low_pos_high,down_med,1,-1.3424657534246593,0.0,110,0.00909090909090909
ny_med_pos_med,ny_low_pos_high,down_small,1,-0.8938053097345041,0.0,110,0.00909090909090909
ny_med_pos_med,ny_low_pos_high,up_med,1,1.536050156739806,1.0,110,0.00909090909090909
ny_med_pos_med,ny_low_pos_high,up_small,1,0.5874125874125823,1.0,110,0.00909090909090909
ny_med_pos_med,ny_low_pos_low,down_large,1,-3.413786992734342,0.0,110,0.00909090909090909
ny_med_pos_med,ny_low_pos_low,down_small,1,-0.9736842105263265,0.0,110,0.00909090909090909
ny_med_pos_med,ny_low_pos_med,down_med,1,-1.8260869565217408,0.0,110,0.00909090909090909
ny_med_pos_med,ny_med_neg_low,up_large,1,3.303370786516857,1.0,110,0.00909090909090909
ny_med_pos_med,ny_med_neg_med,down_med,1,-1.559322033898275,0.0,110,0.00909090909090909
ny_med_pos_med,ny_med_neg_med,down_small,1,-0.4355555555555559,0.0,110,0.00909090909090909
ny_med_pos_med,ny_med_pos_med,down_small,1,-0.048951048951004196,0.0,110,0.00909090909090909
ny_med_pos_med,ny_med_pos_med,up_large,1,4.921501706484664,1.0,110,0.00909090909090909
