cell,n,WR%,E_R,PF,sumR,days,top_day_share,top_sym_share,jul_n,jul_E,aug_n,aug_E,tp_share,wla_n,wla_WR%,ROBUST
strategyxregimexadx=asia_burst_fade|bull|NA,33,81.8,0.2051,8.77,6.8,1,1.0,0.24,33,0.205,0,,0.06,0,,
strategyxregimexbreadth=asia_burst_fade|bull|NA,33,81.8,0.2051,8.77,6.8,1,1.0,0.24,33,0.205,0,,0.06,0,,
strategyxweekdayxregime=asia_pump_short_4h|0|neutral,35,80.0,0.2188,3.33,7.7,5,0.47,0.32,23,0.276,12,0.109,0.0,11,81.8,
strategyxweekdayxregime=late_fade|5|neutral,55,78.2,0.0726,4.91,4.0,5,0.91,0.19,36,0.093,19,0.035,0.16,19,63.2,
strategyxweekdayxregime=ny_flush_buy_4h|6|bull,35,77.1,0.1202,4.83,4.2,1,1.0,0.16,0,,35,0.12,0.0,6,33.3,
strategyxweekday=follow_3h_all|3,37,75.7,0.2055,5.57,7.6,5,0.59,0.23,33,0.228,4,0.02,0.0,4,50.0,
strategyxweekdayxhour_band=ny_flush_buy_4h|4|18-23,50,74.0,0.1837,3.12,9.2,8,0.64,0.24,20,0.097,30,0.242,0.0,17,52.9,
strategyxweekdayxregime=ny_flush_buy_4h|5|bull,34,73.5,0.1294,3.24,4.4,2,0.72,0.31,0,,34,0.129,0.0,9,55.6,
strategyxweekdayxregime=nony_momentum|0|bull,97,73.2,0.0804,4.14,7.8,1,1.0,0.12,0,,97,0.08,0.09,42,66.7,
strategyxregimexbreadth=nony_momentum|bear|>=4,52,73.1,0.0502,2.43,2.6,5,0.38,0.28,29,0.055,23,0.044,0.1,26,84.6,
strategyxweekday=ny_flush_buy_4h|5,55,72.7,0.0927,1.81,5.1,7,0.63,0.46,15,0.174,40,0.062,0.0,20,65.0,
strategyxregimexdecile_band=follow_3h_all|bear|D10,43,72.1,0.1414,2.84,6.1,7,0.79,0.15,41,0.136,2,0.245,0.0,4,100.0,
strategyxregimexdecile_band=nony_momentum|bear|D10,46,71.7,0.1114,4.36,5.1,10,0.8,0.12,38,0.121,8,0.067,0.24,8,87.5,
hour_bandxstrategy=12-17|follow_3h_all,145,71.7,0.1607,3.83,23.3,24,0.33,0.15,121,0.189,24,0.017,0.0,21,57.1,Y
strategyxregimexadx=nony_momentum|bear|20-30,102,71.6,0.0375,1.68,3.8,10,0.27,0.24,49,0.043,53,0.032,0.11,69,72.5,Y
symbolxv3=1000LUNCUSDT|N,58,70.7,0.0786,2.77,4.6,18,0.27,1.0,30,0.057,28,0.102,0.07,8,87.5,Y
strategyxweekday=asia_pump_short_4h|0,64,70.3,0.1164,2.07,7.5,8,0.48,0.29,26,0.276,38,0.007,0.0,25,60.0,
strategyxweekdayxhour_band=asia_pump_short_4h|3|0-5,63,69.8,0.056,1.36,3.5,8,0.72,0.5,28,0.137,35,-0.009,0.0,25,68.0,
strategyxregimexbreadth=ny_flush_buy_4h|bear|>=4,49,69.4,0.0977,1.73,4.8,5,1.05,0.17,15,0.095,34,0.099,0.0,9,44.4,
strategyxweekdayxregime=ny_flush_buy_4h|2|bull,80,68.8,0.2052,4.82,16.4,6,0.48,0.27,28,0.084,52,0.271,0.0,14,57.1,
mktbxstrategy=30-60|ny_flush_buy_4h,102,68.6,0.0752,2.08,7.7,4,0.55,0.21,0,,102,0.075,0.0,17,47.1,
strategyxweekdayxregime=follow_3h_all|1|neutral,51,68.6,0.187,3.3,9.5,5,0.57,0.18,48,0.178,3,0.333,0.0,4,100.0,
strategyxweekday=asia_pump_short_4h|3,73,68.5,0.0363,1.21,2.7,8,0.96,0.55,32,0.155,41,-0.056,0.0,27,66.7,
strategyxweekdayxregime=london_burst_fade|3|bear,66,68.2,0.1721,2.84,11.4,2,0.94,0.33,65,0.165,1,0.636,0.21,1,100.0,
atrpxstrategy=NA|asia_pump_short_4h,47,68.1,0.1886,4.37,8.9,6,0.47,0.46,10,0.499,37,0.105,0.0,44,65.9,
strategyxvolz=asia_pump_short_4h|NA,47,68.1,0.1886,4.37,8.9,6,0.47,0.46,10,0.499,37,0.105,0.0,44,65.9,
strategyxsymbol=burst_follow|BCHUSDT,31,67.7,0.0372,1.89,1.2,8,0.47,1.0,0,,31,0.037,0.03,2,0.0,
strategyxregimexdecile_band=burst_follow|NA|D10,34,67.6,0.1379,4.42,4.7,2,1.02,0.16,30,0.159,0,,0.5,0,,
strategyxsymbol=asia_pump_short_4h|SOLUSDT,55,67.3,0.054,1.33,3.0,43,0.45,1.0,24,0.151,31,-0.021,0.0,20,55.0,
strategyxsym_state=ny_flush_buy_4h|bear,64,67.2,0.0972,1.94,6.2,16,0.42,0.3,32,0.128,32,0.067,0.0,22,59.1,
strategyxregimexadx=ny_flush_buy_4h|bear|20-30,70,67.1,0.085,1.63,5.9,6,0.79,0.22,21,0.126,49,0.067,0.0,18,50.0,
strategyxvolz=follow_3h_all|>=5,133,66.9,0.0752,1.79,10.0,28,0.49,0.2,89,0.096,44,0.033,0.0,30,60.0,
strategyxsymbol=burst_follow|AAVEUSDT,51,66.7,0.0217,1.39,1.1,9,1.13,1.0,0,,51,0.022,0.04,11,54.5,
strategyxsymbol=burst_follow|LINKUSDT,30,66.7,0.0023,1.03,0.1,7,7.69,1.0,0,,30,0.002,0.03,2,100.0,
strategyxweekdayxregime=asia_pump_short_4h|3|bull,36,66.7,-0.009,0.96,-0.3,4,inf,inf,8,0.331,28,-0.106,0.0,12,66.7,
strategyxweekdayxhour_band=nony_momentum|1|6-11,89,66.3,0.0494,2.55,4.4,8,0.5,0.26,23,0.075,60,0.055,0.06,43,67.4,
strategyxweekdayxregime=nony_momentum|0|bear,83,66.3,0.0785,3.18,6.5,2,0.86,0.17,76,0.073,7,0.134,0.2,7,85.7,
strategyxweekdayxhour_band=nony_momentum|0|0-5,174,66.1,0.0511,2.83,8.9,7,0.53,0.21,88,0.015,86,0.088,0.07,41,70.7,
strategyxweekdayxhour_band=asia_pump_short_4h|0|0-5,50,66.0,0.1048,1.8,5.2,8,0.63,0.33,20,0.301,30,-0.026,0.0,19,52.6,
concxstrategy=NA|asia_pump_short_4h,44,65.9,0.1823,4.05,8.0,5,0.52,0.51,7,0.593,37,0.105,0.0,44,65.9,
fundxstrategy=NA|asia_pump_short_4h,44,65.9,0.1823,4.05,8.0,5,0.52,0.51,7,0.593,37,0.105,0.0,44,65.9,
mktbxstrategy=NA|asia_pump_short_4h,44,65.9,0.1823,4.05,8.0,5,0.52,0.51,7,0.593,37,0.105,0.0,44,65.9,
regimexstrategy=NA|asia_pump_short_4h,44,65.9,0.1823,4.05,8.0,5,0.52,0.51,7,0.593,37,0.105,0.0,44,65.9,
symbolxv3=PENDLEUSDT|N,44,65.9,0.0007,1.01,0.0,14,20.86,1.0,30,0.019,14,-0.038,0.05,5,40.0,
strategyxregimexadx=asia_pump_short_4h|NA|NA,44,65.9,0.1823,4.05,8.0,5,0.52,0.51,7,0.593,37,0.105,0.0,44,65.9,
strategyxsidexregime=asia_pump_short_4h|SHORT|NA,44,65.9,0.1823,4.05,8.0,5,0.52,0.51,7,0.593,37,0.105,0.0,44,65.9,
strategyxregimexbreadth=asia_pump_short_4h|NA|NA,44,65.9,0.1823,4.05,8.0,5,0.52,0.51,7,0.593,37,0.105,0.0,44,65.9,
strategyxregimextrig=asia_pump_short_4h|NA|burst_backfill,44,65.9,0.1823,4.05,8.0,5,0.52,0.51,7,0.593,37,0.105,0.0,44,65.9,
oidxsymbol=<-0.5|AAVEUSDT,41,65.9,0.0123,1.15,0.5,6,0.73,1.0,0,,41,0.012,0.02,4,100.0,
strategyxweekday=follow_3h_all|4,52,65.4,0.1182,2.68,6.1,6,0.68,0.35,32,0.157,20,0.056,0.0,14,50.0,
mktbxstrategy=30-60|nony_momentum,198,65.2,0.0604,3.45,12.0,4,0.65,0.13,0,,198,0.06,0.08,91,63.7,
strategyxsymbol=nony_momentum|BNBUSDT,66,65.2,0.0412,1.81,2.7,27,0.34,1.0,36,0.031,27,0.062,0.09,6,83.3,Y
regimexstrategy=bear|ny_flush_buy_4h,80,65.0,0.0684,1.49,5.5,7,0.62,0.22,27,0.128,53,0.038,0.0,21,47.6,
strategyxsidexregime=ny_flush_buy_4h|LONG|bear,80,65.0,0.0684,1.49,5.5,7,0.62,0.22,27,0.128,53,0.038,0.0,21,47.6,
strategyxregimextrig=ny_flush_buy_4h|bear|burst,80,65.0,0.0684,1.49,5.5,7,0.62,0.22,27,0.128,53,0.038,0.0,21,47.6,
strategyxsymbol=setup_follow|AVAXUSDT,37,64.9,0.0836,3.0,3.1,10,0.28,1.0,0,,37,0.084,0.22,18,66.7,
strategyxweekdayxhour_band=ny_flush_buy_4h|2|18-23,54,64.8,0.1544,2.52,8.3,8,0.75,0.24,28,0.171,26,0.137,0.0,15,33.3,
oidxsymbol=<-0.5|LINKUSDT,34,64.7,0.021,1.3,0.7,9,1.4,1.0,0,,34,0.021,0.06,12,58.3,
strategyxregimexdecile_band=late_fade|neutral|D4-9,73,64.4,0.0754,2.95,5.5,14,0.79,0.1,32,0.041,41,0.102,0.38,11,63.6,
strategyxweekdayxregime=burst_follow|0|bull,356,64.3,0.0478,2.21,17.0,1,1.0,0.09,0,,356,0.048,0.07,128,57.0,
strategyxweekday=ny_flush_buy_4h|2,131,64.1,0.1277,2.46,16.7,8,0.47,0.25,57,0.113,74,0.139,0.0,28,42.9,
strategyxv3=asia_pump_short_4h|Y,39,64.1,0.0767,1.47,3.0,24,0.4,0.55,19,0.105,20,0.05,0.0,6,50.0,Y
strategyxweekdayxregime=asia_pump_short_4h|5|bull,39,64.1,-0.0014,1.0,-0.1,2,inf,inf,0,,39,-0.001,0.0,14,64.3,
strategyxweekdayxregime=nony_momentum|5|bull,117,64.1,0.0001,1.0,0.0,2,81.25,69.38,0,,117,0.0,0.04,56,64.3,
mktbxvolz=30-60|>=5,224,63.8,0.0601,1.79,13.5,4,0.63,0.11,0,,224,0.06,0.04,73,57.5,
sidexsymbol=LONG|AAVEUSDT,91,63.7,0.0252,1.26,2.3,10,1.54,1.0,0,,91,0.025,0.09,28,50.0,
hour_bandxsymbol=12-17|AAVEUSDT,44,63.6,0.0916,2.49,4.0,9,0.46,1.0,0,,44,0.092,0.11,15,60.0,
strategyxweekdayxhour_band=ny_flush_buy_4h|2|12-17,77,63.6,0.1089,2.4,8.4,8,0.67,0.26,29,0.058,48,0.14,0.0,13,53.8,
strategyxweekdayxregime=nony_momentum|2|NA,44,63.6,0.0978,2.63,4.3,1,1.0,0.13,44,0.098,0,,0.45,0,,
hour_bandxsymbol=18-23|PUMPUSDT,63,63.5,0.0389,1.61,2.4,9,0.39,1.0,0,,63,0.039,0.1,22,54.5,
strategyxweekdayxregime=follow_3h_all|0|bear,52,63.5,0.0848,1.87,4.4,1,1.0,0.17,52,0.085,0,,0.0,0,,
strategyxsymbol=follow_3h_all|ETHUSDT,71,63.4,0.0358,1.24,2.5,21,0.67,1.0,66,0.012,5,0.348,0.0,4,75.0,
strategyxweekdayxhour_band=nony_momentum|6|6-11,49,63.3,0.0519,2.59,2.5,7,0.41,0.42,31,0.048,18,0.058,0.12,17,64.7,
strategyxweekdayxhour_band=follow_3h_all|0|12-17,49,63.3,0.1263,3.01,6.2,3,1.25,0.13,45,0.136,4,0.013,0.0,4,50.0,
adxxstrategy=>=30|follow_3h_all,95,63.2,0.0549,1.76,5.2,9,0.44,0.39,0,,95,0.055,0.0,56,55.4,
strategyxweekdayxhour_band=follow_3h_all|0|0-5,38,63.2,0.0129,1.16,0.5,2,1.26,0.8,38,0.013,0,,0.0,0,,
strategyxregimexadx=follow_3h_all|bull|>=30,95,63.2,0.0549,1.76,5.2,9,0.44,0.39,0,,95,0.055,0.0,56,55.4,
fundxstrategy=pos|nony_momentum,514,63.0,0.0286,1.65,14.7,40,0.4,0.23,108,0.015,406,0.032,0.06,220,62.3,
strategyxsidexregime=nony_momentum|LONG|bear,273,63.0,0.0374,1.74,10.2,17,0.51,0.15,219,0.039,54,0.033,0.1,69,73.9,
strategyxregimexbreadth=ny_flush_buy_4h|bull|2-3,54,63.0,0.1472,3.05,7.9,18,0.54,0.36,17,0.005,37,0.213,0.0,13,53.8,
strategyxregimexbreadth=follow_3h_all|bull|>=4,81,63.0,0.0658,2.08,5.3,9,0.4,0.22,2,-0.12,79,0.071,0.0,43,55.8,
adxxstrategy=>=30|nony_momentum,619,62.8,0.0323,1.8,20.0,13,0.39,0.17,22,-0.001,597,0.033,0.06,310,62.3,
sidexsymbol=LONG|BCHUSDT,78,62.8,-0.0063,0.93,-0.5,10,inf,inf,0,,78,-0.006,0.05,22,59.1,
atrpxstrategy=mid|asia_pump_short_4h,172,62.8,0.0596,1.39,10.3,43,0.43,0.25,99,0.097,73,0.008,0.0,60,58.3,
strategyxregimexadx=nony_momentum|bull|>=30,618,62.8,0.0322,1.8,19.9,12,0.39,0.17,22,-0.001,596,0.033,0.06,309,62.1,
strategyxregimexadx=ny_flush_buy_4h|bull|20-30,59,62.7,0.185,3.92,10.9,9,0.54,0.25,40,0.07,19,0.427,0.0,9,88.9,
strategyxregimexbreadth=setup_follow|bear|>=4,59,62.7,0.0253,1.53,1.5,7,0.43,0.25,29,0.029,30,0.021,0.05,34,55.9,
strategyxweekdayxhour_band=burst_follow|0|0-5,329,62.6,0.0387,1.99,12.7,8,0.46,0.21,149,0.024,180,0.051,0.07,100,60.0,
strategyxsymbol=ny_flush_buy_4h|FILUSDT,32,62.5,-0.0884,0.7,-2.8,22,inf,inf,9,-0.227,23,-0.034,0.0,5,60.0,
symbolxweekday=AAVEUSDT|6,40,62.5,0.0212,1.19,0.8,2,1.98,1.0,0,,40,0.021,0.1,15,60.0,
symbolxweekday=DOGEUSDT|3,32,62.5,0.053,1.5,1.7,1,1.0,1.0,0,,32,0.053,0.12,8,75.0,
strategyxregimexdecile_band=ny_flush_buy_4h|bull|D10,64,62.5,0.0279,1.22,1.8,11,1.59,0.82,5,0.101,59,0.022,0.0,10,70.0,
strategyxweekdayxhour_band=nony_momentum|4|6-11,80,62.5,0.0336,1.71,2.7,8,0.66,0.25,26,0.025,54,0.038,0.01,49,53.1,
strategyxweekdayxregime=follow_3h_all|6|bear,40,62.5,0.1089,2.98,4.4,2,0.96,0.3,39,0.107,1,0.174,0.0,1,100.0,
strategyxregimexbreadth=nony_momentum|bull|2-3,117,62.4,0.0433,2.16,5.1,18,0.24,0.44,39,0.041,78,0.045,0.09,72,65.3,Y
mktbxsymbol=30-60|AAVEUSDT,77,62.3,0.0152,1.17,1.2,4,1.46,1.0,0,,77,0.015,0.05,24,62.5,
strategyxweekdayxregime=ny_flush_buy_4h|1|neutral,61,62.3,0.0423,1.34,2.6,4,1.05,0.33,35,0.068,26,0.008,0.0,15,80.0,
strategyxsymbol=ny_flush_buy_4h|NEARUSDT,37,62.2,0.0313,1.33,1.2,29,0.48,1.0,18,0.025,19,0.037,0.0,7,57.1,
strategyxregimexdecile_band=burst_follow|bear|D10,206,62.1,0.0438,1.74,9.0,17,0.78,0.15,143,0.063,63,0.001,0.18,42,57.1,
strategyxregimexdecile_band=asia_pump_short_4h|neutral|D2-3,87,62.1,0.0543,1.46,4.7,25,0.51,0.73,56,0.028,31,0.102,0.0,30,63.3,
cascxstrategy=Y|nony_momentum,324,62.0,0.0308,1.72,10.0,21,0.47,0.28,29,-0.019,295,0.036,0.07,178,64.6,
strategyxvolz=follow_3h_all|2-5,121,62.0,0.0411,1.52,5.0,22,0.35,0.23,89,0.068,32,-0.035,0.0,21,42.9,
regimexstrategy=bear|nony_momentum,289,61.9,0.0353,1.69,10.2,17,0.55,0.15,235,0.036,54,0.033,0.1,70,72.9,
strategyxregimextrig=nony_momentum|bear|burst,289,61.9,0.0353,1.69,10.2,17,0.55,0.15,235,0.036,54,0.033,0.1,70,72.9,
decile_bandxstrategy=D10|follow_3h_all,170,61.8,0.0488,1.39,8.3,30,0.58,0.25,124,0.058,46,0.023,0.0,31,51.6,
fundxsymbol=neg|HYPEUSDT,34,61.8,0.0154,1.21,0.5,4,1.55,1.0,0,,34,0.015,0.03,17,58.8,
hour_bandxsymbol=12-17|LINKUSDT,34,61.8,-0.0162,0.88,-0.6,9,inf,inf,0,,34,-0.016,0.09,8,62.5,
strategyxregimexdecile_band=asia_pump_short_4h|neutral|D4-9,34,61.8,-0.0313,0.86,-1.1,15,inf,inf,28,-0.009,6,-0.133,0.0,8,62.5,
strategyxdecile_bandximb=follow_3h_all|D10|>=0.5,170,61.8,0.0488,1.39,8.3,30,0.58,0.25,124,0.058,46,0.023,0.0,31,51.6,
strategyxweekdayxregime=setup_fade|0|bull,94,61.7,0.1084,1.97,10.2,1,1.0,0.17,0,,94,0.108,0.11,60,55.0,
concxstrategy=>=6|asia_pump_short_4h,133,61.7,0.0836,1.71,11.1,18,0.32,0.21,133,0.084,0,,0.0,0,,
sidexsymbol=LONG|AVAXUSDT,73,61.6,0.0311,1.42,2.3,10,0.72,1.0,0,,73,0.031,0.14,18,72.2,
fundxstrategy=neg|follow_3h_all,151,61.6,0.0801,1.85,12.1,28,0.32,0.17,131,0.093,20,-0.006,0.0,20,50.0,
strategyxsym_state=follow_3h_all|bull,91,61.5,0.0513,1.64,4.7,15,0.49,0.29,3,-0.482,88,0.069,0.0,55,56.4,
strategyxregimexdecile_band=follow_3h_all|neutral|D4-9,52,61.5,0.0636,1.68,3.3,14,0.53,0.31,41,0.11,11,-0.108,0.0,8,50.0,
strategyxregimexadx=setup_follow|bear|>=30,70,61.4,0.0346,1.7,2.4,2,0.85,0.31,0,,70,0.035,0.16,51,62.7,
strategyxweekdayxregime=nony_momentum|2|bear,70,61.4,0.0164,1.28,1.1,3,0.9,0.29,51,0.014,19,0.024,0.04,32,62.5,
strategyxweekdayxregime=london_burst_fade|1|NA,44,61.4,0.1301,1.96,5.7,1,1.0,0.23,0,,0,,0.2,0,,
strategyxsymbol=burst_follow|PUMPUSDT,119,61.3,0.0187,1.33,2.2,10,0.43,1.0,0,,119,0.019,0.08,42,61.9,
sidexsymbol=SHORT|PENGUUSDT,75,61.3,-0.0073,0.94,-0.5,10,inf,inf,0,,75,-0.007,0.07,20,65.0,
strategyxregimexadx=follow_3h_all|neutral|NA,287,61.3,0.0459,1.41,13.2,8,0.41,0.18,287,0.046,0,,0.0,0,,
strategyxregimexbreadth=follow_3h_all|neutral|NA,287,61.3,0.0459,1.41,13.2,8,0.41,0.18,287,0.046,0,,0.0,0,,
cascxstrategy=Y|follow_3h_all,93,61.3,0.043,1.46,4.0,19,0.57,0.34,20,-0.02,73,0.06,0.0,50,56.0,
cascxsymbol=Y|PENDLEUSDT,31,61.3,0.038,1.38,1.2,4,0.88,1.0,0,,31,0.038,0.06,11,54.5,
strategyxweekdayxhour_band=nony_momentum|0|6-11,62,61.3,0.0458,2.4,2.8,7,0.65,0.21,33,0.045,29,0.046,0.06,21,52.4,
oidxsymbol=<-0.5|FETUSDT,54,61.1,0.0199,1.24,1.1,18,0.65,1.0,13,-0.025,41,0.034,0.06,34,55.9,
strategyxregimexdecile_band=nony_momentum|bear|D2-3,203,61.1,0.0277,1.52,5.6,17,0.35,0.21,168,0.028,35,0.026,0.08,48,70.8,Y
mktbxstrategy=>=60|nony_momentum,77,61.0,0.0318,1.96,2.5,2,0.86,0.15,0,,77,0.032,0.05,30,53.3,
hour_bandxstrategy=6-11|follow_3h_all,100,61.0,0.0497,1.41,5.0,21,0.79,0.21,84,0.048,16,0.06,0.0,13,53.8,
strategyxweekday=ny_burst_fade|2,41,61.0,0.0565,1.44,2.3,1,1.0,0.63,41,0.057,0,,0.1,0,,
strategyxregimexdecile_band=follow_3h_all|bull|D10,41,61.0,0.0108,1.1,0.4,9,4.03,1.59,2,-0.12,39,0.017,0.0,22,50.0,
strategyxweekdayxhour_band=ny_burst_fade|2|12-17,41,61.0,0.0565,1.44,2.3,1,1.0,0.63,41,0.057,0,,0.1,0,,
strategyxweekdayxhour_band=nony_momentum|5|6-11,87,60.9,0.0291,1.71,2.5,8,0.63,0.2,26,0.024,61,0.031,0.03,38,60.5,
trig=burst_backfill,69,60.9,0.1228,2.73,8.5,5,0.66,0.5,18,0.312,51,0.056,0.0,69,60.9,
adxxstrategy=NA|asia_pump_short_4h,120,60.8,0.1219,2.34,14.6,14,0.28,0.28,83,0.13,37,0.105,0.0,44,65.9,Y
breadthxstrategy=NA|asia_pump_short_4h,120,60.8,0.1219,2.34,14.6,14,0.28,0.28,83,0.13,37,0.105,0.0,44,65.9,Y
spreadxstrategy=NA|asia_pump_short_4h,120,60.8,0.1219,2.34,14.6,14,0.28,0.28,83,0.13,37,0.105,0.0,44,65.9,Y
strategyxsym_state=asia_pump_short_4h|NA,120,60.8,0.1219,2.34,14.6,14,0.28,0.28,83,0.13,37,0.105,0.0,44,65.9,Y
adxxstrategy=<20|late_fade,74,60.8,0.0748,3.29,5.5,2,1.03,0.14,74,0.075,0,,0.34,17,47.1,
strategyxregimexadx=late_fade|neutral|<20,74,60.8,0.0748,3.29,5.5,2,1.03,0.14,74,0.075,0,,0.34,17,47.1,
atrpxsymbol=hi|AAVEUSDT,117,60.7,0.0305,1.37,3.6,9,0.47,1.0,0,,117,0.03,0.07,33,57.6,
cascxsymbol=Y|AAVEUSDT,66,60.6,-0.0036,0.96,-0.2,3,inf,inf,0,,66,-0.004,0.06,19,57.9,
decile_bandxstrategy=D10|fade_3h_london,33,60.6,0.1534,2.42,5.1,12,0.52,0.46,24,0.191,9,0.053,0.0,5,80.0,
symbolxv3=AAVEUSDT|N,99,60.6,0.0158,1.2,1.6,10,0.53,1.0,0,,99,0.016,0.06,20,60.0,
symbolxvs=ETHUSDT|Y,33,60.6,0.111,1.92,3.7,8,0.89,1.0,2,-0.171,31,0.129,0.24,22,68.2,
strategyxdecile_bandximb=fade_3h_london|D10|<0.5,33,60.6,0.1534,2.42,5.1,12,0.52,0.46,24,0.191,9,0.053,0.0,5,80.0,
strategyxweekdayxregime=ny_flush_buy_4h|4|neutral,66,60.6,0.0585,1.54,3.9,4,0.69,0.31,53,0.104,13,-0.126,0.0,13,23.1,
strategyxweekend=follow_3h_all|False,408,60.5,0.0695,1.65,28.4,27,0.27,0.13,345,0.066,63,0.09,0.0,53,56.6,Y
strategyxdecile_bandximb=ny_burst_fade|D2-3|<0.5,38,60.5,0.0813,1.9,3.1,2,1.11,0.38,30,0.115,0,,0.11,0,,
strategyxregimexbreadth=late_fade|neutral|>=4,200,60.5,0.0661,2.64,13.2,9,0.65,0.08,84,0.064,116,0.068,0.35,45,55.6,
atrpxstrategy=hi|follow_3h_all,253,60.5,0.0479,1.6,12.1,28,0.44,0.12,148,0.07,105,0.016,0.0,63,52.4,
strategyxweekdayxhour_band=burst_follow|1|6-11,220,60.5,0.0249,1.58,5.5,8,0.61,0.26,90,0.028,120,0.034,0.05,82,64.6,
strategyxsymbol=setup_follow|SOLUSDT,179,60.3,0.0088,1.13,1.6,58,0.55,1.0,87,0.016,90,0.001,0.11,88,60.2,
oidxstrategy=NA|asia_pump_short_4h,121,60.3,0.118,2.27,14.3,15,0.29,0.29,84,0.124,37,0.105,0.0,45,64.4,Y
symbolxv3=BCHUSDT|N,78,60.3,-0.0253,0.76,-2.0,9,inf,inf,0,,78,-0.025,0.03,16,56.2,
strategyxweekdayxhour_band=nony_momentum|0|12-17,78,60.3,0.0569,2.05,4.4,7,0.8,0.14,59,0.063,19,0.038,0.19,18,50.0,
adxxstrategy=<20|london_burst_fade,88,60.2,0.0656,1.56,5.8,6,0.65,0.3,50,0.058,38,0.076,0.14,48,58.3,
strategyxregimexadx=london_burst_fade|neutral|<20,88,60.2,0.0656,1.56,5.8,6,0.65,0.3,50,0.058,38,0.076,0.14,48,58.3,
strategyxregimexbreadth=nony_momentum|bull|>=4,571,60.1,0.0247,1.55,14.1,18,0.43,0.17,82,-0.002,489,0.029,0.06,218,58.3,
strategyxregimexdecile_band=nony_momentum|bull|D2-3,601,60.1,0.0299,1.7,18.0,20,0.4,0.21,127,-0.007,474,0.04,0.06,267,61.8,
atrpxsymbol=hi|1000LUNCUSDT,70,60.0,0.025,1.3,1.7,15,0.49,1.0,17,0.023,53,0.025,0.06,27,48.1,
breadthxstrategy=>=4|fade_3h_late,30,60.0,0.0584,1.45,1.8,7,2.04,1.56,8,0.478,22,-0.094,0.0,13,46.2,
cascxsymbol=Y|LINKUSDT,45,60.0,0.0028,1.03,0.1,3,1.7,1.0,0,,45,0.003,0.07,17,58.8,
imbxstrategy=<0.5|ny_burst_fade,45,60.0,0.0536,1.53,2.4,2,1.05,0.48,35,0.073,0,,0.09,0,,
sidexstrategy=LONG|ny_burst_fade,45,60.0,0.0536,1.53,2.4,2,1.05,0.48,35,0.073,0,,0.09,0,,
sidexsymbol=LONG|PENDLEUSDT,240,60.0,0.0128,1.15,3.1,62,0.68,1.0,116,-0.021,122,0.054,0.11,100,64.0,
strategyxsymbol=follow_3h_all|1000PEPEUSDT,30,60.0,0.0632,1.54,1.9,14,0.59,1.0,29,0.071,1,-0.162,0.0,0,,
symbolxweekday=AAVEUSDT|0,35,60.0,-0.0094,0.89,-0.3,2,inf,inf,0,,35,-0.009,0.06,6,66.7,
strategyxweekdayxhour_band=ny_flush_buy_4h|6|12-17,50,60.0,0.0134,1.12,0.7,6,5.32,1.15,12,-0.172,38,0.072,0.0,9,44.4,
strategyxweekdayxregime=setup_follow|2|NA,45,60.0,0.0547,2.18,2.5,1,1.0,0.29,45,0.055,0,,0.16,0,,
strategyxweekdayxregime=burst_follow|0|bear,215,60.0,0.0363,1.68,7.8,2,1.06,0.17,179,0.046,36,-0.013,0.14,32,59.4,
strategyxweekdayxhour_band=nony_momentum|2|0-5,137,59.9,0.0336,1.54,4.6,7,1.23,0.14,130,0.031,7,0.083,0.15,23,60.9,
strategyxsidexregime=late_fade|SHORT|neutral,306,59.8,0.0555,2.58,17.0,21,0.54,0.12,165,0.041,141,0.072,0.27,75,58.7,
strategyxsym_state=nony_momentum|bull,709,59.8,0.0184,1.36,13.0,33,0.55,0.26,114,-0.028,595,0.027,0.06,360,58.9,
fundxstrategy=flat|asia_pump_short_4h,199,59.8,0.0655,1.44,13.0,45,0.34,0.29,92,0.124,107,0.015,0.0,70,50.0,Y
strategyxregimexdecile_band=follow_3h_all|neutral|D2-3,184,59.8,0.0333,1.3,6.1,11,0.44,0.45,181,0.034,3,-0.033,0.0,2,0.0,
hour_bandxstrategy=6-11|asia_pump_short_4h,82,59.8,0.0181,1.1,1.5,33,1.76,1.34,29,0.207,53,-0.086,0.0,29,65.5,
regimexvolz=bear|>=5,385,59.7,0.0368,1.32,14.2,16,0.36,0.15,170,0.034,215,0.039,0.14,175,56.0,Y
strategyxweekdayxhour_band=burst_follow|0|6-11,226,59.7,0.0341,1.83,7.7,8,0.66,0.24,112,0.021,114,0.047,0.08,86,58.1,
sym_statexsymbol=bull|BCHUSDT,62,59.7,-0.0009,0.99,-0.1,6,inf,inf,0,,62,-0.001,0.05,15,53.3,
oidxstrategy=<-0.5|asia_pump_short_4h,57,59.6,-0.061,0.74,-3.5,24,inf,inf,13,0.027,44,-0.087,0.0,29,51.7,
strategyxweekday=follow_3h_all|6,104,59.6,0.0555,1.7,5.8,6,0.72,0.43,76,0.1,28,-0.066,0.0,16,50.0,
strategyxregimexdecile_band=london_burst_fade|bear|D4-9,52,59.6,0.1205,2.06,6.3,10,0.51,0.81,45,0.083,7,0.359,0.23,6,83.3,
strategyxweekdayxregime=late_fade|6|neutral,151,59.6,0.0552,2.26,8.3,4,1.07,0.08,31,0.02,120,0.064,0.33,30,63.3,
imbxsymbol=>=0.5|AAVEUSDT,99,59.6,0.0139,1.13,1.4,9,0.56,1.0,0,,99,0.014,0.09,24,54.2,
oidxstrategy=mid|asia_pump_short_4h,198,59.6,0.0303,1.16,6.0,37,0.76,0.48,66,0.075,132,0.008,0.0,78,51.3,
strategyxweekdayxregime=late_fade|0|neutral,99,59.6,0.0611,2.67,6.0,5,0.94,0.1,82,0.07,17,0.017,0.29,33,48.5,
strategyxsym_state=asia_pump_short_4h|neutral,126,59.5,-0.0081,0.96,-1.0,33,inf,inf,60,0.019,66,-0.033,0.0,59,52.5,
strategyxweekdayxregime=burst_follow|1|bear,126,59.5,0.0089,1.12,1.1,4,1.61,0.96,115,0.007,11,0.027,0.1,25,64.0,
strategyxsidexregime=nony_momentum|LONG|bull,741,59.5,0.0243,1.53,18.0,20,0.44,0.19,165,-0.009,576,0.034,0.06,294,62.2,
breadthxstrategy=>=4|asia_pump_short_4h,163,59.5,-0.013,0.94,-2.1,24,inf,inf,22,0.194,141,-0.045,0.0,52,51.9,
adxxstrategy=NA|follow_3h_all,464,59.5,0.0567,1.5,26.3,14,0.29,0.16,464,0.057,0,,0.0,0,,
breadthxstrategy=NA|follow_3h_all,464,59.5,0.0567,1.5,26.3,14,0.29,0.16,464,0.057,0,,0.0,0,,
oidxstrategy=NA|follow_3h_all,464,59.5,0.0567,1.5,26.3,14,0.29,0.16,464,0.057,0,,0.0,0,,
spreadxstrategy=NA|follow_3h_all,464,59.5,0.0567,1.5,26.3,14,0.29,0.16,464,0.057,0,,0.0,0,,
strategyxsym_state=follow_3h_all|NA,464,59.5,0.0567,1.5,26.3,14,0.29,0.16,464,0.057,0,,0.0,0,,
mktbxstrategy=30-60|follow_3h_all,37,59.5,0.0827,2.59,3.1,4,0.75,0.28,0,,37,0.083,0.0,21,66.7,
oidxsymbol=<-0.5|AVAXUSDT,37,59.5,-0.0411,0.69,-1.5,7,inf,inf,0,,37,-0.041,0.08,4,50.0,
strategyxsymbol=asia_pump_short_4h|XRPUSDT,37,59.5,0.0582,1.36,2.2,31,0.45,1.0,12,0.18,25,-0.0,0.0,12,41.7,
strategyxregimexdecile_band=asia_pump_short_4h|bull|D4-9,37,59.5,0.0464,1.26,1.7,12,1.35,1.63,4,0.188,33,0.029,0.0,11,54.5,
strategyxweekdayxhour_band=ny_flush_buy_4h|1|12-17,74,59.5,0.0267,1.23,2.0,8,1.54,0.48,30,0.152,44,-0.059,0.0,15,80.0,
strategyxweekday=late_fade|5,101,59.4,0.03,1.86,3.0,8,1.2,0.22,47,0.075,54,-0.01,0.11,35,48.6,
strategyxweekdayxhour_band=late_fade|5|18-23,101,59.4,0.03,1.86,3.0,8,1.2,0.22,47,0.075,54,-0.01,0.11,35,48.6,
hour_bandxsymbol=12-17|BCHUSDT,32,59.4,-0.095,0.48,-3.0,8,inf,inf,0,,32,-0.095,0.12,7,42.9,
strategyxregimexbreadth=burst_follow|bear|>=4,224,59.4,0.0167,1.29,3.7,10,0.44,0.33,117,0.019,107,0.014,0.08,73,53.4,
breadthxsymbol=>=4|BCHUSDT,91,59.3,-0.0014,0.99,-0.1,10,inf,inf,0,,91,-0.001,0.05,18,61.1,
hour_bandxmktb=0-5|>=60,91,59.3,-0.0013,0.96,-0.1,1,inf,inf,0,,91,-0.001,0.0,12,50.0,
strategyxweekdayxhour_band=nony_momentum|5|0-5,59,59.3,-0.0527,0.5,-3.1,7,inf,inf,15,-0.023,44,-0.063,0.05,20,55.0,
breadthxstrategy=>=4|follow_3h_all,113,59.3,0.0345,1.4,3.9,19,0.55,0.38,16,-0.06,97,0.05,0.0,58,56.9,
concxdecile_band=NA|D10,130,59.2,0.0023,1.01,0.3,7,5.41,3.59,102,-0.023,17,0.133,0.28,25,68.0,
decile_bandxfund=D10|NA,130,59.2,0.0023,1.01,0.3,7,5.41,3.59,102,-0.023,17,0.133,0.28,25,68.0,
decile_bandxmktb=D10|NA,130,59.2,0.0023,1.01,0.3,7,5.41,3.59,102,-0.023,17,0.133,0.28,25,68.0,
decile_bandxregime=D10|NA,130,59.2,0.0023,1.01,0.3,7,5.41,3.59,102,-0.023,17,0.133,0.28,25,68.0,
concxstrategy=2-3|follow_3h_all,76,59.2,0.0123,1.17,0.9,11,1.75,0.58,8,-0.108,68,0.026,0.0,21,42.9,
decile_bandxstrategy=D4-9|asia_pump_short_4h,98,59.2,0.0302,1.17,3.0,36,0.78,1.21,39,0.09,59,-0.009,0.0,43,55.8,
strategyxdecile_bandximb=asia_pump_short_4h|D4-9|<0.5,98,59.2,0.0302,1.17,3.0,36,0.78,1.21,39,0.09,59,-0.009,0.0,43,55.8,
atrpxsymbol=hi|BCHUSDT,71,59.2,-0.01,0.89,-0.7,9,inf,inf,0,,71,-0.01,0.03,13,53.8,
strategyxweekdayxhour_band=london_burst_fade|2|12-17,137,59.1,0.119,1.9,16.3,8,0.38,0.34,71,0.151,66,0.084,0.24,43,69.8,
decile_bandxmktb=D10|30-60,269,59.1,0.0478,1.58,12.8,4,0.64,0.12,0,,269,0.048,0.05,85,56.5,
strategyxdecile_bandximb=late_fade|D10|>=0.5,83,59.0,0.0558,2.47,4.6,22,0.51,0.13,53,0.026,30,0.109,0.29,20,70.0,
sidexsymbol=LONG|LINKUSDT,78,59.0,0.042,1.64,3.3,10,0.49,1.0,0,,78,0.042,0.12,23,56.5,
regimexstrategy=neutral|follow_3h_all,319,58.9,0.0304,1.25,9.7,17,0.56,0.23,300,0.037,19,-0.074,0.0,15,33.3,
strategyxsidexregime=follow_3h_all|LONG|neutral,319,58.9,0.0304,1.25,9.7,17,0.56,0.23,300,0.037,19,-0.074,0.0,15,33.3,
strategyxregimextrig=follow_3h_all|neutral|burst,319,58.9,0.0304,1.25,9.7,17,0.56,0.23,300,0.037,19,-0.074,0.0,15,33.3,
atrpxstrategy=hi|nony_momentum,835,58.9,0.017,1.35,14.2,45,0.43,0.22,282,0.014,553,0.018,0.05,278,60.1,
strategyxweekday=nony_momentum|0,389,58.9,0.0195,1.34,7.6,8,1.03,0.18,237,-0.012,152,0.069,0.09,107,61.7,
regimexstrategy=bull|nony_momentum,775,58.8,0.0229,1.5,17.8,20,0.44,0.22,171,-0.01,604,0.032,0.06,322,61.2,
strategyxregimextrig=nony_momentum|bull|burst,775,58.8,0.0229,1.5,17.8,20,0.44,0.22,171,-0.01,604,0.032,0.06,322,61.2,
mktbxsymbol=30-60|DASHUSDT,51,58.8,0.0254,1.27,1.3,4,0.72,1.0,0,,51,0.025,0.04,22,63.6,
symbolxv3=ICPUSDT|N,85,58.8,-0.0016,0.98,-0.1,17,inf,inf,50,-0.0,35,-0.003,0.08,12,58.3,
strategy=follow_3h_all,602,58.8,0.0473,1.43,28.5,37,0.27,0.14,482,0.05,120,0.036,0.0,80,52.5,Y
imbxstrategy=>=0.5|follow_3h_all,602,58.8,0.0473,1.43,28.5,37,0.27,0.14,482,0.05,120,0.036,0.0,80,52.5,Y
sessionxstrategy=None|follow_3h_all,602,58.8,0.0473,1.43,28.5,37,0.27,0.14,482,0.05,120,0.036,0.0,80,52.5,Y
sidexstrategy=LONG|follow_3h_all,602,58.8,0.0473,1.43,28.5,37,0.27,0.14,482,0.05,120,0.036,0.0,80,52.5,Y
strategyxvs=follow_3h_all|N,602,58.8,0.0473,1.43,28.5,37,0.27,0.14,482,0.05,120,0.036,0.0,80,52.5,Y
strategyxweekday=follow_3h_all|0,131,58.8,0.0433,1.37,5.7,5,0.78,0.22,122,0.028,9,0.247,0.0,14,42.9,
mktbxsym_state=30-60|neutral,114,58.8,0.0074,1.08,0.8,3,1.25,2.05,0,,114,0.007,0.05,41,56.1,
mktbxspread=>=60|2-5,97,58.8,0.0191,1.31,1.9,2,0.53,0.83,0,,97,0.019,0.05,25,48.0,
atrpxstrategy=mid|follow_3h_all,201,58.7,0.0373,1.29,7.5,24,0.56,0.25,186,0.027,15,0.171,0.0,16,56.2,
mktbxsymbol=30-60|BCHUSDT,46,58.7,0.0051,1.05,0.2,4,4.78,1.0,0,,46,0.005,0.04,12,50.0,
spreadxstrategy=2-5|follow_3h_all,46,58.7,-0.0095,0.92,-0.4,16,inf,inf,6,-0.162,40,0.013,0.0,30,53.3,
decile_bandxstrategy=D4-9|follow_3h_all,116,58.6,0.0622,1.74,7.2,31,0.24,0.4,66,0.11,50,-0.001,0.0,38,52.6,
strategyxdecile_bandximb=follow_3h_all|D4-9|>=0.5,116,58.6,0.0622,1.74,7.2,31,0.24,0.4,66,0.11,50,-0.001,0.0,38,52.6,
spreadxstrategy=<2|follow_3h_all,82,58.5,0.0355,1.38,2.9,18,0.57,0.73,9,-0.156,73,0.059,0.0,45,57.8,
strategyxvolz=ny_flush_buy_4h|>=5,164,58.5,-0.0205,0.88,-3.4,31,inf,inf,53,0.016,111,-0.038,0.0,23,60.9,
strategyxregimexadx=asia_pump_short_4h|neutral|20-30,94,58.5,-0.0169,0.91,-1.6,17,inf,inf,51,-0.023,43,-0.01,0.0,43,55.8,
strategyxv3=follow_3h_all|N,595,58.5,0.0462,1.42,27.5,37,0.27,0.15,475,0.049,120,0.036,0.0,80,52.5,Y
regimexstrategy=bear|follow_3h_all,166,58.4,0.0631,1.62,10.5,11,0.42,0.14,161,0.061,5,0.118,0.0,8,75.0,
strategyxsidexregime=follow_3h_all|LONG|bear,166,58.4,0.0631,1.62,10.5,11,0.42,0.14,161,0.061,5,0.118,0.0,8,75.0,
strategyxregimextrig=follow_3h_all|bear|burst,166,58.4,0.0631,1.62,10.5,11,0.42,0.14,161,0.061,5,0.118,0.0,8,75.0,
strategyxdecile_bandximb=late_fade|D4-9|>=0.5,89,58.4,0.0542,2.26,4.8,24,0.9,0.1,34,0.041,54,0.063,0.33,19,47.4,
concxstrategy=0-1|nony_momentum,423,58.4,0.0101,1.16,4.3,34,0.31,0.88,81,-0.032,342,0.02,0.09,423,58.4,
strategyxsymbol=burst_follow|BNBUSDT,233,58.4,0.0115,1.16,2.7,47,0.43,1.0,102,0.035,128,-0.007,0.09,41,58.5,
decile_bandxstrategy=D2-3|asia_pump_short_4h,257,58.4,0.0069,1.04,1.8,51,2.17,2.57,87,0.103,170,-0.042,0.0,103,57.3,
strategyxdecile_bandximb=asia_pump_short_4h|D2-3|<0.5,257,58.4,0.0069,1.04,1.8,51,2.17,2.57,87,0.103,170,-0.042,0.0,103,57.3,
breadthxstrategy=2-3|nony_momentum,281,58.4,0.0165,1.26,4.6,41,0.27,0.8,123,-0.008,158,0.036,0.1,187,61.0,
cascxstrategy=N|follow_3h_all,509,58.3,0.0481,1.43,24.5,31,0.3,0.17,462,0.053,47,-0.003,0.0,30,46.7,
concxsymbol=2-3|BCHUSDT,96,58.3,0.0047,1.05,0.5,10,2.14,1.0,0,,96,0.005,0.06,11,63.6,
oidxsymbol=<-0.5|RENDERUSDT,48,58.3,-0.0072,0.94,-0.3,14,inf,inf,9,0.016,39,-0.013,0.1,30,53.3,
sym_statexsymbol=bull|AVAXUSDT,36,58.3,0.0062,1.06,0.2,4,2.55,1.0,0,,36,0.006,0.06,12,50.0,
concxstrategy=>=6|follow_3h_all,458,58.3,0.0423,1.37,19.4,17,0.23,0.15,458,0.042,0,,0.0,0,,
concxsymbol=2-3|AAVEUSDT,139,58.3,0.025,1.25,3.5,10,0.62,1.0,0,,139,0.025,0.09,29,55.2,
cascxstrategy=N|asia_pump_short_4h,388,58.2,0.0391,1.24,15.2,52,0.49,0.44,172,0.092,216,-0.003,0.0,153,54.2,
strategyxvolz=asia_pump_short_4h|2-5,91,58.2,-0.0044,0.98,-0.4,32,inf,inf,36,0.05,55,-0.04,0.0,20,55.0,
concxstrategy=NA|london_burst_fade,79,58.2,0.1117,1.79,8.8,2,0.65,0.31,35,0.089,0,,0.23,0,,
fundxstrategy=NA|london_burst_fade,79,58.2,0.1117,1.79,8.8,2,0.65,0.31,35,0.089,0,,0.23,0,,
mktbxstrategy=NA|london_burst_fade,79,58.2,0.1117,1.79,8.8,2,0.65,0.31,35,0.089,0,,0.23,0,,
regimexstrategy=NA|london_burst_fade,79,58.2,0.1117,1.79,8.8,2,0.65,0.31,35,0.089,0,,0.23,0,,
strategyxregimexadx=london_burst_fade|NA|NA,79,58.2,0.1117,1.79,8.8,2,0.65,0.31,35,0.089,0,,0.23,0,,
strategyxregimexbreadth=london_burst_fade|NA|NA,79,58.2,0.1117,1.79,8.8,2,0.65,0.31,35,0.089,0,,0.23,0,,
strategyxregimextrig=london_burst_fade|NA|burst,79,58.2,0.1117,1.79,8.8,2,0.65,0.31,35,0.089,0,,0.23,0,,
oidxstrategy=<-0.5|nony_momentum,428,58.2,0.0074,1.13,3.2,36,0.52,0.61,117,-0.009,311,0.014,0.04,164,61.0,
strategyxweekdayxhour_band=setup_follow|6|6-11,208,58.2,0.0302,1.57,6.3,9,0.42,0.15,79,0.001,129,0.048,0.12,89,60.7,
strategyxweekdayxregime=burst_follow|6|bear,203,58.1,-0.0051,0.92,-1.0,2,inf,inf,135,0.005,68,-0.026,0.03,37,56.8,
strategyxregimexdecile_band=late_fade|neutral|D10,74,58.1,0.0426,1.79,3.2,18,0.75,0.3,49,0.043,25,0.041,0.31,17,52.9,
mktbxvolz=>=60|>=5,31,58.1,0.0127,1.31,0.4,2,1.35,0.53,0,,31,0.013,0.03,8,25.0,
strategyxsymbol=follow_3h_all|ADAUSDT,31,58.1,-0.0038,0.97,-0.1,11,inf,inf,28,0.005,3,-0.091,0.0,2,0.0,
strategyxsymbol=asia_burst_fade|HYPEUSDT,31,58.1,-0.0148,0.89,-0.5,8,inf,inf,0,,31,-0.015,0.03,12,50.0,
symbolxv3=TRUMPUSDT|Y,31,58.1,0.0044,1.05,0.1,7,5.56,1.0,0,,31,0.004,0.06,16,56.2,
symbolxvolz=LINKUSDT|>=5,31,58.1,0.0345,1.33,1.1,6,0.9,1.0,0,,31,0.035,0.16,1,100.0,
strategyxweekdayxhour_band=follow_3h_all|0|18-23,31,58.1,0.0744,1.44,2.3,5,2.19,0.55,27,0.014,4,0.48,0.0,9,33.3,
strategyxweekdayxregime=follow_3h_all|5|neutral,31,58.1,-0.0714,0.64,-2.2,1,inf,inf,31,-0.071,0,,0.0,0,,
regimexstrategy=neutral|asia_pump_short_4h,174,58.0,0.0271,1.18,4.7,26,0.75,0.72,128,0.037,46,-0.001,0.0,50,56.0,
strategyxsidexregime=asia_pump_short_4h|SHORT|neutral,174,58.0,0.0271,1.18,4.7,26,0.75,0.72,128,0.037,46,-0.001,0.0,50,56.0,
strategyxregimextrig=asia_pump_short_4h|neutral|burst,174,58.0,0.0271,1.18,4.7,26,0.75,0.72,128,0.037,46,-0.001,0.0,50,56.0,
symbolxvolz=AAVEUSDT|<2,112,58.0,0.0101,1.1,1.1,10,1.31,1.0,0,,112,0.01,0.1,34,50.0,
symbolxvs=AAVEUSDT|N,150,58.0,0.0269,1.29,4.0,10,0.42,1.0,0,,150,0.027,0.09,42,54.8,
strategyxsymbol=nony_momentum|SOLUSDT,238,58.0,0.0156,1.25,3.7,50,0.2,1.0,141,-0.001,94,0.046,0.1,97,67.0,
symbolxv3=LINKUSDT|N,69,58.0,-0.0034,0.97,-0.2,8,inf,inf,0,,69,-0.003,0.1,7,71.4,
strategyxweekend=asia_pump_short_4h|False,352,58.0,0.0326,1.2,11.5,40,0.61,0.39,143,0.134,209,-0.037,0.0,144,54.2,
concxhour_band=NA|0-5,233,57.9,0.0122,1.08,2.8,6,1.11,1.09,202,-0.008,31,0.142,0.22,37,67.6,
fundxhour_band=NA|0-5,233,57.9,0.0122,1.08,2.8,6,1.11,1.09,202,-0.008,31,0.142,0.22,37,67.6,
hour_bandxmktb=0-5|NA,233,57.9,0.0122,1.08,2.8,6,1.11,1.09,202,-0.008,31,0.142,0.22,37,67.6,
hour_bandxregime=0-5|NA,233,57.9,0.0122,1.08,2.8,6,1.11,1.09,202,-0.008,31,0.142,0.22,37,67.6,
adxxstrategy=20-30|asia_pump_short_4h,152,57.9,0.006,1.04,0.9,26,2.8,2.77,81,0.052,71,-0.047,0.0,71,49.3,
strategyxweekday=follow_3h_all|2,95,57.9,0.0177,1.13,1.7,5,4.53,0.6,89,0.01,6,0.136,0.0,9,77.8,
strategyxweekday=asia_pump_short_4h|5,57,57.9,0.007,1.03,0.4,6,5.56,2.89,9,0.095,48,-0.01,0.0,20,50.0,
hour_bandxstrategy=6-11|nony_momentum,546,57.9,0.0227,1.48,12.4,52,0.18,0.21,262,0.007,278,0.041,0.05,211,60.7,Y
concxstrategy=2-3|nony_momentum,750,57.9,0.0052,1.09,3.9,28,1.78,0.62,190,-0.03,560,0.017,0.04,224,58.5,
strategyxsymbol=setup_fade|APTUSDT,204,57.8,0.0768,1.56,15.7,61,0.14,1.0,102,0.13,101,0.024,0.14,88,56.8,Y
symbolxweekday=BNBUSDT|0,102,57.8,0.0007,1.01,0.1,8,16.28,1.0,67,0.003,35,-0.003,0.06,24,45.8,
decile_bandxsymbol=D10|1000LUNCUSDT,64,57.8,0.0355,1.31,2.3,22,0.33,1.0,36,-0.008,28,0.092,0.17,25,60.0,
sym_statexsymbol=bull|AAVEUSDT,109,57.8,0.0106,1.11,1.2,6,1.45,1.0,0,,109,0.011,0.06,35,54.3,
strategyxregimexdecile_band=ny_flush_buy_4h|bear|D2-3,45,57.8,0.0467,1.35,2.1,7,0.54,0.59,24,0.097,21,-0.011,0.0,11,27.3,
strategyxsymbol=setup_follow|PENDLEUSDT,206,57.8,0.0259,1.43,5.3,61,0.16,1.0,94,0.039,110,0.025,0.12,96,58.3,Y
mktbxstrategy=30-60|burst_follow,940,57.8,0.0201,1.41,18.9,4,0.9,0.12,0,,940,0.02,0.05,326,52.5,
oidxsymbol=<-0.5|PUMPUSDT,52,57.7,-0.0016,0.98,-0.1,9,inf,inf,0,,52,-0.002,0.06,20,55.0,
adxxsymbol=>=30|AAVEUSDT,137,57.7,0.0246,1.24,3.4,8,0.5,1.0,0,,137,0.025,0.09,41,53.7,
cascxstrategy=Y|ny_flush_buy_4h,111,57.7,0.0315,1.22,3.5,12,1.2,1.19,0,,111,0.031,0.0,31,48.4,
strategyxvolz=asia_pump_short_4h|>=5,59,57.6,0.0633,1.41,3.7,28,0.45,0.5,30,0.116,29,0.009,0.0,18,44.4,
strategyxweekdayxregime=london_burst_fade|3|neutral,59,57.6,0.0407,1.28,2.4,3,1.76,1.14,44,0.05,15,0.014,0.14,26,57.7,
strategyxweekdayxhour_band=burst_follow|3|0-5,217,57.6,0.0222,1.42,4.8,8,0.44,0.33,118,0.027,99,0.017,0.09,76,57.9,
strategyxregimexadx=follow_3h_all|bear|NA,158,57.6,0.061,1.58,9.6,7,0.46,0.16,158,0.061,0,,0.0,0,,
strategyxregimexbreadth=follow_3h_all|bear|NA,158,57.6,0.061,1.58,9.6,7,0.46,0.16,158,0.061,0,,0.0,0,,
concxsymbol=NA|NEARUSDT,33,57.6,-0.0268,0.84,-0.9,4,inf,inf,18,-0.059,1,0.122,0.15,2,100.0,
fundxsymbol=NA|NEARUSDT,33,57.6,-0.0268,0.84,-0.9,4,inf,inf,18,-0.059,1,0.122,0.15,2,100.0,
mktbxsymbol=NA|NEARUSDT,33,57.6,-0.0268,0.84,-0.9,4,inf,inf,18,-0.059,1,0.122,0.15,2,100.0,
regimexsymbol=NA|NEARUSDT,33,57.6,-0.0268,0.84,-0.9,4,inf,inf,18,-0.059,1,0.122,0.15,2,100.0,
strategyxsymbol=asia_pump_short_4h|ZECUSDT,66,57.6,0.0578,1.44,3.8,44,0.26,1.0,28,0.13,38,0.004,0.0,34,55.9,Y
fundxsymbol=pos|AAVEUSDT,113,57.5,0.0094,1.09,1.1,8,1.59,1.0,0,,113,0.009,0.07,37,54.1,
mktbxsymbol=>=60|SOLUSDT,40,57.5,0.0078,1.12,0.3,2,0.72,1.0,0,,40,0.008,0.05,17,52.9,
mktbxsymbol=30-60|UNIUSDT,40,57.5,0.0646,2.04,2.6,4,0.36,1.0,0,,40,0.065,0.05,22,54.5,
strategyxweekdayxhour_band=burst_follow|3|18-23,207,57.5,0.0212,1.46,4.4,7,0.57,0.5,96,0.021,111,0.021,0.07,82,59.8,
mktbxstrategy=<30|follow_3h_all,536,57.5,0.0335,1.28,17.9,35,0.25,0.16,474,0.037,62,0.006,0.0,53,50.9,Y
strategy=asia_pump_short_4h,463,57.5,0.0165,1.09,7.6,52,0.91,0.53,173,0.095,290,-0.03,0.0,188,53.7,
imbxstrategy=<0.5|asia_pump_short_4h,463,57.5,0.0165,1.09,7.6,52,0.91,0.53,173,0.095,290,-0.03,0.0,188,53.7,
sessionxstrategy=None|asia_pump_short_4h,463,57.5,0.0165,1.09,7.6,52,0.91,0.53,173,0.095,290,-0.03,0.0,188,53.7,
sidexstrategy=SHORT|asia_pump_short_4h,463,57.5,0.0165,1.09,7.6,52,0.91,0.53,173,0.095,290,-0.03,0.0,188,53.7,
strategyxvs=asia_pump_short_4h|N,463,57.5,0.0165,1.09,7.6,52,0.91,0.53,173,0.095,290,-0.03,0.0,188,53.7,
decile_bandxsymbol=D2-3|AAVEUSDT,94,57.4,0.0024,1.02,0.2,10,3.44,1.0,0,,94,0.002,0.07,26,46.2,
strategyxdecile_bandximb=nony_momentum|D2-3|>=0.5,1372,57.4,0.0107,1.18,14.7,57,0.49,0.31,694,-0.008,648,0.035,0.06,474,59.9,
adxxsymbol=>=30|BCHUSDT,101,57.4,0.0107,1.12,1.1,8,1.03,1.0,0,,101,0.011,0.04,33,54.5,
strategyxsymbol=london_burst_fade|ENAUSDT,101,57.4,0.0673,1.46,6.8,32,0.44,1.0,27,-0.03,73,0.102,0.17,35,60.0,
mktbxoid=>=60|<-0.5,216,57.4,0.0108,1.22,2.3,2,0.59,0.27,0,,216,0.011,0.04,62,51.6,
breadthxstrategy=1|asia_pump_short_4h,61,57.4,0.0145,1.08,0.9,34,1.31,0.86,23,0.142,38,-0.062,0.0,38,52.6,
strategyxweekdayxregime=nony_momentum|1|bull,129,57.4,0.0166,1.42,2.1,3,1.55,0.2,30,-0.04,99,0.034,0.02,41,63.4,
atrpxsymbol=hi|LINKUSDT,68,57.4,0.0158,1.22,1.1,9,0.6,1.0,0,,68,0.016,0.04,16,68.8,
symbolxweekday=TRUMPUSDT|4,68,57.4,0.0184,1.15,1.2,1,1.0,1.0,0,,68,0.018,0.16,39,61.5,
fundxstrategy=flat|follow_3h_all,286,57.3,0.0183,1.15,5.2,28,0.86,0.37,248,0.01,38,0.07,0.0,25,52.0,
strategyxsymbol=ny_flush_buy_4h|ETHUSDT,82,57.3,0.0855,1.71,7.0,48,0.31,1.0,40,0.055,42,0.114,0.0,34,55.9,Y
decile_bandxstrategy=D10|ny_flush_buy_4h,178,57.3,-0.0396,0.79,-7.1,38,inf,inf,58,0.029,120,-0.073,0.0,40,67.5,
strategyxdecile_bandximb=ny_flush_buy_4h|D10|>=0.5,178,57.3,-0.0396,0.79,-7.1,38,inf,inf,58,0.029,120,-0.073,0.0,40,67.5,
decile_bandxstrategy=D2-3|follow_3h_all,316,57.3,0.0411,1.37,13.0,25,0.37,0.31,292,0.033,24,0.137,0.0,11,54.5,Y
strategyxdecile_bandximb=follow_3h_all|D2-3|>=0.5,316,57.3,0.0411,1.37,13.0,25,0.37,0.31,292,0.033,24,0.137,0.0,11,54.5,Y
regimexstrategy=bull|ny_flush_buy_4h,353,57.2,0.049,1.46,17.3,18,0.45,0.39,47,0.044,306,0.05,0.0,67,61.2,
strategyxsidexregime=ny_flush_buy_4h|LONG|bull,353,57.2,0.049,1.46,17.3,18,0.45,0.39,47,0.044,306,0.05,0.0,67,61.2,
strategyxregimextrig=ny_flush_buy_4h|bull|burst,353,57.2,0.049,1.46,17.3,18,0.45,0.39,47,0.044,306,0.05,0.0,67,61.2,
spreadxstrategy=<2|nony_momentum,1070,57.2,0.0095,1.15,10.1,43,0.63,0.52,388,-0.013,682,0.022,0.08,506,58.3,
strategyxsymbol=burst_follow|SOLUSDT,999,57.2,0.0059,1.09,5.9,56,0.22,1.0,536,0.013,452,-0.002,0.07,370,56.2,
fundxstrategy=pos|ny_flush_buy_4h,238,57.1,0.0326,1.26,7.8,40,0.81,0.48,49,0.024,189,0.035,0.0,55,60.0,
fundxsymbol=pos|LINKUSDT,91,57.1,0.0199,1.21,1.8,6,0.31,1.0,0,,91,0.02,0.08,26,57.7,
hour_bandxsymbol=18-23|LINKUSDT,35,57.1,-0.0583,0.61,-2.0,6,inf,inf,0,,35,-0.058,0.14,13,61.5,
mktbxsymbol=30-60|SUIUSDT,77,57.1,0.0021,1.03,0.2,4,1.59,1.0,0,,77,0.002,0.04,16,50.0,
regimexsymbol=bull|BCHUSDT,105,57.1,0.0151,1.17,1.6,8,0.7,1.0,0,,105,0.015,0.05,35,54.3,
strategyxweekend=fade_3h_london|True,42,57.1,0.2271,3.31,9.5,6,0.5,0.31,33,0.24,9,0.18,0.0,6,83.3,
symbolxweekday=AVAXUSDT|6,35,57.1,-0.0521,0.65,-1.8,2,inf,inf,0,,35,-0.052,0.06,10,50.0,
symbolxweekday=PUMPUSDT|1,35,57.1,0.0326,1.4,1.1,1,1.0,1.0,0,,35,0.033,0.11,10,60.0,
symbolxweekend=AAVEUSDT|False,98,57.1,0.0186,1.18,1.8,6,0.7,1.0,0,,98,0.019,0.09,21,52.4,
strategyxregimexbreadth=nony_momentum|bull|1,63,57.1,0.0112,1.21,0.7,19,0.8,0.94,26,-0.038,37,0.046,0.05,32,71.9,
strategyxweekdayxregime=setup_fade|1|NA,42,57.1,0.1111,2.31,4.7,1,1.0,0.5,0,,0,,0.1,0,,
strategyxweekdayxhour_band=setup_follow|2|0-5,184,57.1,0.0361,1.73,6.6,9,0.35,0.16,81,0.044,103,0.03,0.12,87,59.8,
strategyxweekdayxhour_band=london_burst_fade|4|12-17,142,57.0,0.0446,1.24,6.3,8,1.11,0.2,95,0.061,47,0.011,0.2,46,60.9,
fundxsymbol=pos|BCHUSDT,100,57.0,-0.0205,0.82,-2.1,8,inf,inf,0,,100,-0.021,0.04,32,53.1,
strategyxweekdayxhour_band=burst_follow|5|6-11,200,57.0,0.0223,1.55,4.5,8,0.36,0.53,75,0.035,125,0.015,0.06,80,58.8,
strategyxweekday=follow_3h_all|1,93,57.0,0.078,1.74,7.3,6,0.38,0.19,69,0.084,24,0.06,0.0,12,66.7,
oidxstrategy=<-0.5|follow_3h_all,86,57.0,-0.0095,0.91,-0.8,18,inf,inf,10,-0.241,76,0.021,0.0,41,51.2,
symbol=AAVEUSDT,158,57.0,0.0178,1.17,2.8,10,0.6,1.0,0,,158,0.018,0.09,48,52.1,
decile_bandxsymbol=D10|ICPUSDT,79,57.0,0.0222,1.21,1.8,23,0.66,1.0,40,0.027,39,0.018,0.14,28,50.0,
sessionxsymbol=None|AAVEUSDT,158,57.0,0.0178,1.17,2.8,10,0.6,1.0,0,,158,0.018,0.09,48,52.1,
spreadxsymbol=<2|AAVEUSDT,158,57.0,0.0178,1.17,2.8,10,0.6,1.0,0,,158,0.018,0.09,48,52.1,
hour_bandxstrategy=0-5|asia_pump_short_4h,381,57.0,0.0162,1.09,6.2,52,1.01,0.5,144,0.072,237,-0.018,0.0,159,51.6,
regimexsymbol=bull|AAVEUSDT,144,56.9,0.0265,1.27,3.8,8,0.44,1.0,0,,144,0.026,0.08,44,52.3,
strategyxweekdayxregime=burst_follow|4|bear,209,56.9,0.0185,1.35,3.9,2,0.83,0.22,159,0.004,50,0.064,0.09,37,62.2,
strategyxvolz=nony_momentum|2-5,346,56.9,-0.0025,0.96,-0.9,43,inf,inf,170,-0.008,176,0.003,0.05,97,56.7,
decile_bandxstrategy=D2-3|nony_momentum,1449,56.9,0.0107,1.18,15.5,57,0.47,0.3,736,-0.007,683,0.034,0.07,512,59.2,
strategyxsidexregime=burst_follow|LONG|bull,2025,56.9,0.0156,1.3,31.6,21,0.38,0.13,368,0.008,1657,0.017,0.06,598,57.0,Y
strategyxsymbol=setup_fade|ETHUSDT,160,56.9,0.0675,1.41,10.8,54,0.21,1.0,67,-0.01,93,0.123,0.19,73,60.3,
imbxsymbol=>=0.5|BCHUSDT,102,56.9,-0.0151,0.86,-1.5,10,inf,inf,0,,102,-0.015,0.06,27,51.9,
spreadxstrategy=2-5|asia_pump_short_4h,51,56.9,-0.0516,0.77,-2.6,19,inf,inf,4,0.322,47,-0.083,0.0,21,52.4,
strategyxweekdayxregime=follow_3h_all|6|neutral,51,56.9,0.0275,1.28,1.4,3,2.49,0.83,37,0.093,14,-0.146,0.0,4,25.0,
strategyxv3=asia_pump_short_4h|N,424,56.8,0.011,1.06,4.7,52,1.35,0.88,154,0.093,270,-0.036,0.0,182,53.8,
mktbxsymbol=>=60|ZECUSDT,44,56.8,0.0053,1.1,0.2,2,1.46,1.0,0,,44,0.005,0.0,29,48.3,
strategyxsymbol=nony_momentum|XLMUSDT,44,56.8,0.0077,1.14,0.3,25,0.98,1.0,30,-0.004,13,0.051,0.02,4,75.0,
strategyxregimexdecile_band=asia_burst_fade|NA|D2-3,44,56.8,0.0937,1.71,4.1,1,1.0,0.25,44,0.094,0,,0.2,0,,
strategyxweekdayxhour_band=burst_follow|4|12-17,470,56.8,0.0182,1.33,8.5,8,0.59,0.23,219,0.002,251,0.033,0.1,142,55.6,
regimexstrategy=bull|asia_pump_short_4h,199,56.8,-0.0238,0.9,-4.7,15,inf,inf,20,0.245,179,-0.054,0.0,66,50.0,
strategyxsidexregime=asia_pump_short_4h|SHORT|bull,199,56.8,-0.0238,0.9,-4.7,15,inf,inf,20,0.245,179,-0.054,0.0,66,50.0,
strategyxregimextrig=asia_pump_short_4h|bull|burst,199,56.8,-0.0238,0.9,-4.7,15,inf,inf,20,0.245,179,-0.054,0.0,66,50.0,
strategyxweekdayxhour_band=asia_pump_short_4h|6|0-5,37,56.8,-0.0265,0.86,-1.0,6,inf,inf,15,-0.167,22,0.069,0.0,19,52.6,
symbolxweekday=TRUMPUSDT|0,67,56.7,-0.0059,0.94,-0.4,2,inf,inf,0,,67,-0.006,0.06,37,62.2,
strategyxsymbol=burst_follow|XLMUSDT,127,56.7,0.0091,1.14,1.2,41,0.43,1.0,82,0.023,44,-0.012,0.07,12,58.3,
fundxstrategy=pos|follow_3h_all,157,56.7,0.0286,1.28,4.5,22,0.43,0.41,95,0.029,62,0.028,0.0,35,54.3,
oidxstrategy=<-0.5|burst_follow,1593,56.7,0.0048,1.08,7.7,42,0.61,0.56,371,0.012,1222,0.003,0.06,561,57.2,
strategyxvolz=nony_momentum|<2,1161,56.7,0.0098,1.17,11.4,50,0.47,0.27,557,-0.011,604,0.029,0.07,474,58.9,
mktbxvolz=>=60|2-5,30,56.7,-0.0004,0.99,-0.0,2,inf,inf,0,,30,-0.0,0.0,5,40.0,
symbolxweekend=AAVEUSDT|True,60,56.7,0.0165,1.15,1.0,4,1.7,1.0,0,,60,0.017,0.08,27,51.9,
strategyxsidexregime=asia_burst_fade|LONG|NA,30,56.7,0.0537,1.45,1.6,1,1.0,0.62,30,0.054,0,,0.1,0,,
strategyxsym_state=asia_pump_short_4h|bull,203,56.7,-0.0243,0.89,-4.9,25,inf,inf,25,0.182,178,-0.053,0.0,76,51.3,
strategyxdecile_bandximb=setup_follow|D10|<0.5,136,56.6,-0.0049,0.94,-0.7,46,inf,inf,61,0.011,75,-0.017,0.15,57,42.1,
spreadxsymbol=<2|PUMPUSDT,53,56.6,0.0153,1.22,0.8,5,0.58,1.0,0,,53,0.015,0.04,22,54.5,
atrpxstrategy=NA|follow_3h_all,122,56.6,0.0849,1.8,10.4,6,0.74,0.17,122,0.085,0,,0.0,0,,
atrpxsymbol=hi|PENDLEUSDT,122,56.6,0.0007,1.01,0.1,28,12.78,1.0,55,-0.018,67,0.016,0.07,36,52.8,
strategyxvolz=follow_3h_all|NA,122,56.6,0.0849,1.8,10.4,6,0.74,0.17,122,0.085,0,,0.0,0,,
strategyxregimexadx=asia_pump_short_4h|neutral|NA,69,56.5,0.0727,1.62,5.0,7,0.71,0.3,69,0.073,0,,0.0,0,,
strategyxregimexbreadth=asia_pump_short_4h|neutral|NA,69,56.5,0.0727,1.62,5.0,7,0.71,0.3,69,0.073,0,,0.0,0,,
fundxstrategy=neg|late_fade,177,56.5,0.0385,1.89,6.8,35,0.66,0.27,85,0.026,92,0.05,0.24,52,50.0,
strategyxregimexdecile_band=asia_pump_short_4h|bull|D2-3,131,56.5,-0.0437,0.82,-5.7,15,inf,inf,14,0.259,117,-0.08,0.0,45,55.6,
strategyxsymbol=nony_momentum|ADAUSDT,108,56.5,0.0045,1.08,0.5,39,1.24,1.0,63,-0.014,43,0.034,0.04,29,65.5,
strategyxsym_state=ny_flush_buy_4h|bull,278,56.5,0.0207,1.16,5.7,30,1.04,0.55,33,-0.026,245,0.027,0.0,64,53.1,
symbolxweekend=BCHUSDT|False,85,56.5,0.0062,1.06,0.5,6,2.09,1.0,0,,85,0.006,0.05,30,56.7,
strategyxweekdayxregime=nony_momentum|6|bull,85,56.5,0.0414,2.7,3.5,1,1.0,0.14,0,,85,0.041,0.08,38,57.9,
strategyxsidexregime=burst_follow|LONG|bear,696,56.5,0.0194,1.35,13.5,18,0.4,0.24,491,0.025,205,0.005,0.09,186,54.8,
spreadxstrategy=2-5|nony_momentum,209,56.5,-0.0046,0.93,-1.0,31,inf,inf,54,-0.039,155,0.007,0.02,89,59.6,
strategyxweekday=burst_follow|0,1254,56.5,0.0162,1.28,20.3,8,0.84,0.22,692,-0.001,562,0.037,0.08,379,55.7,
mktbxside=30-60|LONG,1525,56.5,0.0347,1.5,52.9,4,0.62,0.08,0,,1525,0.035,0.08,626,54.5,
atrpxmktb=mid|>=60,62,56.5,0.0334,1.43,2.1,2,0.99,0.48,0,,62,0.033,0.11,43,53.5,
symbolxvolz=BCHUSDT|<2,62,56.5,0.0149,1.22,0.9,10,0.7,1.0,0,,62,0.015,0.03,20,55.0,
strategyxregimexadx=nony_momentum|bear|NA,186,56.5,0.034,1.69,6.3,7,0.88,0.18,186,0.034,0,,0.1,0,,
strategyxregimexbreadth=nony_momentum|bear|NA,186,56.5,0.034,1.69,6.3,7,0.88,0.18,186,0.034,0,,0.1,0,,
mktbxstrategy=<30|asia_pump_short_4h,365,56.4,0.001,1.01,0.4,45,18.15,8.31,166,0.074,199,-0.059,0.0,127,49.6,
hour_bandxsymbol=18-23|BCHUSDT,39,56.4,0.0127,1.12,0.5,8,2.06,1.0,0,,39,0.013,0.05,12,50.0,
oidxsymbol=>0.5|AAVEUSDT,39,56.4,0.0207,1.21,0.8,6,1.93,1.0,0,,39,0.021,0.05,17,52.9,
strategyxweekdayxhour_band=follow_3h_all|6|18-23,39,56.4,0.0007,1.01,0.0,5,54.25,45.73,17,0.132,22,-0.101,0.0,11,45.5,
strategyxweekdayxregime=asia_pump_short_4h|6|neutral,39,56.4,-0.0973,0.57,-3.8,5,inf,inf,21,-0.177,18,-0.004,0.0,18,55.6,
hour_bandxmktb=18-23|>=60,94,56.4,0.0403,1.95,3.8,1,1.0,0.16,0,,94,0.04,0.11,53,52.8,
mktbxweekday=>=60|6,94,56.4,0.0403,1.95,3.8,1,1.0,0.16,0,,94,0.04,0.11,53,52.8,
sym_statexsymbol=neutral|LINKUSDT,94,56.4,-0.0161,0.87,-1.5,7,inf,inf,0,,94,-0.016,0.12,24,62.5,
sidexsymbol=LONG|BNBUSDT,502,56.4,0.0241,1.23,12.1,58,0.34,1.0,255,0.025,240,0.024,0.1,134,52.2,Y
strategyxregimexdecile_band=ny_flush_buy_4h|bull|D2-3,252,56.3,0.0541,1.55,13.6,18,0.4,0.37,37,0.014,215,0.061,0.0,56,58.9,
strategyxweekdayxhour_band=setup_follow|6|18-23,158,56.3,0.0116,1.16,1.8,8,1.16,0.4,62,-0.028,96,0.037,0.15,68,60.3,
symbolxvs=BCHUSDT|N,119,56.3,-0.0149,0.86,-1.8,10,inf,inf,0,,119,-0.015,0.05,36,52.8,
atrpxstrategy=lo|nony_momentum,160,56.2,0.0095,1.12,1.5,40,0.62,1.3,89,-0.016,71,0.042,0.16,93,62.4,
cascxsymbol=Y|BCHUSDT,80,56.2,0.0002,1.0,0.0,6,47.51,1.0,0,,80,0.0,0.04,29,51.7,
mktbxoid=30-60|<-0.5,656,56.2,0.0006,1.01,0.4,4,11.48,2.1,0,,656,0.001,0.04,226,53.1,
oidxsymbol=>0.5|DOGEUSDT,48,56.2,0.0221,1.28,1.1,7,0.58,1.0,0,,48,0.022,0.06,4,75.0,
strategyxsymbol=nony_momentum|ZECUSDT,144,56.2,0.0326,1.85,4.7,42,0.11,1.0,80,0.042,61,0.023,0.08,65,55.4,Y
strategyxsymbol=nony_momentum|WLDUSDT,112,56.2,-0.0021,0.97,-0.2,37,inf,inf,78,-0.004,31,0.005,0.03,25,56.0,
strategyxsymbol=nony_momentum|1000PEPEUSDT,96,56.2,-0.008,0.87,-0.8,36,inf,inf,43,-0.054,50,0.033,0.06,31,61.3,
hour_bandxstrategy=0-5|nony_momentum,774,56.2,0.0157,1.28,12.2,50,0.46,0.16,432,0.016,342,0.015,0.08,220,56.4,
symbol=BCHUSDT,121,56.2,-0.0104,0.9,-1.3,10,inf,inf,0,,121,-0.01,0.06,36,52.8,
breadthxsymbol=>=4|AAVEUSDT,121,56.2,0.0107,1.1,1.3,10,1.13,1.0,0,,121,0.011,0.08,35,54.3,
sessionxsymbol=None|BCHUSDT,121,56.2,-0.0104,0.9,-1.3,10,inf,inf,0,,121,-0.01,0.06,36,52.8,
spreadxsymbol=<2|BCHUSDT,121,56.2,-0.0104,0.9,-1.3,10,inf,inf,0,,121,-0.01,0.06,36,52.8,
strategyxregimexdecile_band=london_burst_fade|bull|D10,121,56.2,0.0884,1.64,10.7,15,0.49,0.38,24,0.115,97,0.082,0.21,25,72.0,
breadthxsymbol=>=4|LINKUSDT,105,56.2,0.0026,1.02,0.3,10,2.04,1.0,0,,105,0.003,0.1,29,62.1,
imbxmktb=<0.5|>=60,105,56.2,0.0258,1.39,2.7,2,0.77,0.38,0,,105,0.026,0.1,53,47.2,
symbolxvolz=APTUSDT|>=5,89,56.2,0.0044,1.03,0.4,28,2.05,1.0,34,0.031,55,-0.012,0.15,22,59.1,
symbolxweekend=LINKUSDT|False,89,56.2,0.0016,1.02,0.1,6,2.94,1.0,0,,89,0.002,0.08,26,61.5,
strategyxweekdayxregime=nony_momentum|1|neutral,146,56.2,0.0193,1.33,2.8,6,0.77,0.35,84,0.041,62,-0.01,0.08,68,50.0,
strategyxregimexbreadth=ny_flush_buy_4h|bull|>=4,276,56.2,0.0295,1.26,8.1,17,0.7,0.48,21,0.066,255,0.026,0.0,46,60.9,
strategyxweekdayxregime=setup_follow|1|bull,130,56.2,0.0009,1.01,0.1,4,9.32,4.21,43,0.038,87,-0.018,0.05,57,52.6,
symbolxweekday=1000LUNCUSDT|0,57,56.1,0.0023,1.02,0.1,9,2.82,1.0,41,-0.005,16,0.022,0.11,17,52.9,
breadthxstrategy=>=4|nony_momentum,978,56.1,0.0008,1.01,0.8,36,7.66,2.37,315,-0.022,663,0.012,0.05,358,56.1,
mktbxstrategy=>=60|burst_follow,196,56.1,0.0174,1.46,3.4,2,0.68,0.27,0,,196,0.017,0.06,73,53.4,
strategyxregimexadx=ny_flush_buy_4h|bull|>=30,294,56.1,0.0217,1.19,6.4,11,1.23,0.71,7,-0.106,287,0.025,0.0,58,56.9,
spreadxstrategy=<2|asia_pump_short_4h,278,56.1,-0.0166,0.92,-4.6,38,inf,inf,80,0.055,198,-0.045,0.0,121,49.6,
cascxsymbol=N|BCHUSDT,41,56.1,-0.0311,0.76,-1.3,6,inf,inf,0,,41,-0.031,0.1,7,57.1,
mktbxstrategy=>=60|london_burst_fade,82,56.1,0.0149,1.12,1.2,1,1.0,1.2,0,,82,0.015,0.06,33,51.5,
strategyxsymbol=nony_momentum|TAOUSDT,41,56.1,0.0248,1.48,1.0,24,0.29,1.0,27,0.049,14,-0.022,0.1,6,33.3,
strategyxweekday=nony_momentum|1,328,56.1,0.017,1.32,5.6,8,0.6,0.26,131,0.041,161,0.017,0.06,113,56.6,
regimexsymbol=bear|BNBUSDT,189,56.1,0.0165,1.16,3.1,17,0.37,1.0,130,0.014,59,0.022,0.07,56,53.6,Y
strategyxweekdayxhour_band=burst_follow|2|0-5,296,56.1,0.0201,1.36,6.0,8,0.91,0.16,235,0.019,61,0.026,0.1,78,60.3,
hour_bandxsymbol=0-5|TRUMPUSDT,132,56.1,-0.0005,1.0,-0.1,9,inf,inf,0,,132,-0.0,0.06,78,56.4,
strategyxweekdayxhour_band=burst_follow|6|12-17,289,56.1,0.0044,1.08,1.3,7,0.69,1.17,85,0.008,204,0.003,0.05,98,55.1,
hour_bandxmktb=18-23|30-60,571,56.0,0.0201,1.27,11.5,4,0.66,0.16,0,,571,0.02,0.06,291,52.9,
strategyxweekdayxregime=burst_follow|3|neutral,241,56.0,0.0239,1.46,5.8,3,0.46,0.19,177,0.028,64,0.012,0.09,84,53.6,
oidxside=<-0.5|LONG,2505,56.0,0.0091,1.11,22.7,49,0.44,0.23,633,0.003,1872,0.011,0.07,981,56.3,
mktbxsymbol=30-60|DOTUSDT,50,56.0,0.0061,1.05,0.3,4,1.8,1.0,0,,50,0.006,0.06,22,54.5,
strategyxsymbol=burst_follow|APTUSDT,75,56.0,0.025,1.37,1.9,31,0.32,1.0,30,0.033,42,0.02,0.11,11,45.5,Y
strategyxweekdayxhour_band=setup_fade|5|6-11,175,56.0,0.0599,1.48,10.5,9,0.46,0.23,81,0.025,94,0.09,0.09,85,60.0,
strategyxregimexbreadth=burst_follow|bull|1,350,56.0,0.0111,1.2,3.9,20,0.28,0.52,136,0.005,214,0.015,0.06,152,58.6,Y
strategyxweekdayxregime=london_burst_fade|4|neutral,184,56.0,0.0458,1.28,8.4,5,0.87,0.31,134,0.045,50,0.049,0.17,64,59.4,
oidxstrategy=mid|nony_momentum,754,56.0,0.0052,1.08,3.9,42,1.26,1.45,322,-0.018,432,0.023,0.09,370,59.2,
regimexstrategy=bull|follow_3h_all,109,56.0,0.0151,1.15,1.7,12,1.39,0.67,13,-0.264,96,0.053,0.0,57,54.4,
strategyxsidexregime=follow_3h_all|LONG|bull,109,56.0,0.0151,1.15,1.7,12,1.39,0.67,13,-0.264,96,0.053,0.0,57,54.4,
strategyxregimextrig=follow_3h_all|bull|burst,109,56.0,0.0151,1.15,1.7,12,1.39,0.67,13,-0.264,96,0.053,0.0,57,54.4,
mktbxsymbol=<30|LINKUSDT,84,56.0,-0.0125,0.89,-1.0,7,inf,inf,0,,84,-0.012,0.12,18,61.1,
concxstrategy=0-1|follow_3h_all,59,55.9,0.0195,1.14,1.1,20,1.44,1.41,7,-0.189,52,0.048,0.0,59,55.9,
oidxsymbol=<-0.5|ETHUSDT,270,55.9,0.0015,1.02,0.4,36,3.77,1.0,121,-0.003,149,0.006,0.07,152,57.9,
decile_bandxsymbol=D2-3|BCHUSDT,68,55.9,0.0098,1.13,0.7,10,1.27,1.0,0,,68,0.01,0.04,16,56.2,
sidexsymbol=SHORT|QNTUSDT,170,55.9,0.0206,1.14,3.5,55,0.5,1.0,75,0.039,94,0.004,0.1,79,62.0,
strategyxweekdayxhour_band=nony_momentum|3|0-5,68,55.9,0.023,1.43,1.6,8,0.42,0.53,41,0.03,27,0.013,0.09,26,53.8,
strategyxweekdayxhour_band=setup_follow|0|0-5,136,55.9,0.0069,1.08,0.9,9,1.87,1.07,62,-0.01,74,0.021,0.16,67,58.2,
strategyxweekend=asia_pump_short_4h|True,111,55.9,-0.0345,0.85,-3.8,12,inf,inf,30,-0.095,81,-0.012,0.0,44,52.3,
strategyxweekday=ny_flush_buy_4h|4,154,55.8,0.0495,1.42,7.6,8,0.78,0.4,64,0.109,90,0.007,0.0,42,57.1,
regimexstrategy=neutral|late_fade,369,55.8,0.0383,1.85,14.1,25,0.63,0.12,201,0.031,168,0.047,0.25,102,52.9,
strategyxregimextrig=late_fade|neutral|burst,369,55.8,0.0383,1.85,14.1,25,0.63,0.12,201,0.031,168,0.047,0.25,102,52.9,
strategyxsymbol=follow_3h_all|WLDUSDT,43,55.8,0.0261,1.23,1.1,14,0.8,1.0,41,0.027,2,0.013,0.0,0,,
symbolxweekend=AVAXUSDT|True,43,55.8,-0.0446,0.71,-1.9,4,inf,inf,0,,43,-0.045,0.12,10,50.0,
breadthxsymbol=2-3|PUMPUSDT,52,55.8,0.0383,1.44,2.0,9,0.39,1.0,0,,52,0.038,0.1,37,54.1,
symbolxweekday=DOTUSDT|3,52,55.8,0.0079,1.07,0.4,8,2.29,1.0,28,-0.043,24,0.068,0.13,31,54.8,
concxsymbol=2-3|LINKUSDT,113,55.8,-0.0068,0.94,-0.8,9,inf,inf,0,,113,-0.007,0.12,16,68.8,
strategyxsidexregime=london_burst_fade|SHORT|NA,61,55.7,0.0448,1.28,2.7,2,1.99,0.51,19,-0.143,0,,0.16,0,,
strategyxweekend=late_fade|True,314,55.7,0.0365,1.93,11.5,15,0.77,0.13,101,0.045,213,0.033,0.21,83,51.8,
concxstrategy=2-3|asia_pump_short_4h,201,55.7,-0.032,0.86,-6.4,26,inf,inf,20,0.063,181,-0.043,0.0,59,49.2,
adxxstrategy=>=30|ny_flush_buy_4h,298,55.7,0.0171,1.14,5.1,12,1.53,0.69,7,-0.106,291,0.02,0.0,61,55.7,
oidxsymbol=mid|BCHUSDT,88,55.7,0.0232,1.27,2.0,9,0.54,1.0,0,,88,0.023,0.06,31,54.8,
decile_bandxsymbol=D10|TAOUSDT,106,55.7,0.0371,1.33,3.9,30,0.29,1.0,54,0.024,52,0.05,0.16,27,51.9,Y
breadthxmktb=>=4|>=60,399,55.6,0.0155,1.26,6.2,2,0.52,0.21,0,,399,0.016,0.06,153,51.6,
concxmktb=2-3|>=60,426,55.6,0.0174,1.29,7.4,2,0.58,0.24,0,,426,0.017,0.05,137,51.1,
mktbxside=>=60|LONG,293,55.6,0.0044,1.08,1.3,2,2.02,0.8,0,,293,0.004,0.03,122,42.6,
strategyxsymbol=setup_fade|RUNEUSDT,169,55.6,0.0287,1.18,4.8,51,0.5,1.0,96,0.042,72,0.0,0.14,77,51.9,
strategyxregimexadx=burst_follow|bear|20-30,525,55.6,-0.0031,0.96,-1.6,11,inf,inf,224,-0.002,301,-0.004,0.08,313,52.7,
concxside=NA|LONG,419,55.6,0.0689,1.97,28.9,6,1.18,0.18,238,0.15,14,-0.073,0.16,25,52.0,
mktbxside=NA|LONG,419,55.6,0.0689,1.97,28.9,6,1.18,0.18,238,0.15,14,-0.073,0.16,25,52.0,
regimexside=NA|LONG,419,55.6,0.0689,1.97,28.9,6,1.18,0.18,238,0.15,14,-0.073,0.16,25,52.0,
strategyxweekdayxhour_band=burst_follow|6|18-23,385,55.6,-0.0285,0.7,-11.0,7,inf,inf,89,-0.001,296,-0.037,0.06,98,48.0,
atrpxsymbol=NA|ENAUSDT,72,55.6,0.0138,1.16,1.0,7,1.16,1.0,61,0.015,0,,0.07,0,,
breadthxstrategy=1|nony_momentum,162,55.6,0.0112,1.19,1.8,41,0.31,0.3,81,-0.015,81,0.037,0.07,102,61.8,
decile_bandxsymbol=D4-9|TRUMPUSDT,45,55.6,0.025,1.31,1.1,7,0.8,1.0,0,,45,0.025,0.09,24,62.5,
fundxsymbol=flat|AAVEUSDT,45,55.6,0.039,1.33,1.8,5,0.86,1.0,0,,45,0.039,0.13,11,45.5,
mktbxsymbol=>=60|1000PEPEUSDT,36,55.6,0.0037,1.06,0.1,2,3.23,1.0,0,,36,0.004,0.06,20,50.0,
regimexsymbol=neutral|PUMPUSDT,45,55.6,-0.0172,0.86,-0.8,3,inf,inf,0,,45,-0.017,0.11,26,57.7,
strategyxvolz=late_fade|>=5,81,55.6,0.0399,2.03,3.2,24,0.57,0.27,34,0.006,47,0.065,0.23,24,54.2,
sym_statexsymbol=bull|PENDLEUSDT,72,55.6,0.0227,1.26,1.6,12,0.64,1.0,25,0.015,47,0.027,0.07,25,52.0,
symbolxvolz=ENAUSDT|NA,72,55.6,0.0138,1.16,1.0,7,1.16,1.0,61,0.015,0,,0.07,0,,
symbolxweekday=1000LUNCUSDT|6,63,55.6,0.0523,1.56,3.3,9,0.49,1.0,26,0.064,37,0.044,0.11,22,54.5,
symbolxweekday=ARBUSDT|1,54,55.6,0.035,1.41,1.9,8,0.56,1.0,29,0.031,25,0.04,0.07,26,57.7,
symbolxweekday=HYPEUSDT|1,45,55.6,-0.0147,0.87,-0.7,1,inf,inf,0,,45,-0.015,0.11,21,52.4,
symbolxweekend=BCHUSDT|True,36,55.6,-0.0497,0.63,-1.8,4,inf,inf,0,,36,-0.05,0.08,6,33.3,
strategyxweekdayxhour_band=asia_pump_short_4h|5|0-5,54,55.6,-0.0053,0.98,-0.3,6,inf,inf,9,0.095,45,-0.025,0.0,19,47.4,
concximb=NA|<0.5,227,55.5,0.0912,2.18,20.7,7,0.57,0.21,150,0.107,37,0.105,0.09,44,65.9,
imbxmktb=<0.5|NA,227,55.5,0.0912,2.18,20.7,7,0.57,0.21,150,0.107,37,0.105,0.09,44,65.9,
imbxregime=<0.5|NA,227,55.5,0.0912,2.18,20.7,7,0.57,0.21,150,0.107,37,0.105,0.09,44,65.9,
mktbxweekday=30-60|1,355,55.5,0.0096,1.11,3.4,1,1.0,0.33,0,,355,0.01,0.06,141,52.5,
decile_bandxsymbol=D10|FILUSDT,173,55.5,-0.0132,0.9,-2.3,44,inf,inf,90,0.004,81,-0.034,0.09,33,60.6,
strategyxweekdayxregime=setup_follow|3|bear,155,55.5,0.0282,1.44,4.4,3,0.4,0.41,128,0.02,27,0.065,0.15,49,61.2,
imbxsymbol=>=0.5|LINKUSDT,110,55.5,-0.0114,0.91,-1.3,10,inf,inf,0,,110,-0.011,0.11,32,59.4,
strategyxweekdayxregime=nony_momentum|4|bull,110,55.5,0.0367,1.78,4.0,3,0.42,0.32,16,0.074,94,0.03,0.09,59,57.6,
oidxstrategy=<-0.5|ny_flush_buy_4h,202,55.4,-0.0194,0.87,-3.9,37,inf,inf,52,0.064,150,-0.048,0.0,36,55.6,
concxsymbol=0-1|TRUMPUSDT,92,55.4,0.0416,1.53,3.8,9,0.47,1.0,0,,92,0.042,0.08,92,55.4,
fundxside=NA|LONG,424,55.4,0.0683,1.96,29.0,6,1.18,0.17,243,0.147,14,-0.073,0.16,25,52.0,
strategyxregimexdecile_band=follow_3h_all|neutral|D10,83,55.4,0.0033,1.02,0.3,14,9.98,3.85,78,0.005,5,-0.024,0.0,5,20.0,
breadthxstrategy=1|burst_follow,915,55.4,0.004,1.06,3.6,43,0.47,0.62,381,0.014,534,-0.003,0.07,570,55.3,
oidxsymbol=<-0.5|1000LUNCUSDT,74,55.4,0.0283,1.33,2.1,23,0.31,1.0,20,0.015,54,0.033,0.05,36,50.0,Y
sidexsymbol=LONG|XLMUSDT,361,55.4,0.0118,1.14,4.3,62,0.64,1.0,211,0.031,148,-0.013,0.09,93,52.7,
adxxsymbol=>=30|LINKUSDT,112,55.4,0.012,1.12,1.3,8,0.41,1.0,0,,112,0.012,0.08,36,58.3,
sidexsymbol=SHORT|PUMPUSDT,112,55.4,-0.018,0.84,-2.0,10,inf,inf,0,,112,-0.018,0.06,46,56.5,
strategyxsymbol=nony_momentum|NEARUSDT,56,55.4,-0.0092,0.89,-0.5,26,inf,inf,36,0.004,17,-0.014,0.04,13,69.2,
hour_bandxsymbol=0-5|AAVEUSDT,47,55.3,0.0035,1.03,0.2,9,3.8,1.0,0,,47,0.004,0.09,10,50.0,
sym_statexsymbol=bear|XLMUSDT,47,55.3,0.0284,1.27,1.3,10,0.84,1.0,8,-0.016,39,0.037,0.15,34,52.9,
symbolxv3=AVAXUSDT|N,47,55.3,-0.0226,0.79,-1.1,8,inf,inf,0,,47,-0.023,0.09,2,50.0,
imbxsymbol=>=0.5|BNBUSDT,454,55.3,-0.0083,0.93,-3.8,42,inf,inf,273,-0.002,170,-0.018,0.09,87,55.2,
strategyxsymbol=asia_burst_fade|ENAUSDT,123,55.3,0.05,1.4,6.1,34,0.63,1.0,35,0.081,88,0.038,0.12,46,56.5,
strategyxregimexbreadth=burst_follow|bear|1,123,55.3,-0.0381,0.64,-4.7,11,inf,inf,29,-0.007,94,-0.048,0.1,105,53.3,
strategyxweekdayxhour_band=setup_follow|4|18-23,237,55.3,0.0091,1.14,2.2,9,1.74,0.45,119,-0.018,118,0.037,0.11,110,54.5,
hour_bandxsymbol=18-23|1000LUNCUSDT,114,55.3,0.0489,1.49,5.6,30,0.21,1.0,61,0.052,49,0.043,0.12,41,53.7,Y
oidxsymbol=<-0.5|ICPUSDT,38,55.3,0.0065,1.11,0.2,8,1.87,1.0,10,-0.011,28,0.013,0.03,11,45.5,
strategyxsymbol=nony_momentum|FILUSDT,38,55.3,-0.0013,0.98,-0.0,24,inf,inf,21,0.035,14,-0.049,0.08,3,66.7,
strategyxvolz=asia_pump_short_4h|<2,266,55.3,-0.0171,0.92,-4.6,46,inf,inf,97,0.063,169,-0.063,0.0,106,50.0,
symbolxweekday=TAOUSDT|6,114,55.3,0.0252,1.26,2.9,9,0.66,1.0,52,0.033,62,0.019,0.09,38,55.3,
strategyxregimexdecile_band=nony_momentum|bull|D4-9,76,55.3,0.0221,1.61,1.7,16,0.35,0.22,16,0.003,60,0.027,0.07,28,57.1,Y
oidxstrategy=mid|ny_flush_buy_4h,362,55.2,0.0176,1.11,6.4,38,0.79,0.81,113,0.055,249,0.001,0.0,96,52.1,
strategyxregimexbreadth=setup_fade|neutral|>=4,239,55.2,0.042,1.22,10.0,23,0.59,0.4,120,0.006,119,0.078,0.18,110,54.5,
spreadxsymbol=<2|LINKUSDT,134,55.2,-0.0068,0.94,-0.9,10,inf,inf,0,,134,-0.007,0.1,39,59.0,
strategyxweekdayxregime=setup_follow|4|bear,163,55.2,0.0282,1.6,4.6,2,0.6,0.22,107,0.017,56,0.049,0.11,38,60.5,
strategyxweekdayxregime=burst_follow|1|bull,491,55.2,0.0111,1.22,5.5,4,0.78,0.25,124,0.01,367,0.012,0.04,123,53.7,
decile_bandxregime=D10|bear,694,55.2,0.0119,1.1,8.3,21,0.31,0.21,448,0.013,246,0.009,0.13,185,54.6,Y
hour_bandxsymbol=12-17|PENDLEUSDT,116,55.2,0.0082,1.07,1.0,31,1.09,1.0,52,-0.022,64,0.033,0.11,49,53.1,
mktbxsymbol=30-60|WLDUSDT,58,55.2,0.0203,1.28,1.2,4,1.5,1.0,0,,58,0.02,0.03,14,35.7,
symbolxweekday=XLMUSDT|4,87,55.2,0.0267,1.23,2.3,9,0.48,1.0,46,0.033,41,0.02,0.16,30,53.3,
strategyxweekdayxregime=london_burst_fade|1|bear,58,55.2,0.0971,1.61,5.6,2,1.03,0.66,58,0.097,0,,0.26,0,,
regimexstrategy=bear|burst_follow,1416,55.2,0.0077,1.12,10.8,18,0.76,0.24,1102,0.011,314,-0.004,0.08,326,53.4,
strategyxregimextrig=burst_follow|bear|burst,1416,55.2,0.0077,1.12,10.8,18,0.76,0.24,1102,0.011,314,-0.004,0.08,326,53.4,
strategyxweekend=follow_3h_all|True,194,55.2,0.0007,1.01,0.1,10,31.9,14.9,137,0.011,57,-0.025,0.0,27,44.4,
mktbxsymbol=30-60|SOLUSDT,156,55.1,-0.0056,0.95,-0.9,4,inf,inf,0,,156,-0.006,0.06,62,51.6,
strategyxweekdayxhour_band=burst_follow|1|18-23,283,55.1,0.0111,1.17,3.1,8,0.6,0.46,124,0.03,142,-0.008,0.08,81,51.9,
sym_statexsymbol=neutral|AAVEUSDT,49,55.1,0.0337,1.26,1.7,5,0.61,1.0,0,,49,0.034,0.16,13,46.2,
strategyxweekdayxhour_band=nony_momentum|1|12-17,98,55.1,0.0075,1.13,0.7,6,1.52,0.99,24,0.005,46,0.052,0.04,23,69.6,
strategyxweekdayxhour_band=burst_follow|1|12-17,432,55.1,0.003,1.05,1.3,8,1.95,0.63,202,-0.003,174,0.013,0.05,102,55.9,
hour_bandxstrategy=0-5|follow_3h_all,167,55.1,0.0076,1.07,1.3,17,1.84,0.88,149,0.004,18,0.04,0.0,6,50.0,
oidxstrategy=>0.5|nony_momentum,236,55.1,0.0027,1.04,0.6,33,2.6,1.16,77,-0.024,159,0.015,0.06,112,52.7,
sidexsymbol=SHORT|1000LUNCUSDT,187,55.1,0.0135,1.09,2.5,58,1.11,1.0,93,-0.008,92,0.031,0.12,79,55.7,
symbol=LINKUSDT,138,55.1,-0.0064,0.95,-0.9,10,inf,inf,0,,138,-0.006,0.1,41,58.5,
sessionxsymbol=None|LINKUSDT,138,55.1,-0.0064,0.95,-0.9,10,inf,inf,0,,138,-0.006,0.1,41,58.5,
imbxstrategy=>=0.5|nony_momentum,1914,55.1,0.0052,1.08,10.0,57,0.79,0.46,1012,-0.004,866,0.019,0.07,608,59.0,
sidexstrategy=LONG|nony_momentum,1914,55.1,0.0052,1.08,10.0,57,0.79,0.46,1012,-0.004,866,0.019,0.07,608,59.0,
hour_bandxvolz=12-17|>=5,1021,55.0,0.0133,1.12,13.6,53,0.56,0.32,535,0.018,486,0.008,0.12,293,52.9,
strategyxregimexbreadth=asia_pump_short_4h|bull|>=4,129,55.0,-0.0497,0.81,-6.4,11,inf,inf,4,0.162,125,-0.056,0.0,36,47.2,
strategyxweekend=nony_momentum|False,1494,55.0,0.0105,1.17,15.7,41,0.5,0.23,879,-0.001,579,0.033,0.08,479,57.8,
cascxside=Y|LONG,2412,55.0,0.0299,1.34,72.1,38,0.34,0.19,268,-0.003,2144,0.034,0.09,1147,54.6,
concxsymbol=2-3|1000LUNCUSDT,140,55.0,-0.0071,0.94,-1.0,33,inf,inf,30,-0.005,110,-0.008,0.12,49,51.0,
fundximb=NA|<0.5,240,55.0,0.0862,2.13,20.7,7,0.57,0.21,163,0.098,37,0.105,0.08,44,65.9,
regimexsymbol=bull|LINKUSDT,120,55.0,0.0064,1.06,0.8,8,0.72,1.0,0,,120,0.006,0.09,38,57.9,
strategyxsymbol=nony_momentum|FETUSDT,40,55.0,-0.0048,0.92,-0.2,22,inf,inf,26,-0.007,13,-0.01,0.05,13,53.8,
strategyxsymbol=nony_momentum|TRUMPUSDT,40,55.0,0.0109,1.26,0.4,9,0.84,1.0,0,,40,0.011,0.03,28,57.1,
strategyxweekday=nony_momentum|5,200,55.0,-0.0154,0.79,-3.1,8,inf,inf,76,-0.047,124,0.004,0.04,75,61.3,
strategyxregimexdecile_band=nony_momentum|bear|D4-9,40,55.0,-0.0134,0.79,-0.5,8,inf,inf,29,-0.03,11,0.031,0.03,14,71.4,
strategyxregimexbreadth=burst_follow|neutral|1,442,55.0,0.01,1.17,4.4,26,0.38,1.07,216,0.022,226,-0.001,0.06,313,54.3,
fundxmktb=pos|>=60,402,55.0,0.0153,1.24,6.2,2,0.63,0.25,0,,402,0.015,0.05,168,50.6,
regimexsymbol=bear|ENAUSDT,171,55.0,0.0114,1.11,2.0,18,0.68,1.0,109,0.023,62,-0.01,0.09,56,51.8,
sidexsymbol=LONG|ARBUSDT,346,54.9,0.0374,1.4,12.9,60,0.28,1.0,187,0.024,159,0.053,0.11,119,60.5,Y
adxxcasc=<20|Y,51,54.9,0.0435,1.49,2.2,6,1.04,1.23,6,0.054,45,0.042,0.12,34,55.9,
adxxsymbol=<20|TAOUSDT,51,54.9,0.0485,1.6,2.5,10,0.97,1.0,25,0.016,26,0.079,0.14,21,57.1,
breadthxsymbol=>=4|PENDLEUSDT,102,54.9,-0.0118,0.9,-1.2,24,inf,inf,30,-0.047,72,0.003,0.07,43,51.2,
decile_bandxsymbol=D10|PENDLEUSDT,51,54.9,0.0078,1.08,0.4,19,2.31,1.0,25,0.004,26,0.011,0.1,18,44.4,
mktbxstrategy=30-60|asia_pump_short_4h,51,54.9,-0.0283,0.82,-1.4,3,inf,inf,0,,51,-0.028,0.0,16,50.0,
symbolxvolz=TAOUSDT|>=5,102,54.9,0.014,1.13,1.4,30,0.79,1.0,48,0.003,54,0.023,0.1,31,45.2,
symbolxweekday=RENDERUSDT|1,51,54.9,0.0128,1.12,0.7,9,0.71,1.0,23,-0.013,22,0.023,0.04,24,58.3,
strategyxregimexbreadth=asia_pump_short_4h|bull|2-3,51,54.9,-0.0187,0.92,-1.0,15,inf,inf,10,0.336,41,-0.105,0.0,21,47.6,
mktbxv3=>=60|N,461,54.9,0.0125,1.21,5.8,2,0.53,0.26,0,,461,0.013,0.05,175,49.7,
atrpxstrategy=NA|london_burst_fade,246,54.9,0.0759,1.58,18.7,6,0.57,0.38,202,0.064,0,,0.17,0,,
strategyxvolz=london_burst_fade|NA,246,54.9,0.0759,1.58,18.7,6,0.57,0.38,202,0.064,0,,0.17,0,,
strategyxregimexdecile_band=burst_follow|bull|D4-9,412,54.9,0.0056,1.1,2.3,21,1.02,0.67,66,0.003,346,0.006,0.07,103,59.2,
concxstrategy=2-3|ny_flush_buy_4h,485,54.8,-0.0067,0.96,-3.3,27,inf,inf,93,0.003,392,-0.009,0.0,62,59.7,
mktbxsymbol=30-60|1000LUNCUSDT,31,54.8,-0.0178,0.86,-0.6,4,inf,inf,0,,31,-0.018,0.1,16,50.0,
symbolxweekday=DOGEUSDT|4,31,54.8,0.0608,1.5,1.9,1,1.0,1.0,0,,31,0.061,0.19,7,57.1,
strategyxregimexdecile_band=asia_pump_short_4h|bull|D10,31,54.8,-0.0234,0.91,-0.7,9,inf,inf,2,0.265,29,-0.043,0.0,10,20.0,
strategyxweekdayxregime=setup_follow|6|bull,124,54.8,0.0405,1.93,5.0,1,1.0,0.14,0,,124,0.04,0.15,67,53.7,
strategyxweekdayxregime=london_burst_fade|6|bull,104,54.8,0.1061,2.06,11.0,1,1.0,0.22,0,,104,0.106,0.17,38,52.6,
decile_bandxstrategy=D10|late_fade,115,54.8,0.0281,1.47,3.2,36,0.73,0.26,70,0.013,45,0.052,0.28,30,66.7,
imbxsymbol=<0.5|TRUMPUSDT,157,54.8,0.0348,1.4,5.5,9,0.5,1.0,0,,157,0.035,0.1,86,55.8,
strategy=nony_momentum,1992,54.8,0.0053,1.08,10.5,57,0.74,0.45,1054,-0.003,902,0.018,0.07,647,58.4,
sessionxstrategy=None|nony_momentum,1992,54.8,0.0053,1.08,10.5,57,0.74,0.45,1054,-0.003,902,0.018,0.07,647,58.4,
strategyxvs=nony_momentum|N,1992,54.8,0.0053,1.08,10.5,57,0.74,0.45,1054,-0.003,902,0.018,0.07,647,58.4,
strategyxregimexadx=burst_follow|bull|20-30,577,54.8,-0.0042,0.94,-2.4,11,inf,inf,462,0.014,115,-0.076,0.06,104,51.0,
adxxsymbol=20-30|PUMPUSDT,42,54.8,-0.021,0.84,-0.9,3,inf,inf,0,,42,-0.021,0.12,20,55.0,
fundxsymbol=NA|ADAUSDT,42,54.8,0.0084,1.07,0.4,6,0.98,1.0,23,0.013,7,-0.014,0.14,8,50.0,
symbolxvolz=RENDERUSDT|>=5,42,54.8,0.0212,1.3,0.9,15,1.48,1.0,12,0.039,30,0.014,0.07,21,52.4,
adxxside=>=30|LONG,4846,54.7,0.0204,1.23,98.9,14,0.36,0.14,148,0.01,4698,0.021,0.09,2137,54.4,Y
oidxweekday=<-0.5|6,643,54.7,-0.011,0.88,-7.0,7,inf,inf,28,0.022,615,-0.012,0.08,230,51.7,
symbolxvolz=PENDLEUSDT|>=5,53,54.7,-0.0176,0.87,-0.9,22,inf,inf,18,-0.062,35,0.005,0.11,25,48.0,
strategyxregimexdecile_band=setup_fade|NA|D2-3,53,54.7,0.0371,1.29,2.0,2,1.84,0.67,23,-0.072,0,,0.08,0,,
strategyxweekend=ny_flush_buy_4h|True,170,54.7,-0.0716,0.68,-12.2,13,inf,inf,39,-0.023,131,-0.086,0.0,40,52.5,
strategyxv3=nony_momentum|N,1982,54.7,0.0053,1.08,10.4,57,0.75,0.44,1049,-0.003,897,0.018,0.07,645,58.4,
spreadxstrategy=>=5|ny_flush_buy_4h,64,54.7,-0.0113,0.9,-0.7,29,inf,inf,23,0.004,41,-0.02,0.0,12,58.3,
strategyxsidexregime=london_burst_fade|LONG|bear,203,54.7,0.0827,1.58,16.8,10,0.67,0.5,177,0.088,26,0.049,0.2,23,52.2,
decile_bandxsymbol=D4-9|SOLUSDT,353,54.7,0.0062,1.05,2.2,59,1.65,1.0,195,0.03,156,-0.022,0.11,131,53.4,
strategyxregimexadx=late_fade|neutral|20-30,214,54.7,0.0298,1.55,6.4,16,1.4,0.19,46,-0.034,168,0.047,0.27,85,54.1,
strategyxregimexadx=burst_follow|bear|NA,878,54.7,0.0141,1.25,12.4,8,0.67,0.16,878,0.014,0,,0.08,0,,
strategyxregimexbreadth=burst_follow|bear|NA,878,54.7,0.0141,1.25,12.4,8,0.67,0.16,878,0.014,0,,0.08,0,,
mktbxsymbol=<30|BCHUSDT,75,54.7,-0.0199,0.82,-1.5,7,inf,inf,0,,75,-0.02,0.07,24,54.2,
strategyxregimexbreadth=asia_burst_fade|bear|2-3,75,54.7,0.0538,1.36,4.0,7,1.09,0.36,25,0.186,50,-0.012,0.13,66,54.5,
symbolxvolz=LINKUSDT|<2,86,54.7,-0.0238,0.81,-2.0,10,inf,inf,0,,86,-0.024,0.09,33,60.6,
strategyxsidexregime=burst_follow|SHORT|neutral,1142,54.6,0.0011,1.02,1.2,32,1.45,2.21,737,0.013,405,-0.02,0.09,428,53.7,
atrpxstrategy=lo|burst_follow,769,54.6,0.001,1.01,0.8,48,2.17,3.56,364,0.011,405,-0.008,0.1,454,54.0,
symbolxvs=LINKUSDT|N,130,54.6,-0.0102,0.92,-1.3,10,inf,inf,0,,130,-0.01,0.11,33,57.6,
strategyxsidexregime=setup_follow|SHORT|bear,390,54.6,0.0001,1.0,0.0,18,29.19,23.13,234,0.002,156,-0.003,0.09,137,54.7,
strategyxregimexdecile_band=burst_follow|bear|D2-3,1035,54.6,0.0052,1.09,5.4,18,0.5,0.34,831,0.007,204,-0.003,0.06,245,53.1,
strategyxregimexdecile_band=setup_fade|bull|D4-9,449,54.6,0.0323,1.19,14.5,22,0.5,0.29,103,-0.041,346,0.054,0.13,207,58.9,
cascxmktb=N|>=60,154,54.5,0.024,1.4,3.7,2,0.7,0.41,0,,154,0.024,0.05,48,47.9,
decile_bandxmktb=D4-9|>=60,33,54.5,0.0484,1.87,1.6,2,0.71,0.38,0,,33,0.048,0.09,14,42.9,
decile_bandxsymbol=D2-3|LINKUSDT,77,54.5,-0.0187,0.84,-1.4,10,inf,inf,0,,77,-0.019,0.06,35,57.1,
mktbxsymbol=30-60|ADAUSDT,66,54.5,0.0005,1.01,0.0,4,7.79,1.0,0,,66,0.001,0.02,10,50.0,
oidxsymbol=>0.5|BNBUSDT,77,54.5,0.029,1.33,2.2,17,0.43,1.0,21,0.036,56,0.026,0.08,34,50.0,
strategyxsymbol=ny_flush_buy_4h|1000PEPEUSDT,44,54.5,0.0229,1.2,1.0,35,0.63,1.0,23,0.099,21,-0.06,0.0,6,50.0,
symbolxv3=RENDERUSDT|N,55,54.5,0.0241,1.43,1.3,15,0.5,1.0,25,0.016,30,0.031,0.05,16,56.2,
symbolxvolz=PUMPUSDT|2-5,44,54.5,0.0007,1.01,0.0,8,21.44,1.0,0,,44,0.001,0.11,10,40.0,
strategyxweekdayxregime=ny_flush_buy_4h|2|bear,33,54.5,-0.0325,0.83,-1.1,2,inf,inf,18,0.117,15,-0.211,0.0,7,14.3,
strategyxdecile_bandximb=burst_follow|D4-9|>=0.5,519,54.5,0.0034,1.05,1.7,54,0.73,0.83,234,0.007,275,0.0,0.06,103,56.3,
volzxweekday=>=5|1,497,54.5,0.0291,1.3,14.5,8,0.37,0.22,221,0.029,276,0.029,0.09,141,53.9,
strategyxregimexbreadth=burst_follow|bull|>=4,2577,54.5,0.0037,1.06,9.5,20,1.67,0.21,220,0.01,2357,0.003,0.07,743,54.9,
decile_bandxmktb=D2-3|>=60,422,54.5,0.0147,1.22,6.2,2,0.57,0.28,0,,422,0.015,0.05,181,51.4,
spreadxstrategy=<2|ny_flush_buy_4h,490,54.5,0.0135,1.09,6.6,38,1.05,1.07,146,0.066,344,-0.009,0.0,129,49.6,
strategyxsym_state=burst_follow|neutral,2496,54.5,-0.003,0.96,-7.5,42,inf,inf,1185,0.006,1311,-0.011,0.08,1020,53.0,
mktbxsymbol=30-60|1000PEPEUSDT,123,54.5,-0.0006,0.99,-0.1,4,inf,inf,0,,123,-0.001,0.09,38,57.9,
mktbxvs=>=60|N,494,54.5,0.0161,1.25,7.9,2,0.53,0.19,0,,494,0.016,0.05,206,49.5,
adxxstrategy=>=30|asia_pump_short_4h,180,54.4,-0.051,0.8,-9.2,11,inf,inf,1,0.455,179,-0.054,0.0,66,50.0,
strategyxregimexadx=asia_pump_short_4h|bull|>=30,180,54.4,-0.051,0.8,-9.2,11,inf,inf,1,0.455,179,-0.054,0.0,66,50.0,
decile_bandxhour_band=D10|12-17,1038,54.4,0.0183,1.16,19.0,61,0.24,0.25,578,0.029,457,0.005,0.13,239,54.8,Y
hour_bandxsymbol=18-23|HYPEUSDT,68,54.4,0.0138,1.21,0.9,9,1.11,1.0,0,,68,0.014,0.06,22,59.1,
imbxmktb=>=0.5|30-60,1768,54.4,0.0011,1.01,2.0,4,3.28,0.82,0,,1768,0.001,0.06,718,51.9,
breadthxregime=>=4|bear,579,54.4,0.0122,1.13,7.1,10,0.95,0.24,296,0.005,283,0.02,0.08,226,52.2,
strategyxweekdayxregime=setup_follow|6|neutral,353,54.4,0.0146,1.23,5.1,5,0.82,0.26,179,-0.008,174,0.038,0.13,153,56.9,
cascxstrategy=Y|burst_follow,1618,54.4,0.0007,1.01,1.1,24,9.77,2.11,195,0.013,1423,-0.001,0.06,661,52.3,
strategyxregimexdecile_band=london_burst_fade|NA|D2-3,57,54.4,0.0954,1.71,5.4,2,0.98,0.37,22,0.004,0,,0.21,0,,
strategyxregimexdecile_band=burst_follow|bull|D2-3,2885,54.4,0.0055,1.09,15.9,21,0.86,0.24,453,0.017,2432,0.003,0.07,1074,53.4,
oidxsymbol=<-0.5|SOLUSDT,320,54.4,-0.0045,0.96,-1.4,38,inf,inf,78,-0.021,242,0.001,0.09,166,55.4,
hour_bandxvolz=18-23|>=5,458,54.4,0.0046,1.04,2.1,41,2.24,1.05,182,0.023,276,-0.007,0.07,133,54.9,
cascxsymbol=N|AAVEUSDT,92,54.3,0.0331,1.29,3.0,8,0.42,1.0,0,,92,0.033,0.11,29,48.3,
decile_bandxsymbol=D4-9|AAVEUSDT,46,54.3,0.0277,1.22,1.3,9,0.67,1.0,0,,46,0.028,0.13,14,50.0,
fundxsymbol=pos|AVAXUSDT,46,54.3,-0.0135,0.88,-0.6,6,inf,inf,0,,46,-0.013,0.07,17,47.1,
decile_bandxweekday=D10|0,519,54.3,0.0184,1.15,9.6,9,0.99,0.3,345,0.031,174,-0.007,0.14,145,49.7,
mktb=>=60,497,54.3,0.016,1.25,8.0,2,0.53,0.19,0,,497,0.016,0.05,208,49.5,
adxxmktb=>=30|>=60,497,54.3,0.016,1.25,8.0,2,0.53,0.19,0,,497,0.016,0.05,208,49.5,
mktbxregime=>=60|bull,497,54.3,0.016,1.25,8.0,2,0.53,0.19,0,,497,0.016,0.05,208,49.5,
mktbxsession=>=60|None,497,54.3,0.016,1.25,8.0,2,0.53,0.19,0,,497,0.016,0.05,208,49.5,
mktbxweekend=>=60|True,497,54.3,0.016,1.25,8.0,2,0.53,0.19,0,,497,0.016,0.05,208,49.5,
symbolxweekday=APTUSDT|2,81,54.3,-0.0057,0.95,-0.5,9,inf,inf,40,0.001,41,-0.012,0.11,30,50.0,
strategyxregimexadx=late_fade|neutral|NA,81,54.3,0.0275,1.86,2.2,7,1.64,0.25,81,0.028,0,,0.11,0,,
strategyxregimexbreadth=late_fade|neutral|NA,81,54.3,0.0275,1.86,2.2,7,1.64,0.25,81,0.028,0,,0.11,0,,
hour=21,1112,54.3,0.0144,1.13,16.0,61,0.68,0.32,476,0.016,619,0.012,0.11,356,52.2,
adxxsymbol=<20|ZECUSDT,116,54.3,-0.0104,0.89,-1.2,9,inf,inf,61,0.014,55,-0.037,0.06,66,57.6,
symbolxvolz=ADAUSDT|>=5,186,54.3,0.0167,1.22,3.1,38,0.23,1.0,116,0.014,70,0.021,0.06,46,54.3,Y
strategyxdecile_bandximb=burst_follow|D2-3|>=0.5,3579,54.3,0.0044,1.07,15.9,57,0.67,0.36,1626,0.001,1901,0.008,0.06,1156,54.1,
hour_bandxsymbol=18-23|AAVEUSDT,35,54.3,-0.0412,0.69,-1.4,8,inf,inf,0,,35,-0.041,0.09,15,46.7,
oidxsymbol=>0.5|PENDLEUSDT,35,54.3,0.0138,1.09,0.5,10,2.34,1.0,4,-0.105,31,0.029,0.17,15,53.3,
symbolxweekday=LINKUSDT|6,35,54.3,-0.0393,0.73,-1.4,2,inf,inf,0,,35,-0.039,0.14,7,57.1,
symbolxweekday=HYPEUSDT|3,35,54.3,0.0298,1.48,1.0,1,1.0,1.0,0,,35,0.03,0.03,19,52.6,
symbolxweekend=PUMPUSDT|True,105,54.3,-0.0122,0.89,-1.3,4,inf,inf,0,,105,-0.012,0.09,38,50.0,
strategyxweekdayxregime=london_burst_fade|2|NA,35,54.3,0.0887,1.6,3.1,1,1.0,0.51,35,0.089,0,,0.26,0,,
hour_bandxstrategy=6-11|burst_follow,1747,54.3,0.0073,1.13,12.7,56,0.4,0.38,772,0.009,965,0.007,0.07,608,54.6,Y
atrpxbreadth=lo|>=4,376,54.3,-0.0037,0.97,-1.4,37,inf,inf,140,0.012,236,-0.013,0.11,168,57.1,
strategyxsymbol=setup_follow|XRPUSDT,188,54.3,0.0047,1.07,0.9,60,0.79,1.0,79,0.024,106,-0.011,0.12,81,55.6,
cascxvolz=Y|>=5,330,54.2,0.0139,1.11,4.6,20,1.12,0.27,15,0.045,315,0.012,0.09,139,53.2,
regimexsymbol=bull|PENDLEUSDT,118,54.2,-0.0076,0.94,-0.9,17,inf,inf,37,-0.046,81,0.01,0.08,48,54.2,
symbolxvolz=1000LUNCUSDT|>=5,59,54.2,0.033,1.45,1.9,22,0.33,1.0,22,0.017,37,0.043,0.07,22,54.5,Y
mktbxsym_state=>=60|bull,496,54.2,0.0155,1.24,7.7,2,0.55,0.2,0,,496,0.015,0.05,207,49.3,
cascxmktb=Y|>=60,343,54.2,0.0125,1.19,4.3,2,0.63,0.23,0,,343,0.012,0.06,160,50.0,
atrpxsymbol=hi|HYPEUSDT,190,54.2,0.014,1.19,2.7,9,0.45,1.0,0,,190,0.014,0.05,79,51.9,
strategyxweekday=burst_follow|1,1225,54.2,0.0043,1.07,5.3,8,0.81,0.24,556,0.01,586,0.001,0.06,356,54.5,
hour_bandxsymbol=12-17|BNBUSDT,286,54.2,0.0095,1.08,2.7,48,0.54,1.0,159,0.032,119,-0.017,0.1,69,52.2,
strategyxweekday=burst_follow|6,1192,54.2,-0.007,0.89,-8.3,8,inf,inf,384,0.007,808,-0.014,0.05,369,51.5,
adxxvolz=>=30|>=5,775,54.2,0.0177,1.16,13.7,13,0.61,0.18,34,0.059,741,0.016,0.11,260,53.5,
strategyxweekdayxhour_band=setup_fade|6|0-5,179,54.2,0.0271,1.19,4.9,9,0.56,0.39,69,0.116,110,-0.029,0.09,102,57.8,
concxsymbol=0-1|1000PEPEUSDT,227,54.2,0.0224,1.21,5.1,37,0.31,1.0,51,0.011,176,0.026,0.11,227,54.2,Y
breadthxsymbol=>=4|1000LUNCUSDT,96,54.2,0.0258,1.24,2.5,22,0.39,1.0,25,0.035,71,0.022,0.08,44,50.0,Y
concxstrategy=>=6|ny_flush_buy_4h,192,54.2,0.0555,1.47,10.7,17,0.46,0.3,192,0.056,0,,0.0,0,,
oidxweekday=<-0.5|1,672,54.2,0.0093,1.1,6.2,7,0.3,0.41,178,0.016,494,0.007,0.08,269,55.4,
spreadxsymbol=2-5|1000LUNCUSDT,120,54.2,0.0218,1.2,2.6,28,0.38,1.0,22,0.016,98,0.023,0.1,81,51.9,Y
strategyxweekdayxregime=setup_fade|3|neutral,264,54.2,0.0425,1.27,11.2,5,0.79,0.28,134,-0.001,130,0.087,0.14,159,57.2,
imbxstrategy=>=0.5|burst_follow,4784,54.2,0.0053,1.09,25.2,57,0.47,0.32,2216,0.005,2503,0.006,0.07,1394,54.4,
sidexstrategy=LONG|burst_follow,4784,54.2,0.0053,1.09,25.2,57,0.47,0.32,2216,0.005,2503,0.006,0.07,1394,54.4,
adxxstrategy=20-30|ny_flush_buy_4h,325,54.2,0.0054,1.03,1.8,29,3.27,3.47,156,0.083,169,-0.066,0.0,88,54.5,
regimexsymbol=bear|TAOUSDT,133,54.1,0.0263,1.3,3.5,19,0.54,1.0,68,0.015,65,0.039,0.06,56,50.0,
breadthxstrategy=>=4|ny_flush_buy_4h,460,54.1,0.0036,1.02,1.7,33,3.41,2.99,107,0.051,353,-0.011,0.0,75,56.0,
adxxsymbol=>=30|PENDLEUSDT,85,54.1,0.0036,1.03,0.3,14,3.38,1.0,6,-0.121,79,0.013,0.09,40,52.5,
strategyxsymbol=burst_follow|ADAUSDT,316,54.1,-0.0002,1.0,-0.1,53,inf,inf,171,0.002,143,-0.001,0.06,57,52.6,
hour_bandxsymbol=0-5|BNBUSDT,207,54.1,-0.0211,0.85,-4.4,39,inf,inf,99,-0.043,108,-0.001,0.1,44,52.3,
oidxsymbol=mid|TRUMPUSDT,61,54.1,-0.0048,0.95,-0.3,9,inf,inf,0,,61,-0.005,0.07,35,60.0,
mktbxv3=30-60|N,1882,54.1,0.0033,1.04,6.1,4,2.25,0.32,0,,1882,0.003,0.05,680,52.4,
concxsymbol=0-1|DOTUSDT,159,54.1,0.0006,1.0,0.1,33,16.51,1.0,33,0.016,126,-0.003,0.14,159,54.1,
strategyxvolz=burst_follow|2-5,1285,54.1,-0.0057,0.92,-7.3,50,inf,inf,529,-0.002,756,-0.008,0.07,349,55.6,
regimexsymbol=bear|1000LUNCUSDT,98,54.1,0.0158,1.1,1.5,19,1.04,1.0,54,-0.018,44,0.058,0.16,38,55.3,
strategyxregimexdecile_band=nony_momentum|bull|D10,98,54.1,-0.019,0.74,-1.9,14,inf,inf,28,-0.028,70,-0.016,0.02,27,59.3,
adxxsymbol=>=30|SOLUSDT,675,54.1,0.0043,1.04,2.9,14,1.02,1.0,32,0.045,643,0.002,0.08,375,53.3,
symbolxweekday=BNBUSDT|2,135,54.1,0.0115,1.08,1.6,8,0.99,1.0,78,0.017,57,0.004,0.17,39,53.8,
breadthxsymbol=2-3|ADAUSDT,209,54.1,0.001,1.01,0.2,37,5.37,1.0,85,0.019,124,-0.011,0.07,94,52.1,
strategyxweekday=nony_momentum|2,320,54.1,0.0131,1.22,4.2,8,0.95,0.24,245,0.007,75,0.032,0.1,76,61.8,
decile_bandxstrategy=D10|fade_3h_late,37,54.1,0.154,2.08,5.7,11,0.78,0.41,28,0.232,9,-0.089,0.0,7,57.1,
fundxstrategy=neg|burst_follow,1517,54.1,-0.0025,0.96,-3.8,54,inf,inf,922,0.003,595,-0.011,0.07,492,53.9,
symbolxv3=APTUSDT|N,185,54.1,0.0036,1.03,0.7,31,2.22,1.0,79,0.017,98,-0.008,0.09,23,43.5,
symbolxweekday=HYPEUSDT|5,37,54.1,0.0043,1.04,0.2,2,7.5,1.0,0,,37,0.004,0.05,19,47.4,
strategyxregimexdecile_band=follow_3h_all|bull|D4-9,37,54.1,0.0207,1.27,0.8,11,0.87,0.94,1,-0.251,36,0.028,0.0,26,53.8,
strategyxregimexdecile_band=ny_flush_buy_4h|bull|D4-9,37,54.1,0.0508,1.43,1.9,14,1.37,0.86,5,0.208,32,0.026,0.0,1,100.0,
strategyxdecile_bandximb=fade_3h_late|D10|>=0.5,37,54.1,0.154,2.08,5.7,11,0.78,0.41,28,0.232,9,-0.089,0.0,7,57.1,
atrpxmktb=hi|>=60,435,54.0,0.0136,1.22,5.9,2,0.71,0.26,0,,435,0.014,0.05,165,48.5,
strategyxweekend=nony_momentum|True,498,54.0,-0.0104,0.85,-5.2,16,inf,inf,175,-0.016,323,-0.008,0.05,168,60.1,
adxxstrategy=>=30|burst_follow,3088,54.0,0.0045,1.08,14.0,13,1.22,0.19,98,0.016,2990,0.004,0.07,1164,53.5,
atrpxstrategy=hi|asia_pump_short_4h,187,54.0,-0.0336,0.85,-6.3,34,inf,inf,41,0.088,146,-0.068,0.0,53,47.2,
strategyxregimexdecile_band=setup_fade|neutral|D10,187,54.0,0.0641,1.4,12.0,36,0.4,0.24,94,0.053,93,0.075,0.18,81,61.7,
atrpxstrategy=hi|ny_flush_buy_4h,400,54.0,0.0077,1.06,3.1,41,1.53,1.66,123,0.062,277,-0.017,0.0,72,58.3,
strategyxsymbol=follow_3h_all|XRPUSDT,50,54.0,0.0183,1.12,0.9,21,1.25,1.0,40,-0.018,10,0.164,0.0,9,77.8,
volzxweekday=>=5|6,500,54.0,-0.0091,0.92,-4.5,8,inf,inf,137,-0.025,363,-0.003,0.08,164,53.7,
strategyxweekday=late_fade|6,213,54.0,0.0396,1.96,8.4,7,1.05,0.1,54,0.018,159,0.047,0.26,48,54.2,
strategyxweekdayxhour_band=late_fade|6|18-23,213,54.0,0.0396,1.96,8.4,7,1.05,0.1,54,0.018,159,0.047,0.26,48,54.2,
imbxsymbol=>=0.5|HYPEUSDT,163,54.0,-0.0003,1.0,-0.1,10,inf,inf,0,,163,-0.0,0.06,46,52.2,
symbolxvolz=ETHUSDT|2-5,326,54.0,0.0259,1.25,8.5,52,0.4,1.0,147,0.029,179,0.023,0.13,132,58.3,
strategyxregimexdecile_band=london_burst_fade|neutral|D10,163,54.0,0.0928,1.71,15.1,27,0.58,0.19,113,0.132,50,0.003,0.21,59,40.7,
oidxregime=<-0.5|bear,365,54.0,-0.0008,0.99,-0.3,14,inf,inf,152,-0.007,213,0.004,0.09,220,51.8,
adxxweekday=<20|5,126,54.0,0.0007,1.01,0.1,1,1.0,9.69,126,0.001,0,,0.1,0,,
regimexsymbol=bear|XLMUSDT,126,54.0,-0.0071,0.94,-0.9,19,inf,inf,76,0.004,50,-0.023,0.1,37,56.8,
adxxstrategy=20-30|nony_momentum,656,54.0,-0.0047,0.94,-3.1,34,inf,inf,375,0.004,281,-0.016,0.08,278,57.2,
fundxsymbol=flat|TRUMPUSDT,278,54.0,0.0131,1.14,3.6,9,0.75,1.0,0,,278,0.013,0.09,157,57.3,
breadthxstrategy=>=4|burst_follow,3766,54.0,-0.0028,0.96,-10.4,42,inf,inf,820,-0.0,2946,-0.003,0.07,1078,54.0,
strategyxregimexadx=burst_follow|bull|>=30,3075,54.0,0.0045,1.08,13.9,12,1.23,0.19,98,0.016,2977,0.004,0.07,1151,53.3,
strategyxregimexdecile_band=nony_momentum|neutral|D2-3,595,53.9,-0.0087,0.88,-5.2,33,inf,inf,421,-0.02,174,0.019,0.06,197,52.8,
adxxstrategy=20-30|burst_follow,2812,53.9,-0.0074,0.9,-20.9,34,inf,inf,1470,0.009,1342,-0.025,0.07,1259,52.6,
strategyxsymbol=setup_fade|NMRUSDT,165,53.9,-0.0023,0.99,-0.4,51,inf,inf,88,0.017,71,-0.06,0.13,70,50.0,
spreadxstrategy=<2|burst_follow,5075,53.9,-0.0013,0.98,-6.5,43,inf,inf,1505,0.006,3570,-0.004,0.07,2216,53.0,
symbolxvolz=TRUMPUSDT|<2,293,53.9,0.0146,1.18,4.3,10,0.64,1.0,0,,293,0.015,0.08,166,56.6,
strategyxv3=ny_flush_buy_4h|N,790,53.9,0.0094,1.06,7.4,51,1.05,0.99,313,0.044,477,-0.013,0.0,183,53.0,
symbolxvolz=1000LUNCUSDT|2-5,102,53.9,0.004,1.03,0.4,31,1.69,1.0,44,-0.009,58,0.014,0.11,47,48.9,
adxxconc=<20|>=6,128,53.9,0.0049,1.05,0.6,2,0.86,1.36,128,0.005,0,,0.11,0,,
adxxweekend=<20|True,128,53.9,0.0049,1.05,0.6,2,0.86,1.36,128,0.005,0,,0.11,0,,
sym_statexsymbol=bull|SOLUSDT,833,53.9,0.001,1.01,0.8,22,3.67,1.0,65,0.042,768,-0.002,0.08,471,53.3,
regimexsymbol=bull|SOLUSDT,859,53.9,0.0084,1.08,7.3,21,0.41,1.0,200,0.014,659,0.007,0.08,400,53.0,
mktbxvolz=>=60|<2,436,53.9,0.0174,1.27,7.6,2,0.5,0.2,0,,436,0.017,0.06,195,50.8,
atrpxmktb=hi|30-60,2002,53.9,0.0038,1.04,7.7,4,1.46,0.4,0,,2002,0.004,0.05,778,51.5,
hour_bandxsymbol=12-17|TAOUSDT,154,53.9,0.0164,1.16,2.5,44,0.42,1.0,77,0.013,75,0.026,0.08,42,45.2,
oidxweekend=<-0.5|True,1130,53.9,-0.0037,0.96,-4.2,14,inf,inf,59,0.036,1071,-0.006,0.08,451,49.9,
fundxstrategy=pos|asia_pump_short_4h,167,53.9,-0.0857,0.67,-14.3,38,inf,inf,42,-0.038,125,-0.102,0.0,57,54.4,
strategyxweekdayxhour_band=setup_fade|2|6-11,180,53.9,0.055,1.37,9.9,9,0.34,0.26,89,0.066,91,0.044,0.13,90,54.4,
strategyxsidexregime=burst_follow|SHORT|bear,720,53.9,-0.0037,0.95,-2.7,18,inf,inf,611,-0.001,109,-0.021,0.07,140,51.4,
atrpxsymbol=mid|BNBUSDT,399,53.9,0.0031,1.03,1.3,38,1.04,1.0,156,0.032,243,-0.016,0.11,91,50.5,
cascxweekday=Y|0,644,53.9,-0.009,0.92,-5.8,6,inf,inf,3,0.36,641,-0.011,0.07,311,53.4,
atrpxsymbol=hi|ETHUSDT,195,53.8,0.0178,1.24,3.5,24,0.66,1.0,49,0.024,146,0.016,0.07,83,57.8,
atrpxsymbol=hi|BNBUSDT,39,53.8,0.0134,1.15,0.5,6,0.92,1.0,0,,39,0.013,0.03,9,44.4,
concxsymbol=NA|ADAUSDT,39,53.8,0.0097,1.08,0.4,6,0.92,1.0,20,0.017,7,-0.014,0.15,8,50.0,
hour_bandxsymbol=12-17|AVAXUSDT,39,53.8,-0.0064,0.94,-0.2,9,inf,inf,0,,39,-0.006,0.1,15,46.7,
hour_bandxsymbol=6-11|LINKUSDT,39,53.8,0.0674,2.05,2.6,7,0.27,1.0,0,,39,0.067,0.1,10,50.0,
mktbxsymbol=NA|ADAUSDT,39,53.8,0.0097,1.08,0.4,6,0.92,1.0,20,0.017,7,-0.014,0.15,8,50.0,
mktbxsymbol=30-60|TRUMPUSDT,143,53.8,0.0059,1.07,0.8,4,2.58,1.0,0,,143,0.006,0.06,74,58.1,
mktbxweekday=>=60|5,403,53.8,0.0104,1.15,4.2,1,1.0,0.37,0,,403,0.01,0.04,155,48.4,
regimexsymbol=NA|ADAUSDT,39,53.8,0.0097,1.08,0.4,6,0.92,1.0,20,0.017,7,-0.014,0.15,8,50.0,
symbolxvolz=PENDLEUSDT|2-5,104,53.8,-0.0302,0.78,-3.1,33,inf,inf,58,-0.025,46,-0.036,0.1,40,52.5,
symbolxweekday=SUIUSDT|6,39,53.8,0.0025,1.03,0.1,1,1.0,1.0,0,,39,0.002,0.03,14,50.0,
strategyxweekdayxhour_band=nony_momentum|6|0-5,130,53.8,0.0178,1.45,2.3,8,0.91,0.2,48,-0.02,82,0.04,0.05,38,65.8,
strategyxdecile_bandximb=setup_follow|D4-9|<0.5,559,53.8,-0.0065,0.92,-3.6,58,inf,inf,257,0.005,302,-0.016,0.09,240,47.9,
hour_bandxstrategy=12-17|ny_flush_buy_4h,470,53.8,0.0267,1.23,12.5,51,0.45,0.41,195,0.051,275,0.01,0.0,97,59.8,
regimexside=bull|LONG,5904,53.8,0.0183,1.21,107.9,22,0.33,0.16,1116,-0.0,4788,0.023,0.09,2275,53.8,
imbxmktb=>=0.5|>=60,392,53.8,0.0134,1.21,5.3,2,0.68,0.28,0,,392,0.013,0.04,155,50.3,
concxsymbol=2-3|PUMPUSDT,223,53.8,0.0043,1.04,1.0,10,1.31,1.0,0,,223,0.004,0.09,60,55.0,
strategyxsymbol=burst_follow|ZECUSDT,892,53.8,0.0041,1.07,3.7,55,0.32,1.0,436,0.013,445,-0.005,0.07,324,51.2,
mktbxweekend=30-60|False,1318,53.8,-0.004,0.96,-5.3,2,inf,inf,0,,1318,-0.004,0.06,562,52.5,
symbolxv3=BNBUSDT|N,502,53.8,-0.009,0.92,-4.5,45,inf,inf,239,0.005,254,-0.023,0.09,84,54.8,
atrpxsymbol=NA|BNBUSDT,106,53.8,-0.0032,0.97,-0.3,7,inf,inf,95,-0.001,0,,0.07,0,,
symbolxvolz=BNBUSDT|NA,106,53.8,-0.0032,0.97,-0.3,7,inf,inf,95,-0.001,0,,0.07,0,,
fundxstrategy=flat|burst_follow,4038,53.8,0.0022,1.03,8.7,56,0.64,0.68,2192,0.006,1846,-0.002,0.07,1197,54.1,
regimexstrategy=bull|burst_follow,3685,53.8,0.0024,1.04,8.8,21,1.94,0.25,593,0.009,3092,0.001,0.07,1255,53.1,
strategyxregimextrig=burst_follow|bull|burst,3685,53.8,0.0024,1.04,8.8,21,1.94,0.25,593,0.009,3092,0.001,0.07,1255,53.1,
symbolxweekend=TRUMPUSDT|False,253,53.8,0.0012,1.01,0.3,6,4.13,1.0,0,,253,0.001,0.08,117,58.1,
adxxsymbol=<20|WLDUSDT,80,53.8,-0.003,0.98,-0.2,10,inf,inf,41,-0.022,39,0.016,0.1,44,52.3,
strategyxweekdayxregime=burst_follow|6|neutral,601,53.7,-0.0116,0.84,-7.0,5,inf,inf,249,0.008,352,-0.025,0.06,201,52.2,
concxstrategy=>=6|burst_follow,2879,53.7,0.0071,1.12,20.5,23,0.4,0.26,2879,0.007,0,,0.07,0,,
sym_statexsymbol=bull|1000LUNCUSDT,67,53.7,0.006,1.05,0.4,7,2.13,1.0,0,,67,0.006,0.09,36,50.0,
symbolxvolz=ICPUSDT|>=5,67,53.7,0.0095,1.07,0.6,22,0.91,1.0,32,0.032,35,-0.011,0.1,25,52.0,
breadthxmktb=>=4|30-60,2081,53.7,0.0013,1.01,2.6,4,1.89,0.79,0,,2081,0.001,0.06,755,53.0,
strategyxweekdayxhour_band=london_burst_fade|3|6-11,229,53.7,0.079,1.57,18.1,7,0.57,0.26,82,0.084,147,0.077,0.19,66,48.5,
atrpxsymbol=NA|TAOUSDT,54,53.7,0.0164,1.15,0.9,7,1.6,1.0,51,0.024,0,,0.13,0,,
decile_bandxstrategy=D10|asia_pump_short_4h,108,53.7,0.0271,1.16,2.9,36,0.71,0.66,47,0.083,61,-0.016,0.0,42,42.9,
strategyxweekday=asia_pump_short_4h|6,54,53.7,-0.0783,0.65,-4.2,6,inf,inf,21,-0.177,33,-0.015,0.0,24,54.2,
symbolxvolz=TAOUSDT|NA,54,53.7,0.0164,1.15,0.9,7,1.6,1.0,51,0.024,0,,0.13,0,,
symbolxweekend=SUIUSDT|True,54,53.7,0.0034,1.05,0.2,3,0.52,1.0,0,,54,0.003,0.02,24,50.0,
strategyxdecile_bandximb=asia_pump_short_4h|D10|<0.5,108,53.7,0.0271,1.16,2.9,36,0.71,0.66,47,0.083,61,-0.016,0.0,42,42.9,
symbolxv3=PUMPUSDT|N,231,53.7,-0.0044,0.95,-1.0,10,inf,inf,0,,231,-0.004,0.08,82,54.9,
strategyxvs=ny_flush_buy_4h|N,803,53.7,0.0055,1.04,4.4,51,1.77,1.59,318,0.041,485,-0.018,0.0,188,52.1,
symbolxweekday=ADAUSDT|0,177,53.7,0.0123,1.13,2.2,9,0.78,1.0,118,0.006,59,0.024,0.1,52,53.8,
atrpxstrategy=lo|ny_flush_buy_4h,41,53.7,-0.0738,0.7,-3.0,23,inf,inf,19,0.035,22,-0.168,0.0,24,54.2,
decile_bandxsymbol=D2-3|PUMPUSDT,205,53.7,-0.0051,0.94,-1.1,10,inf,inf,0,,205,-0.005,0.07,84,54.8,
oidxsymbol=<-0.5|WLDUSDT,205,53.7,-0.0,1.0,-0.0,40,inf,inf,79,0.001,126,-0.001,0.06,82,53.7,
sidexsymbol=LONG|HYPEUSDT,164,53.7,-0.0062,0.93,-1.0,10,inf,inf,0,,164,-0.006,0.05,52,48.1,
strategyxsymbol=late_fade|ENAUSDT,41,53.7,0.0367,2.23,1.5,17,0.46,1.0,10,0.039,31,0.036,0.12,20,60.0,
symbolxweekday=PUMPUSDT|0,41,53.7,-0.0009,0.99,-0.0,2,inf,inf,0,,41,-0.001,0.07,16,62.5,
strategyxweekdayxhour_band=nony_momentum|3|12-17,41,53.7,-0.0047,0.92,-0.2,6,inf,inf,30,-0.024,11,0.049,0.05,20,55.0,
strategyxsidexregime=setup_follow|LONG|NA,82,53.7,0.012,1.2,1.0,2,3.12,0.78,41,0.075,0,,0.1,0,,
strategyxweekdayxregime=ny_flush_buy_4h|3|bull,41,53.7,0.0333,1.4,1.4,3,0.81,0.45,6,-0.141,35,0.063,0.0,12,83.3,
hour_bandxoid=12-17|<-0.5,1139,53.6,-0.0074,0.93,-8.4,45,inf,inf,382,-0.006,757,-0.008,0.09,446,53.4,
oidxvolz=<-0.5|>=5,675,53.6,0.0073,1.07,4.9,45,0.96,0.41,197,0.013,478,0.005,0.08,222,54.5,
breadthxsymbol=2-3|1000LUNCUSDT,69,53.6,-0.0195,0.84,-1.3,22,inf,inf,23,0.017,46,-0.038,0.09,37,54.1,
fundxsymbol=NA|ZECUSDT,69,53.6,0.0893,2.28,6.2,7,0.79,1.0,37,0.163,6,0.023,0.09,8,50.0,
fundxsymbol=neg|PENDLEUSDT,69,53.6,-0.0581,0.64,-4.0,21,inf,inf,38,-0.06,31,-0.056,0.16,35,54.3,
fundxsymbol=flat|1000LUNCUSDT,69,53.6,0.0254,1.31,1.8,19,0.45,1.0,53,0.035,16,-0.008,0.07,19,52.6,
mktbxsymbol=30-60|XRPUSDT,207,53.6,0.0132,1.16,2.7,4,0.6,1.0,0,,207,0.013,0.04,104,58.7,
strategyxsymbol=ny_flush_buy_4h|SOLUSDT,69,53.6,0.0746,1.63,5.2,45,0.46,1.0,33,0.017,36,0.128,0.0,27,55.6,
strategyxweekdayxregime=nony_momentum|3|bull,138,53.6,-0.0008,0.99,-0.1,4,inf,inf,76,-0.017,62,0.019,0.07,48,62.5,
strategyxdecile_bandximb=london_burst_fade|D4-9|<0.5,166,53.6,0.0643,1.38,10.7,40,0.42,0.25,73,0.084,92,0.044,0.23,46,50.0,
mktbxsymbol=30-60|PUMPUSDT,97,53.6,-0.003,0.97,-0.3,4,inf,inf,0,,97,-0.003,0.08,26,50.0,
sym_statexsymbol=neutral|DOGEUSDT,97,53.6,0.0124,1.1,1.2,5,1.56,1.0,0,,97,0.012,0.14,25,56.0,
symbolxvolz=XLMUSDT|>=5,97,53.6,0.0097,1.09,0.9,31,0.76,1.0,60,0.007,37,0.013,0.07,10,50.0,
strategy=ny_flush_buy_4h,804,53.6,0.0048,1.03,3.9,51,2.01,1.81,318,0.041,486,-0.019,0.0,189,51.9,
imbxstrategy=>=0.5|ny_flush_buy_4h,804,53.6,0.0048,1.03,3.9,51,2.01,1.81,318,0.041,486,-0.019,0.0,189,51.9,
sessionxstrategy=None|ny_flush_buy_4h,804,53.6,0.0048,1.03,3.9,51,2.01,1.81,318,0.041,486,-0.019,0.0,189,51.9,
sidexstrategy=LONG|ny_flush_buy_4h,804,53.6,0.0048,1.03,3.9,51,2.01,1.81,318,0.041,486,-0.019,0.0,189,51.9,
atrpxstrategy=hi|burst_follow,3515,53.6,0.0025,1.04,8.8,49,1.48,0.3,908,0.005,2607,0.002,0.06,1082,51.2,
decile_bandxsymbol=D4-9|1000LUNCUSDT,153,53.6,-0.0042,0.97,-0.6,40,inf,inf,65,-0.003,88,-0.005,0.12,57,49.1,
strategyxsym_state=burst_follow|bull,3363,53.6,0.0007,1.01,2.4,38,6.84,1.32,445,0.003,2918,0.0,0.06,1376,53.1,
atrpxsymbol=mid|LINKUSDT,56,53.6,-0.0192,0.87,-1.1,8,inf,inf,0,,56,-0.019,0.14,19,52.6,
cascxsymbol=Y|DASHUSDT,84,53.6,0.0041,1.04,0.3,6,2.69,1.0,8,0.056,76,-0.001,0.07,36,55.6,
hour_bandxsymbol=0-5|SUIUSDT,56,53.6,0.0191,1.22,1.1,6,0.68,1.0,0,,56,0.019,0.04,12,58.3,
mktbxsymbol=30-60|NEARUSDT,56,53.6,-0.0006,0.99,-0.0,4,inf,inf,0,,56,-0.001,0.04,28,53.6,
strategyxweekday=ny_flush_buy_4h|1,140,53.6,-0.0266,0.82,-3.7,8,inf,inf,51,0.068,89,-0.081,0.0,30,63.3,
fundxsymbol=flat|PUMPUSDT,211,53.6,-0.0014,0.99,-0.3,10,inf,inf,0,,211,-0.001,0.08,84,53.6,
strategyxweekend=burst_follow|False,6261,53.6,0.0032,1.05,20.1,41,0.85,0.36,3096,0.005,3082,0.002,0.08,1929,53.3,
atrpxside=hi|LONG,5419,53.6,0.0143,1.17,77.5,57,0.33,0.15,1606,0.012,3813,0.015,0.07,1799,53.5,Y
concxmktb=2-3|30-60,2157,53.5,0.0019,1.02,4.2,4,1.54,0.64,0,,2157,0.002,0.06,639,52.7,
strategyxdecile_bandximb=setup_fade|D10|>=0.5,254,53.5,0.0334,1.2,8.5,60,0.57,0.3,112,0.045,141,0.024,0.14,102,60.8,
spreadxstrategy=2-5|burst_follow,833,53.5,-0.0029,0.96,-2.4,41,inf,inf,167,-0.007,666,-0.002,0.05,285,52.6,
strategyxvolz=follow_3h_all|<2,226,53.5,0.014,1.1,3.2,24,0.85,0.78,182,-0.004,44,0.089,0.0,29,51.7,
strategyxweekdayxregime=nony_momentum|2|bull,99,53.5,0.0039,1.08,0.4,6,3.23,0.96,49,-0.007,50,0.014,0.03,38,55.3,
decile_bandxstrategy=D2-3|burst_follow,6219,53.5,0.0015,1.02,9.1,57,1.5,0.59,2791,0.004,3361,-0.0,0.06,2116,52.6,
strategyxsymbol=setup_fade|RENDERUSDT,170,53.5,0.0274,1.17,4.7,59,0.42,1.0,80,0.068,87,-0.018,0.11,79,51.9,
strategyxsymbol=setup_fade|QNTUSDT,170,53.5,0.0146,1.08,2.5,55,0.71,1.0,75,0.03,94,-0.0,0.1,83,59.0,
hour_bandxmktb=12-17|30-60,596,53.5,-0.0067,0.94,-4.0,3,inf,inf,0,,596,-0.007,0.07,241,47.3,
symbolxweekday=PENDLEUSDT|5,71,53.5,-0.0025,0.97,-0.2,9,inf,inf,33,-0.041,38,0.031,0.03,24,54.2,
symbolxweekday=XLMUSDT|0,71,53.5,-0.0117,0.89,-0.8,8,inf,inf,36,0.006,35,-0.03,0.07,25,52.0,
strategyxweekdayxregime=follow_3h_all|0|neutral,71,53.5,-0.0145,0.9,-1.0,3,inf,inf,70,-0.014,1,-0.068,0.0,6,0.0,
strategyxweekdayxhour_band=setup_fade|2|18-23,185,53.5,-0.0054,0.97,-1.0,9,inf,inf,101,0.029,84,-0.047,0.11,69,53.6,
mktbxstrategy=<30|nony_momentum,1637,53.5,-0.0035,0.95,-5.7,54,inf,inf,1010,-0.008,627,0.003,0.06,526,57.8,
symbolxweekday=ZECUSDT|5,228,53.5,0.0093,1.1,2.1,9,0.86,1.0,88,0.035,140,-0.007,0.07,118,47.5,
hour_bandxstrategy=0-5|burst_follow,1981,53.5,0.0056,1.09,11.1,54,0.53,0.37,962,0.016,1019,-0.004,0.08,612,54.7,
oidxsymbol=<-0.5|ZECUSDT,357,53.5,-0.001,0.99,-0.4,37,inf,inf,112,0.01,245,-0.006,0.06,170,51.2,
sidexsym_state=LONG|bull,5002,53.5,0.0137,1.15,68.4,48,0.5,0.18,661,-0.015,4341,0.018,0.08,2293,52.4,
decile_bandxsymbol=D10|NEARUSDT,129,53.5,0.0092,1.09,1.2,35,1.24,1.0,77,0.023,51,-0.014,0.09,26,46.2,
fundxsymbol=neg|RUNEUSDT,43,53.5,-0.0095,0.92,-0.4,12,inf,inf,30,0.002,13,-0.037,0.09,22,54.5,
hour_bandxstrategy=12-17|fade_3h_london,43,53.5,0.2344,2.8,10.1,15,0.54,0.31,36,0.337,7,-0.292,0.0,4,25.0,
mktbxsymbol=30-60|ENAUSDT,129,53.5,-0.0087,0.92,-1.1,4,inf,inf,0,,129,-0.009,0.08,56,53.6,
strategyxsymbol=setup_follow|ZECUSDT,144,53.5,-0.0107,0.87,-1.5,53,inf,inf,74,0.01,70,-0.033,0.08,66,57.6,
atrpxsymbol=hi|FILUSDT,245,53.5,-0.0025,0.97,-0.6,33,inf,inf,79,-0.019,166,0.005,0.06,61,45.9,
atrpxsymbol=hi|SOLUSDT,404,53.5,-0.0026,0.97,-1.0,23,inf,inf,54,-0.003,350,-0.002,0.06,196,53.1,
atrpxstrategy=mid|late_fade,318,53.5,0.0283,1.59,9.0,42,0.56,0.17,170,0.035,148,0.021,0.2,106,50.9,
strategyxweekday=burst_follow|3,1072,53.5,0.002,1.03,2.2,8,1.21,1.06,507,0.008,565,-0.003,0.07,347,54.5,
concxsymbol=0-1|APTUSDT,116,53.4,0.0531,1.56,6.2,31,0.25,1.0,19,0.092,97,0.045,0.15,116,53.4,Y
mktbxoid=>=60|mid,174,53.4,0.0317,1.45,5.5,2,0.56,0.27,0,,174,0.032,0.08,98,53.1,
spreadxstrategy=>=5|late_fade,58,53.4,0.0381,1.79,2.2,14,0.53,0.43,26,0.036,32,0.04,0.26,16,50.0,
strategyxvolz=burst_follow|>=5,902,53.4,0.0058,1.08,5.2,48,1.12,0.34,423,0.016,479,-0.003,0.09,217,54.8,
sym_statexvolz=bull|>=5,801,53.4,0.0215,1.19,17.3,41,0.47,0.15,123,0.041,678,0.018,0.1,313,51.4,
decile_bandxsymbol=D4-9|APTUSDT,161,53.4,0.0401,1.39,6.5,45,0.18,1.0,69,0.043,88,0.037,0.14,56,53.6,Y
strategyxweekdayxregime=burst_follow|3|bull,659,53.4,-0.0028,0.96,-1.8,4,inf,inf,176,0.001,483,-0.004,0.07,237,54.9,
sidexsymbol=LONG|ICPUSDT,294,53.4,0.0155,1.18,4.6,62,0.39,1.0,151,0.034,141,-0.003,0.14,120,47.5,
strategyxsym_state=nony_momentum|neutral,588,53.4,-0.0088,0.89,-5.2,38,inf,inf,338,-0.018,250,0.004,0.07,216,59.3,
imbxsymbol=<0.5|PUMPUSDT,103,53.4,-0.0019,0.98,-0.2,10,inf,inf,0,,103,-0.002,0.05,37,54.1,
regimexsymbol=bull|1000LUNCUSDT,103,53.4,0.0121,1.11,1.2,14,0.68,1.0,6,-0.029,97,0.015,0.09,58,50.0,
oidxsymbol=NA|BNBUSDT,251,53.4,-0.0059,0.95,-1.5,17,inf,inf,237,-0.006,3,0.084,0.08,2,50.0,
sym_statexsymbol=bull|PUMPUSDT,133,53.4,-0.0034,0.96,-0.4,5,inf,inf,0,,133,-0.003,0.08,37,51.4,
symbolxweekend=PENDLEUSDT|True,133,53.4,-0.0048,0.95,-0.6,17,inf,inf,54,-0.036,79,0.017,0.07,47,51.1,
strategyxvs=burst_follow|N,8307,53.4,0.0007,1.01,5.8,57,2.92,1.04,3811,0.006,4414,-0.003,0.07,2602,52.8,
mktbxsymbol=<30|PUMPUSDT,163,53.4,0.001,1.01,0.2,7,5.07,1.0,0,,163,0.001,0.09,75,53.3,
strategyxweekdayxhour_band=setup_fade|0|18-23,163,53.4,0.0264,1.17,4.3,8,1.26,0.68,77,-0.001,86,0.051,0.09,73,57.5,
hour_bandxside=12-17|LONG,4272,53.4,0.0228,1.25,97.6,61,0.24,0.18,2080,0.031,2078,0.016,0.1,1417,52.2,Y
symbolxvolz=SOLUSDT|>=5,178,53.4,0.0042,1.03,0.7,43,1.63,1.0,80,0.026,98,-0.013,0.12,74,55.4,
strategyxv3=burst_follow|N,8054,53.4,0.0014,1.02,11.0,57,1.46,0.51,3695,0.007,4277,-0.003,0.07,2528,52.8,
adxxsymbol=<20|ETHUSDT,223,53.4,0.0203,1.21,4.5,10,0.39,1.0,120,0.015,103,0.027,0.09,163,52.8,Y
cascxstrategy=N|nony_momentum,1668,53.4,0.0003,1.0,0.5,57,11.12,7.82,1025,-0.003,607,0.01,0.07,469,56.1,
strategyxweekday=nony_momentum|6,298,53.4,-0.007,0.9,-2.1,8,inf,inf,99,0.009,199,-0.015,0.06,93,59.1,
atrpxsymbol=hi|PUMPUSDT,255,53.3,0.0014,1.02,0.4,10,3.19,1.0,0,,255,0.001,0.07,96,53.1,
cascxstrategy=Y|asia_pump_short_4h,75,53.3,-0.1004,0.64,-7.5,12,inf,inf,1,0.586,74,-0.11,0.0,35,51.4,
cascxsymbol=Y|PUMPUSDT,90,53.3,-0.0074,0.92,-0.7,3,inf,inf,0,,90,-0.007,0.07,22,50.0,
mktbxsymbol=>=60|ETHUSDT,45,53.3,0.0186,1.33,0.8,2,0.74,1.0,0,,45,0.019,0.07,37,56.8,
oidxsym_state=NA|neutral,30,53.3,0.0362,1.25,1.1,9,0.58,0.58,21,0.044,9,0.019,0.17,19,52.6,
sym_statexsymbol=bull|XLMUSDT,90,53.3,-0.0136,0.88,-1.2,7,inf,inf,0,,90,-0.014,0.08,30,50.0,
symbolxvolz=BCHUSDT|2-5,30,53.3,-0.0636,0.68,-1.9,6,inf,inf,0,,30,-0.064,0.17,5,60.0,
strategyxweekdayxhour_band=follow_3h_all|2|6-11,30,53.3,0.0087,1.05,0.3,3,14.91,2.79,29,0.016,1,-0.214,0.0,1,0.0,
strategyxweekdayxhour_band=asia_pump_short_4h|2|0-5,45,53.3,0.0389,1.3,1.7,8,1.46,0.66,18,0.197,27,-0.067,0.0,24,33.3,
strategyxweekdayxregime=nony_momentum|6|bear,60,53.3,-0.0005,0.99,-0.0,2,inf,inf,43,-0.019,17,0.047,0.03,14,85.7,
strategy=burst_follow,8377,53.3,-0.0001,1.0,-0.4,57,inf,inf,3842,0.005,4452,-0.005,0.07,2619,52.9,
sessionxstrategy=None|burst_follow,8377,53.3,-0.0001,1.0,-0.4,57,inf,inf,3842,0.005,4452,-0.005,0.07,2619,52.9,
strategyxweekday=burst_follow|4,1371,53.3,0.0078,1.12,10.7,9,0.74,0.43,565,0.009,806,0.007,0.09,459,52.3,
regimexsymbol=bear|ZECUSDT,332,53.3,0.0124,1.13,4.1,21,0.61,1.0,235,0.023,97,-0.014,0.09,94,51.1,
strategyxweekend=ny_flush_buy_4h|False,634,53.3,0.0253,1.2,16.0,38,0.49,0.37,279,0.05,355,0.006,0.0,149,51.7,
fundxmktb=flat|30-60,726,53.3,-0.0008,0.99,-0.6,4,inf,inf,0,,726,-0.001,0.06,274,51.5,
hour_bandxstrategy=18-23|ny_flush_buy_4h,334,53.3,-0.0259,0.87,-8.7,48,inf,inf,123,0.026,211,-0.056,0.0,92,43.5,
adxximb=<20|<0.5,411,53.3,0.0251,1.26,10.3,10,0.65,0.22,154,0.021,257,0.027,0.1,271,52.8,
breadthxstrategy=2-3|ny_flush_buy_4h,137,53.3,-0.0005,1.0,-0.1,38,inf,inf,61,0.013,76,-0.012,0.0,55,43.6,
decile_bandxsymbol=D2-3|HYPEUSDT,244,53.3,-0.0036,0.96,-0.9,10,inf,inf,0,,244,-0.004,0.07,89,50.6,
mktbxspread=>=60|<2,351,53.3,0.0122,1.19,4.3,2,0.6,0.23,0,,351,0.012,0.05,170,50.0,
hour_bandxsymbol=12-17|SOLUSDT,642,53.3,0.0022,1.02,1.4,57,1.66,1.0,347,-0.007,264,0.016,0.11,221,56.6,
concxstrategy=2-3|burst_follow,4160,53.3,-0.0049,0.93,-20.4,36,inf,inf,580,-0.007,3580,-0.005,0.07,1499,53.0,
strategyxvolz=burst_follow|<2,5287,53.3,-0.0005,0.99,-2.9,51,inf,inf,2070,0.005,3217,-0.004,0.07,2053,52.3,
strategyxweekdayxhour_band=setup_fade|4|12-17,184,53.3,0.0301,1.19,5.5,9,0.64,0.47,112,0.009,72,0.063,0.13,88,54.5,
mktbxvs=30-60|N,2456,53.3,0.002,1.02,4.8,4,1.62,0.56,0,,2456,0.002,0.06,986,52.0,
atrpxstrategy=mid|ny_flush_buy_4h,338,53.3,0.01,1.06,3.4,46,1.68,1.64,165,0.02,173,0.001,0.0,68,44.1,
symbolxweekday=XRPUSDT|4,323,53.3,0.001,1.01,0.3,9,3.48,1.0,137,0.023,186,-0.015,0.1,139,52.5,
strategyxweekday=asia_pump_short_4h|1,77,53.2,0.0118,1.09,0.9,8,3.07,1.51,29,-0.073,48,0.063,0.0,29,58.6,
breadthxsymbol=2-3|SOLUSDT,541,53.2,0.0026,1.02,1.4,41,1.7,1.0,228,0.012,313,-0.004,0.11,331,52.6,
symbolxvolz=PUMPUSDT|<2,201,53.2,-0.007,0.93,-1.4,10,inf,inf,0,,201,-0.007,0.07,86,54.7,
symbolxvs=PUMPUSDT|N,263,53.2,-0.0011,0.99,-0.3,10,inf,inf,0,,263,-0.001,0.08,100,53.0,
adxxsymbol=NA|BNBUSDT,248,53.2,-0.007,0.94,-1.7,15,inf,inf,237,-0.006,0,,0.08,0,,
breadthxsymbol=NA|BNBUSDT,248,53.2,-0.007,0.94,-1.7,15,inf,inf,237,-0.006,0,,0.08,0,,
spreadxsymbol=NA|BNBUSDT,248,53.2,-0.007,0.94,-1.7,15,inf,inf,237,-0.006,0,,0.08,0,,
strategyxsymbol=ny_flush_buy_4h|ZECUSDT,62,53.2,0.0635,1.43,3.9,44,0.34,1.0,35,0.113,27,-0.0,0.0,16,68.8,
strategyxv3=ny_burst_fade|N,62,53.2,0.0152,1.13,0.9,2,2.73,1.17,40,0.065,0,,0.06,0,,
strategyxvs=ny_burst_fade|N,62,53.2,0.0152,1.13,0.9,2,2.73,1.17,40,0.065,0,,0.06,0,,
sym_statexsymbol=NA|BNBUSDT,248,53.2,-0.007,0.94,-1.7,15,inf,inf,237,-0.006,0,,0.08,0,,
symbolxweekday=PENDLEUSDT|6,62,53.2,-0.0074,0.94,-0.5,8,inf,inf,21,-0.029,41,0.004,0.11,23,47.8,
strategyxsymbol=nony_momentum|ETHUSDT,357,53.2,-0.0021,0.97,-0.7,55,inf,inf,227,-0.015,125,0.026,0.09,145,57.9,
symbol=PUMPUSDT,265,53.2,-0.0008,0.99,-0.2,10,inf,inf,0,,265,-0.001,0.08,102,52.9,
sessionxsymbol=None|PUMPUSDT,265,53.2,-0.0008,0.99,-0.2,10,inf,inf,0,,265,-0.001,0.08,102,52.9,
strategyxdecile_bandximb=burst_follow|D10|>=0.5,686,53.2,0.011,1.16,7.6,55,0.7,0.21,356,0.022,327,-0.001,0.1,135,55.6,
concxweekday=NA|2,421,53.2,0.023,1.17,9.7,2,1.03,0.48,407,0.024,14,-0.019,0.19,14,42.9,
mktbxweekday=NA|2,421,53.2,0.023,1.17,9.7,2,1.03,0.48,407,0.024,14,-0.019,0.19,14,42.9,
regimexweekday=NA|2,421,53.2,0.023,1.17,9.7,2,1.03,0.48,407,0.024,14,-0.019,0.19,14,42.9,
breadthxside=>=4|LONG,5838,53.2,0.0048,1.05,28.3,42,0.95,0.33,1381,-0.012,4457,0.01,0.08,1963,53.0,
decile_bandxsymbol=D2-3|BNBUSDT,579,53.2,-0.0074,0.94,-4.3,57,inf,inf,289,0.005,282,-0.019,0.08,168,53.0,
concxvs=4-5|N,47,53.2,0.0332,1.29,1.6,5,1.4,0.84,47,0.033,0,,0.13,0,,
mktbxsymbol=30-60|BNBUSDT,47,53.2,-0.0097,0.9,-0.5,3,inf,inf,0,,47,-0.01,0.04,11,63.6,
symbolxweekday=APTUSDT|6,94,53.2,0.003,1.03,0.3,8,3.38,1.0,32,0.046,62,-0.019,0.13,27,55.6,
concxv3=NA|N,581,53.2,0.0349,1.32,20.3,7,0.52,0.28,321,0.051,51,0.056,0.14,69,60.9,
mktbxv3=NA|N,581,53.2,0.0349,1.32,20.3,7,0.52,0.28,321,0.051,51,0.056,0.14,69,60.9,
regimexv3=NA|N,581,53.2,0.0349,1.32,20.3,7,0.52,0.28,321,0.051,51,0.056,0.14,69,60.9,
breadthxsymbol=>=4|SOLUSDT,786,53.2,-0.0028,0.97,-2.2,39,inf,inf,236,-0.008,550,-0.0,0.09,340,52.6,
sidexsymbol=SHORT|TRUMPUSDT,173,53.2,-0.0105,0.9,-1.8,10,inf,inf,0,,173,-0.01,0.07,93,57.0,
adxxweekday=>=30|0,963,53.2,-0.0091,0.92,-8.7,1,inf,inf,0,,963,-0.009,0.06,421,52.5,
mktbxweekday=30-60|0,963,53.2,-0.0091,0.92,-8.7,1,inf,inf,0,,963,-0.009,0.06,421,52.5,
regimexweekday=bull|0,963,53.2,-0.0091,0.92,-8.7,1,inf,inf,0,,963,-0.009,0.06,421,52.5,
atrpxdecile_band=NA|D10,395,53.2,0.0039,1.03,1.5,12,1.06,0.94,367,-0.003,17,0.133,0.15,25,68.0,
decile_bandxvolz=D10|NA,395,53.2,0.0039,1.03,1.5,12,1.06,0.94,367,-0.003,17,0.133,0.15,25,68.0,
symbolxweekday=PUMPUSDT|6,79,53.2,-0.0181,0.84,-1.4,2,inf,inf,0,,79,-0.018,0.09,27,51.9,
adxxoid=>=30|<-0.5,2105,53.2,-0.0023,0.98,-4.7,14,inf,inf,27,-0.004,2078,-0.002,0.07,854,52.6,
symbolxweekday=SOLUSDT|3,380,53.2,0.0108,1.1,4.1,9,0.56,1.0,208,0.016,172,0.005,0.11,153,55.6,
strategyxregimexadx=burst_follow|neutral|20-30,1710,53.2,-0.0099,0.87,-16.9,27,inf,inf,784,0.009,926,-0.026,0.08,842,52.7,
cascxsymbol=N|PUMPUSDT,175,53.1,0.0026,1.03,0.5,7,2.49,1.0,0,,175,0.003,0.09,80,53.8,
oidxstrategy=mid|burst_follow,3393,53.1,-0.0029,0.96,-9.8,43,inf,inf,1175,0.004,2218,-0.007,0.08,1469,52.7,
cascxmktb=N|30-60,1037,53.1,0.0056,1.06,5.8,4,0.73,0.37,0,,1037,0.006,0.06,372,50.5,
strategy=ny_burst_fade,64,53.1,0.0139,1.11,0.9,2,2.6,1.24,41,0.057,0,,0.06,0,,
adxxstrategy=NA|ny_burst_fade,64,53.1,0.0139,1.11,0.9,2,2.6,1.24,41,0.057,0,,0.06,0,,
adxxsymbol=>=30|XLMUSDT,128,53.1,-0.0085,0.93,-1.1,14,inf,inf,4,-0.01,124,-0.008,0.11,45,53.3,
adxxsymbol=>=30|TRUMPUSDT,352,53.1,0.0074,1.08,2.6,8,0.81,1.0,0,,352,0.007,0.07,181,56.9,
atrpxstrategy=NA|ny_burst_fade,64,53.1,0.0139,1.11,0.9,2,2.6,1.24,41,0.057,0,,0.06,0,,
atrpxweekday=NA|0,160,53.1,0.0123,1.15,2.0,1,1.0,0.35,160,0.012,0,,0.04,0,,
breadthxstrategy=NA|ny_burst_fade,64,53.1,0.0139,1.11,0.9,2,2.6,1.24,41,0.057,0,,0.06,0,,
cascxstrategy=N|ny_burst_fade,64,53.1,0.0139,1.11,0.9,2,2.6,1.24,41,0.057,0,,0.06,0,,
concxside=4-5|LONG,32,53.1,0.0684,1.67,2.2,5,1.12,0.63,32,0.068,0,,0.12,0,,
hour_bandxstrategy=12-17|ny_burst_fade,64,53.1,0.0139,1.11,0.9,2,2.6,1.24,41,0.057,0,,0.06,0,,
hour_bandxsymbol=6-11|AAVEUSDT,32,53.1,0.0017,1.01,0.1,6,13.62,1.0,0,,32,0.002,0.06,8,50.0,
oidxstrategy=NA|ny_burst_fade,64,53.1,0.0139,1.11,0.9,2,2.6,1.24,41,0.057,0,,0.06,0,,
sessionxstrategy=None|ny_burst_fade,64,53.1,0.0139,1.11,0.9,2,2.6,1.24,41,0.057,0,,0.06,0,,
spreadxstrategy=NA|ny_burst_fade,64,53.1,0.0139,1.11,0.9,2,2.6,1.24,41,0.057,0,,0.06,0,,
spreadxsymbol=2-5|PENDLEUSDT,32,53.1,0.0096,1.12,0.3,12,0.64,1.0,10,0.0,22,0.014,0.0,19,47.4,
strategyxsym_state=ny_burst_fade|NA,64,53.1,0.0139,1.11,0.9,2,2.6,1.24,41,0.057,0,,0.06,0,,
strategyxvolz=ny_burst_fade|NA,64,53.1,0.0139,1.11,0.9,2,2.6,1.24,41,0.057,0,,0.06,0,,
strategyxweekday=late_fade|0,128,53.1,0.0342,1.71,4.4,7,1.3,0.2,89,0.057,39,-0.017,0.25,44,50.0,
strategyxweekend=ny_burst_fade|False,64,53.1,0.0139,1.11,0.9,2,2.6,1.24,41,0.057,0,,0.06,0,,
symbolxvolz=DOGEUSDT|>=5,32,53.1,-0.0232,0.7,-0.7,7,inf,inf,0,,32,-0.023,0.0,10,50.0,
symbolxweekday=NEARUSDT|6,96,53.1,0.0118,1.15,1.1,9,0.76,1.0,31,0.027,65,0.004,0.04,42,47.6,
volzxweekday=NA|0,160,53.1,0.0123,1.15,2.0,1,1.0,0.35,160,0.012,0,,0.04,0,,
strategyxweekdayxhour_band=burst_follow|6|6-11,224,53.1,0.0054,1.1,1.2,8,1.29,0.72,88,0.034,136,-0.013,0.06,76,46.1,
strategyxweekdayxhour_band=late_fade|0|18-23,128,53.1,0.0342,1.71,4.4,7,1.3,0.2,89,0.057,39,-0.017,0.25,44,50.0,
regimexvolz=bull|>=5,964,53.1,0.0118,1.1,11.4,22,0.73,0.22,222,0.0,742,0.015,0.1,271,52.4,
symbolxvolz=FILUSDT|>=5,145,53.1,-0.0058,0.95,-0.8,39,inf,inf,77,-0.033,68,0.025,0.06,32,56.2,
strategyxdecile_bandximb=setup_fade|D4-9|>=0.5,1081,53.1,0.0058,1.03,6.3,63,1.15,1.19,481,0.005,589,0.005,0.11,475,53.5,
hour_bandxsymbol=12-17|1000LUNCUSDT,113,53.1,0.001,1.01,0.1,34,4.47,1.0,53,0.006,60,-0.004,0.15,49,51.0,
concxsymbol=>=6|BNBUSDT,324,53.1,-0.0136,0.89,-4.4,22,inf,inf,324,-0.014,0,,0.08,0,,
imbxsymbol=>=0.5|PUMPUSDT,162,53.1,-0.0001,1.0,-0.0,10,inf,inf,0,,162,-0.0,0.1,65,52.3,
sym_statexsymbol=bear|ARBUSDT,81,53.1,0.0315,1.25,2.5,11,0.51,1.0,31,0.024,50,0.036,0.16,68,50.0,
symbolxweekday=NEARUSDT|4,162,53.1,0.0155,1.15,2.5,9,0.69,1.0,80,0.036,82,-0.005,0.09,63,49.2,
symbolxweekday=ENAUSDT|6,162,53.1,-0.0125,0.87,-2.0,8,inf,inf,42,-0.006,120,-0.015,0.06,60,51.7,
cascxstrategy=N|burst_follow,6759,53.1,-0.0002,1.0,-1.6,57,inf,inf,3647,0.005,3029,-0.006,0.07,1958,53.1,
mktbxspread=>=60|>=5,49,53.1,0.0373,1.59,1.8,2,0.88,0.35,0,,49,0.037,0.08,13,46.2,
sym_statexsymbol=bull|FILUSDT,98,53.1,-0.0121,0.9,-1.2,6,inf,inf,4,-0.01,94,-0.012,0.09,33,51.5,
symbolxvs=PENDLEUSDT|Y,49,53.1,-0.0204,0.84,-1.0,19,inf,inf,18,-0.032,31,-0.014,0.08,17,58.8,
symbolxweekend=LINKUSDT|True,49,53.1,-0.021,0.86,-1.0,4,inf,inf,0,,49,-0.021,0.14,15,53.3,
mktbxspread=30-60|<2,1945,53.1,0.0011,1.01,2.2,4,2.41,1.26,0,,1945,0.001,0.06,790,51.8,
oidxvolz=NA|>=5,541,53.0,0.0117,1.1,6.3,12,0.85,0.31,539,0.012,2,-0.149,0.09,2,100.0,
hour_bandxsymbol=12-17|APTUSDT,164,53.0,-0.0034,0.97,-0.6,46,inf,inf,74,0.014,82,-0.02,0.1,64,50.0,
breadthxoid=2-3|<-0.5,690,53.0,-0.0014,0.99,-0.9,41,inf,inf,243,0.006,447,-0.005,0.07,395,53.4,
decile_bandxstrategy=D4-9|late_fade,115,53.0,0.0347,1.72,4.0,32,1.09,0.15,46,0.02,68,0.044,0.27,29,44.8,
atrpxstrategy=hi|setup_fade,839,53.0,0.0351,1.24,29.5,55,0.2,0.14,256,0.007,583,0.047,0.11,436,54.8,Y
fundxsymbol=pos|SOLUSDT,675,53.0,-0.0074,0.93,-5.0,26,inf,inf,46,-0.002,629,-0.008,0.08,398,52.3,
breadthxsymbol=>=4|HYPEUSDT,247,53.0,0.0032,1.03,0.8,10,1.55,1.0,0,,247,0.003,0.07,86,48.8,
sidexsymbol=LONG|NEARUSDT,511,53.0,0.0083,1.1,4.2,61,0.49,1.0,289,0.016,213,0.001,0.06,164,53.0,
concxsymbol=NA|ZECUSDT,66,53.0,0.0938,2.33,6.2,7,0.79,1.0,34,0.178,6,0.023,0.09,8,50.0,
fundxv3=NA|N,594,53.0,0.0341,1.31,20.3,7,0.52,0.28,334,0.049,51,0.056,0.13,69,60.9,
hour_bandxsymbol=12-17|DOGEUSDT,66,53.0,0.0006,1.01,0.0,9,24.7,1.0,0,,66,0.001,0.09,11,63.6,
mktbxsymbol=NA|ZECUSDT,66,53.0,0.0938,2.33,6.2,7,0.79,1.0,34,0.178,6,0.023,0.09,8,50.0,
regimexsymbol=NA|ZECUSDT,66,53.0,0.0938,2.33,6.2,7,0.79,1.0,34,0.178,6,0.023,0.09,8,50.0,
sym_statexsymbol=bull|ARBUSDT,66,53.0,0.0195,1.17,1.3,7,1.55,1.0,0,,66,0.019,0.11,30,50.0,
sym_statexsymbol=neutral|PUMPUSDT,132,53.0,0.0018,1.02,0.2,6,2.43,1.0,0,,132,0.002,0.09,65,53.8,
symbolxweekday=RUNEUSDT|5,66,53.0,0.0286,1.33,1.9,7,0.38,1.0,40,0.034,26,0.021,0.11,27,51.9,
strategyxweekdayxregime=setup_fade|2|bear,149,53.0,0.0085,1.05,1.3,3,5.14,2.66,84,-0.062,65,0.1,0.11,101,50.5,
strategyxregimexdecile_band=burst_follow|neutral|D4-9,381,53.0,-0.0211,0.77,-8.0,33,inf,inf,238,0.008,143,-0.07,0.07,100,53.0,
hour_bandxweekday=12-17|4,1194,53.0,0.0129,1.13,15.4,9,0.31,0.26,669,0.014,525,0.012,0.1,415,53.7,
breadthxsymbol=>=4|AVAXUSDT,83,53.0,-0.0381,0.71,-3.2,10,inf,inf,0,,83,-0.038,0.08,19,47.4,
hour_bandxsymbol=0-5|RENDERUSDT,83,53.0,0.0145,1.14,1.2,27,0.85,1.0,45,0.034,38,-0.009,0.07,35,48.6,
sym_statexsymbol=bear|PENDLEUSDT,83,53.0,-0.0281,0.79,-2.3,11,inf,inf,28,-0.047,55,-0.019,0.14,51,54.9,
symbolxvolz=BNBUSDT|2-5,200,53.0,-0.0125,0.91,-2.5,40,inf,inf,84,0.037,116,-0.048,0.1,54,51.9,
strategyxweekdayxregime=setup_follow|1|bear,100,53.0,0.0025,1.04,0.2,4,2.88,2.39,83,0.014,17,-0.054,0.07,22,40.9,
sidexweekday=LONG|4,2523,53.0,0.013,1.12,32.8,9,1.08,0.31,1177,0.001,1346,0.023,0.1,984,53.4,
strategyxweekdayxregime=burst_follow|2|NA,117,53.0,0.0228,1.32,2.7,1,1.0,0.26,117,0.023,0,,0.21,0,,
adxxvolz=NA|>=5,536,53.0,0.012,1.1,6.5,9,0.83,0.35,536,0.012,0,,0.09,0,,
breadthxvolz=NA|>=5,536,53.0,0.012,1.1,6.5,9,0.83,0.35,536,0.012,0,,0.09,0,,
spreadxvolz=NA|>=5,536,53.0,0.012,1.1,6.5,9,0.83,0.35,536,0.012,0,,0.09,0,,
sym_statexvolz=NA|>=5,536,53.0,0.012,1.1,6.5,9,0.83,0.35,536,0.012,0,,0.09,0,,
oidxv3=<-0.5|N,3284,53.0,-0.0076,0.92,-24.9,42,inf,inf,788,0.0,2496,-0.01,0.06,1170,52.7,
fundxweekday=NA|2,436,53.0,0.0226,1.17,9.9,2,1.03,0.46,422,0.024,14,-0.019,0.19,14,42.9,
decile_bandxstrategy=D2-3|ny_flush_buy_4h,521,53.0,0.0281,1.22,14.7,48,0.38,0.36,218,0.053,303,0.01,0.0,129,50.4,Y
strategyxdecile_bandximb=ny_flush_buy_4h|D2-3|>=0.5,521,53.0,0.0281,1.22,14.7,48,0.38,0.36,218,0.053,303,0.01,0.0,129,50.4,Y
symbolxweekday=1000PEPEUSDT|1,185,53.0,0.0241,1.27,4.5,9,0.43,1.0,83,0.044,88,0.004,0.08,50,56.0,
symbolxv3=FETUSDT|N,202,53.0,0.0027,1.03,0.5,31,2.75,1.0,102,0.013,97,-0.008,0.07,44,52.3,
fundxsymbol=neg|ETHUSDT,321,53.0,0.0096,1.09,3.1,24,0.42,1.0,227,0.009,94,0.011,0.1,181,54.7,
cascxstrategy=N|ny_flush_buy_4h,693,53.0,0.0006,1.0,0.4,51,19.32,9.93,318,0.041,375,-0.034,0.0,158,52.5,
strategyxweekdayxregime=burst_follow|1|neutral,525,53.0,-0.0003,1.0,-0.1,6,inf,inf,317,0.011,208,-0.018,0.07,208,53.8,
atrpxstrategy=mid|burst_follow,3190,52.9,-0.0046,0.94,-14.6,51,inf,inf,1750,0.004,1440,-0.015,0.08,1083,54.2,
adxxsymbol=NA|PENDLEUSDT,102,52.9,-0.0208,0.83,-2.1,15,inf,inf,98,-0.021,0,,0.07,0,,
adxxvolz=<20|2-5,323,52.9,0.0075,1.07,2.4,10,1.03,0.95,149,-0.007,174,0.02,0.11,174,52.9,
atrpxsymbol=NA|1000LUNCUSDT,51,52.9,0.0083,1.05,0.4,7,3.81,1.0,47,0.004,0,,0.22,0,,
breadthxstrategy=1|ny_flush_buy_4h,68,52.9,-0.0204,0.87,-1.4,33,inf,inf,25,0.085,43,-0.081,0.0,34,55.9,
breadthxsymbol=NA|PENDLEUSDT,102,52.9,-0.0208,0.83,-2.1,15,inf,inf,98,-0.021,0,,0.07,0,,
concxsymbol=NA|XLMUSDT,34,52.9,0.048,1.52,1.6,2,0.94,1.0,31,0.05,0,,0.12,0,,
fundxsymbol=NA|XLMUSDT,34,52.9,0.048,1.52,1.6,2,0.94,1.0,31,0.05,0,,0.12,0,,
fundxsymbol=flat|LINKUSDT,34,52.9,-0.0905,0.51,-3.1,5,inf,inf,0,,34,-0.091,0.18,9,66.7,
imbxoid=>=0.5|<-0.5,3026,52.9,-0.0092,0.9,-27.8,49,inf,inf,827,-0.009,2199,-0.009,0.07,1125,53.2,
mktbxsymbol=NA|XLMUSDT,34,52.9,0.048,1.52,1.6,2,0.94,1.0,31,0.05,0,,0.12,0,,
mktbxsymbol=30-60|LINKUSDT,51,52.9,0.0022,1.02,0.1,4,4.89,1.0,0,,51,0.002,0.08,21,57.1,
regimexsymbol=NA|XLMUSDT,34,52.9,0.048,1.52,1.6,2,0.94,1.0,31,0.05,0,,0.12,0,,
spreadxstrategy=<2|v65_strict_long,34,52.9,0.1239,1.85,4.2,12,0.55,0.48,1,-0.622,33,0.146,0.26,34,52.9,
spreadxstrategy=<2|v65_strict_ny_long,34,52.9,0.1239,1.85,4.2,12,0.55,0.48,1,-0.622,33,0.146,0.26,34,52.9,
spreadxsymbol=NA|PENDLEUSDT,102,52.9,-0.0208,0.83,-2.1,15,inf,inf,98,-0.021,0,,0.07,0,,
spreadxsymbol=<2|NMRUSDT,68,52.9,-0.0201,0.88,-1.4,24,inf,inf,36,-0.024,32,-0.016,0.21,43,55.8,
sym_statexsymbol=NA|PENDLEUSDT,102,52.9,-0.0208,0.83,-2.1,15,inf,inf,98,-0.021,0,,0.07,0,,
symbolxvolz=1000LUNCUSDT|NA,51,52.9,0.0083,1.05,0.4,7,3.81,1.0,47,0.004,0,,0.22,0,,
symbolxweekday=ICPUSDT|1,68,52.9,0.0474,1.47,3.2,9,0.37,1.0,27,0.031,37,0.06,0.09,33,51.5,
strategyxregimexdecile_band=setup_follow|bear|D10,102,52.9,-0.006,0.93,-0.6,20,inf,inf,52,-0.013,50,0.001,0.13,41,43.9,
strategyxweekdayxregime=setup_fade|1|neutral,459,52.9,0.0415,1.27,19.1,7,0.41,0.3,199,0.09,260,0.005,0.11,255,51.4,
decile_bandxsymbol=D4-9|XLMUSDT,155,52.9,0.0272,1.24,4.2,45,0.3,1.0,79,0.031,76,0.024,0.1,36,52.8,Y
concxstrategy=0-1|burst_follow,1121,52.9,-0.0019,0.97,-2.1,35,inf,inf,249,0.006,872,-0.004,0.07,1120,52.9,
hour_bandxstrategy=18-23|burst_follow,1987,52.9,-0.0091,0.88,-18.0,53,inf,inf,840,0.003,1130,-0.018,0.07,638,50.2,
hour_bandxstrategy=12-17|burst_follow,2662,52.9,-0.0023,0.97,-6.2,53,inf,inf,1268,-0.003,1338,-0.001,0.07,761,52.4,
symbolxweekday=FILUSDT|4,121,52.9,-0.0197,0.85,-2.4,9,inf,inf,68,-0.047,53,0.015,0.11,45,53.3,
oidxsymbol=NA|PENDLEUSDT,104,52.9,-0.021,0.83,-2.2,16,inf,inf,98,-0.021,2,-0.03,0.08,2,50.0,
concxside=2-3|LONG,6808,52.9,0.0036,1.04,24.2,42,1.11,0.3,1209,-0.022,5599,0.009,0.09,2461,51.8,
strategyxweekdayxhour_band=setup_follow|3|6-11,227,52.9,0.0109,1.14,2.5,9,1.8,0.8,115,-0.009,112,0.032,0.15,103,49.5,
fundxstrategy=flat|nony_momentum,891,52.9,0.0031,1.05,2.8,56,1.29,1.06,570,-0.004,321,0.016,0.07,261,57.5,
symbolxweekday=ETHUSDT|3,594,52.9,0.0085,1.08,5.1,9,0.76,1.0,351,0.014,243,0.001,0.09,253,51.0,
hour_bandxsymbol=18-23|ETHUSDT,734,52.9,0.0103,1.13,7.6,59,0.67,1.0,395,0.004,328,0.019,0.08,298,54.7,
fundxsymbol=flat|DOGEUSDT,70,52.9,-0.0012,0.99,-0.1,5,inf,inf,0,,70,-0.001,0.14,20,50.0,
symbolxv3=HYPEUSDT|N,246,52.8,-0.005,0.95,-1.2,10,inf,inf,0,,246,-0.005,0.07,93,49.5,
sidexsymbol=LONG|1000PEPEUSDT,791,52.8,0.014,1.14,11.1,62,0.39,1.0,416,0.017,367,0.012,0.1,253,53.4,Y
adxxsymbol=>=30|XRPUSDT,668,52.8,0.0085,1.08,5.7,14,0.37,1.0,18,0.069,650,0.007,0.08,342,55.0,Y
oidxregime=<-0.5|bull,2411,52.8,-0.0032,0.97,-7.6,20,inf,inf,299,-0.004,2112,-0.003,0.07,888,52.1,
strategyxweekdayxregime=burst_follow|6|bull,388,52.8,-0.0008,0.99,-0.3,1,inf,inf,0,,388,-0.001,0.05,131,48.9,
fundxstrategy=neg|asia_pump_short_4h,53,52.8,0.0168,1.1,0.9,29,1.55,1.44,32,0.073,21,-0.07,0.0,17,35.3,
oidxsymbol=>0.5|PENGUUSDT,53,52.8,0.0113,1.1,0.6,8,1.12,1.0,0,,53,0.011,0.11,16,56.2,
sym_statexsymbol=bear|FETUSDT,106,52.8,-0.023,0.8,-2.4,10,inf,inf,45,-0.043,61,-0.008,0.08,65,49.2,
strategyxregimexdecile_band=asia_burst_fade|bear|D4-9,53,52.8,0.0761,1.59,4.0,13,0.46,0.33,38,0.037,15,0.176,0.13,19,47.4,
spreadxsymbol=<2|SOLUSDT,1685,52.8,-0.0041,0.96,-7.0,49,inf,inf,592,-0.002,1093,-0.005,0.1,901,52.4,
strategyxweekdayxhour_band=setup_follow|5|12-17,231,52.8,0.0142,1.2,3.3,9,1.06,0.45,112,0.029,119,0.001,0.17,105,46.7,
symbolxweekday=SOLUSDT|4,409,52.8,0.0136,1.12,5.6,9,0.53,1.0,197,-0.004,212,0.03,0.1,194,55.7,
symbolxvolz=DASHUSDT|2-5,125,52.8,-0.0017,0.99,-0.2,30,inf,inf,35,0.018,90,-0.009,0.1,51,54.9,
symbolxweekend=1000LUNCUSDT|True,125,52.8,0.0214,1.2,2.7,18,0.6,1.0,48,0.045,77,0.007,0.1,48,52.1,
sidexv3=LONG|N,10404,52.8,0.0077,1.08,79.9,60,0.31,0.28,5136,0.007,5143,0.009,0.07,3026,53.2,Y
decile_bandxstrategy=D10|burst_follow,1163,52.8,0.0007,1.01,0.8,55,8.46,2.43,604,0.02,555,-0.02,0.11,261,53.3,
oidxsym_state=<-0.5|bull,2273,52.8,-0.0024,0.97,-5.4,38,inf,inf,213,0.008,2060,-0.003,0.06,961,52.3,
mktb=30-60,2614,52.8,0.0011,1.01,3.0,4,1.82,0.92,0,,2614,0.001,0.06,1096,51.3,
adxxmktb=>=30|30-60,2614,52.8,0.0011,1.01,3.0,4,1.82,0.92,0,,2614,0.001,0.06,1096,51.3,
mktbxregime=30-60|bull,2614,52.8,0.0011,1.01,3.0,4,1.82,0.92,0,,2614,0.001,0.06,1096,51.3,
mktbxsession=30-60|None,2614,52.8,0.0011,1.01,3.0,4,1.82,0.92,0,,2614,0.001,0.06,1096,51.3,
atrpxsymbol=mid|DOGEUSDT,108,52.8,0.0105,1.09,1.1,9,1.59,1.0,0,,108,0.011,0.12,29,62.1,
fundxstrategy=pos|v65_strict_long,36,52.8,0.0341,1.19,1.2,9,1.88,1.05,2,-0.161,34,0.046,0.14,33,51.5,
fundxstrategy=pos|v65_strict_ny_long,36,52.8,0.0341,1.19,1.2,9,1.88,1.05,2,-0.161,34,0.046,0.14,33,51.5,
strategyxsymbol=burst_follow|TRUMPUSDT,180,52.8,0.0045,1.08,0.8,10,1.34,1.0,0,,180,0.005,0.06,96,53.1,
symbolxweekday=HYPEUSDT|4,36,52.8,-0.0017,0.98,-0.1,1,inf,inf,0,,36,-0.002,0.0,5,60.0,
volzxweekday=>=5|0,432,52.8,-0.0022,0.98,-1.0,8,inf,inf,291,0.003,141,-0.013,0.09,122,48.4,
oidxweekday=<-0.5|5,487,52.8,0.0058,1.07,2.8,7,1.3,0.66,31,0.048,456,0.003,0.08,221,48.0,
imbxsymbol=>=0.5|PENDLEUSDT,362,52.8,-0.0173,0.87,-6.3,55,inf,inf,177,-0.019,181,-0.016,0.1,153,52.3,
fundxsymbol=flat|BNBUSDT,709,52.8,-0.0117,0.91,-8.3,54,inf,inf,377,-0.003,332,-0.021,0.09,216,51.4,
adxxsymbol=>=30|1000LUNCUSDT,91,52.7,0.0157,1.15,1.4,11,0.59,1.0,0,,91,0.016,0.09,56,50.0,
strategyxweekdayxhour_band=setup_fade|1|12-17,182,52.7,0.0388,1.25,7.1,9,0.72,0.37,85,0.036,80,0.052,0.11,81,53.1,
concxvs=NA|N,732,52.7,0.0286,1.25,20.9,7,0.47,0.3,417,0.037,51,0.056,0.13,69,60.9,
mktbxvs=NA|N,732,52.7,0.0286,1.25,20.9,7,0.47,0.3,417,0.037,51,0.056,0.13,69,60.9,
regimexvs=NA|N,732,52.7,0.0286,1.25,20.9,7,0.47,0.3,417,0.037,51,0.056,0.13,69,60.9,
sidexsymbol=SHORT|XRPUSDT,861,52.7,0.0019,1.02,1.7,63,1.51,1.0,374,0.013,477,-0.008,0.09,319,49.8,
concxsymbol=2-3|AVAXUSDT,110,52.7,-0.0479,0.69,-5.3,10,inf,inf,0,,110,-0.048,0.13,23,47.8,
mktbxsymbol=30-60|TAOUSDT,55,52.7,0.0117,1.15,0.6,4,0.77,1.0,0,,55,0.012,0.0,20,40.0,
oidxsymbol=<-0.5|DOGEUSDT,55,52.7,-0.0165,0.82,-0.9,9,inf,inf,0,,55,-0.017,0.07,15,46.7,
regimexsymbol=bull|PUMPUSDT,220,52.7,0.0026,1.03,0.6,8,2.01,1.0,0,,220,0.003,0.08,76,51.3,
symbolxweekday=APTUSDT|4,110,52.7,0.0444,1.42,4.9,9,0.39,1.0,61,0.036,49,0.055,0.15,30,43.3,
strategyxweekdayxregime=burst_follow|4|bull,679,52.7,0.0104,1.16,7.1,3,1.11,0.46,34,0.114,645,0.005,0.11,250,51.6,
mktbxstrategy=<30|burst_follow,7041,52.7,-0.0034,0.95,-24.3,54,inf,inf,3725,0.005,3316,-0.013,0.07,2220,53.0,
fundxvolz=pos|>=5,884,52.7,0.0001,1.0,0.1,52,57.03,25.36,217,-0.02,667,0.007,0.1,324,53.1,
concxsymbol=NA|ETHUSDT,129,52.7,0.0403,1.41,5.2,7,0.82,1.0,68,0.072,11,0.022,0.12,13,61.5,
fundxsymbol=NA|ETHUSDT,129,52.7,0.0403,1.41,5.2,7,0.82,1.0,68,0.072,11,0.022,0.12,13,61.5,
mktbxsymbol=NA|ETHUSDT,129,52.7,0.0403,1.41,5.2,7,0.82,1.0,68,0.072,11,0.022,0.12,13,61.5,
regimexsymbol=NA|ETHUSDT,129,52.7,0.0403,1.41,5.2,7,0.82,1.0,68,0.072,11,0.022,0.12,13,61.5,
sidexsymbol=SHORT|APTUSDT,258,52.7,0.0418,1.32,10.8,61,0.2,1.0,126,0.038,128,0.048,0.13,94,59.6,Y
regimexv3=bear|N,2912,52.7,0.0081,1.08,23.5,18,0.48,0.22,2286,0.008,626,0.008,0.08,656,52.0,
symbolxweekday=SOLUSDT|5,277,52.7,0.0004,1.0,0.1,9,9.73,1.0,137,0.004,140,-0.003,0.08,109,47.7,
decile_bandxsymbol=D2-3|TRUMPUSDT,296,52.7,0.0034,1.04,1.0,10,1.47,1.0,0,,296,0.003,0.07,166,55.4,
sym_statexsymbol=bull|XRPUSDT,685,52.7,0.0096,1.09,6.5,13,0.32,1.0,36,0.071,649,0.006,0.08,356,53.7,Y
cascxsymbol=N|LINKUSDT,93,52.7,-0.0109,0.91,-1.0,8,inf,inf,0,,93,-0.011,0.12,24,58.3,
hour_bandxvolz=0-5|2-5,1488,52.7,0.0021,1.02,3.1,55,1.03,0.81,623,-0.002,865,0.005,0.1,537,51.8,
strategyxsym_state=london_burst_fade|bear,93,52.7,0.0604,1.39,5.6,19,0.43,0.3,57,0.071,36,0.044,0.22,47,46.8,
strategyxsymbol=setup_fade|BNBUSDT,186,52.7,-0.0154,0.92,-2.9,52,inf,inf,103,-0.032,82,0.011,0.11,81,59.3,
strategyxsymbol=burst_follow|ETHUSDT,1731,52.7,-0.0026,0.96,-4.6,57,inf,inf,1002,-0.002,707,-0.003,0.07,709,54.4,
adxxsymbol=NA|1000LUNCUSDT,112,52.7,0.0082,1.06,0.9,14,1.75,1.0,108,0.006,0,,0.17,0,,
breadthxsymbol=NA|1000LUNCUSDT,112,52.7,0.0082,1.06,0.9,14,1.75,1.0,108,0.006,0,,0.17,0,,
oidxsymbol=NA|1000LUNCUSDT,112,52.7,0.0082,1.06,0.9,14,1.75,1.0,108,0.006,0,,0.17,0,,
spreadxsymbol=NA|1000LUNCUSDT,112,52.7,0.0082,1.06,0.9,14,1.75,1.0,108,0.006,0,,0.17,0,,
sym_statexsymbol=NA|1000LUNCUSDT,112,52.7,0.0082,1.06,0.9,14,1.75,1.0,108,0.006,0,,0.17,0,,
adxxhour_band=>=30|12-17,1942,52.7,0.001,1.01,2.0,11,3.46,1.88,83,0.048,1859,-0.001,0.08,837,50.3,
atrpxsymbol=NA|NEARUSDT,131,52.7,0.0061,1.06,0.8,9,1.85,1.0,116,0.005,1,0.122,0.1,2,100.0,
hour_bandxsymbol=18-23|XLMUSDT,131,52.7,-0.0087,0.93,-1.1,36,inf,inf,78,0.003,53,-0.025,0.1,39,51.3,
symbolxvolz=NEARUSDT|NA,131,52.7,0.0061,1.06,0.8,9,1.85,1.0,116,0.005,1,0.122,0.1,2,100.0,
symbolxweekday=ETHUSDT|4,619,52.7,0.0122,1.11,7.6,9,0.74,1.0,355,-0.0,264,0.029,0.1,265,54.3,
decile_bandxstrategy=D4-9|burst_follow,995,52.7,-0.0104,0.86,-10.4,56,inf,inf,447,-0.004,536,-0.016,0.07,242,55.4,
breadthxweekday=>=4|6,1690,52.7,-0.0044,0.96,-7.5,6,inf,inf,67,0.033,1623,-0.006,0.09,584,51.9,
strategyxsymbol=burst_follow|FILUSDT,169,52.7,-0.0168,0.8,-2.8,48,inf,inf,70,-0.0,96,-0.028,0.07,34,41.2,
symbolxweekend=ENAUSDT|True,338,52.7,0.0099,1.11,3.3,17,0.61,1.0,83,0.027,255,0.004,0.07,145,51.0,
cascxsymbol=Y|SOLUSDT,640,52.7,0.0033,1.03,2.1,11,1.42,1.0,186,0.011,454,0.0,0.08,253,51.8,
hour_bandxmktb=6-11|>=60,226,52.7,0.0109,1.14,2.5,1,1.0,0.47,0,,226,0.011,0.06,88,51.1,
imbxside=>=0.5|LONG,11895,52.7,0.0056,1.08,66.5,63,0.27,0.3,5767,0.006,5973,0.006,0.08,4078,52.1,Y
decile_bandxoid=D4-9|<-0.5,792,52.7,0.0015,1.01,1.2,47,2.5,2.14,187,-0.001,605,0.002,0.1,342,55.3,
strategyxweekdayxhour_band=burst_follow|0|18-23,264,52.7,-0.005,0.93,-1.3,7,inf,inf,178,-0.016,86,0.019,0.09,85,49.4,
symbolxv3=TAOUSDT|N,302,52.6,0.0109,1.11,3.3,44,0.32,1.0,157,0.011,144,0.01,0.08,27,51.9,Y
atrpxhour_band=hi|12-17,2644,52.6,0.0067,1.07,17.8,53,0.52,0.31,952,0.013,1692,0.003,0.07,808,50.5,
strategyxweekend=burst_follow|True,2116,52.6,-0.0097,0.86,-20.5,16,inf,inf,746,0.006,1370,-0.018,0.06,690,51.9,
cascxsymbol=N|BNBUSDT,741,52.6,-0.0108,0.91,-8.0,54,inf,inf,458,-0.001,272,-0.026,0.09,203,52.2,
concxsymbol=0-1|PENDLEUSDT,133,52.6,-0.0032,0.98,-0.4,33,inf,inf,27,-0.052,106,0.009,0.11,133,52.6,
oidxsymbol=<-0.5|UNIUSDT,95,52.6,0.0054,1.1,0.5,23,0.91,1.0,24,0.017,71,0.001,0.02,37,48.6,
spreadxsymbol=2-5|PUMPUSDT,209,52.6,-0.0049,0.95,-1.0,10,inf,inf,0,,209,-0.005,0.1,77,53.2,
sym_statexsymbol=neutral|TAOUSDT,342,52.6,0.0128,1.12,4.4,37,0.64,1.0,167,0.0,175,0.025,0.09,169,50.9,
symbolxweekday=BNBUSDT|3,152,52.6,0.0027,1.02,0.4,9,5.71,1.0,81,0.028,71,-0.027,0.09,54,51.9,
symbolxweekday=FETUSDT|0,95,52.6,-0.0159,0.87,-1.5,9,inf,inf,61,-0.018,34,-0.012,0.08,35,51.4,
strategyxweekdayxhour_band=setup_fade|1|0-5,190,52.6,0.0509,1.37,9.7,8,0.71,0.28,82,0.112,108,0.005,0.12,81,53.1,
concxsymbol=2-3|SOLUSDT,897,52.6,-0.0091,0.92,-8.2,42,inf,inf,160,-0.008,737,-0.009,0.09,454,52.6,
hour_bandxv3=12-17|N,4489,52.6,0.0106,1.11,47.5,57,0.23,0.21,2257,0.021,2071,0.001,0.08,1202,52.2,Y
sidexspread=LONG|<2,8444,52.6,0.0096,1.1,80.9,49,0.44,0.26,2618,0.001,5826,0.013,0.1,4013,51.7,
mktbxspread=30-60|2-5,536,52.6,0.0043,1.05,2.3,4,0.88,1.13,0,,536,0.004,0.05,238,50.8,
fundxvs=NA|N,747,52.6,0.0282,1.25,21.1,7,0.47,0.29,432,0.036,51,0.056,0.13,69,60.9,
adxxsymbol=>=30|PUMPUSDT,211,52.6,0.0029,1.03,0.6,8,1.86,1.0,0,,211,0.003,0.08,72,51.4,
hour_bandxregime=12-17|bull,2496,52.6,0.002,1.02,5.0,20,1.4,0.88,499,0.012,1997,-0.001,0.09,986,50.5,
fundxmktb=pos|30-60,1844,52.6,0.002,1.02,3.8,4,0.96,0.78,0,,1844,0.002,0.06,796,51.1,
regimexsymbol=bull|TRUMPUSDT,365,52.6,0.0062,1.07,2.3,8,0.93,1.0,0,,365,0.006,0.07,192,56.2,
strategyxsymbol=burst_follow|TAOUSDT,135,52.6,0.0089,1.13,1.2,44,0.72,1.0,64,0.019,70,-0.001,0.09,9,44.4,
strategyxregimexbreadth=nony_momentum|neutral|2-3,135,52.6,-0.0088,0.9,-1.2,23,inf,inf,72,-0.046,63,0.034,0.11,89,56.2,
strategyxweekday=setup_follow|6,753,52.6,0.0113,1.18,8.5,9,0.59,0.15,269,-0.015,484,0.026,0.12,360,54.2,
strategyxweekdayxregime=burst_follow|4|neutral,483,52.6,-0.0006,0.99,-0.3,6,inf,inf,372,0.001,111,-0.006,0.06,172,51.2,
strategyxregimexdecile_band=follow_3h_all|bear|D2-3,97,52.6,0.0262,1.22,2.5,7,1.28,0.6,97,0.026,0,,0.0,0,,
adxxside=<20|SHORT,738,52.6,0.0219,1.19,16.2,11,1.13,0.58,362,0.07,376,-0.024,0.11,441,50.8,
spreadxvolz=<2|>=5,1554,52.6,0.0054,1.04,8.4,48,0.75,0.83,525,-0.004,1029,0.01,0.12,596,53.2,
strategyxweekdayxhour_band=burst_follow|2|6-11,272,52.6,0.0024,1.04,0.6,8,2.42,1.98,173,-0.01,99,0.023,0.06,83,55.4,
adxxsymbol=20-30|BNBUSDT,350,52.6,-0.0135,0.9,-4.7,35,inf,inf,199,0.005,151,-0.038,0.12,147,51.7,
strategyxsymbol=setup_fade|1000LUNCUSDT,175,52.6,0.0009,1.0,0.2,56,17.7,1.0,86,-0.022,87,0.019,0.12,79,55.7,
cascxmktb=Y|30-60,1577,52.6,-0.0018,0.98,-2.8,4,inf,inf,0,,1577,-0.002,0.07,724,51.7,
mktbxsymbol=<30|AAVEUSDT,78,52.6,0.0213,1.17,1.7,7,0.76,1.0,0,,78,0.021,0.13,22,40.9,
oidxsymbol=mid|AAVEUSDT,78,52.6,0.0192,1.16,1.5,10,0.71,1.0,0,,78,0.019,0.14,27,44.4,
strategyxvolz=ny_flush_buy_4h|<2,468,52.6,0.0251,1.18,11.8,47,0.46,0.5,195,0.055,273,0.004,0.0,124,51.6,
strategyxweekdayxhour_band=burst_follow|3|12-17,371,52.6,0.005,1.08,1.9,7,0.71,1.44,175,0.013,196,-0.002,0.08,109,48.6,
hour_bandxweekday=12-17|1,1231,52.6,0.0181,1.18,22.2,9,0.62,0.18,532,0.038,501,0.004,0.08,346,52.9,
vsxweekday=Y|4,215,52.6,0.0462,1.48,9.9,9,0.68,0.33,125,0.015,90,0.089,0.09,99,56.6,
hour_bandxweekday=0-5|0,1233,52.6,-0.0084,0.93,-10.4,9,inf,inf,584,0.011,649,-0.026,0.08,397,52.6,
atrpxweekday=NA|3,470,52.6,0.0161,1.14,7.6,2,0.94,0.49,459,0.016,11,0.038,0.11,11,54.5,
volzxweekday=NA|3,470,52.6,0.0161,1.14,7.6,2,0.94,0.49,459,0.016,11,0.038,0.11,11,54.5,
cascxoid=Y|<-0.5,999,52.6,-0.0057,0.94,-5.7,20,inf,inf,9,0.001,990,-0.006,0.05,457,51.4,
fundxside=pos|LONG,4976,52.6,0.0171,1.18,85.2,62,0.32,0.15,1398,0.004,3578,0.022,0.09,2025,52.7,Y
imbxsymbol=<0.5|AAVEUSDT,59,52.5,0.0244,1.22,1.4,10,1.33,1.0,0,,59,0.024,0.08,24,50.0,
sym_statexsymbol=neutral|BCHUSDT,59,52.5,-0.0203,0.82,-1.2,6,inf,inf,0,,59,-0.02,0.07,21,52.4,
symbolxweekend=BNBUSDT|False,689,52.5,-0.0028,0.98,-1.9,43,inf,inf,347,0.011,331,-0.016,0.1,199,51.3,
sym_statexsymbol=neutral|ZECUSDT,512,52.5,-0.0081,0.93,-4.1,29,inf,inf,204,-0.008,308,-0.008,0.07,260,52.3,
breadthxsymbol=>=4|BNBUSDT,394,52.5,-0.0164,0.87,-6.5,32,inf,inf,107,0.013,287,-0.027,0.1,92,51.1,
adxxsymbol=20-30|SOLUSDT,889,52.5,-0.0077,0.93,-6.8,39,inf,inf,501,0.001,388,-0.019,0.11,451,53.2,
strategyxregimexbreadth=setup_follow|neutral|2-3,415,52.5,0.0273,1.51,11.3,26,0.27,0.16,204,0.017,211,0.037,0.14,248,48.0,Y
regime=NA,771,52.5,0.0289,1.26,22.3,7,0.45,0.28,425,0.037,51,0.056,0.13,69,60.9,
mktb=NA,771,52.5,0.0289,1.26,22.3,7,0.45,0.28,425,0.037,51,0.056,0.13,69,60.9,
conc=NA,771,52.5,0.0289,1.26,22.3,7,0.45,0.28,425,0.037,51,0.056,0.13,69,60.9,
adxxconc=NA|NA,771,52.5,0.0289,1.26,22.3,7,0.45,0.28,425,0.037,51,0.056,0.13,69,60.9,
adxxmktb=NA|NA,771,52.5,0.0289,1.26,22.3,7,0.45,0.28,425,0.037,51,0.056,0.13,69,60.9,
adxxregime=NA|NA,771,52.5,0.0289,1.26,22.3,7,0.45,0.28,425,0.037,51,0.056,0.13,69,60.9,
atrpxconc=NA|NA,771,52.5,0.0289,1.26,22.3,7,0.45,0.28,425,0.037,51,0.056,0.13,69,60.9,
atrpxmktb=NA|NA,771,52.5,0.0289,1.26,22.3,7,0.45,0.28,425,0.037,51,0.056,0.13,69,60.9,
atrpxregime=NA|NA,771,52.5,0.0289,1.26,22.3,7,0.45,0.28,425,0.037,51,0.056,0.13,69,60.9,
breadthxconc=NA|NA,771,52.5,0.0289,1.26,22.3,7,0.45,0.28,425,0.037,51,0.056,0.13,69,60.9,
breadthxmktb=NA|NA,771,52.5,0.0289,1.26,22.3,7,0.45,0.28,425,0.037,51,0.056,0.13,69,60.9,
breadthxregime=NA|NA,771,52.5,0.0289,1.26,22.3,7,0.45,0.28,425,0.037,51,0.056,0.13,69,60.9,
cascxconc=N|NA,771,52.5,0.0289,1.26,22.3,7,0.45,0.28,425,0.037,51,0.056,0.13,69,60.9,
cascxmktb=N|NA,771,52.5,0.0289,1.26,22.3,7,0.45,0.28,425,0.037,51,0.056,0.13,69,60.9,
cascxregime=N|NA,771,52.5,0.0289,1.26,22.3,7,0.45,0.28,425,0.037,51,0.056,0.13,69,60.9,
concxfund=NA|NA,771,52.5,0.0289,1.26,22.3,7,0.45,0.28,425,0.037,51,0.056,0.13,69,60.9,
concxmktb=NA|NA,771,52.5,0.0289,1.26,22.3,7,0.45,0.28,425,0.037,51,0.056,0.13,69,60.9,
concxoid=NA|NA,771,52.5,0.0289,1.26,22.3,7,0.45,0.28,425,0.037,51,0.056,0.13,69,60.9,
concxregime=NA|NA,771,52.5,0.0289,1.26,22.3,7,0.45,0.28,425,0.037,51,0.056,0.13,69,60.9,
concxsession=NA|None,771,52.5,0.0289,1.26,22.3,7,0.45,0.28,425,0.037,51,0.056,0.13,69,60.9,
concxspread=NA|NA,771,52.5,0.0289,1.26,22.3,7,0.45,0.28,425,0.037,51,0.056,0.13,69,60.9,
concxsym_state=NA|NA,771,52.5,0.0289,1.26,22.3,7,0.45,0.28,425,0.037,51,0.056,0.13,69,60.9,
concxvolz=NA|NA,771,52.5,0.0289,1.26,22.3,7,0.45,0.28,425,0.037,51,0.056,0.13,69,60.9,
concxweekend=NA|False,771,52.5,0.0289,1.26,22.3,7,0.45,0.28,425,0.037,51,0.056,0.13,69,60.9,
fundxmktb=NA|NA,771,52.5,0.0289,1.26,22.3,7,0.45,0.28,425,0.037,51,0.056,0.13,69,60.9,
fundxregime=NA|NA,771,52.5,0.0289,1.26,22.3,7,0.45,0.28,425,0.037,51,0.056,0.13,69,60.9,
fundxsymbol=pos|PENDLEUSDT,257,52.5,-0.0079,0.94,-2.0,44,inf,inf,101,-0.009,156,-0.007,0.09,107,52.3,
mktbxoid=NA|NA,771,52.5,0.0289,1.26,22.3,7,0.45,0.28,425,0.037,51,0.056,0.13,69,60.9,
mktbxregime=NA|NA,771,52.5,0.0289,1.26,22.3,7,0.45,0.28,425,0.037,51,0.056,0.13,69,60.9,
mktbxsession=NA|None,771,52.5,0.0289,1.26,22.3,7,0.45,0.28,425,0.037,51,0.056,0.13,69,60.9,
mktbxspread=NA|NA,771,52.5,0.0289,1.26,22.3,7,0.45,0.28,425,0.037,51,0.056,0.13,69,60.9,
mktbxsym_state=NA|NA,771,52.5,0.0289,1.26,22.3,7,0.45,0.28,425,0.037,51,0.056,0.13,69,60.9,
mktbxvolz=NA|NA,771,52.5,0.0289,1.26,22.3,7,0.45,0.28,425,0.037,51,0.056,0.13,69,60.9,
mktbxweekend=NA|False,771,52.5,0.0289,1.26,22.3,7,0.45,0.28,425,0.037,51,0.056,0.13,69,60.9,
oidxregime=NA|NA,771,52.5,0.0289,1.26,22.3,7,0.45,0.28,425,0.037,51,0.056,0.13,69,60.9,
regimexsession=NA|None,771,52.5,0.0289,1.26,22.3,7,0.45,0.28,425,0.037,51,0.056,0.13,69,60.9,
regimexspread=NA|NA,771,52.5,0.0289,1.26,22.3,7,0.45,0.28,425,0.037,51,0.056,0.13,69,60.9,
regimexsym_state=NA|NA,771,52.5,0.0289,1.26,22.3,7,0.45,0.28,425,0.037,51,0.056,0.13,69,60.9,
regimexvolz=NA|NA,771,52.5,0.0289,1.26,22.3,7,0.45,0.28,425,0.037,51,0.056,0.13,69,60.9,
regimexweekend=NA|False,771,52.5,0.0289,1.26,22.3,7,0.45,0.28,425,0.037,51,0.056,0.13,69,60.9,
mktbxsymbol=<30|HYPEUSDT,198,52.5,-0.013,0.86,-2.6,7,inf,inf,0,,198,-0.013,0.05,84,52.4,
strategyxweekdayxregime=setup_follow|0|bear,198,52.5,-0.006,0.93,-1.2,3,inf,inf,76,-0.048,122,0.02,0.15,87,52.9,
sym_statexweekday=bull|0,1150,52.5,-0.0134,0.88,-15.4,7,inf,inf,116,-0.021,1034,-0.013,0.07,574,52.6,
atrpxoid=hi|<-0.5,2578,52.5,-0.0032,0.96,-8.3,48,inf,inf,398,-0.003,2180,-0.003,0.06,938,52.7,
mktbxsym_state=30-60|bull,2500,52.5,0.0008,1.01,2.1,4,2.62,1.3,0,,2500,0.001,0.06,1055,51.1,
adxxstrategy=NA|ny_flush_buy_4h,139,52.5,0.0264,1.21,3.7,12,0.73,0.5,125,0.038,14,-0.073,0.0,25,52.0,
breadthxstrategy=NA|ny_flush_buy_4h,139,52.5,0.0264,1.21,3.7,12,0.73,0.5,125,0.038,14,-0.073,0.0,25,52.0,
decile_bandxsymbol=D10|BNBUSDT,139,52.5,-0.015,0.9,-2.1,38,inf,inf,81,-0.004,58,-0.031,0.12,29,55.2,
oidxstrategy=NA|ny_flush_buy_4h,139,52.5,0.0264,1.21,3.7,12,0.73,0.5,125,0.038,14,-0.073,0.0,25,52.0,
spreadxstrategy=NA|ny_flush_buy_4h,139,52.5,0.0264,1.21,3.7,12,0.73,0.5,125,0.038,14,-0.073,0.0,25,52.0,
strategyxsym_state=ny_flush_buy_4h|NA,139,52.5,0.0264,1.21,3.7,12,0.73,0.5,125,0.038,14,-0.073,0.0,25,52.0,
regimexweekday=bull|6,1093,52.5,0.0084,1.09,9.2,1,1.0,0.23,0,,1093,0.008,0.08,448,50.4,
strategyxsym_state=late_fade|neutral,318,52.5,0.026,1.53,8.3,30,0.82,0.11,139,0.029,179,0.023,0.22,106,44.3,
adxxsymbol=>=30|FILUSDT,179,52.5,-0.0101,0.92,-1.8,12,inf,inf,0,,179,-0.01,0.09,61,47.5,
strategyxsidexregime=london_burst_fade|SHORT|neutral,438,52.5,0.0352,1.21,15.4,29,0.54,0.25,347,0.054,91,-0.038,0.16,161,47.2,
symbolxvs=1000LUNCUSDT|N,339,52.5,0.0042,1.04,1.4,58,0.76,1.0,163,-0.015,174,0.021,0.09,138,50.7,
imbxvolz=>=0.5|>=5,2076,52.5,0.0076,1.07,15.7,56,0.35,0.29,1016,0.007,1060,0.008,0.08,595,52.1,Y
breadthxweekend=>=4|True,2756,52.5,-0.0024,0.98,-6.5,12,inf,inf,109,0.022,2647,-0.003,0.09,1015,51.1,
breadthxhour_band=>=4|12-17,2838,52.5,0.0021,1.02,6.1,35,0.86,1.25,858,0.017,1980,-0.004,0.09,938,51.1,
oidxsymbol=>0.5|DOTUSDT,80,52.5,0.0179,1.16,1.4,21,0.57,1.0,38,0.029,42,0.008,0.1,37,48.6,
strategyxsymbol=setup_fade|ENAUSDT,200,52.5,0.0392,1.25,7.8,53,0.36,1.0,117,0.058,83,0.013,0.11,70,50.0,Y
symbolxvs=AVAXUSDT|N,120,52.5,-0.0403,0.72,-4.8,10,inf,inf,0,,120,-0.04,0.11,36,47.2,
symbolxweekend=PUMPUSDT|False,160,52.5,0.0067,1.07,1.1,6,1.07,1.0,0,,160,0.007,0.08,64,54.7,
strategyxdecile_bandximb=burst_follow|D2-3|<0.5,2640,52.5,-0.0026,0.96,-6.8,56,inf,inf,1165,0.007,1460,-0.011,0.07,960,50.8,
fundxstrategy=flat|ny_flush_buy_4h,341,52.5,-0.0053,0.97,-1.8,46,inf,inf,149,0.041,192,-0.041,0.0,65,46.2,
atrpxstrategy=NA|burst_follow,903,52.5,0.0051,1.08,4.6,7,0.9,0.29,820,0.007,0,,0.08,0,,
strategyxvolz=burst_follow|NA,903,52.5,0.0051,1.08,4.6,7,0.9,0.29,820,0.007,0,,0.08,0,,
atrpxsymbol=hi|XRPUSDT,503,52.5,0.0108,1.11,5.4,16,0.38,1.0,7,-0.052,496,0.012,0.07,256,56.2,
sym_statexsymbol=bull|DASHUSDT,101,52.5,0.0047,1.04,0.5,7,1.96,1.0,0,,101,0.005,0.07,34,55.9,
oidxsymbol=mid|SOLUSDT,1054,52.5,-0.007,0.94,-7.3,49,inf,inf,448,-0.007,606,-0.007,0.11,560,51.1,
sidexsymbol=SHORT|RUNEUSDT,183,52.5,0.0041,1.03,0.8,51,3.23,1.0,97,0.017,85,-0.019,0.1,85,51.8,
strategyxsymbol=setup_fade|TAOUSDT,183,52.5,0.0235,1.15,4.3,58,0.58,1.0,78,0.037,104,0.02,0.09,99,55.6,
strategyxweekdayxhour_band=asia_burst_fade|3|6-11,61,52.5,0.0834,1.54,5.1,6,1.1,0.49,42,0.066,19,0.123,0.23,17,58.8,
symbolxvs=BNBUSDT|N,875,52.5,-0.0102,0.92,-8.9,59,inf,inf,445,-0.002,419,-0.019,0.09,237,51.9,
cascxweekday=Y|1,408,52.5,-0.0065,0.94,-2.7,6,inf,inf,22,-0.052,386,-0.004,0.06,199,51.8,
mktbxside=>=60|SHORT,204,52.5,0.0328,1.43,6.7,2,0.76,0.16,0,,204,0.033,0.09,86,59.3,
oidxspread=<-0.5|<2,2881,52.4,-0.0072,0.93,-20.7,49,inf,inf,732,-0.007,2149,-0.007,0.08,1198,52.4,
adxxsymbol=>=30|UNIUSDT,164,52.4,-0.0023,0.98,-0.4,12,inf,inf,14,0.065,150,-0.009,0.09,63,50.8,
hour_bandxsymbol=6-11|HYPEUSDT,82,52.4,-0.0237,0.8,-1.9,7,inf,inf,0,,82,-0.024,0.07,32,46.9,
strategyxsymbol=setup_follow|XLMUSDT,164,52.4,0.0162,1.25,2.7,58,0.29,1.0,75,0.013,89,0.019,0.16,76,51.3,Y
sidexsymbol=SHORT|SOLUSDT,1108,52.4,-0.006,0.95,-6.6,63,inf,inf,583,0.021,509,-0.038,0.09,418,49.8,
adxxsymbol=>=30|HYPEUSDT,267,52.4,0.004,1.04,1.1,8,1.13,1.0,0,,267,0.004,0.06,100,49.0,
sym_statexsymbol=bull|HYPEUSDT,267,52.4,0.004,1.04,1.1,8,1.13,1.0,0,,267,0.004,0.06,100,49.0,
sym_statexsymbol=neutral|BNBUSDT,370,52.4,-0.0103,0.92,-3.8,34,inf,inf,217,0.006,153,-0.033,0.11,153,51.6,
hour_bandxsymbol=0-5|WLDUSDT,391,52.4,0.0069,1.06,2.7,50,0.48,1.0,227,-0.008,164,0.028,0.09,150,51.3,
oidxsymbol=<-0.5|HYPEUSDT,103,52.4,0.0042,1.05,0.4,9,1.84,1.0,0,,103,0.004,0.06,36,47.2,
strategyxregimexdecile_band=setup_follow|bull|D10,103,52.4,0.0095,1.13,1.0,18,1.22,0.95,27,-0.02,76,0.02,0.17,40,42.5,
regimexsym_state=bear|bear,826,52.4,0.0022,1.02,1.8,14,1.56,1.15,294,-0.007,532,0.007,0.11,555,51.2,
strategyxsym_state=nony_momentum|bear,124,52.4,-0.0047,0.93,-0.6,23,inf,inf,67,0.002,57,-0.013,0.04,71,53.5,
decile_bandxmktb=D2-3|30-60,1881,52.4,-0.0076,0.92,-14.2,4,inf,inf,0,,1881,-0.008,0.06,848,50.9,
fund=NA,786,52.4,0.0285,1.25,22.4,7,0.45,0.27,440,0.036,51,0.056,0.13,69,60.9,
adxxfund=NA|NA,786,52.4,0.0285,1.25,22.4,7,0.45,0.27,440,0.036,51,0.056,0.13,69,60.9,
atrpxfund=NA|NA,786,52.4,0.0285,1.25,22.4,7,0.45,0.27,440,0.036,51,0.056,0.13,69,60.9,
breadthxfund=NA|NA,786,52.4,0.0285,1.25,22.4,7,0.45,0.27,440,0.036,51,0.056,0.13,69,60.9,
cascxfund=N|NA,786,52.4,0.0285,1.25,22.4,7,0.45,0.27,440,0.036,51,0.056,0.13,69,60.9,
fundxoid=NA|NA,786,52.4,0.0285,1.25,22.4,7,0.45,0.27,440,0.036,51,0.056,0.13,69,60.9,
fundxsession=NA|None,786,52.4,0.0285,1.25,22.4,7,0.45,0.27,440,0.036,51,0.056,0.13,69,60.9,
fundxspread=NA|NA,786,52.4,0.0285,1.25,22.4,7,0.45,0.27,440,0.036,51,0.056,0.13,69,60.9,
fundxsym_state=NA|NA,786,52.4,0.0285,1.25,22.4,7,0.45,0.27,440,0.036,51,0.056,0.13,69,60.9,
fundxvolz=NA|NA,786,52.4,0.0285,1.25,22.4,7,0.45,0.27,440,0.036,51,0.056,0.13,69,60.9,
fundxweekend=NA|False,786,52.4,0.0285,1.25,22.4,7,0.45,0.27,440,0.036,51,0.056,0.13,69,60.9,
concxsymbol=2-3|XLMUSDT,269,52.4,-0.0168,0.87,-4.5,38,inf,inf,62,-0.03,207,-0.013,0.12,84,51.2,
strategyxsymbol=burst_follow|UNIUSDT,145,52.4,-0.008,0.9,-1.2,42,inf,inf,62,0.013,82,-0.027,0.08,37,51.4,
strategyxweekdayxhour_band=burst_follow|0|12-17,435,52.4,0.0026,1.04,1.1,7,3.68,0.99,253,-0.014,182,0.025,0.08,108,54.6,
fundxstrategy=pos|burst_follow,2618,52.4,-0.0026,0.96,-6.8,54,inf,inf,607,0.006,2011,-0.005,0.06,930,51.0,
adxxdecile_band=NA|D10,1103,52.4,0.0173,1.14,19.1,20,0.5,0.28,1075,0.015,17,0.133,0.13,25,68.0,
breadthxdecile_band=NA|D10,1103,52.4,0.0173,1.14,19.1,20,0.5,0.28,1075,0.015,17,0.133,0.13,25,68.0,
decile_bandxspread=D10|NA,1103,52.4,0.0173,1.14,19.1,20,0.5,0.28,1075,0.015,17,0.133,0.13,25,68.0,
decile_bandxsym_state=D10|NA,1103,52.4,0.0173,1.14,19.1,20,0.5,0.28,1075,0.015,17,0.133,0.13,25,68.0,
imbxsymbol=>=0.5|ETHUSDT,2019,52.4,0.0071,1.07,14.4,63,0.24,1.0,1136,0.002,845,0.014,0.08,831,53.1,Y
adxxweekday=<20|4,271,52.4,0.0424,1.57,11.5,2,0.66,0.2,181,0.022,90,0.084,0.08,154,50.6,
concxhour_band=NA|12-17,313,52.4,0.0383,1.39,12.0,6,0.87,0.21,110,0.103,5,0.114,0.09,14,71.4,
hour_bandxmktb=12-17|NA,313,52.4,0.0383,1.39,12.0,6,0.87,0.21,110,0.103,5,0.114,0.09,14,71.4,
hour_bandxregime=12-17|NA,313,52.4,0.0383,1.39,12.0,6,0.87,0.21,110,0.103,5,0.114,0.09,14,71.4,
decile_bandxoid=D10|NA,1109,52.4,0.0172,1.14,19.1,22,0.5,0.28,1077,0.015,21,0.101,0.13,26,69.2,
cascxsymbol=Y|APTUSDT,42,52.4,-0.0191,0.85,-0.8,5,inf,inf,0,,42,-0.019,0.12,17,58.8,
decile_bandxmktb=D10|>=60,42,52.4,0.0038,1.08,0.2,2,2.34,1.3,0,,42,0.004,0.02,13,30.8,
hour_bandxsymbol=6-11|PENGUUSDT,42,52.4,0.001,1.01,0.0,7,8.65,1.0,0,,42,0.001,0.17,12,41.7,
imbxsymbol=<0.5|1000LUNCUSDT,84,52.4,-0.0119,0.92,-1.0,18,inf,inf,27,0.006,57,-0.021,0.18,53,49.1,
oidxsymbol=<-0.5|FILUSDT,126,52.4,-0.0631,0.56,-8.0,30,inf,inf,38,-0.085,88,-0.054,0.08,42,50.0,
symbolxvolz=1000PEPEUSDT|2-5,315,52.4,0.0194,1.18,6.1,48,0.5,1.0,171,0.034,144,0.002,0.1,118,52.5,
symbolxvs=ENAUSDT|Y,63,52.4,0.0232,1.28,1.5,20,0.31,1.0,43,0.038,20,-0.008,0.06,12,50.0,
strategyxweekdayxhour_band=ny_flush_buy_4h|0|18-23,42,52.4,-0.0165,0.91,-0.7,7,inf,inf,28,-0.005,14,-0.04,0.0,11,36.4,
strategyxweekdayxregime=asia_burst_fade|4|bear,42,52.4,0.0233,1.17,1.0,1,1.0,1.41,42,0.023,0,,0.07,0,,
hour_bandximb=12-17|>=0.5,4836,52.4,0.005,1.05,24.1,61,0.66,0.39,2284,0.013,2386,-0.002,0.09,1731,51.5,
breadthxvolz=>=4|>=5,1388,52.4,0.0072,1.06,10.0,38,0.86,0.36,434,-0.0,954,0.011,0.11,310,52.9,
concxweekday=2-3|6,2020,52.4,-0.0118,0.89,-23.9,7,inf,inf,61,-0.003,1959,-0.012,0.09,695,52.7,
regimexside=bear|LONG,2996,52.4,0.019,1.2,57.0,21,0.31,0.25,1978,0.021,1018,0.015,0.11,945,52.2,Y
concxoid=2-3|<-0.5,2872,52.4,-0.0109,0.89,-31.3,40,inf,inf,454,-0.015,2418,-0.01,0.07,884,52.4,
strategyxregimexbreadth=burst_follow|bear|2-3,191,52.4,-0.0031,0.96,-0.6,11,inf,inf,78,-0.031,113,0.016,0.08,148,53.4,
strategyxregimexbreadth=london_burst_fade|neutral|>=4,191,52.4,0.0162,1.1,3.1,16,1.01,1.29,142,0.021,49,0.003,0.13,56,57.1,
atrpxregime=mid|bear,1960,52.3,-0.0064,0.95,-12.5,16,inf,inf,853,-0.013,1107,-0.001,0.11,1052,50.9,
symbol=1000LUNCUSDT,405,52.3,0.0073,1.06,2.9,60,0.55,1.0,200,-0.0,201,0.014,0.12,164,50.6,
cascxsymbol=N|1000LUNCUSDT,405,52.3,0.0073,1.06,2.9,60,0.55,1.0,200,-0.0,201,0.014,0.12,164,50.6,
sessionxsymbol=None|1000LUNCUSDT,405,52.3,0.0073,1.06,2.9,60,0.55,1.0,200,-0.0,201,0.014,0.12,164,50.6,
symbolxweekday=BNBUSDT|6,128,52.3,-0.0269,0.8,-3.4,9,inf,inf,66,-0.032,62,-0.021,0.09,30,56.7,
strategyxweekday=london_burst_fade|3,342,52.3,0.0551,1.37,18.8,7,0.57,0.43,159,0.073,183,0.04,0.18,101,47.5,
imbxsymbol=>=0.5|1000LUNCUSDT,321,52.3,0.0123,1.11,3.9,49,0.41,1.0,173,-0.002,144,0.027,0.1,111,51.4,
symbolxweekday=FILUSDT|2,107,52.3,-0.015,0.88,-1.6,9,inf,inf,71,-0.001,36,-0.043,0.05,35,48.6,
atrpxsym_state=hi|bear,407,52.3,0.0182,1.22,7.4,29,0.54,0.42,258,0.013,149,0.027,0.07,191,48.7,
regimexweekday=bear|1,472,52.3,0.0025,1.02,1.2,4,2.58,2.06,421,0.0,51,0.021,0.1,92,50.0,
atrpxweekday=NA|2,644,52.3,0.0165,1.14,10.6,2,1.02,0.5,630,0.017,14,-0.019,0.15,14,42.9,
volzxweekday=NA|2,644,52.3,0.0165,1.14,10.6,2,1.02,0.5,630,0.017,14,-0.019,0.15,14,42.9,
imbxside=<0.5|SHORT,5737,52.3,-0.0043,0.95,-24.7,63,inf,inf,2627,0.011,3082,-0.017,0.07,2152,50.7,
breadthxsymbol=2-3|TAOUSDT,86,52.3,-0.0018,0.98,-0.2,24,inf,inf,46,0.026,40,-0.033,0.06,45,51.1,
concxstrategy=NA|setup_follow,86,52.3,0.0045,1.07,0.4,2,6.42,2.0,45,0.055,0,,0.09,0,,
mktbxstrategy=NA|setup_follow,86,52.3,0.0045,1.07,0.4,2,6.42,2.0,45,0.055,0,,0.09,0,,
regimexstrategy=NA|setup_follow,86,52.3,0.0045,1.07,0.4,2,6.42,2.0,45,0.055,0,,0.09,0,,
symbolxweekday=XLMUSDT|6,86,52.3,-0.0291,0.76,-2.5,9,inf,inf,39,-0.029,47,-0.029,0.12,34,52.9,
strategyxregimexadx=setup_follow|NA|NA,86,52.3,0.0045,1.07,0.4,2,6.42,2.0,45,0.055,0,,0.09,0,,
strategyxregimexbreadth=setup_follow|NA|NA,86,52.3,0.0045,1.07,0.4,2,6.42,2.0,45,0.055,0,,0.09,0,,
strategyxregimexbreadth=burst_follow|neutral|2-3,688,52.3,-0.0062,0.91,-4.3,27,inf,inf,350,-0.002,338,-0.01,0.08,463,51.8,
strategyxregimextrig=setup_follow|NA|bar,86,52.3,0.0045,1.07,0.4,2,6.42,2.0,45,0.055,0,,0.09,0,,
sidexvolz=LONG|>=5,1808,52.3,0.0116,1.11,21.0,56,0.68,0.24,853,0.008,955,0.014,0.09,536,54.3,
strategyxv3=burst_follow|Y,323,52.3,-0.0354,0.65,-11.4,55,inf,inf,147,-0.023,175,-0.045,0.08,91,54.9,
symbolxvolz=ETHUSDT|>=5,151,52.3,0.0188,1.13,2.8,42,0.58,1.0,75,-0.01,76,0.047,0.2,77,54.5,
adxxweekday=>=30|6,1252,52.3,0.0031,1.03,3.9,3,2.36,0.55,0,,1252,0.003,0.08,569,50.8,
symbol=BNBUSDT,908,52.3,-0.0104,0.92,-9.5,59,inf,inf,458,-0.001,439,-0.02,0.1,252,51.6,
sessionxsymbol=None|BNBUSDT,908,52.3,-0.0104,0.92,-9.5,59,inf,inf,458,-0.001,439,-0.02,0.1,252,51.6,
concxsymbol=0-1|BNBUSDT,130,52.3,0.0153,1.12,2.0,28,0.92,1.0,18,0.007,112,0.017,0.15,129,51.9,
oidxsymbol=>0.5|HYPEUSDT,65,52.3,0.0069,1.1,0.4,8,1.29,1.0,0,,65,0.007,0.05,42,47.6,
cascximb=Y|>=0.5,2407,52.3,-0.0029,0.97,-7.1,29,inf,inf,208,-0.002,2199,-0.003,0.06,1120,52.1,
adxxstrategy=NA|burst_follow,2092,52.3,0.0063,1.1,13.1,15,0.63,0.22,2009,0.007,0,,0.08,0,,
breadthxstrategy=NA|burst_follow,2092,52.3,0.0063,1.1,13.1,15,0.63,0.22,2009,0.007,0,,0.08,0,,
spreadxstrategy=NA|burst_follow,2092,52.3,0.0063,1.1,13.1,15,0.63,0.22,2009,0.007,0,,0.08,0,,
strategyxsym_state=burst_follow|NA,2092,52.3,0.0063,1.1,13.1,15,0.63,0.22,2009,0.007,0,,0.08,0,,
decile_bandxsymbol=D10|APTUSDT,109,52.3,-0.0001,1.0,-0.0,31,inf,inf,52,0.065,57,-0.059,0.17,18,50.0,
regimexsymbol=bear|APTUSDT,109,52.3,0.0396,1.41,4.3,17,0.23,1.0,62,0.032,47,0.049,0.08,29,48.3,Y
oidxvs=<-0.5|N,4012,52.3,-0.0088,0.91,-35.3,49,inf,inf,1016,-0.008,2996,-0.009,0.07,1620,52.0,
v3xvolz=N|>=5,2159,52.3,0.0101,1.09,21.8,48,0.25,0.31,1092,0.013,1067,0.007,0.09,534,53.0,Y
mktbxvolz=30-60|2-5,570,52.3,-0.0015,0.98,-0.9,4,inf,inf,0,,570,-0.002,0.05,185,49.7,
decile_bandxsymbol=D2-3|AVAXUSDT,88,52.3,-0.0573,0.63,-5.0,9,inf,inf,0,,88,-0.057,0.09,33,48.5,
fundxmktb=neg|30-60,44,52.3,-0.0049,0.94,-0.2,3,inf,inf,0,,44,-0.005,0.05,26,53.8,
hour_bandxsymbol=12-17|TRUMPUSDT,88,52.3,0.0203,1.3,1.8,9,0.77,1.0,0,,88,0.02,0.08,45,64.4,
imbxsymbol=<0.5|PENGUUSDT,44,52.3,-0.0278,0.72,-1.2,7,inf,inf,0,,44,-0.028,0.05,11,63.6,
sym_statexsymbol=bear|RENDERUSDT,44,52.3,0.0117,1.1,0.5,9,1.49,1.0,20,-0.002,24,0.023,0.07,29,55.2,
sym_statexsymbol=bull|LINKUSDT,44,52.3,0.0142,1.13,0.6,3,0.88,1.0,0,,44,0.014,0.07,17,52.9,
symbolxweekday=ENAUSDT|5,176,52.3,0.0305,1.36,5.4,9,0.38,1.0,41,0.06,135,0.021,0.08,85,50.6,
fundxsymbol=flat|SOLUSDT,1079,52.3,-0.0043,0.96,-4.6,51,inf,inf,828,-0.01,251,0.014,0.09,265,52.5,
fundxoid=flat|<-0.5,1613,52.3,-0.01,0.9,-16.1,48,inf,inf,504,-0.008,1109,-0.011,0.08,636,53.5,
oidxsymbol=>0.5|SOLUSDT,310,52.3,0.0086,1.09,2.7,33,0.49,1.0,66,0.061,244,-0.006,0.07,173,53.2,
oidxvolz=<-0.5|<2,2570,52.3,-0.0077,0.92,-19.8,49,inf,inf,620,-0.008,1950,-0.008,0.06,1126,52.3,
adxximb=>=30|>=0.5,5232,52.3,-0.0012,0.99,-6.5,14,inf,inf,197,0.01,5035,-0.002,0.07,2228,51.9,
strategyxregimexdecile_band=setup_fade|neutral|D4-9,777,52.3,0.0164,1.09,12.7,40,0.34,0.39,399,0.019,378,0.014,0.14,377,53.1,Y
strategyxregimexdecile_band=late_fade|neutral|D2-3,222,52.3,0.0247,1.56,5.5,24,0.52,0.28,120,0.023,102,0.027,0.18,74,51.4,
breadthxweekday=>=4|5,1066,52.3,0.0009,1.01,0.9,6,8.93,3.04,42,0.006,1024,0.001,0.1,431,50.1,
atrpxhour_band=NA|12-17,934,52.2,0.0252,1.26,23.5,10,0.47,0.26,731,0.031,5,0.114,0.09,14,71.4,
hour_bandxvolz=12-17|NA,934,52.2,0.0252,1.26,23.5,10,0.47,0.26,731,0.031,5,0.114,0.09,14,71.4,
strategyxsymbol=burst_follow|SUIUSDT,67,52.2,0.0077,1.15,0.5,8,0.92,1.0,0,,67,0.008,0.06,12,41.7,
symbolxweekday=PENDLEUSDT|0,67,52.2,0.0086,1.07,0.6,9,1.2,1.0,30,0.013,37,0.005,0.13,33,51.5,
spreadxweekday=<2|6,2301,52.2,-0.0118,0.9,-27.2,7,inf,inf,330,0.001,1971,-0.014,0.1,1085,51.6,
fundxsymbol=flat|NEARUSDT,224,52.2,0.01,1.11,2.2,40,0.65,1.0,157,0.017,67,-0.006,0.05,67,52.2,
hour_bandxregime=12-17|bear,1434,52.2,0.0059,1.05,8.4,18,0.76,0.56,1041,0.007,393,0.002,0.11,323,52.0,
breadthxsymbol=1|XLMUSDT,157,52.2,-0.0187,0.87,-2.9,34,inf,inf,54,0.001,103,-0.029,0.13,98,52.0,
oidxsymbol=>0.5|TRUMPUSDT,157,52.2,0.0212,1.24,3.3,10,0.38,1.0,0,,157,0.021,0.08,89,53.9,
strategyxweekdayxregime=setup_follow|3|bull,360,52.2,0.0129,1.19,4.6,5,0.94,0.33,168,-0.005,192,0.028,0.13,168,49.4,
hour_bandxsym_state=12-17|bull,2093,52.2,0.0033,1.03,6.9,42,0.98,0.39,337,0.017,1756,0.001,0.08,934,50.1,
symbolxvs=HYPEUSDT|N,293,52.2,-0.0033,0.96,-1.0,10,inf,inf,0,,293,-0.003,0.06,114,49.1,
decile_bandxoid=D2-3|<-0.5,2796,52.2,-0.0096,0.9,-26.9,49,inf,inf,700,-0.014,2096,-0.008,0.07,1203,51.3,
breadthxsymbol=>=4|PUMPUSDT,203,52.2,-0.0096,0.9,-2.0,10,inf,inf,0,,203,-0.01,0.08,55,50.9,
symbolxvolz=TAOUSDT|2-5,203,52.2,0.0149,1.13,3.0,42,0.79,1.0,95,0.015,108,0.015,0.11,75,53.3,
strategyxweekdayxregime=burst_follow|2|bear,316,52.2,0.0041,1.06,1.3,3,1.12,1.07,211,0.006,105,-0.0,0.08,144,48.6,
imbxstrategy=<0.5|burst_follow,3593,52.2,-0.0071,0.9,-25.6,56,inf,inf,1626,0.006,1949,-0.018,0.08,1225,51.3,
sidexstrategy=SHORT|burst_follow,3593,52.2,-0.0071,0.9,-25.6,56,inf,inf,1626,0.006,1949,-0.018,0.08,1225,51.3,
atrpxsymbol=hi|FETUSDT,226,52.2,0.013,1.14,2.9,31,0.38,1.0,81,0.029,145,0.004,0.07,83,50.6,Y
hour_bandxsymbol=0-5|PENDLEUSDT,113,52.2,-0.0261,0.78,-2.9,39,inf,inf,57,-0.03,56,-0.022,0.06,48,50.0,
fundxoid=pos|<-0.5,1628,52.2,-0.0113,0.89,-18.4,46,inf,inf,174,-0.028,1454,-0.009,0.07,694,50.9,
symbolxvolz=SOLUSDT|2-5,362,52.2,-0.0148,0.89,-5.4,50,inf,inf,204,-0.039,158,0.016,0.11,127,52.8,
decile_bandxweekday=D10|1,611,52.2,0.0219,1.23,13.4,9,0.3,0.21,272,0.008,328,0.032,0.08,164,51.8,
oidxstrategy=NA|burst_follow,2105,52.2,0.0058,1.1,12.1,24,0.68,0.26,2015,0.007,7,-0.01,0.08,6,50.0,
decile_bandxside=D10|SHORT,1496,52.2,0.0057,1.04,8.6,63,1.88,1.12,794,0.013,697,-0.003,0.13,443,51.0,
hour_bandxsymbol=12-17|1000PEPEUSDT,408,52.2,0.0192,1.17,7.8,58,0.29,1.0,223,0.038,173,-0.004,0.12,96,51.0,
sidexsymbol=SHORT|TAOUSDT,295,52.2,0.0072,1.06,2.1,62,1.29,1.0,135,0.017,159,0.003,0.09,112,51.8,
concxsymbol=2-3|TAOUSDT,318,52.2,0.0059,1.05,1.9,39,0.87,1.0,67,0.02,251,0.002,0.09,94,54.3,
strategyxdecile_bandximb=burst_follow|D10|<0.5,477,52.2,-0.0141,0.84,-6.7,52,inf,inf,248,0.017,228,-0.048,0.12,126,50.8,
decile_bandximb=D10|>=0.5,2387,52.2,0.0071,1.06,17.0,63,0.37,0.31,1293,0.015,1086,-0.002,0.11,599,53.3,
breadthxsymbol=>=4|UNIUSDT,205,52.2,-0.0114,0.9,-2.3,30,inf,inf,56,-0.012,149,-0.011,0.07,63,50.8,
oid=<-0.5,4169,52.2,-0.0081,0.92,-33.7,49,inf,inf,1057,-0.008,3112,-0.008,0.08,1721,52.2,
oidxsession=<-0.5|None,4169,52.2,-0.0081,0.92,-33.7,49,inf,inf,1057,-0.008,3112,-0.008,0.08,1721,52.2,
symbol=PENDLEUSDT,456,52.2,-0.0173,0.87,-7.9,62,inf,inf,217,-0.028,235,-0.007,0.1,196,52.0,
sessionxsymbol=None|PENDLEUSDT,456,52.2,-0.0173,0.87,-7.9,62,inf,inf,217,-0.028,235,-0.007,0.1,196,52.0,
hour_bandxsymbol=12-17|ETHUSDT,916,52.2,0.0139,1.14,12.7,61,0.24,1.0,507,0.016,378,0.013,0.11,376,52.4,Y
symbolxv3=SOLUSDT|N,2062,52.2,0.001,1.01,2.1,60,2.42,1.0,1159,0.004,874,-0.003,0.09,705,53.0,
breadthxoid=>=4|<-0.5,2798,52.2,-0.0081,0.92,-22.6,37,inf,inf,574,-0.007,2224,-0.008,0.07,862,51.9,
v3xweekday=N|6,2597,52.2,-0.0048,0.95,-12.5,8,inf,inf,915,-0.002,1682,-0.006,0.08,775,51.9,
adxxsymbol=NA|NEARUSDT,253,52.2,0.0081,1.07,2.1,17,0.72,1.0,238,0.008,1,0.122,0.09,2,100.0,
atrpxsymbol=mid|BCHUSDT,46,52.2,-0.0144,0.9,-0.7,7,inf,inf,0,,46,-0.014,0.11,23,52.2,
breadthxsymbol=NA|NEARUSDT,253,52.2,0.0081,1.07,2.1,17,0.72,1.0,238,0.008,1,0.122,0.09,2,100.0,
decile_bandxsymbol=D4-9|ENAUSDT,253,52.2,0.0126,1.12,3.2,50,0.45,1.0,87,0.034,163,0.001,0.1,90,51.1,
fundxsymbol=pos|1000LUNCUSDT,253,52.2,0.0053,1.04,1.4,41,1.19,1.0,106,0.0,147,0.009,0.13,99,51.5,
hour_bandxsymbol=6-11|SUIUSDT,46,52.2,-0.0117,0.9,-0.5,7,inf,inf,0,,46,-0.012,0.09,14,57.1,
mktbxsymbol=30-60|PENGUUSDT,69,52.2,-0.0126,0.84,-0.9,4,inf,inf,0,,69,-0.013,0.04,11,54.5,
oidxsymbol=>0.5|PUMPUSDT,69,52.2,-0.0129,0.86,-0.9,8,inf,inf,0,,69,-0.013,0.06,25,56.0,
spreadxsymbol=NA|NEARUSDT,253,52.2,0.0081,1.07,2.1,17,0.72,1.0,238,0.008,1,0.122,0.09,2,100.0,
strategyxsymbol=setup_fade|CHZUSDT,207,52.2,0.0222,1.13,4.6,55,0.41,1.0,110,0.038,95,-0.009,0.12,84,52.4,
sym_statexsymbol=NA|NEARUSDT,253,52.2,0.0081,1.07,2.1,17,0.72,1.0,238,0.008,1,0.122,0.09,2,100.0,
symbolxv3=LINKUSDT|Y,69,52.2,-0.0095,0.92,-0.7,9,inf,inf,0,,69,-0.009,0.1,34,55.9,
symbolxweekday=PENDLEUSDT|1,46,52.2,0.0161,1.12,0.7,9,0.69,1.0,21,0.052,21,-0.012,0.15,24,50.0,
symbolxweekend=HYPEUSDT|False,207,52.2,-0.0026,0.97,-0.5,6,inf,inf,0,,207,-0.003,0.05,80,52.5,
oidxsymbol=NA|NEARUSDT,255,52.2,0.0073,1.07,1.9,18,0.8,1.0,238,0.008,3,-0.024,0.09,3,66.7,
decile_bandxvolz=D10|>=5,1879,52.2,0.0128,1.11,24.0,56,0.28,0.26,960,0.013,919,0.012,0.1,511,53.2,Y
symbolxweekend=SOLUSDT|True,604,52.2,-0.0107,0.91,-6.5,18,inf,inf,294,0.005,310,-0.025,0.09,214,49.1,
mktbxweekday=30-60|6,999,52.2,0.0054,1.06,5.4,1,1.0,0.4,0,,999,0.005,0.08,395,50.1,
imbxsymbol=>=0.5|SOLUSDT,1398,52.1,0.003,1.03,4.2,63,0.63,1.0,799,0.004,577,0.002,0.08,500,54.6,
adxxdecile_band=>=30|D10,909,52.1,0.0096,1.08,8.7,14,0.92,0.36,35,0.031,874,0.009,0.1,297,51.9,
symbolxweekend=1000LUNCUSDT|False,280,52.1,0.001,1.01,0.3,42,4.9,1.0,152,-0.015,124,0.018,0.12,116,50.0,
mktbxsymbol=<30|1000LUNCUSDT,351,52.1,0.011,1.09,3.9,57,0.42,1.0,191,0.006,160,0.017,0.12,144,50.7,
fundxhour_band=NA|12-17,328,52.1,0.0371,1.39,12.2,6,0.87,0.2,125,0.092,5,0.114,0.09,14,71.4,
strategyxsymbol=asia_pump_short_4h|ETHUSDT,94,52.1,-0.0028,0.99,-0.3,52,inf,inf,47,0.034,47,-0.04,0.0,49,46.9,
sym_statexsymbol=bear|ADAUSDT,94,52.1,-0.0414,0.7,-3.9,7,inf,inf,23,-0.018,71,-0.049,0.12,56,53.6,
sym_statexsymbol=bear|ZECUSDT,94,52.1,0.0512,1.74,4.8,6,0.36,1.0,90,0.05,4,0.079,0.11,67,50.7,
symbolxweekday=TAOUSDT|4,94,52.1,0.0135,1.15,1.3,9,0.95,1.0,40,0.01,54,0.016,0.03,29,51.7,
imbxsym_state=>=0.5|bull,5176,52.1,0.0008,1.01,4.3,46,2.5,1.09,694,0.009,4482,-0.0,0.07,2313,51.4,
breadthxsymbol=>=4|TAOUSDT,259,52.1,0.0045,1.04,1.2,31,1.23,1.0,70,-0.009,189,0.009,0.11,57,47.4,
concxsymbol=2-3|HYPEUSDT,259,52.1,0.0044,1.05,1.1,10,1.4,1.0,0,,259,0.004,0.07,73,47.9,
atrpxsymbol=hi|TAOUSDT,236,52.1,0.0083,1.08,2.0,31,0.68,1.0,70,0.02,166,0.003,0.06,53,49.1,
decile_bandxside=D4-9|SHORT,2646,52.1,0.0005,1.0,1.3,63,5.94,4.34,1196,0.008,1428,-0.006,0.11,1003,51.3,
v3xweekday=N|3,2128,52.1,0.0088,1.09,18.6,9,0.6,0.4,1109,0.016,1019,0.001,0.08,674,52.2,
regimexstrategy=neutral|burst_follow,3076,52.1,-0.007,0.9,-21.6,34,inf,inf,2030,0.001,1046,-0.022,0.07,1038,52.5,
strategyxregimextrig=burst_follow|neutral|burst,3076,52.1,-0.007,0.9,-21.6,34,inf,inf,2030,0.001,1046,-0.022,0.07,1038,52.5,
concxsymbol=>=6|PENDLEUSDT,142,52.1,-0.0274,0.77,-3.9,23,inf,inf,142,-0.027,0,,0.08,0,,
regimexweekday=bear|0,923,52.1,-0.0084,0.94,-7.7,3,inf,inf,585,-0.006,338,-0.012,0.12,259,49.8,
symbolxweekday=1000LUNCUSDT|4,71,52.1,0.016,1.16,1.1,9,0.65,1.0,39,0.027,32,0.003,0.11,29,55.2,
decile_bandxsymbol=D2-3|PENDLEUSDT,261,52.1,-0.0155,0.88,-4.0,56,inf,inf,121,-0.029,138,-0.005,0.07,123,52.8,
oidxregime=>0.5|bear,382,52.1,0.0192,1.16,7.3,14,0.28,0.3,137,0.024,245,0.016,0.13,234,52.6,Y
symbolxweekend=TAOUSDT|True,215,52.1,0.0223,1.22,4.8,18,0.39,1.0,92,0.031,123,0.016,0.11,77,51.9,Y
concxoid=0-1|<-0.5,837,52.1,-0.0018,0.98,-1.5,40,inf,inf,143,-0.008,694,-0.0,0.08,837,52.1,
symbolxvs=PENDLEUSDT|N,407,52.1,-0.017,0.87,-6.9,62,inf,inf,199,-0.028,204,-0.006,0.1,179,51.4,
adxxsymbol=>=30|AVAXUSDT,96,52.1,-0.0303,0.78,-2.9,8,inf,inf,0,,96,-0.03,0.11,30,46.7,
oidxsymbol=mid|SUIUSDT,96,52.1,0.0036,1.04,0.3,8,3.57,1.0,0,,96,0.004,0.04,32,53.1,
oidxsymbol=mid|PUMPUSDT,144,52.1,0.0053,1.05,0.8,10,0.85,1.0,0,,144,0.005,0.1,57,50.9,
strategyxregimexbreadth=setup_follow|bear|2-3,96,52.1,0.0166,1.29,1.6,11,0.45,0.38,28,0.015,68,0.017,0.15,70,54.3,
cascxoid=N|<-0.5,3170,52.1,-0.0088,0.92,-28.0,49,inf,inf,1048,-0.008,2122,-0.009,0.08,1264,52.5,
decile_bandxvolz=D2-3|>=5,265,52.1,-0.0052,0.95,-1.4,50,inf,inf,116,-0.009,149,-0.003,0.09,120,50.8,
decile_bandxsymbol=D10|ADAUSDT,217,52.1,-0.0052,0.95,-1.1,46,inf,inf,138,-0.012,79,0.007,0.09,42,54.8,
strategyxvolz=late_fade|2-5,121,52.1,0.0309,1.58,3.7,26,0.79,0.23,55,0.047,66,0.018,0.24,26,42.3,
strategyxsymbol=burst_follow|XRPUSDT,776,52.1,0.0013,1.02,1.0,56,2.05,1.0,337,0.005,432,-0.0,0.09,281,54.8,
sym_statexsymbol=bear|SOLUSDT,73,52.1,0.0127,1.12,0.9,5,0.97,1.0,53,0.03,20,-0.032,0.11,51,51.0,
regimexsymbol=bull|XRPUSDT,805,52.0,0.0094,1.09,7.6,21,0.28,1.0,145,0.018,660,0.007,0.09,363,53.7,Y
fundxoid=neg|<-0.5,928,52.0,0.0009,1.01,0.9,46,2.27,2.37,379,0.001,549,0.001,0.07,391,52.7,
atrpxweekday=hi|6,1491,52.0,0.0033,1.04,4.9,8,2.62,0.63,190,-0.014,1301,0.006,0.07,552,50.0,
atrpxcasc=hi|Y,2690,52.0,0.0008,1.01,2.1,22,2.22,2.85,38,0.048,2652,0.0,0.06,1326,51.3,
atrpxvolz=hi|>=5,1297,52.0,0.0098,1.09,12.7,54,0.56,0.38,492,0.007,805,0.012,0.08,331,51.1,
concxvolz=2-3|>=5,1395,52.0,0.0045,1.04,6.3,39,1.11,0.41,293,0.005,1102,0.004,0.1,369,51.8,
symbolxweekday=1000PEPEUSDT|3,196,52.0,0.02,1.18,3.9,9,0.67,1.0,110,0.053,86,-0.022,0.11,61,47.5,
strategyxregimexdecile_band=burst_follow|neutral|D2-3,2160,52.0,-0.0047,0.93,-10.1,34,inf,inf,1435,-0.002,725,-0.011,0.06,797,51.4,
hour_bandxstrategy=12-17|nony_momentum,344,52.0,0.0032,1.05,1.1,40,3.23,1.09,194,-0.006,122,0.034,0.09,108,49.1,
symbol=AVAXUSDT,123,52.0,-0.0446,0.7,-5.5,10,inf,inf,0,,123,-0.045,0.11,36,47.2,
cascxsymbol=N|AVAXUSDT,123,52.0,-0.0446,0.7,-5.5,10,inf,inf,0,,123,-0.045,0.11,36,47.2,
sessionxsymbol=None|AVAXUSDT,123,52.0,-0.0446,0.7,-5.5,10,inf,inf,0,,123,-0.045,0.11,36,47.2,
atrpxsymbol=NA|ETHUSDT,517,52.0,0.0149,1.16,7.7,12,0.66,1.0,456,0.016,11,0.022,0.09,13,61.5,
symbolxvolz=ETHUSDT|NA,517,52.0,0.0149,1.16,7.7,12,0.66,1.0,456,0.016,11,0.022,0.09,13,61.5,
mktbxoid=30-60|mid,1355,52.0,0.0039,1.04,5.3,4,0.87,0.69,0,,1355,0.004,0.08,595,50.9,
concxweekend=2-3|True,3579,52.0,-0.0045,0.96,-16.3,13,inf,inf,197,-0.002,3382,-0.005,0.09,1312,50.9,
adxxfund=>=30|neg,667,52.0,0.0051,1.05,3.4,13,1.11,0.91,76,0.05,591,-0.001,0.09,301,50.2,
concxsymbol=2-3|PENDLEUSDT,173,52.0,-0.0192,0.86,-3.3,35,inf,inf,44,-0.016,129,-0.02,0.1,63,50.8,
breadthxsymbol=>=4|1000PEPEUSDT,569,52.0,-0.0062,0.94,-3.5,35,inf,inf,156,0.02,413,-0.016,0.1,169,52.7,
oidxstrategy=<-0.5|setup_follow,396,52.0,0.0007,1.01,0.3,48,5.61,5.46,128,0.021,268,-0.009,0.12,250,52.4,
atrpxsymbol=mid|SOLUSDT,1338,52.0,-0.0061,0.95,-8.1,53,inf,inf,819,-0.013,519,0.005,0.09,458,53.3,
strategyxsidexregime=setup_follow|SHORT|neutral,694,52.0,-0.0024,0.97,-1.7,38,inf,inf,398,0.006,296,-0.013,0.09,311,51.1,
breadthxside=2-3|LONG,2632,52.0,0.0088,1.09,23.1,43,0.27,0.47,1037,0.01,1595,0.008,0.11,1553,50.8,Y
fundxvolz=flat|>=5,1292,52.0,0.0075,1.06,9.7,55,0.37,0.44,708,0.002,584,0.014,0.11,406,51.2,Y
atrpxoid=mid|<-0.5,1469,52.0,-0.0169,0.87,-24.8,49,inf,inf,621,-0.011,848,-0.021,0.11,704,51.8,
breadthxsymbol=>=4|ETHUSDT,998,52.0,0.0079,1.08,7.9,42,0.66,1.0,288,0.009,710,0.008,0.09,485,53.0,
atrpxsymbol=lo|APTUSDT,50,52.0,0.0619,1.56,3.1,17,0.27,1.0,18,0.091,32,0.045,0.18,29,48.3,Y
decile_bandxhour_band=D10|18-23,725,52.0,-0.0067,0.95,-4.9,59,inf,inf,366,0.028,356,-0.043,0.11,192,52.1,
decile_bandxsymbol=D10|SOLUSDT,225,52.0,0.0083,1.06,1.9,50,1.05,1.0,119,0.019,106,-0.004,0.13,86,55.8,
fundxsymbol=pos|XLMUSDT,200,52.0,-0.024,0.81,-4.8,29,inf,inf,81,-0.007,119,-0.036,0.09,52,51.9,
mktbxsymbol=30-60|HYPEUSDT,100,52.0,0.0217,1.24,2.2,4,0.56,1.0,0,,100,0.022,0.08,33,45.5,
oidxspread=<-0.5|2-5,900,52.0,-0.0067,0.93,-6.0,47,inf,inf,181,-0.008,719,-0.006,0.06,364,52.7,
oidxsymbol=<-0.5|NEARUSDT,125,52.0,-0.0236,0.79,-2.9,26,inf,inf,57,-0.024,68,-0.024,0.07,45,48.9,
regimexsymbol=bull|AVAXUSDT,100,52.0,-0.0325,0.77,-3.3,8,inf,inf,0,,100,-0.033,0.13,30,46.7,
symbolxv3=PENGUUSDT|Y,50,52.0,0.0051,1.04,0.3,8,2.18,1.0,0,,50,0.005,0.12,21,47.6,
symbolxweekday=TAOUSDT|3,100,52.0,-0.0016,0.99,-0.2,9,inf,inf,56,0.033,44,-0.045,0.09,37,51.4,
imbxv3=>=0.5|N,11391,52.0,0.0007,1.01,8.2,60,1.17,1.38,5656,0.005,5563,-0.003,0.07,3222,52.5,
breadthxstrategy=2-3|burst_follow,1604,52.0,-0.0042,0.94,-6.8,43,inf,inf,632,0.003,972,-0.009,0.07,971,50.4,
fundxsymbol=neg|WLDUSDT,502,52.0,0.0063,1.06,3.1,41,0.63,1.0,321,0.003,181,0.012,0.09,231,51.9,
volzxweekend=>=5|True,829,52.0,-0.0074,0.94,-6.1,16,inf,inf,274,-0.023,555,0.0,0.09,312,51.0,
breadthxcasc=>=4|Y,2739,52.0,0.0005,1.01,1.4,17,3.71,6.46,11,-0.016,2728,0.001,0.07,1211,52.3,
oidxweekday=<-0.5|4,654,52.0,-0.0031,0.97,-2.0,7,inf,inf,193,-0.018,461,0.003,0.08,274,52.6,
concxvolz=0-1|>=5,579,52.0,0.0056,1.05,3.3,39,0.71,0.81,126,-0.009,453,0.01,0.12,579,52.0,
regimexsymbol=bull|HYPEUSDT,277,52.0,0.0013,1.01,0.4,8,3.34,1.0,0,,277,0.001,0.06,108,48.1,
adxxsymbol=>=30|NEARUSDT,202,52.0,-0.027,0.76,-5.5,14,inf,inf,11,0.008,191,-0.029,0.06,77,49.4,
sidexsymbol=LONG|FETUSDT,354,52.0,-0.0002,1.0,-0.1,62,inf,inf,176,0.016,173,-0.018,0.08,136,55.9,
adxxv3=>=30|N,6126,52.0,-0.0006,0.99,-3.7,13,inf,inf,177,0.012,5949,-0.001,0.07,2415,51.6,
breadthxsymbol=>=4|FILUSDT,304,52.0,-0.0207,0.84,-6.3,35,inf,inf,81,-0.041,223,-0.013,0.1,80,53.8,
concxdecile_band=NA|D4-9,152,52.0,0.0462,1.38,7.0,7,0.62,0.56,83,0.082,19,0.015,0.13,27,51.9,
decile_bandxmktb=D4-9|NA,152,52.0,0.0462,1.38,7.0,7,0.62,0.56,83,0.082,19,0.015,0.13,27,51.9,
decile_bandxregime=D4-9|NA,152,52.0,0.0462,1.38,7.0,7,0.62,0.56,83,0.082,19,0.015,0.13,27,51.9,
symbolxvolz=FILUSDT|2-5,152,52.0,-0.0161,0.88,-2.4,32,inf,inf,75,-0.017,77,-0.015,0.12,55,49.1,
spreadxsymbol=<2|BNBUSDT,660,52.0,-0.0117,0.91,-7.7,45,inf,inf,221,0.004,439,-0.02,0.11,252,51.6,
atrpximb=hi|>=0.5,5765,52.0,0.0001,1.0,0.5,57,14.17,14.17,1794,0.003,3971,-0.001,0.05,1782,51.8,
imbxweekday=>=0.5|4,2592,52.0,0.0106,1.1,27.6,9,0.26,0.19,1215,0.014,1377,0.007,0.09,1089,51.8,
regimexweekday=bear|3,662,52.0,0.0039,1.03,2.6,3,2.74,1.11,565,0.008,97,-0.019,0.11,160,50.6,
sidexsym_state=LONG|bear,1249,52.0,0.0179,1.22,22.4,40,0.34,0.3,580,0.017,669,0.019,0.11,769,51.1,Y
symbol=HYPEUSDT,306,52.0,-0.0017,0.98,-0.5,10,inf,inf,0,,306,-0.002,0.06,120,49.2,
cascxsymbol=Y|DOTUSDT,102,52.0,0.0167,1.16,1.7,10,0.65,1.0,25,0.028,77,0.013,0.09,39,48.7,
cascxsymbol=N|HYPEUSDT,306,52.0,-0.0017,0.98,-0.5,10,inf,inf,0,,306,-0.002,0.06,120,49.2,
sessionxsymbol=None|HYPEUSDT,306,52.0,-0.0017,0.98,-0.5,10,inf,inf,0,,306,-0.002,0.06,120,49.2,
mktbxsymbol=<30|BNBUSDT,818,52.0,-0.0121,0.91,-9.9,56,inf,inf,444,-0.004,374,-0.021,0.1,238,50.8,
concxspread=>=6|<2,2489,51.9,0.0063,1.06,15.7,10,0.39,0.48,2489,0.006,0,,0.11,0,,
symbolxweekday=ADAUSDT|6,154,51.9,0.0021,1.02,0.3,9,4.88,1.0,70,-0.006,84,0.009,0.05,43,55.8,
decile_bandxv3=D10|N,2784,51.9,0.006,1.05,16.7,59,0.44,0.51,1558,0.01,1217,0.0,0.11,651,53.6,
adxxsymbol=NA|ENAUSDT,258,51.9,0.0163,1.17,4.2,15,0.47,1.0,247,0.017,0,,0.08,0,,
atrpxweekday=hi|1,1290,51.9,0.0077,1.09,10.0,8,0.56,0.19,443,0.022,847,0.0,0.05,378,52.9,
breadthxsymbol=NA|ENAUSDT,258,51.9,0.0163,1.17,4.2,15,0.47,1.0,247,0.017,0,,0.08,0,,
spreadxsymbol=NA|ENAUSDT,258,51.9,0.0163,1.17,4.2,15,0.47,1.0,247,0.017,0,,0.08,0,,
sym_statexsymbol=NA|ENAUSDT,258,51.9,0.0163,1.17,4.2,15,0.47,1.0,247,0.017,0,,0.08,0,,
strategyxsidexregime=burst_follow|LONG|NA,129,51.9,0.022,1.33,2.8,2,1.62,0.21,64,0.072,0,,0.19,0,,
hour=13,1729,51.9,0.0154,1.13,26.7,61,0.23,0.22,972,0.021,727,0.011,0.14,533,50.7,Y
regimexsymbol=bull|BNBUSDT,310,51.9,-0.0101,0.92,-3.1,18,inf,inf,43,0.015,267,-0.014,0.11,91,51.6,
cascxhour_band=Y|12-17,957,51.9,0.0007,1.01,0.6,28,7.02,4.6,98,0.018,859,-0.001,0.07,442,49.8,
v3xweekday=N|4,2719,51.9,0.0054,1.05,14.7,9,0.46,0.41,1179,0.01,1540,0.002,0.09,937,52.3,
concxsymbol=2-3|UNIUSDT,285,51.9,-0.0006,0.99,-0.2,35,inf,inf,41,0.002,244,-0.001,0.1,95,55.8,
oidxsymbol=>0.5|XRPUSDT,285,51.9,-0.012,0.89,-3.4,32,inf,inf,38,-0.021,247,-0.011,0.08,179,51.4,
concxsymbol=2-3|WLDUSDT,416,51.9,0.0004,1.0,0.2,38,12.74,1.0,99,-0.016,317,0.006,0.09,144,50.7,
hour_bandxsymbol=6-11|FILUSDT,156,51.9,0.024,1.23,3.7,37,0.31,1.0,78,0.021,78,0.027,0.12,56,55.4,Y
oidxsymbol=NA|ENAUSDT,260,51.9,0.0172,1.18,4.5,16,0.44,1.0,249,0.018,0,,0.08,0,,
sym_statexsymbol=neutral|1000LUNCUSDT,156,51.9,0.0002,1.0,0.0,32,21.73,1.0,50,-0.019,106,0.009,0.09,83,53.0,
sym_statexsymbol=bear|1000PEPEUSDT,104,51.9,0.0059,1.06,0.6,8,1.26,1.0,7,-0.124,97,0.015,0.1,73,50.7,
symbolxvolz=BNBUSDT|<2,468,51.9,-0.0132,0.89,-6.2,51,inf,inf,201,-0.01,267,-0.015,0.1,164,51.8,
breadthximb=>=4|>=0.5,6716,51.9,-0.0041,0.96,-27.8,41,inf,inf,1773,-0.003,4943,-0.005,0.08,2185,52.3,
fundxsymbol=neg|APTUSDT,235,51.9,0.0226,1.24,5.3,38,0.29,1.0,116,0.031,119,0.015,0.08,92,48.9,Y
adxxatrp=>=30|lo,183,51.9,-0.0439,0.74,-8.0,12,inf,inf,31,0.015,152,-0.056,0.15,94,50.0,
hour_bandxsymbol=12-17|XLMUSDT,183,51.9,-0.0063,0.95,-1.2,44,inf,inf,109,0.009,71,-0.031,0.11,51,52.9,
strategyxsymbol=setup_follow|NEARUSDT,183,51.9,0.0109,1.21,2.0,60,0.42,1.0,89,0.01,92,0.012,0.06,96,44.8,
regimexsymbol=bear|WLDUSDT,314,51.9,-0.0004,1.0,-0.1,18,inf,inf,250,-0.005,64,0.016,0.09,86,52.3,
breadthxweekday=>=4|4,1780,51.9,0.0034,1.03,6.1,6,0.78,0.84,394,0.003,1386,0.004,0.1,642,52.8,
concxdecile_band=2-3|D10,1520,51.9,-0.0053,0.96,-8.1,41,inf,inf,291,0.004,1229,-0.008,0.12,395,52.9,
oidxweekday=NA|0,1235,51.9,-0.0022,0.98,-2.8,5,inf,inf,1232,-0.002,3,0.07,0.1,7,57.1,
concxhour_band=2-3|12-17,3129,51.9,-0.0029,0.97,-8.9,40,inf,inf,679,-0.001,2450,-0.003,0.1,1128,51.5,
symbolxvolz=XRPUSDT|>=5,158,51.9,-0.0029,0.98,-0.5,40,inf,inf,77,-0.019,81,0.012,0.15,44,50.0,
symbolxweekend=XLMUSDT|True,158,51.9,-0.0278,0.78,-4.4,18,inf,inf,75,-0.015,83,-0.039,0.11,54,51.9,
regimexweekend=bull|True,2582,51.9,0.0062,1.06,16.0,3,0.57,0.27,0,,2582,0.006,0.08,1146,49.6,
strategyxvolz=setup_fade|>=5,343,51.9,-0.0027,0.99,-0.9,55,inf,inf,132,-0.091,211,0.053,0.12,187,59.9,
decile_bandxregime=D10|bull,1110,51.9,0.0079,1.07,8.8,22,0.91,0.41,227,0.013,883,0.007,0.1,305,51.1,
decile_bandxside=D2-3|LONG,10819,51.9,0.006,1.07,65.0,63,0.39,0.19,5202,0.001,5484,0.012,0.08,4002,51.3,Y
symbolxweekday=ZECUSDT|4,318,51.9,0.0191,1.2,6.1,9,0.41,1.0,149,0.029,169,0.011,0.09,127,48.0,
concxsymbol=0-1|SOLUSDT,451,51.9,0.0017,1.02,0.8,40,2.82,1.0,92,-0.007,359,0.004,0.12,448,52.0,
adxxbreadth=>=30|>=4,6064,51.9,0.0007,1.01,4.4,12,1.94,1.55,82,0.026,5982,0.0,0.08,2294,51.9,
oidxsymbol=<-0.5|1000PEPEUSDT,293,51.9,-0.011,0.9,-3.2,34,inf,inf,87,0.006,206,-0.018,0.1,120,51.7,
hour=15,1066,51.9,-0.0101,0.9,-10.8,61,inf,inf,498,0.002,540,-0.021,0.07,355,49.6,
adxxweekday=NA|0,1226,51.9,-0.0029,0.98,-3.6,2,inf,inf,1226,-0.003,0,,0.1,0,,
breadthxweekday=NA|0,1226,51.9,-0.0029,0.98,-3.6,2,inf,inf,1226,-0.003,0,,0.1,0,,
spreadxweekday=NA|0,1226,51.9,-0.0029,0.98,-3.6,2,inf,inf,1226,-0.003,0,,0.1,0,,
sym_statexweekday=NA|0,1226,51.9,-0.0029,0.98,-3.6,2,inf,inf,1226,-0.003,0,,0.1,0,,
strategyxsymbol=setup_follow|FETUSDT,214,51.9,0.0016,1.02,0.3,59,2.22,1.0,103,0.016,108,-0.013,0.09,105,55.2,
breadthxv3=>=4|N,7706,51.9,-0.0029,0.97,-22.2,42,inf,inf,1807,0.004,5899,-0.005,0.08,2293,52.1,
symbolxvs=SOLUSDT|N,2466,51.9,-0.0024,0.98,-5.9,63,inf,inf,1354,0.001,1083,-0.007,0.09,898,52.2,
breadthxsymbol=>=4|WLDUSDT,322,51.9,-0.0021,0.98,-0.7,34,inf,inf,107,-0.002,215,-0.002,0.07,55,43.6,
spreadxsymbol=<2|PENDLEUSDT,322,51.9,-0.0189,0.87,-6.1,48,inf,inf,109,-0.038,213,-0.009,0.12,177,52.5,
imbxstrategy=<0.5|setup_follow,1558,51.9,-0.004,0.95,-6.2,61,inf,inf,751,0.004,807,-0.011,0.09,700,49.1,
sidexstrategy=SHORT|setup_follow,1558,51.9,-0.004,0.95,-6.2,61,inf,inf,751,0.004,807,-0.011,0.09,700,49.1,
volzxweekday=2-5|4,806,51.9,0.0195,1.15,15.7,8,0.26,0.35,319,0.027,487,0.015,0.13,334,51.5,
adxxsym_state=>=30|neutral,1398,51.9,-0.0064,0.94,-9.0,13,inf,inf,134,0.009,1264,-0.008,0.1,508,51.6,
breadthxsymbol=1|ETHUSDT,889,51.9,0.0062,1.05,5.5,49,0.49,1.0,460,-0.007,429,0.02,0.12,548,52.4,
atrpxweekend=hi|True,2694,51.9,0.0073,1.08,19.7,16,0.66,0.25,314,-0.001,2380,0.008,0.07,1037,49.7,
decile_bandxsymbol=D10|1000PEPEUSDT,189,51.9,0.023,1.21,4.4,44,0.76,1.0,125,0.052,61,-0.036,0.11,41,56.1,
fundxsymbol=neg|PUMPUSDT,54,51.9,0.0014,1.01,0.1,4,7.29,1.0,0,,54,0.001,0.09,18,50.0,
strategyxweekdayxhour_band=setup_fade|0|6-11,189,51.9,0.0343,1.21,6.5,8,0.94,0.43,94,-0.002,95,0.07,0.11,73,53.4,
strategyxregimexadx=ny_flush_buy_4h|neutral|NA,108,51.9,0.0224,1.16,2.4,7,1.11,0.68,108,0.022,0,,0.0,0,,
strategyxregimexbreadth=ny_flush_buy_4h|neutral|NA,108,51.9,0.0224,1.16,2.4,7,1.11,0.68,108,0.022,0,,0.0,0,,
adxxweekend=>=30|True,2513,51.9,0.0076,1.08,19.1,5,0.48,0.19,0,,2513,0.008,0.08,1125,49.5,
imbxweekday=<0.5|0,1001,51.8,-0.0132,0.89,-13.3,9,inf,inf,477,-0.01,524,-0.016,0.1,429,50.6,
regimexside=neutral|SHORT,5252,51.8,0.01,1.08,52.6,40,0.42,0.34,3256,0.021,1996,-0.007,0.11,2131,51.9,
decile_bandxspread=D10|<2,1707,51.8,0.0044,1.03,7.5,49,0.78,0.93,544,0.014,1163,-0.0,0.13,680,51.8,
cascxsymbol=Y|XRPUSDT,571,51.8,0.0068,1.07,3.9,9,0.54,1.0,0,,571,0.007,0.07,304,54.6,
symbolxvolz=SOLUSDT|<2,1578,51.8,-0.006,0.94,-9.5,57,inf,inf,738,-0.004,840,-0.008,0.08,701,51.9,
symbolxvs=TRUMPUSDT|N,409,51.8,0.0027,1.03,1.1,10,1.93,1.0,0,,409,0.003,0.07,226,54.9,
concxside=>=6|SHORT,4445,51.8,0.0026,1.02,11.4,23,1.42,1.07,4445,0.003,0,,0.08,0,,
breadthxspread=>=4|<2,7397,51.8,-0.0015,0.99,-11.3,42,inf,inf,1657,-0.001,5740,-0.002,0.09,2591,52.1,
strategyxweekdayxhour_band=burst_follow|4|6-11,328,51.8,0.0062,1.1,2.0,9,0.84,0.64,116,0.016,212,0.001,0.08,121,47.9,
hour_bandxspread=12-17|<2,3938,51.8,0.0021,1.02,8.1,47,0.66,0.85,1375,0.009,2563,-0.001,0.11,1809,50.5,
strategyxsymbol=burst_follow|HYPEUSDT,137,51.8,0.0044,1.07,0.6,9,1.14,1.0,0,,137,0.004,0.07,48,52.1,
strategyxsidexregime=london_burst_fade|LONG|bull,467,51.8,0.0478,1.31,22.3,16,0.63,0.27,93,0.11,374,0.032,0.17,159,48.4,
adxxatrp=>=30|hi,5612,51.8,0.0018,1.02,9.9,14,1.31,0.58,43,-0.02,5569,0.002,0.07,2341,51.2,
breadthxsymbol=>=4|XRPUSDT,855,51.8,0.0107,1.1,9.2,38,0.23,1.0,195,0.017,660,0.009,0.09,362,54.1,Y
spreadxstrategy=2-5|late_fade,83,51.8,0.0162,1.37,1.3,26,0.61,0.5,25,-0.004,58,0.025,0.16,25,52.0,
hour_bandxvs=12-17|N,6561,51.8,0.0075,1.07,49.4,61,0.28,0.25,3273,0.015,3109,0.0,0.1,2151,51.2,Y
spreadxsymbol=<2|HYPEUSDT,305,51.8,-0.0018,0.98,-0.5,10,inf,inf,0,,305,-0.002,0.06,119,48.7,
symbolxv3=FILUSDT|N,361,51.8,-0.0217,0.82,-7.8,48,inf,inf,162,-0.024,190,-0.021,0.06,72,47.2,
atrpxsymbol=hi|TRUMPUSDT,417,51.8,0.0042,1.05,1.8,10,1.2,1.0,0,,417,0.004,0.06,231,55.0,
strategyxsymbol=london_burst_fade|XRPUSDT,195,51.8,0.0414,1.26,8.1,46,0.22,1.0,85,0.102,106,-0.018,0.15,68,41.2,
spreadxweekday=<2|4,2564,51.8,0.0106,1.09,27.1,7,0.4,0.26,822,0.004,1742,0.014,0.11,1269,51.8,
atrpxspread=hi|<2,5184,51.8,0.0036,1.04,18.7,47,0.49,0.46,755,0.004,4429,0.003,0.07,2089,51.5,
spreadxweekend=<2|True,4049,51.8,-0.0055,0.95,-22.4,14,inf,inf,676,0.003,3373,-0.007,0.1,2081,50.7,
sym_statexweekday=neutral|4,1620,51.8,0.0074,1.07,12.0,7,0.64,0.21,792,0.007,828,0.008,0.11,766,51.6,
symbol=TRUMPUSDT,419,51.8,0.0026,1.03,1.1,10,1.98,1.0,0,,419,0.003,0.07,233,54.9,
sessionxsymbol=None|TRUMPUSDT,419,51.8,0.0026,1.03,1.1,10,1.98,1.0,0,,419,0.003,0.07,233,54.9,
spreadxsymbol=2-5|TRUMPUSDT,419,51.8,0.0026,1.03,1.1,10,1.98,1.0,0,,419,0.003,0.07,233,54.9,
sym_statexsymbol=bull|TRUMPUSDT,419,51.8,0.0026,1.03,1.1,10,1.98,1.0,0,,419,0.003,0.07,233,54.9,
oidxweekday=>0.5|0,475,51.8,-0.0175,0.86,-8.3,7,inf,inf,147,-0.008,328,-0.022,0.1,244,50.8,
oidxside=NA|SHORT,3246,51.8,0.0007,1.01,2.2,30,7.29,6.08,3066,-0.004,52,0.073,0.08,58,65.5,
adxxsymbol=<20|UNIUSDT,56,51.8,-0.0106,0.9,-0.6,8,inf,inf,22,-0.043,34,0.011,0.05,26,57.7,
breadthxweekday=>=4|3,1232,51.8,0.0063,1.06,7.7,6,0.79,0.55,347,0.006,885,0.007,0.1,450,52.2,
oidxsymbol=>0.5|XLMUSDT,56,51.8,-0.0402,0.73,-2.3,17,inf,inf,22,-0.057,34,-0.029,0.14,17,41.2,
strategyxsymbol=burst_follow|PENGUUSDT,56,51.8,-0.0056,0.9,-0.3,9,inf,inf,0,,56,-0.006,0.04,8,62.5,
strategyxweekend=fade_3h_late|True,56,51.8,0.0957,2.05,5.4,7,0.66,0.37,37,0.135,19,0.02,0.0,8,62.5,
symbolxweekday=1000LUNCUSDT|2,56,51.8,-0.0076,0.94,-0.4,8,inf,inf,29,-0.037,27,0.024,0.11,18,50.0,
imbxregime=>=0.5|bull,6508,51.8,-0.0001,1.0,-0.6,22,inf,inf,1371,0.001,5137,-0.0,0.07,2381,51.9,
symbol=SOLUSDT,2499,51.8,-0.0019,0.98,-4.7,63,inf,inf,1366,0.0,1100,-0.005,0.09,909,52.4,
sessionxsymbol=None|SOLUSDT,2499,51.8,-0.0019,0.98,-4.7,63,inf,inf,1366,0.0,1100,-0.005,0.09,909,52.4,
strategyxregimexdecile_band=burst_follow|neutral|D10,535,51.8,-0.0063,0.92,-3.4,32,inf,inf,357,0.004,178,-0.027,0.09,141,58.2,
atrpxsymbol=mid|ARBUSDT,338,51.8,0.001,1.01,0.3,52,3.12,1.0,152,0.013,186,-0.008,0.12,165,52.1,
mktbxweekend=30-60|True,1296,51.8,0.0064,1.07,8.3,2,0.65,0.24,0,,1296,0.006,0.06,534,50.0,
adxxfund=<20|pos,282,51.8,0.0198,1.2,5.6,10,0.71,0.41,88,0.043,194,0.009,0.09,210,50.5,
adxxweekday=NA|3,875,51.8,0.0035,1.03,3.1,3,2.31,1.63,864,0.003,11,0.038,0.09,11,54.5,
breadthxweekday=NA|3,875,51.8,0.0035,1.03,3.1,3,2.31,1.63,864,0.003,11,0.038,0.09,11,54.5,
oidxweekday=NA|3,875,51.8,0.0035,1.03,3.1,3,2.31,1.63,864,0.003,11,0.038,0.09,11,54.5,
spreadxweekday=NA|3,875,51.8,0.0035,1.03,3.1,3,2.31,1.63,864,0.003,11,0.038,0.09,11,54.5,
sym_statexweekday=NA|3,875,51.8,0.0035,1.03,3.1,3,2.31,1.63,864,0.003,11,0.038,0.09,11,54.5,
volzxvs=>=5|N,2851,51.8,0.0058,1.05,16.5,56,0.5,0.33,1355,0.004,1496,0.008,0.1,894,52.1,
symbolxv3=ZECUSDT|Y,367,51.8,-0.0002,1.0,-0.1,55,inf,inf,177,0.006,190,-0.006,0.12,161,51.6,
breadthxsymbol=2-3|ARBUSDT,85,51.8,0.0049,1.04,0.4,28,1.3,1.0,40,0.029,45,-0.017,0.13,38,55.3,
adxxsymbol=NA|ETHUSDT,1219,51.8,0.0019,1.02,2.3,20,2.17,1.0,1158,0.002,11,0.022,0.08,13,61.5,
breadthxsymbol=NA|ETHUSDT,1219,51.8,0.0019,1.02,2.3,20,2.17,1.0,1158,0.002,11,0.022,0.08,13,61.5,
spreadxsymbol=NA|ETHUSDT,1219,51.8,0.0019,1.02,2.3,20,2.17,1.0,1158,0.002,11,0.022,0.08,13,61.5,
sym_statexsymbol=NA|ETHUSDT,1219,51.8,0.0019,1.02,2.3,20,2.17,1.0,1158,0.002,11,0.022,0.08,13,61.5,
breadthxfund=>=4|pos,4256,51.8,-0.0025,0.98,-10.7,37,inf,inf,289,0.005,3967,-0.003,0.09,1616,52.0,
concxsym_state=>=6|bull,823,51.8,0.0153,1.16,12.6,10,0.44,0.38,823,0.015,0,,0.1,0,,
hour_bandxsymbol=18-23|SOLUSDT,483,51.8,-0.0011,0.99,-0.5,55,inf,inf,252,-0.001,229,-0.002,0.08,188,51.1,
symbolxweekday=SOLUSDT|2,398,51.8,0.0175,1.17,7.0,9,0.75,1.0,278,0.021,120,0.01,0.1,109,52.3,
decile_bandxweekday=D4-9|2,825,51.8,0.0155,1.13,12.8,9,0.45,0.46,427,0.013,398,0.018,0.12,313,52.1,
adxxhour_band=>=30|18-23,1656,51.8,0.0046,1.05,7.7,12,1.28,0.71,23,-0.0,1633,0.005,0.08,827,52.1,
volz=>=5,2951,51.7,0.005,1.04,14.7,56,0.57,0.39,1396,0.004,1555,0.006,0.1,948,51.9,
sessionxvolz=None|>=5,2951,51.7,0.005,1.04,14.7,56,0.57,0.39,1396,0.004,1555,0.006,0.1,948,51.9,
adxxconc=>=30|2-3,6565,51.7,-0.0011,0.99,-7.4,13,inf,inf,0,,6565,-0.001,0.08,2104,51.5,
oidxsymbol=NA|ETHUSDT,1233,51.7,0.002,1.02,2.4,25,2.09,1.0,1171,0.002,12,0.035,0.08,22,54.5,
atrpxbreadth=hi|>=4,5628,51.7,-0.0008,0.99,-4.4,36,inf,inf,658,-0.005,4970,-0.0,0.07,1853,52.1,
strategyxweekday=nony_momentum|3,201,51.7,0.0004,1.01,0.1,8,15.39,13.07,131,-0.012,70,0.024,0.05,69,56.5,
adxxside=NA|SHORT,3220,51.7,0.0003,1.0,0.8,20,19.64,16.1,3055,-0.004,37,0.105,0.08,44,65.9,
breadthxside=NA|SHORT,3220,51.7,0.0003,1.0,0.8,20,19.64,16.1,3055,-0.004,37,0.105,0.08,44,65.9,
sidexspread=SHORT|NA,3220,51.7,0.0003,1.0,0.8,20,19.64,16.1,3055,-0.004,37,0.105,0.08,44,65.9,
sidexsym_state=SHORT|NA,3220,51.7,0.0003,1.0,0.8,20,19.64,16.1,3055,-0.004,37,0.105,0.08,44,65.9,
concxregime=2-3|bear,1353,51.7,-0.0007,0.99,-0.9,16,inf,inf,412,0.005,941,-0.003,0.09,650,50.8,
cascxv3=Y|N,3261,51.7,-0.0027,0.97,-8.9,24,inf,inf,385,0.006,2876,-0.004,0.07,1375,51.0,
hour=16,895,51.7,0.0006,1.01,0.5,61,4.19,3.04,381,-0.006,489,0.006,0.05,337,50.4,
regimexvolz=bear|2-5,665,51.7,-0.012,0.91,-8.0,16,inf,inf,266,0.001,399,-0.021,0.1,350,51.1,
regimexv3=bull|N,7317,51.7,0.0005,1.01,3.7,21,4.47,1.78,1228,0.007,6089,-0.001,0.07,2560,51.4,
adxxsymbol=>=30|ARBUSDT,116,51.7,-0.002,0.98,-0.2,14,inf,inf,2,0.014,114,-0.002,0.11,52,51.9,
atrpxsymbol=NA|ZECUSDT,203,51.7,0.0406,1.49,8.2,12,0.63,1.0,171,0.047,6,0.023,0.08,8,50.0,
atrpxvolz=lo|2-5,377,51.7,-0.0105,0.92,-3.9,39,inf,inf,139,0.005,238,-0.02,0.12,220,50.5,
fundxstrategy=NA|setup_follow,87,51.7,0.003,1.05,0.3,2,8.86,2.91,46,0.051,0,,0.09,0,,
symbolxvolz=ZECUSDT|NA,203,51.7,0.0406,1.49,8.2,12,0.63,1.0,171,0.047,6,0.023,0.08,8,50.0,
symbolxweekday=NMRUSDT|1,58,51.7,0.0293,1.23,1.7,7,1.04,1.0,25,0.012,22,-0.016,0.12,20,50.0,
symbolxweekday=PENDLEUSDT|3,58,51.7,-0.06,0.59,-3.5,9,inf,inf,36,-0.062,22,-0.056,0.09,21,52.4,
cascxweekend=Y|False,2525,51.7,0.0003,1.0,0.7,30,11.08,5.27,352,0.004,2173,-0.0,0.08,1223,51.8,
hour_bandxside=18-23|SHORT,2651,51.7,0.0079,1.08,21.1,61,0.77,0.38,1229,0.03,1390,-0.015,0.11,1047,50.5,
atrpxweekend=NA|False,2098,51.7,0.0162,1.15,34.0,10,0.32,0.26,1752,0.016,51,0.056,0.1,69,60.9,Y
volzxweekend=NA|False,2098,51.7,0.0162,1.15,34.0,10,0.32,0.26,1752,0.016,51,0.056,0.1,69,60.9,Y
adxxoid=20-30|<-0.5,1781,51.7,-0.0159,0.86,-28.4,39,inf,inf,851,-0.008,930,-0.023,0.09,743,52.1,
breadthxregime=>=4|bull,6718,51.7,-0.0008,0.99,-5.3,20,inf,inf,602,0.002,6116,-0.001,0.08,2369,51.7,
v3xweekend=N|True,4529,51.7,-0.0024,0.98,-10.7,16,inf,inf,1681,-0.004,2848,-0.001,0.07,1429,50.9,
breadthxsym_state=>=4|bull,5819,51.7,-0.0005,1.0,-2.9,36,inf,inf,376,0.003,5443,-0.001,0.08,2252,51.8,
regimexweekend=bear|False,3717,51.7,0.0001,1.0,0.4,15,16.06,13.25,2681,0.001,1036,-0.001,0.1,1147,50.7,
regimexsymbol=bear|NEARUSDT,205,51.7,0.0084,1.08,1.7,20,0.86,1.0,151,0.006,54,0.015,0.08,51,49.0,
hour_bandxregime=18-23|bear,1319,51.7,0.0009,1.01,1.1,16,3.57,2.77,756,0.006,563,-0.006,0.09,473,50.1,
decile_bandxweekday=D10|4,557,51.7,0.0154,1.13,8.6,9,0.4,0.38,317,0.02,240,0.01,0.11,157,56.1,
symbolxweekend=PENDLEUSDT|False,323,51.7,-0.0225,0.84,-7.3,45,inf,inf,163,-0.026,156,-0.019,0.11,149,52.3,
strategyxvolz=ny_flush_buy_4h|2-5,147,51.7,-0.0338,0.81,-5.0,37,inf,inf,59,0.001,88,-0.057,0.0,17,41.2,
adxxcasc=>=30|Y,3441,51.7,0.002,1.02,7.0,12,1.08,0.64,0,,3441,0.002,0.08,1751,51.2,
sym_statexsymbol=bear|APTUSDT,118,51.7,0.0228,1.2,2.7,15,0.71,1.0,24,-0.005,94,0.03,0.11,75,49.3,
strategyxsym_state=setup_follow|bear,679,51.7,0.0064,1.09,4.4,39,0.69,0.58,298,0.012,381,0.002,0.13,461,51.8,
atrpxvolz=mid|>=5,1478,51.7,0.0029,1.02,4.3,56,1.16,0.55,820,0.007,658,-0.002,0.1,501,52.5,
fundxhour_band=flat|12-17,3314,51.7,0.0021,1.02,7.0,60,0.91,1.12,1831,0.006,1483,-0.002,0.11,1083,49.9,
symbolxv3=XLMUSDT|N,296,51.7,0.0004,1.0,0.1,41,7.14,1.0,200,0.007,93,-0.016,0.06,23,52.2,
hour_bandxoid=6-11|<-0.5,859,51.7,-0.0066,0.94,-5.6,44,inf,inf,175,-0.004,684,-0.007,0.07,411,53.3,
symbolxweekday=ICPUSDT|2,89,51.7,-0.0221,0.84,-2.0,9,inf,inf,62,-0.025,27,-0.015,0.16,25,52.0,
strategyxweekdayxregime=london_burst_fade|2|neutral,89,51.7,0.0833,1.59,7.4,2,0.65,0.18,66,0.073,23,0.112,0.19,20,55.0,
regimexspread=bear|>=5,416,51.7,0.0062,1.06,2.6,14,0.8,1.61,126,0.002,290,0.008,0.08,278,50.0,
symbolxweekday=SOLUSDT|6,327,51.7,-0.0201,0.82,-6.6,9,inf,inf,157,0.006,170,-0.044,0.09,105,50.5,
strategyxweekdayxregime=asia_burst_fade|4|bull,238,51.7,0.0028,1.02,0.7,3,13.89,6.76,36,-0.288,202,0.055,0.11,86,52.3,
atrpxconc=hi|2-3,5817,51.7,-0.001,0.99,-5.6,40,inf,inf,472,-0.006,5345,-0.001,0.07,1771,51.8,
sidexweekday=LONG|5,1910,51.7,0.0048,1.05,9.2,9,1.98,0.7,780,-0.013,1130,0.017,0.09,765,52.4,
regimexsymbol=neutral|PENDLEUSDT,209,51.7,-0.0184,0.87,-3.8,33,inf,inf,118,-0.013,91,-0.026,0.12,90,51.1,
regimexsymbol=bull|UNIUSDT,209,51.7,-0.0016,0.98,-0.3,18,inf,inf,55,0.028,154,-0.012,0.08,76,50.0,
concxregime=2-3|bull,6791,51.7,-0.002,0.98,-13.6,15,inf,inf,90,0.007,6701,-0.002,0.08,2194,51.3,
hour=19,778,51.7,-0.0051,0.95,-4.0,60,inf,inf,358,0.013,415,-0.021,0.06,334,48.2,
atrpxsymbol=hi|RENDERUSDT,60,51.7,0.0085,1.08,0.5,12,1.84,1.0,3,-0.12,57,0.015,0.12,37,48.6,
symbolxvs=UNIUSDT|Y,60,51.7,0.0084,1.07,0.5,22,1.48,1.0,26,0.008,32,0.013,0.12,31,51.6,
symbolxweekday=NMRUSDT|5,60,51.7,0.0048,1.04,0.3,8,3.16,1.0,30,0.01,30,0.0,0.08,24,50.0,
decile_bandxweekend=D10|False,2642,51.7,0.0117,1.1,31.0,45,0.31,0.21,1531,0.015,1100,0.007,0.13,684,52.0,Y
adxxspread=>=30|<2,6372,51.7,0.0015,1.01,9.8,14,1.12,0.78,198,0.016,6174,0.001,0.08,2916,51.4,
atrpxcasc=NA|Y,391,51.7,0.0033,1.03,1.3,4,2.45,1.56,391,0.003,0,,0.07,0,,
cascxvolz=Y|NA,391,51.7,0.0033,1.03,1.3,4,2.45,1.56,391,0.003,0,,0.07,0,,
sym_statexsymbol=neutral|SOLUSDT,782,51.7,-0.0104,0.91,-8.1,34,inf,inf,474,-0.011,308,-0.009,0.12,380,51.3,
regimexspread=bull|<2,7700,51.7,0.0022,1.02,17.1,21,0.64,0.5,1393,0.006,6307,0.001,0.09,3111,51.2,
symbolxweekend=SOLUSDT|False,1895,51.7,0.001,1.01,1.8,45,2.9,1.0,1072,-0.001,790,0.003,0.09,695,53.4,
hour_bandxoid=0-5|<-0.5,995,51.7,-0.011,0.9,-11.0,43,inf,inf,204,-0.024,791,-0.008,0.07,410,51.7,
concxhour_band=>=6|12-17,2563,51.7,0.0107,1.1,27.4,22,0.5,0.3,2563,0.011,0,,0.11,0,,
atrpxv3=NA|N,2021,51.7,0.0153,1.16,30.8,12,0.4,0.3,1761,0.015,51,0.056,0.08,69,60.9,Y
v3xvolz=N|NA,2021,51.7,0.0153,1.16,30.8,12,0.4,0.3,1761,0.015,51,0.056,0.08,69,60.9,Y
concxsymbol=2-3|FILUSDT,362,51.7,-0.0223,0.82,-8.1,38,inf,inf,78,-0.027,284,-0.021,0.09,112,50.9,
hour=14,1388,51.7,-0.0031,0.97,-4.4,61,inf,inf,619,0.028,740,-0.029,0.08,470,49.4,
breadthxdecile_band=>=4|D2-3,6702,51.7,-0.0063,0.94,-42.1,41,inf,inf,1399,-0.007,5303,-0.006,0.07,2524,51.7,
imbxspread=>=0.5|<2,9542,51.7,-0.0013,0.99,-12.6,49,inf,inf,3085,0.004,6457,-0.004,0.09,4451,51.5,
atrpxregime=hi|bear,604,51.7,0.0062,1.06,3.7,12,0.86,0.77,443,0.002,161,0.018,0.07,186,49.5,
atrpxregime=hi|bull,5986,51.7,0.0017,1.02,10.0,22,1.29,0.56,353,-0.001,5633,0.002,0.07,2393,51.2,
concxsymbol=>=6|ETHUSDT,1756,51.7,0.0022,1.02,3.9,23,0.98,1.0,1756,0.002,0,,0.09,0,,
regimexsymbol=bull|1000PEPEUSDT,515,51.7,-0.007,0.94,-3.6,21,inf,inf,99,0.021,416,-0.014,0.09,199,54.8,
volzxweekend=>=5|False,2122,51.6,0.0098,1.09,20.8,40,0.26,0.24,1122,0.01,1000,0.009,0.1,636,52.4,Y
adxxsymbol=20-30|1000LUNCUSDT,182,51.6,0.0033,1.03,0.6,33,2.17,1.0,82,-0.009,100,0.014,0.09,98,50.0,
sidexsymbol=LONG|ETHUSDT,2124,51.6,0.0115,1.11,24.3,63,0.32,1.0,1245,0.004,851,0.025,0.1,856,52.5,Y
spreadxweekday=>=5|6,304,51.6,0.0015,1.01,0.4,7,2.22,5.15,53,0.025,251,-0.003,0.08,158,50.0,
breadthxsymbol=>=4|APTUSDT,213,51.6,-0.0093,0.93,-2.0,31,inf,inf,61,0.015,152,-0.019,0.14,60,50.0,
decile_bandxweekday=D10|6,610,51.6,-0.0096,0.92,-5.8,9,inf,inf,225,0.005,385,-0.018,0.09,177,53.7,
spreadxsymbol=<2|AVAXUSDT,122,51.6,-0.0458,0.69,-5.6,10,inf,inf,0,,122,-0.046,0.11,36,47.2,
v3xvolz=N|2-5,2690,51.6,-0.0023,0.98,-6.2,49,inf,inf,1230,0.008,1460,-0.011,0.09,682,51.6,
concxstrategy=2-3|setup_follow,1865,51.6,0.0054,1.08,10.2,42,0.48,0.31,369,0.001,1496,0.006,0.13,867,50.7,
adxxhour_band=<20|12-17,459,51.6,0.0139,1.15,6.4,7,0.65,0.2,217,0.017,242,0.011,0.08,233,49.4,
sidexsymbol=LONG|PUMPUSDT,153,51.6,0.0118,1.14,1.8,10,1.02,1.0,0,,153,0.012,0.1,56,50.0,
sym_statexsymbol=bull|DOTUSDT,153,51.6,0.0029,1.02,0.4,10,3.16,1.0,0,,153,0.003,0.1,78,50.0,
strategyxweekdayxregime=nony_momentum|6|neutral,153,51.6,-0.0366,0.63,-5.6,5,inf,inf,56,0.03,97,-0.075,0.06,41,51.2,
regimexsymbol=neutral|ETHUSDT,1780,51.6,0.0008,1.01,1.5,38,2.61,1.0,1225,-0.004,555,0.01,0.1,768,51.7,
imbxstrategy=>=0.5|late_fade,523,51.6,0.026,1.58,13.6,48,0.68,0.15,252,0.028,268,0.025,0.19,150,46.7,
sidexstrategy=SHORT|late_fade,523,51.6,0.026,1.58,13.6,48,0.68,0.15,252,0.028,268,0.025,0.19,150,46.7,
sym_statexweekday=bull|6,1385,51.6,0.003,1.03,4.2,7,2.15,0.65,14,0.027,1371,0.003,0.08,638,50.2,
adxxsymbol=20-30|TAOUSDT,308,51.6,0.0101,1.09,3.1,36,0.68,1.0,148,-0.001,160,0.02,0.1,150,50.0,
cascxdecile_band=Y|D4-9,678,51.6,0.0255,1.23,17.3,31,0.27,0.22,81,-0.011,597,0.03,0.11,314,53.5,
breadthxconc=>=4|2-3,7489,51.6,-0.006,0.94,-45.2,33,inf,inf,971,-0.009,6518,-0.006,0.09,2092,52.3,
atrpxweekday=hi|5,1203,51.6,0.0122,1.13,14.7,8,0.56,0.25,124,0.021,1079,0.011,0.08,485,49.3,
cascxspread=Y|<2,2931,51.6,0.0028,1.03,8.1,25,0.94,0.75,41,-0.038,2890,0.003,0.08,1516,50.8,
cascxregime=Y|bull,3489,51.6,0.0016,1.02,5.5,13,1.39,0.96,12,-0.075,3477,0.002,0.08,1780,51.0,
oidxweekday=<-0.5|3,556,51.6,-0.0027,0.98,-1.5,7,inf,inf,217,0.014,339,-0.014,0.1,253,52.2,
hour_bandxweekday=12-17|5,835,51.6,0.0019,1.02,1.6,9,2.64,2.19,413,0.019,422,-0.015,0.11,346,48.8,
spreadxv3=<2|N,9995,51.6,-0.002,0.98,-19.7,43,inf,inf,3044,0.004,6951,-0.004,0.08,4394,51.1,
hour_bandxoid=18-23|<-0.5,1176,51.6,-0.0073,0.92,-8.6,46,inf,inf,296,-0.002,880,-0.009,0.07,454,50.7,
hour_bandxweekday=18-23|6,1176,51.6,-0.0236,0.8,-27.7,8,inf,inf,329,0.006,847,-0.035,0.11,359,51.0,
adxxsymbol=>=30|DASHUSDT,124,51.6,0.0091,1.09,1.1,11,0.83,1.0,8,0.028,116,0.008,0.06,44,54.5,
adxxsymbol=>=30|DOGEUSDT,217,51.6,0.0158,1.17,3.4,8,0.55,1.0,0,,217,0.016,0.08,42,59.5,
atrpxsymbol=lo|FILUSDT,62,51.6,-0.0214,0.87,-1.3,20,inf,inf,26,0.043,36,-0.068,0.19,31,51.6,
decile_bandxfund=D4-9|NA,155,51.6,0.0456,1.37,7.1,7,0.62,0.55,86,0.08,19,0.015,0.13,27,51.9,
decile_bandxsymbol=D4-9|TAOUSDT,217,51.6,0.0125,1.09,2.7,46,0.76,1.0,110,0.005,106,0.019,0.13,73,49.3,
strategyxsymbol=london_burst_fade|DOGEUSDT,31,51.6,0.0623,1.4,1.9,6,0.64,1.0,0,,31,0.062,0.19,5,100.0,
symbolxweekday=PENGUUSDT|0,31,51.6,-0.0244,0.7,-0.8,2,inf,inf,0,,31,-0.024,0.06,2,50.0,
symbolxweekend=PENGUUSDT|True,62,51.6,-0.0397,0.66,-2.5,4,inf,inf,0,,62,-0.04,0.05,21,57.1,
strategyxregimexdecile_band=follow_3h_all|bull|D2-3,31,51.6,0.0143,1.12,0.4,9,2.95,1.4,10,-0.294,21,0.161,0.0,9,66.7,
regimexweekday=bear|4,684,51.6,0.0041,1.04,2.8,2,0.59,1.02,485,0.003,199,0.006,0.09,138,55.1,
imbxsymbol=>=0.5|1000PEPEUSDT,810,51.6,-0.0007,0.99,-0.6,52,inf,inf,433,0.01,366,-0.015,0.1,238,52.9,
symbolxweekend=BNBUSDT|True,219,51.6,-0.0346,0.77,-7.6,16,inf,inf,111,-0.038,108,-0.031,0.1,53,52.8,
spreadxvolz=<2|2-5,3103,51.6,0.0019,1.02,5.8,49,0.84,1.44,954,0.008,2149,-0.001,0.12,1377,50.9,
oidxvolz=mid|>=5,1192,51.6,0.0031,1.03,3.7,48,1.21,0.55,472,-0.002,720,0.006,0.1,481,50.1,
mktbxvolz=30-60|<2,1820,51.6,-0.0053,0.95,-9.6,4,inf,inf,0,,1820,-0.005,0.07,838,51.1,
strategyxregimexdecile_band=setup_follow|bear|D4-9,409,51.6,-0.0036,0.95,-1.5,21,inf,inf,224,-0.012,185,0.006,0.1,148,54.7,
cascxconc=Y|2-3,2927,51.6,-0.0019,0.98,-5.7,28,inf,inf,47,0.008,2880,-0.002,0.07,1097,51.2,
strategyxregimexbreadth=burst_follow|bull|2-3,725,51.6,-0.0027,0.96,-2.0,20,inf,inf,204,0.024,521,-0.013,0.06,360,47.2,
oidxsym_state=<-0.5|bear,347,51.6,-0.013,0.89,-4.5,34,inf,inf,178,-0.006,169,-0.02,0.08,191,52.4,
regimexsymbol=bull|DOGEUSDT,221,51.6,0.0106,1.11,2.3,8,0.8,1.0,0,,221,0.011,0.09,44,59.1,
symbolxvolz=HYPEUSDT|<2,221,51.6,-0.0095,0.91,-2.1,10,inf,inf,0,,221,-0.01,0.07,84,47.6,
strategyxsym_state=setup_fade|bull,979,51.6,0.0202,1.12,19.7,45,0.5,0.28,142,0.072,837,0.011,0.12,589,52.6,
strategyxregimexadx=burst_follow|neutral|NA,981,51.6,0.0019,1.03,1.9,8,1.23,0.84,981,0.002,0,,0.06,0,,
strategyxregimexbreadth=burst_follow|neutral|NA,981,51.6,0.0019,1.03,1.9,8,1.23,0.84,981,0.002,0,,0.06,0,,
fundxmktb=flat|>=60,95,51.6,0.0191,1.32,1.8,2,1.05,0.59,0,,95,0.019,0.05,40,45.0,
hour_bandxsymbol=0-5|1000LUNCUSDT,95,51.6,0.0057,1.05,0.5,31,1.03,1.0,34,-0.023,61,0.022,0.13,48,50.0,
mktbxsymbol=30-60|DOGEUSDT,95,51.6,0.0175,1.25,1.7,4,0.46,1.0,0,,95,0.018,0.05,15,66.7,
mktbxsymbol=<30|AVAXUSDT,95,51.6,-0.0548,0.66,-5.2,7,inf,inf,0,,95,-0.055,0.14,26,46.2,
atrpxhour_band=NA|0-5,919,51.6,0.0058,1.05,5.4,11,0.59,0.81,888,0.001,31,0.142,0.1,37,67.6,
hour_bandxvolz=0-5|NA,919,51.6,0.0058,1.05,5.4,11,0.59,0.81,888,0.001,31,0.142,0.1,37,67.6,
breadthxconc=>=4|>=6,1142,51.6,0.0074,1.07,8.4,10,0.37,0.45,1142,0.007,0,,0.1,0,,
atrpxsym_state=hi|bull,5489,51.6,0.0024,1.02,13.0,40,0.98,0.43,247,0.015,5242,0.002,0.07,2394,51.2,
atrpxdecile_band=hi|D10,1206,51.6,0.0059,1.05,7.1,49,1.16,0.52,468,0.013,738,0.002,0.09,275,51.6,
sym_statexweekday=neutral|6,1493,51.6,-0.0246,0.81,-36.7,7,inf,inf,364,-0.004,1129,-0.031,0.11,728,50.8,
concxweekday=2-3|5,1559,51.6,0.0049,1.04,7.6,6,1.61,0.6,136,-0.002,1423,0.006,0.09,617,48.9,
atrpxweekday=mid|3,1941,51.6,-0.003,0.97,-5.9,8,inf,inf,1093,-0.003,848,-0.003,0.11,836,50.4,
decile_bandxfund=D10|pos,1082,51.6,0.0061,1.05,6.6,59,0.83,0.53,378,0.012,704,0.003,0.1,325,52.3,
symbolxweekend=ETHUSDT|False,3056,51.6,0.007,1.07,21.5,45,0.26,1.0,1810,0.006,1196,0.01,0.1,1245,51.6,Y
sym_statexv3=bull|N,6725,51.6,-0.0015,0.98,-10.0,38,inf,inf,905,0.006,5820,-0.003,0.07,2822,51.3,
adxxsymbol=20-30|ZECUSDT,797,51.6,0.002,1.02,1.6,39,1.11,1.0,444,0.011,353,-0.009,0.09,364,51.4,
decile_bandxsym_state=D10|bull,925,51.6,0.0078,1.07,7.2,40,1.09,0.6,131,0.034,794,0.004,0.1,342,50.6,
breadthxvs=>=4|N,9522,51.6,-0.0034,0.97,-32.8,42,inf,inf,2208,0.0,7314,-0.005,0.08,3163,51.6,
concxv3=2-3|N,7996,51.6,-0.005,0.95,-39.9,36,inf,inf,1245,-0.004,6751,-0.005,0.07,2692,51.4,
oidxweekend=<-0.5|False,3039,51.6,-0.0097,0.91,-29.5,35,inf,inf,998,-0.011,2041,-0.009,0.07,1270,53.1,
breadthxsymbol=2-3|ZECUSDT,448,51.6,0.0042,1.05,1.9,38,0.97,1.0,213,0.021,235,-0.011,0.08,243,49.8,
mktbxsymbol=30-60|FILUSDT,64,51.6,-0.0295,0.77,-1.9,4,inf,inf,0,,64,-0.03,0.06,29,41.4,
strategyxweekday=nony_momentum|4,256,51.6,-0.0067,0.91,-1.7,9,inf,inf,135,-0.025,121,0.014,0.07,114,53.5,
symbolxweekday=PENDLEUSDT|4,64,51.6,-0.0299,0.78,-1.9,9,inf,inf,36,-0.031,28,-0.029,0.09,22,54.5,
strategyxweekdayxhour_band=setup_fade|4|0-5,192,51.6,-0.0049,0.97,-0.9,9,inf,inf,116,-0.025,76,0.026,0.09,92,55.4,
decile_bandxvs=D10|N,3553,51.6,0.0071,1.06,25.3,63,0.36,0.33,1896,0.012,1648,0.001,0.12,965,52.2,Y
fundxweekday=pos|0,1282,51.6,-0.0039,0.96,-5.0,9,inf,inf,389,0.003,893,-0.007,0.08,548,50.7,
cascxsymbol=N|ETHUSDT,3402,51.6,0.0046,1.04,15.7,57,0.32,1.0,2116,0.004,1236,0.006,0.1,1377,51.5,Y
oidxsymbol=mid|BNBUSDT,514,51.6,-0.0187,0.86,-9.6,44,inf,inf,189,-0.001,325,-0.029,0.11,193,52.3,
cascxfund=Y|pos,2514,51.6,-0.0004,1.0,-1.0,25,inf,inf,61,0.008,2453,-0.001,0.08,1296,50.5,
mktbxsymbol=<30|PENDLEUSDT,419,51.6,-0.0211,0.84,-8.9,59,inf,inf,213,-0.028,206,-0.014,0.1,187,51.9,
hour_bandxweekend=12-17|True,1744,51.5,0.0027,1.02,4.7,17,1.34,0.78,675,0.014,1069,-0.004,0.1,719,49.5,
strategyxregimexadx=nony_momentum|neutral|20-30,421,51.5,-0.0164,0.8,-6.9,25,inf,inf,201,-0.006,220,-0.026,0.08,196,53.1,
imbxregime=>=0.5|bear,3440,51.5,-0.002,0.98,-6.8,21,inf,inf,2112,-0.002,1328,-0.002,0.09,1206,51.0,
mktbxsymbol=<30|ETHUSDT,3551,51.5,0.0045,1.04,16.0,60,0.35,1.0,2225,0.001,1326,0.011,0.1,1410,51.6,Y
decile_bandxsymbol=D2-3|DOGEUSDT,163,51.5,0.0167,1.17,2.7,10,0.51,1.0,0,,163,0.017,0.11,39,53.8,
symbolxv3=WLDUSDT|Y,326,51.5,0.0102,1.08,3.3,59,0.34,1.0,161,-0.009,161,0.029,0.13,167,52.7,
concxsym_state=2-3|bull,6200,51.5,-0.0012,0.99,-7.6,39,inf,inf,204,0.006,5996,-0.001,0.08,2183,51.5,
cascxsymbol=N|PENDLEUSDT,425,51.5,-0.0214,0.84,-9.1,59,inf,inf,217,-0.028,204,-0.014,0.1,185,51.9,
spreadxsym_state=<2|bull,6948,51.5,0.002,1.02,14.1,43,0.75,0.51,1054,0.01,5894,0.001,0.08,3186,51.2,
hour_bandxsymbol=18-23|XRPUSDT,460,51.5,-0.0084,0.92,-3.9,54,inf,inf,197,-0.005,260,-0.012,0.08,189,50.3,
sidexsymbol=LONG|FILUSDT,460,51.5,-0.011,0.89,-5.1,62,inf,inf,223,-0.016,230,-0.005,0.08,143,51.0,
symbolxv3=NEARUSDT|N,493,51.5,-0.0065,0.94,-3.2,51,inf,inf,296,-0.001,187,-0.017,0.07,101,53.5,
sym_statexv3=neutral|N,5004,51.5,-0.0059,0.94,-29.7,42,inf,inf,2454,-0.0,2550,-0.011,0.09,2006,51.2,
cascxdecile_band=N|D10,3265,51.5,0.0072,1.06,23.5,63,0.36,0.36,1917,0.011,1337,0.001,0.12,855,52.5,Y
adxxsymbol=>=30|DOTUSDT,165,51.5,0.0137,1.11,2.3,13,0.63,1.0,8,0.067,157,0.011,0.1,70,50.0,
atrpxsymbol=NA|RUNEUSDT,33,51.5,0.0452,1.4,1.5,6,0.9,1.0,31,0.03,0,,0.18,0,,
oidxsymbol=<-0.5|BNBUSDT,66,51.5,-0.0092,0.94,-0.6,12,inf,inf,11,0.035,55,-0.018,0.12,23,47.8,
strategyxsymbol=nony_momentum|DOTUSDT,33,51.5,-0.0169,0.83,-0.6,20,inf,inf,19,-0.038,14,0.012,0.12,5,60.0,
strategyxsymbol=setup_follow|LINKUSDT,33,51.5,0.0145,1.25,0.5,9,1.05,1.0,0,,33,0.014,0.18,17,52.9,
symbolxvolz=RUNEUSDT|NA,33,51.5,0.0452,1.4,1.5,6,0.9,1.0,31,0.03,0,,0.18,0,,
symbolxvs=1000LUNCUSDT|Y,66,51.5,0.0231,1.13,1.5,23,0.67,1.0,37,0.063,27,-0.034,0.24,26,50.0,
symbolxweekend=HYPEUSDT|True,99,51.5,0.0003,1.0,0.0,4,39.19,1.0,0,,99,0.0,0.09,40,42.5,
concximb=2-3|>=0.5,8124,51.5,-0.0053,0.95,-43.0,41,inf,inf,1637,0.002,6487,-0.007,0.08,2881,51.6,
fundxregime=flat|bear,2747,51.5,0.0037,1.03,10.0,21,0.51,0.54,1925,0.001,822,0.009,0.1,811,50.8,
sym_statexweekend=bull|True,2718,51.5,0.0064,1.07,17.5,14,0.52,0.28,58,0.011,2660,0.006,0.08,1256,49.4,
atrpxstrategy=mid|nony_momentum,796,51.5,-0.008,0.89,-6.4,50,inf,inf,518,-0.019,278,0.012,0.07,276,55.4,
strategyxweekdayxhour_band=asia_burst_fade|1|0-5,299,51.5,0.037,1.26,11.1,7,0.93,0.63,144,-0.001,155,0.072,0.13,95,54.7,
adxxsymbol=>=30|BNBUSDT,266,51.5,-0.0116,0.91,-3.1,11,inf,inf,0,,266,-0.012,0.1,85,51.8,
cascxvolz=Y|2-5,732,51.5,0.015,1.13,11.0,29,0.41,0.55,34,-0.017,698,0.017,0.09,336,50.9,
fundxstrategy=neg|ny_flush_buy_4h,200,51.5,-0.0127,0.92,-2.5,37,inf,inf,109,0.04,91,-0.076,0.0,44,50.0,
atrpxsymbol=mid|XLMUSDT,334,51.5,-0.0098,0.92,-3.3,49,inf,inf,206,-0.009,128,-0.012,0.11,97,52.6,
concxsymbol=2-3|NEARUSDT,334,51.5,-0.0156,0.86,-5.2,38,inf,inf,81,-0.004,253,-0.019,0.07,115,52.2,
hour_bandxweekday=0-5|3,1004,51.5,-0.0059,0.95,-5.9,9,inf,inf,562,-0.008,442,-0.003,0.07,364,50.8,
adxxvs=>=30|N,8273,51.5,-0.0002,1.0,-1.8,14,inf,inf,271,0.023,8002,-0.001,0.08,3625,51.0,
concxsymbol=>=6|1000LUNCUSDT,134,51.5,0.0174,1.15,2.3,20,0.69,1.0,134,0.017,0,,0.13,0,,
symbolxvolz=BNBUSDT|>=5,134,51.5,-0.0034,0.97,-0.5,33,inf,inf,78,-0.019,56,0.018,0.1,34,50.0,
mktbxsymbol=<30|SOLUSDT,2212,51.5,-0.0044,0.96,-9.8,60,inf,inf,1312,-0.004,900,-0.005,0.09,823,52.4,
cascxsymbol=Y|ENAUSDT,336,51.5,0.0013,1.01,0.4,8,4.72,1.0,0,,336,0.001,0.07,169,49.7,
adxxsymbol=NA|FILUSDT,202,51.5,0.0158,1.17,3.2,15,0.75,1.0,191,0.016,0,,0.06,0,,
breadthxsymbol=NA|FILUSDT,202,51.5,0.0158,1.17,3.2,15,0.75,1.0,191,0.016,0,,0.06,0,,
hour_bandxsymbol=12-17|ENAUSDT,303,51.5,0.0093,1.09,2.8,54,0.51,1.0,134,0.024,160,-0.002,0.09,89,44.9,
hour_bandxweekday=12-17|6,909,51.5,0.0035,1.03,3.2,8,2.0,0.61,262,0.006,647,0.003,0.1,373,50.1,
imbxsymbol=>=0.5|AVAXUSDT,101,51.5,-0.0601,0.63,-6.1,9,inf,inf,0,,101,-0.06,0.12,29,48.3,
spreadxsymbol=NA|FILUSDT,202,51.5,0.0158,1.17,3.2,15,0.75,1.0,191,0.016,0,,0.06,0,,
sym_statexsymbol=NA|FILUSDT,202,51.5,0.0158,1.17,3.2,15,0.75,1.0,191,0.016,0,,0.06,0,,
breadthxsymbol=>=4|FETUSDT,169,51.5,-0.0124,0.89,-2.1,27,inf,inf,49,0.003,120,-0.019,0.09,61,47.5,
cascxsymbol=N|SOLUSDT,1859,51.5,-0.0036,0.97,-6.7,54,inf,inf,1180,-0.001,646,-0.008,0.09,656,52.6,
hour_bandxsymbol=18-23|BNBUSDT,169,51.5,-0.0149,0.88,-2.5,36,inf,inf,77,0.016,92,-0.041,0.12,59,50.8,
oidxsymbol=mid|TAOUSDT,338,51.5,0.0084,1.08,2.8,48,0.51,1.0,119,0.005,219,0.01,0.08,167,50.3,
cascxsymbol=Y|TRUMPUSDT,406,51.5,0.0029,1.03,1.2,10,1.79,1.0,0,,406,0.003,0.07,227,54.6,
oidxstrategy=>0.5|burst_follow,1286,51.5,-0.0081,0.88,-10.5,42,inf,inf,281,-0.008,1005,-0.008,0.06,583,49.4,
sidexweekend=LONG|True,4268,51.5,0.0046,1.05,19.7,18,1.59,0.49,1611,0.003,2657,0.005,0.09,1589,51.3,
decile_bandxsymbol=D2-3|ETHUSDT,3322,51.5,0.0016,1.02,5.2,63,0.69,1.0,1941,-0.0,1337,0.004,0.08,1367,51.4,
cascxvs=Y|N,4043,51.5,-0.0002,1.0,-0.6,38,inf,inf,486,0.006,3557,-0.001,0.07,1842,50.8,
hour_bandxsymbol=6-11|PUMPUSDT,68,51.5,0.0052,1.04,0.4,8,2.8,1.0,0,,68,0.005,0.1,34,52.9,
oidxsymbol=NA|FILUSDT,204,51.5,0.014,1.15,2.9,16,0.83,1.0,193,0.014,0,,0.06,2,50.0,
oidxsymbol=<-0.5|APTUSDT,68,51.5,-0.0242,0.79,-1.6,18,inf,inf,19,-0.039,49,-0.019,0.1,16,62.5,
oidxsymbol=mid|HYPEUSDT,136,51.5,-0.0105,0.9,-1.4,10,inf,inf,0,,136,-0.01,0.07,40,52.5,
sym_statexsymbol=bear|UNIUSDT,68,51.5,0.0059,1.06,0.4,7,1.54,1.0,0,,68,0.006,0.06,49,46.9,
fundximb=pos|>=0.5,5411,51.5,-0.002,0.98,-11.0,62,inf,inf,1503,0.003,3908,-0.004,0.08,2197,51.5,
hour_bandxweekday=18-23|4,919,51.5,0.0153,1.16,14.1,9,0.7,0.45,393,0.016,526,0.015,0.09,404,51.7,
regimexspread=bear|<2,1772,51.5,-0.0056,0.95,-10.0,14,inf,inf,495,-0.001,1277,-0.007,0.11,1181,50.7,
strategyxregimexadx=setup_follow|bear|20-30,682,51.5,0.0047,1.07,3.2,14,0.85,0.65,147,0.018,535,0.001,0.12,490,50.4,
strategyxweekdayxhour_band=setup_fade|5|0-5,239,51.5,0.0568,1.39,13.6,9,0.31,0.29,95,0.082,144,0.04,0.13,116,52.6,
decile_bandxoid=D10|<-0.5,581,51.5,-0.0137,0.88,-8.0,46,inf,inf,170,0.008,411,-0.023,0.08,176,52.8,
symbolxweekend=APTUSDT|True,171,51.5,0.0151,1.14,2.6,17,0.39,1.0,76,0.042,95,-0.006,0.13,60,53.3,
regimexvolz=bull|2-5,2155,51.5,0.0029,1.03,6.2,21,0.66,1.03,375,0.015,1780,0.0,0.1,738,50.1,
strategyxweekdayxregime=setup_fade|5|bull,206,51.5,0.0093,1.05,1.9,2,2.83,1.33,0,,206,0.009,0.11,121,53.7,
fundxside=flat|SHORT,5747,51.5,-0.0026,0.98,-15.1,62,inf,inf,3098,0.004,2649,-0.01,0.09,2058,50.5,
regimexsymbol=bear|ETHUSDT,826,51.5,0.0063,1.06,5.2,21,0.69,1.0,591,0.004,235,0.013,0.1,266,51.1,
oidxsym_state=<-0.5|neutral,1549,51.5,-0.0154,0.86,-23.8,46,inf,inf,666,-0.014,883,-0.016,0.09,569,52.0,
regimexweekday=bull|5,1489,51.4,0.0046,1.04,6.8,2,1.34,0.51,0,,1489,0.005,0.08,698,49.0,
symbolxweekday=1000PEPEUSDT|6,243,51.4,-0.0079,0.93,-1.9,9,inf,inf,109,-0.018,134,0.0,0.09,92,51.1,
vsxweekday=N|6,4028,51.4,-0.005,0.95,-20.3,9,inf,inf,1443,0.001,2585,-0.009,0.09,1444,51.4,
symbolxv3=ETHUSDT|N,3548,51.4,0.0032,1.03,11.3,60,0.44,1.0,2118,0.004,1380,0.003,0.09,1420,51.3,
decile_bandxstrategy=D4-9|setup_fade,1670,51.4,0.0165,1.09,27.6,63,0.26,0.32,746,0.005,913,0.025,0.13,729,53.5,Y
adxxvolz=>=30|2-5,1810,51.4,0.003,1.03,5.4,14,0.76,1.18,65,0.033,1745,0.002,0.09,688,50.3,
fundxv3=flat|N,8257,51.4,-0.0007,0.99,-5.8,56,inf,inf,4731,0.001,3526,-0.002,0.08,2358,51.6,
concxstrategy=0-1|setup_fade,1571,51.4,0.0175,1.11,27.5,42,0.28,0.27,340,0.029,1231,0.014,0.11,1567,51.4,Y
cascxvolz=N|>=5,2621,51.4,0.0039,1.03,10.1,56,0.53,0.46,1381,0.003,1240,0.004,0.1,809,51.7,
fundxsymbol=flat|ETHUSDT,2938,51.4,0.0018,1.02,5.3,60,0.72,1.0,1954,-0.001,984,0.008,0.1,1051,51.3,
breadthxmktb=1|>=60,35,51.4,0.0513,1.91,1.8,2,0.57,0.34,0,,35,0.051,0.09,25,52.0,
fundxsymbol=neg|1000LUNCUSDT,70,51.4,0.0108,1.09,0.8,19,1.53,1.0,32,-0.027,38,0.042,0.09,46,47.8,
oidxsymbol=>0.5|1000LUNCUSDT,70,51.4,0.0043,1.03,0.3,23,3.08,1.0,14,0.051,56,-0.007,0.14,36,50.0,
sym_statexsymbol=bear|1000LUNCUSDT,70,51.4,0.0228,1.18,1.6,12,0.59,1.0,42,0.005,28,0.05,0.13,45,46.7,
symbolxvolz=ZECUSDT|>=5,175,51.4,0.0007,1.01,0.1,41,11.51,1.0,102,0.012,73,-0.015,0.07,68,54.4,
symbolxvolz=AVAXUSDT|<2,70,51.4,-0.04,0.73,-2.8,10,inf,inf,0,,70,-0.04,0.11,22,50.0,
symbolxweekday=TAOUSDT|1,105,51.4,0.0291,1.25,3.1,8,0.92,1.0,36,-0.022,66,0.063,0.12,41,46.3,
symbolxweekday=WLDUSDT|5,175,51.4,0.0186,1.18,3.2,9,0.38,1.0,105,0.011,70,0.03,0.1,40,57.5,
symbolxweekday=XRPUSDT|6,280,51.4,-0.0036,0.97,-1.0,9,inf,inf,95,-0.014,185,0.002,0.09,101,57.4,
symbolxweekday=TRUMPUSDT|2,35,51.4,0.0194,1.31,0.7,1,1.0,1.0,0,,35,0.019,0.0,14,50.0,
strategyxweekdayxhour_band=follow_3h_all|6|0-5,35,51.4,0.0112,1.14,0.4,3,1.72,1.47,34,0.018,1,-0.203,0.0,1,0.0,
decile_bandxoid=D10|mid,1507,51.4,0.0063,1.05,9.4,49,0.45,0.54,553,0.011,954,0.004,0.12,592,50.7,
decile_band=D10,3681,51.4,0.0066,1.05,24.2,63,0.39,0.34,1954,0.012,1716,0.0,0.12,1009,51.8,Y
decile_bandxsession=D10|None,3681,51.4,0.0066,1.05,24.2,63,0.39,0.34,1954,0.012,1716,0.0,0.12,1009,51.8,Y
hour_bandxmktb=0-5|30-60,877,51.4,-0.0035,0.96,-3.1,3,inf,inf,0,,877,-0.004,0.05,318,52.5,
hour=0,1474,51.4,-0.0048,0.96,-7.1,61,inf,inf,752,0.007,722,-0.017,0.1,550,52.2,
strategyxregimexbreadth=setup_follow|bear|1,597,51.4,0.0043,1.06,2.6,14,0.67,0.87,90,0.015,507,0.002,0.13,437,50.8,
adxxregime=>=30|bull,8467,51.4,0.0009,1.01,7.2,12,1.27,0.92,278,0.023,8189,0.0,0.08,3766,50.9,
breadth=>=4,9957,51.4,-0.0036,0.97,-36.0,42,inf,inf,2274,-0.001,7683,-0.005,0.09,3418,51.5,
breadthxsession=>=4|None,9957,51.4,-0.0036,0.97,-36.0,42,inf,inf,2274,-0.001,7683,-0.005,0.09,3418,51.5,
atrpxsymbol=NA|WLDUSDT,212,51.4,0.0009,1.01,0.2,10,9.38,1.0,192,0.001,2,-0.009,0.1,4,50.0,
symbolxvolz=WLDUSDT|NA,212,51.4,0.0009,1.01,0.2,10,9.38,1.0,192,0.001,2,-0.009,0.1,4,50.0,
adxxv3=20-30|N,5621,51.4,-0.0025,0.98,-14.2,34,inf,inf,2992,0.006,2629,-0.013,0.09,2465,51.1,
adx=>=30,8626,51.4,0.0002,1.0,1.9,14,4.78,3.05,278,0.023,8348,-0.001,0.08,3887,51.0,
adxxsession=>=30|None,8626,51.4,0.0002,1.0,1.9,14,4.78,3.05,278,0.023,8348,-0.001,0.08,3887,51.0,
concxsymbol=2-3|BNBUSDT,426,51.4,-0.0203,0.84,-8.7,38,inf,inf,99,0.019,327,-0.032,0.09,123,51.2,
hour_bandxsymbol=12-17|FETUSDT,142,51.4,0.0067,1.06,0.9,36,1.56,1.0,60,0.019,75,-0.002,0.11,63,50.8,
spreadxstrategy=>=5|nony_momentum,142,51.4,-0.0134,0.8,-1.9,33,inf,inf,77,-0.026,65,0.002,0.03,52,57.7,
symbol=ETHUSDT,3947,51.4,0.0052,1.05,20.4,63,0.27,1.0,2293,0.003,1604,0.009,0.1,1601,51.5,Y
sessionxsymbol=None|ETHUSDT,3947,51.4,0.0052,1.05,20.4,63,0.27,1.0,2293,0.003,1604,0.009,0.1,1601,51.5,Y
adxxspread=>=30|2-5,1638,51.4,-0.0004,1.0,-0.7,14,inf,inf,50,0.03,1588,-0.001,0.08,667,50.8,
fundxregime=neg|bear,1356,51.4,-0.0031,0.97,-4.2,21,inf,inf,761,0.003,595,-0.011,0.1,570,50.7,
adxxdecile_band=>=30|D2-3,6183,51.4,-0.0048,0.95,-30.0,14,inf,inf,196,0.017,5987,-0.006,0.08,2929,50.9,
breadthxoid=1|<-0.5,681,51.4,-0.0148,0.87,-10.1,48,inf,inf,240,-0.025,441,-0.009,0.08,464,51.9,
sidexvs=LONG|N,15385,51.4,0.006,1.06,91.6,63,0.37,0.2,7475,0.004,7758,0.009,0.09,5336,51.3,Y
decile_bandxsymbol=D4-9|PENDLEUSDT,144,51.4,-0.0296,0.81,-4.3,46,inf,inf,71,-0.038,71,-0.018,0.15,55,52.7,
strategyxsymbol=burst_follow|WLDUSDT,432,51.4,-0.0079,0.89,-3.4,54,inf,inf,264,-0.003,163,-0.017,0.05,98,49.0,
symbolxvolz=XRPUSDT|2-5,360,51.4,0.0171,1.16,6.1,49,0.35,1.0,147,0.005,213,0.025,0.11,146,50.7,Y
symbolxweekday=BNBUSDT|1,144,51.4,-0.0073,0.92,-1.1,9,inf,inf,48,0.011,85,-0.015,0.07,50,54.0,
symbolxweekday=XLMUSDT|5,72,51.4,-0.0263,0.81,-1.9,9,inf,inf,36,0.0,36,-0.053,0.1,20,50.0,
sym_statexweekday=bull|5,1333,51.4,0.01,1.1,13.3,7,0.69,0.25,44,0.005,1289,0.01,0.08,618,48.7,
adxxweekday=>=30|5,1261,51.4,0.0121,1.12,15.2,2,0.6,0.23,0,,1261,0.012,0.08,556,48.2,
symbolxweekday=ZECUSDT|2,325,51.4,0.0179,1.19,5.8,9,0.88,1.0,203,0.036,122,-0.012,0.08,81,49.4,
strategyxregimexbreadth=setup_fade|bull|2-3,325,51.4,0.0162,1.09,5.3,20,0.82,0.46,95,0.101,230,-0.019,0.11,148,51.4,
regimexsym_state=bull|bull,7693,51.4,0.0022,1.02,17.1,19,0.53,0.51,652,0.019,7041,0.001,0.08,3357,50.9,
hour_band=12-17,7411,51.4,0.0042,1.04,31.5,61,0.44,0.4,3649,0.012,3564,-0.004,0.1,2535,50.5,
hour_bandxsession=12-17|None,7411,51.4,0.0042,1.04,31.5,61,0.44,0.4,3649,0.012,3564,-0.004,0.1,2535,50.5,
atrpxv3=hi|N,7238,51.4,-0.0009,0.99,-6.8,49,inf,inf,2011,0.003,5227,-0.003,0.06,2195,51.4,
atrpxside=NA|SHORT,1450,51.4,0.0007,1.01,1.0,12,9.81,4.77,1285,-0.01,37,0.105,0.08,44,65.9,
sidexvolz=SHORT|NA,1450,51.4,0.0007,1.01,1.0,12,9.81,4.77,1285,-0.01,37,0.105,0.08,44,65.9,
sym_statexsymbol=bull|BNBUSDT,290,51.4,-0.0136,0.89,-3.9,14,inf,inf,4,-0.092,286,-0.012,0.1,99,51.5,
sidexvolz=LONG|<2,9574,51.4,0.0071,1.08,67.8,57,0.45,0.2,4163,-0.003,5411,0.015,0.09,4007,50.8,
fundxsymbol=pos|1000PEPEUSDT,909,51.4,-0.0026,0.98,-2.3,48,inf,inf,392,0.007,517,-0.01,0.09,330,53.6,
hour_bandxoid=18-23|>0.5,582,51.4,0.0008,1.01,0.4,41,4.54,3.79,126,-0.001,456,0.001,0.07,316,51.6,
adxxfund=>=30|pos,4952,51.4,-0.0004,1.0,-2.2,14,inf,inf,33,0.06,4919,-0.001,0.08,2299,51.1,
hour=9,1129,51.4,0.0029,1.03,3.2,59,1.22,0.92,535,-0.005,594,0.01,0.08,451,51.2,
cascxsym_state=Y|bull,3498,51.4,0.0002,1.0,0.7,13,11.54,6.27,0,,3498,0.0,0.08,1809,50.9,
concxweekday=>=6|0,1684,51.4,-0.0015,0.99,-2.5,3,inf,inf,1684,-0.001,0,,0.09,0,,
hour_bandxsymbol=0-5|SOLUSDT,769,51.4,-0.0032,0.97,-2.4,60,inf,inf,444,0.005,325,-0.015,0.08,251,51.0,
regimexweekday=bear|6,1028,51.4,0.0086,1.09,8.9,3,0.97,0.33,517,0.017,511,0.0,0.09,358,51.1,
fundxregime=neg|bull,1139,51.4,0.0053,1.05,6.0,20,0.59,0.88,525,0.008,614,0.003,0.09,368,50.3,
strategyxweekdayxhour_band=burst_follow|6|0-5,294,51.4,0.0006,1.01,0.2,8,7.28,4.06,122,-0.008,172,0.006,0.04,97,55.7,
decile_bandxsym_state=D10|neutral,1324,51.4,-0.0008,0.99,-1.1,46,inf,inf,607,0.006,717,-0.006,0.13,476,52.3,
atrpxregime=lo|bull,405,51.4,-0.0028,0.98,-1.1,19,inf,inf,255,0.012,150,-0.029,0.13,114,50.9,
adxxcasc=NA|Y,442,51.4,0.0049,1.05,2.1,12,1.45,0.93,442,0.005,0,,0.08,0,,
breadthxcasc=NA|Y,442,51.4,0.0049,1.05,2.1,12,1.45,0.93,442,0.005,0,,0.08,0,,
cascxspread=Y|NA,442,51.4,0.0049,1.05,2.1,12,1.45,0.93,442,0.005,0,,0.08,0,,
cascxsym_state=Y|NA,442,51.4,0.0049,1.05,2.1,12,1.45,0.93,442,0.005,0,,0.08,0,,
hour_bandxv3=18-23|N,3647,51.4,-0.007,0.92,-25.5,57,inf,inf,1638,0.001,1987,-0.014,0.07,1118,50.1,
hour_bandxsymbol=12-17|ZECUSDT,553,51.4,0.0134,1.13,7.4,58,0.27,1.0,292,0.036,245,-0.014,0.08,183,48.6,
adxxhour_band=NA|12-17,1992,51.4,0.016,1.15,31.8,18,0.43,0.24,1789,0.017,5,0.114,0.09,14,71.4,
breadthxhour_band=NA|12-17,1992,51.4,0.016,1.15,31.8,18,0.43,0.24,1789,0.017,5,0.114,0.09,14,71.4,
hour_bandxspread=12-17|NA,1992,51.4,0.016,1.15,31.8,18,0.43,0.24,1789,0.017,5,0.114,0.09,14,71.4,
hour_bandxsym_state=12-17|NA,1992,51.4,0.016,1.15,31.8,18,0.43,0.24,1789,0.017,5,0.114,0.09,14,71.4,
adxxsymbol=20-30|PENDLEUSDT,222,51.4,-0.0334,0.76,-7.4,36,inf,inf,94,-0.044,128,-0.026,0.1,124,51.6,
atrpxsymbol=NA|PENDLEUSDT,37,51.4,-0.0497,0.65,-1.8,6,inf,inf,33,-0.052,0,,0.05,0,,
cascxhour_band=Y|6-11,1184,51.4,0.0037,1.03,4.4,28,0.78,1.07,151,-0.004,1033,0.005,0.09,542,51.8,
decile_bandxweekday=D4-9|1,888,51.4,0.0129,1.12,11.5,9,0.4,0.2,375,0.021,463,0.008,0.09,292,51.7,
fundxsymbol=pos|ENAUSDT,37,51.4,0.0548,1.53,2.0,3,0.67,1.0,0,,37,0.055,0.16,13,46.2,
hour_bandxsymbol=18-23|CHZUSDT,148,51.4,0.0279,1.25,4.1,34,0.21,1.0,79,0.047,65,-0.006,0.14,58,50.0,
hour_bandxsymbol=0-5|QNTUSDT,74,51.4,0.0363,1.34,2.7,26,0.26,1.0,26,0.033,48,0.038,0.11,36,50.0,Y
sidexsymbol=LONG|DOGEUSDT,148,51.4,0.0101,1.12,1.5,9,2.27,1.0,0,,148,0.01,0.09,32,56.2,
strategyxsymbol=late_fade|XRPUSDT,74,51.4,0.017,1.34,1.3,30,0.48,1.0,29,0.042,45,0.001,0.16,27,44.4,
symbolxvolz=PENDLEUSDT|NA,37,51.4,-0.0497,0.65,-1.8,6,inf,inf,33,-0.052,0,,0.05,0,,
symbolxvolz=AAVEUSDT|2-5,37,51.4,0.0157,1.12,0.6,8,1.29,1.0,0,,37,0.016,0.05,9,33.3,
strategyxweekdayxhour_band=nony_momentum|2|12-17,37,51.4,0.0201,1.51,0.7,6,0.73,0.39,12,0.07,25,-0.004,0.08,17,29.4,
strategyxweekdayxregime=burst_follow|2|bull,629,51.4,-0.0136,0.81,-8.5,6,inf,inf,259,-0.0,370,-0.023,0.04,188,52.7,
adxxfund=>=30|flat,3007,51.3,0.0002,1.0,0.7,14,11.35,5.48,169,0.003,2838,0.0,0.09,1287,51.0,
fundxsym_state=flat|bull,3381,51.3,0.0037,1.04,12.5,45,0.29,0.45,734,0.009,2647,0.002,0.08,1462,50.7,Y
adxxsym_state=>=30|bull,7105,51.3,0.0012,1.01,8.8,14,1.04,0.75,136,0.032,6969,0.001,0.08,3294,50.9,
hour=5,1340,51.3,0.007,1.07,9.4,61,0.23,0.59,648,0.012,692,0.002,0.08,493,51.9,Y
atrpxdecile_band=NA|D4-9,633,51.3,0.0264,1.24,16.7,12,0.29,0.3,564,0.029,19,0.015,0.11,27,51.9,Y
decile_bandxvolz=D4-9|NA,633,51.3,0.0264,1.24,16.7,12,0.29,0.3,564,0.029,19,0.015,0.11,27,51.9,Y
strategyxweekdayxhour_band=burst_follow|4|0-5,298,51.3,0.005,1.08,1.5,7,1.91,1.15,131,0.021,167,-0.008,0.1,89,56.2,
v3=N,17601,51.3,0.0002,1.0,2.9,60,5.62,3.85,8525,0.005,8867,-0.004,0.08,5368,51.3,
sessionxv3=None|N,17601,51.3,0.0002,1.0,2.9,60,5.62,3.85,8525,0.005,8867,-0.004,0.08,5368,51.3,
v3xvs=N|N,17601,51.3,0.0002,1.0,2.9,60,5.62,3.85,8525,0.005,8867,-0.004,0.08,5368,51.3,
atrpxfund=NA|neg,374,51.3,0.0203,1.19,7.6,6,0.58,0.4,374,0.02,0,,0.09,0,,
fundxvolz=neg|NA,374,51.3,0.0203,1.19,7.6,6,0.58,0.4,374,0.02,0,,0.09,0,,
strategyxregimexadx=setup_fade|neutral|NA,561,51.3,0.0128,1.07,7.2,8,0.88,0.78,561,0.013,0,,0.12,0,,
strategyxregimexbreadth=setup_fade|neutral|NA,561,51.3,0.0128,1.07,7.2,8,0.88,0.78,561,0.013,0,,0.12,0,,
sym_statexvolz=bear|2-5,487,51.3,-0.0091,0.93,-4.4,32,inf,inf,205,-0.02,282,-0.001,0.13,304,49.7,
strategyxweekdayxregime=asia_burst_fade|6|bull,150,51.3,0.0011,1.01,0.2,1,1.0,13.76,0,,150,0.001,0.05,45,55.6,
fundxhour_band=pos|12-17,2213,51.3,-0.0012,0.99,-2.7,58,inf,inf,689,0.011,1524,-0.007,0.08,877,50.1,
hour_bandxweekend=12-17|False,5667,51.3,0.0047,1.04,26.8,44,0.52,0.43,2974,0.012,2495,-0.003,0.1,1816,50.9,
atrpxoid=hi|mid,2930,51.3,0.0043,1.04,12.6,49,0.58,0.46,471,0.004,2459,0.004,0.07,1151,51.3,
fundxsymbol=flat|HYPEUSDT,263,51.3,-0.0056,0.94,-1.5,10,inf,inf,0,,263,-0.006,0.06,96,49.0,
symbolxvs=ETHUSDT|N,3914,51.3,0.0043,1.04,16.7,63,0.3,1.0,2291,0.003,1573,0.006,0.09,1579,51.2,Y
atrpxdecile_band=hi|D2-3,6250,51.3,-0.002,0.98,-12.8,56,inf,inf,1618,-0.0,4632,-0.003,0.06,2304,51.3,
imbxsymbol=<0.5|TAOUSDT,226,51.3,0.0141,1.12,3.2,35,0.88,1.0,83,0.014,143,0.014,0.11,106,50.9,
atrpxfund=hi|pos,4419,51.3,0.0005,1.01,2.4,53,4.89,2.22,704,0.0,3715,0.001,0.07,1703,51.1,
spreadxv3=2-5|N,1779,51.3,-0.0046,0.96,-8.1,41,inf,inf,378,-0.005,1401,-0.004,0.07,639,51.8,
adxxregime=20-30|bear,2461,51.3,0.0009,1.01,2.2,14,2.34,2.31,747,-0.001,1714,0.002,0.1,1648,50.4,
hour_bandxoid=12-17|NA,2007,51.3,0.0158,1.15,31.6,21,0.44,0.23,1793,0.018,16,0.009,0.09,20,65.0,
fundxweekday=flat|3,1818,51.3,0.0029,1.03,5.2,9,0.99,2.01,1109,0.005,709,-0.0,0.09,624,49.5,
regimexstrategy=bear|setup_follow,1251,51.3,0.0032,1.05,4.0,21,0.68,0.68,646,0.002,605,0.005,0.12,541,51.6,
strategyxregimextrig=setup_follow|bear|bar,1251,51.3,0.0032,1.05,4.0,21,0.68,0.68,646,0.002,605,0.005,0.12,541,51.6,
imbxsymbol=<0.5|SOLUSDT,1101,51.3,-0.008,0.93,-8.9,58,inf,inf,567,-0.005,523,-0.012,0.1,409,49.6,
sidexweekday=SHORT|3,1748,51.3,-0.0109,0.91,-19.0,9,inf,inf,890,-0.001,858,-0.021,0.09,695,50.2,
sidexweekday=LONG|6,2358,51.3,0.0044,1.05,10.5,9,2.99,1.19,831,0.018,1527,-0.003,0.09,824,50.2,
breadthxv3=1|N,1789,51.3,-0.0028,0.97,-5.0,43,inf,inf,766,-0.002,1023,-0.003,0.08,1118,51.6,
atrpxweekday=hi|4,1485,51.3,-0.0017,0.98,-2.5,8,inf,inf,324,0.003,1161,-0.003,0.08,593,51.4,
breadthxdecile_band=>=4|D10,1411,51.3,-0.0014,0.99,-2.0,39,inf,inf,443,0.008,968,-0.006,0.12,295,52.2,
decile_bandxsymbol=D10|XRPUSDT,267,51.3,0.0182,1.15,4.9,55,0.47,1.0,151,0.026,113,0.007,0.14,74,50.0,
decile_bandxvolz=D2-3|2-5,2329,51.3,-0.0097,0.92,-22.5,57,inf,inf,967,-0.008,1362,-0.011,0.1,898,50.7,
breadthxvolz=2-3|>=5,497,51.3,0.0018,1.02,0.9,39,3.92,2.97,229,0.005,268,-0.001,0.09,270,52.6,
breadthxvolz=>=4|<2,6233,51.3,-0.0056,0.94,-35.0,41,inf,inf,1285,-0.002,4948,-0.007,0.08,2387,51.4,
sym_statexvs=bull|N,8689,51.3,0.0007,1.01,6.5,48,1.71,0.82,1191,0.01,7498,-0.001,0.08,3934,50.9,
sidexweekday=LONG|2,2452,51.3,0.029,1.36,71.0,9,0.46,0.2,1478,0.02,974,0.043,0.11,758,51.8,
concxoid=>=6|<-0.5,460,51.3,-0.002,0.98,-0.9,10,inf,inf,460,-0.002,0,,0.1,0,,
sym_statexsymbol=neutral|ETHUSDT,1380,51.3,0.0077,1.07,10.6,37,0.36,1.0,609,0.004,771,0.01,0.12,914,51.3,Y
atrpxv3=mid|N,6709,51.3,-0.0022,0.98,-15.1,51,inf,inf,3945,0.003,2764,-0.01,0.09,2167,51.1,
cascxhour_band=N|12-17,6454,51.3,0.0048,1.04,30.8,61,0.45,0.32,3551,0.012,2705,-0.004,0.1,2093,50.6,
decile_bandxv3=D2-3|N,12793,51.3,-0.0018,0.98,-22.7,60,inf,inf,6026,0.001,6593,-0.004,0.07,4175,51.1,
symbolxweekday=ZECUSDT|0,347,51.3,-0.0062,0.94,-2.2,9,inf,inf,184,-0.001,163,-0.012,0.07,131,53.4,
symbolxvolz=WLDUSDT|2-5,232,51.3,-0.0171,0.86,-4.0,47,inf,inf,119,-0.039,113,0.006,0.09,60,46.7,
imbxweekday=>=0.5|6,2942,51.3,-0.0127,0.88,-37.4,9,inf,inf,1029,0.003,1913,-0.021,0.08,995,50.8,
symbolxv3=TRUMPUSDT|N,388,51.3,0.0024,1.03,0.9,10,2.28,1.0,0,,388,0.002,0.07,217,54.8,
oidxweekday=<-0.5|2,505,51.3,-0.0114,0.9,-5.8,7,inf,inf,193,-0.01,312,-0.013,0.08,222,50.9,
concximb=NA|>=0.5,544,51.3,0.0029,1.02,1.6,6,1.94,1.28,275,-0.002,14,-0.073,0.15,25,52.0,
imbxmktb=>=0.5|NA,544,51.3,0.0029,1.02,1.6,6,1.94,1.28,275,-0.002,14,-0.073,0.15,25,52.0,
imbxregime=>=0.5|NA,544,51.3,0.0029,1.02,1.6,6,1.94,1.28,275,-0.002,14,-0.073,0.15,25,52.0,
atrpxsymbol=lo|ETHUSDT,1244,51.3,0.0076,1.06,9.5,52,0.44,1.0,615,-0.004,629,0.019,0.12,716,51.4,
breadthxsymbol=1|NMRUSDT,117,51.3,0.0074,1.05,0.9,31,1.15,1.0,55,0.002,62,0.012,0.14,73,52.1,
breadthxsymbol=>=4|XLMUSDT,195,51.3,-0.0121,0.9,-2.4,30,inf,inf,66,-0.012,129,-0.012,0.1,39,51.3,
concxsymbol=>=6|TAOUSDT,234,51.3,0.0154,1.16,3.6,22,0.39,1.0,234,0.015,0,,0.06,0,,
fundximb=NA|>=0.5,546,51.3,0.0032,1.02,1.7,6,1.74,1.15,277,-0.001,14,-0.073,0.14,25,52.0,
imbxsymbol=<0.5|APTUSDT,78,51.3,0.0323,1.24,2.5,17,0.48,1.0,59,0.07,19,-0.084,0.19,17,52.9,
trig=burst,18177,51.3,-0.0005,0.99,-9.8,57,inf,inf,8810,0.004,9155,-0.005,0.08,5478,51.2,
symbolxvs=TAOUSDT|N,665,51.3,0.0079,1.07,5.3,62,0.36,1.0,318,0.012,344,0.005,0.08,213,51.2,Y
cascxweekday=N|6,3339,51.3,-0.0073,0.93,-24.5,9,inf,inf,1483,0.002,1856,-0.015,0.09,1121,51.2,
adxxsymbol=20-30|1000PEPEUSDT,550,51.3,-0.0013,0.99,-0.7,37,inf,inf,312,0.006,238,-0.01,0.12,235,49.8,
symbolxweekend=FILUSDT|False,550,51.3,-0.0104,0.92,-5.7,45,inf,inf,313,-0.011,226,-0.011,0.09,179,48.0,
strategyxweekdayxhour_band=burst_follow|4|18-23,275,51.3,-0.0052,0.93,-1.4,8,inf,inf,99,-0.002,176,-0.007,0.08,107,49.5,
fundxweekday=neg|4,983,51.3,0.0135,1.12,13.3,9,0.39,0.2,511,0.02,472,0.006,0.1,475,49.3,
sidexsymbol=SHORT|DASHUSDT,236,51.3,0.0249,1.18,5.9,58,0.3,1.0,125,0.057,111,-0.011,0.11,89,48.3,
regimexsymbol=bull|DOTUSDT,197,51.3,0.01,1.08,2.0,17,0.72,1.0,42,0.0,155,0.013,0.11,78,50.0,
concxweekday=2-3|4,2093,51.3,0.003,1.03,6.2,7,1.2,0.84,402,0.015,1691,0.0,0.1,799,51.8,
adxxsym_state=<20|bull,277,51.3,-0.0102,0.91,-2.8,10,inf,inf,133,0.017,144,-0.036,0.08,186,51.6,
adxxsymbol=20-30|ETHUSDT,1664,51.3,0.0073,1.06,12.1,38,0.32,1.0,950,0.002,714,0.014,0.12,921,51.4,Y
breadthxstrategy=2-3|asia_pump_short_4h,119,51.3,-0.0483,0.77,-5.7,36,inf,inf,45,-0.043,74,-0.052,0.0,54,46.3,
concxspread=2-3|2-5,2142,51.3,-0.007,0.94,-15.1,40,inf,inf,272,-0.017,1870,-0.006,0.09,762,51.7,
hour_bandxsymbol=0-5|NEARUSDT,238,51.3,-0.0244,0.82,-5.8,45,inf,inf,124,-0.023,114,-0.026,0.08,85,52.9,
strategyxvs=setup_fade|Y,595,51.3,0.0022,1.01,1.3,61,2.62,2.42,286,-0.013,295,0.012,0.11,245,55.5,
sidexvolz=SHORT|2-5,2423,51.3,-0.0002,1.0,-0.4,57,inf,inf,980,0.02,1443,-0.014,0.12,953,49.7,
sidexsymbol=LONG|SOLUSDT,1391,51.3,0.0014,1.01,2.0,63,2.84,1.0,783,-0.015,591,0.024,0.09,491,54.6,
adxxweekday=20-30|4,1551,51.3,0.0025,1.02,3.8,5,0.9,0.77,985,0.002,566,0.003,0.11,804,51.1,
regimexsymbol=bear|ADAUSDT,279,51.3,0.0173,1.17,4.8,20,0.33,1.0,196,0.006,83,0.045,0.08,80,52.5,Y
adxxstrategy=<20|setup_follow,400,51.2,0.0034,1.05,1.4,11,1.93,1.19,118,-0.022,282,0.014,0.1,273,50.9,
adxxsymbol=NA|TAOUSDT,160,51.2,0.0132,1.13,2.1,15,0.67,1.0,157,0.016,0,,0.07,0,,
breadthxsymbol=NA|TAOUSDT,160,51.2,0.0132,1.13,2.1,15,0.67,1.0,157,0.016,0,,0.07,0,,
breadthxsymbol=2-3|APTUSDT,80,51.2,0.0211,1.18,1.7,24,0.89,1.0,31,0.069,49,-0.009,0.17,42,47.6,
spreadxsymbol=NA|TAOUSDT,160,51.2,0.0132,1.13,2.1,15,0.67,1.0,157,0.016,0,,0.07,0,,
sym_statexsymbol=NA|TAOUSDT,160,51.2,0.0132,1.13,2.1,15,0.67,1.0,157,0.016,0,,0.07,0,,
strategyxregimexadx=setup_follow|neutral|<20,400,51.2,0.0034,1.05,1.4,11,1.93,1.19,118,-0.022,282,0.014,0.1,273,50.9,
atrpxspread=hi|2-5,1961,51.2,-0.0006,0.99,-1.1,49,inf,inf,263,0.006,1698,-0.002,0.07,819,51.3,
imbxweekday=>=0.5|3,2082,51.2,0.0006,1.01,1.2,9,7.22,3.78,1152,0.005,930,-0.005,0.1,835,50.7,
cascxv3=N|N,14340,51.2,0.0008,1.01,11.8,60,1.05,1.14,8140,0.005,5991,-0.004,0.08,3993,51.4,
symbolxweekday=ETHUSDT|1,601,51.2,0.011,1.11,6.6,9,0.58,1.0,351,0.013,200,0.01,0.09,221,50.2,
breadthxsymbol=1|SOLUSDT,361,51.2,-0.0153,0.87,-5.5,49,inf,inf,128,-0.013,233,-0.017,0.09,231,51.5,
fundxv3=neg|N,3413,51.2,0.0019,1.02,6.5,54,0.9,0.51,2164,0.009,1249,-0.01,0.08,1038,50.9,
strategyxweekdayxregime=burst_follow|0|neutral,683,51.2,-0.0067,0.9,-4.6,6,inf,inf,513,-0.017,170,0.025,0.06,219,54.3,
symbolxv3=DOGEUSDT|N,201,51.2,0.0141,1.16,2.8,10,0.76,1.0,0,,201,0.014,0.08,34,55.9,
sidexweekday=SHORT|0,1770,51.2,-0.0072,0.95,-12.7,9,inf,inf,905,0.019,865,-0.035,0.1,636,52.0,
regimexsymbol=bear|PENDLEUSDT,121,51.2,-0.024,0.79,-2.9,21,inf,inf,58,-0.048,63,-0.002,0.08,58,51.7,
fundxsymbol=flat|TAOUSDT,566,51.2,0.01,1.09,5.7,56,0.49,1.0,211,0.006,355,0.013,0.08,221,50.7,
regimexsym_state=bull|neutral,2469,51.2,-0.0054,0.95,-13.4,20,inf,inf,1062,-0.0,1407,-0.009,0.1,676,51.0,
adxxweekend=>=30|False,6113,51.2,-0.0028,0.97,-17.2,9,inf,inf,278,0.023,5835,-0.004,0.08,2762,51.6,
symbolxweekday=ETHUSDT|2,648,51.2,0.0109,1.1,7.1,9,0.72,1.0,409,0.01,239,0.013,0.1,245,52.7,
regimexvs=bear|N,5231,51.2,0.0016,1.01,8.4,21,1.0,0.69,3460,0.003,1771,-0.001,0.1,1687,50.6,
decile_bandxsym_state=D2-3|bull,6580,51.2,-0.0032,0.97,-21.3,48,inf,inf,897,0.003,5683,-0.004,0.08,3148,50.6,
decile_bandxweekday=D2-3|6,2600,51.2,-0.0044,0.96,-11.4,9,inf,inf,940,0.003,1660,-0.009,0.08,985,50.4,
spreadxsymbol=<2|ETHUSDT,2723,51.2,0.0065,1.06,17.8,49,0.31,1.0,1130,0.004,1593,0.009,0.1,1588,51.4,Y
adxxcasc=>=30|N,5185,51.2,-0.001,0.99,-5.1,14,inf,inf,278,0.023,4907,-0.002,0.09,2136,50.8,
breadthxfund=>=4|flat,3920,51.2,-0.0048,0.96,-18.7,42,inf,inf,1117,-0.004,2803,-0.005,0.09,1257,51.4,
breadthxsym_state=>=4|bear,613,51.2,0.0033,1.03,2.0,30,1.22,1.35,283,0.008,330,-0.0,0.11,212,49.5,
decile_bandxsymbol=D2-3|SOLUSDT,1921,51.2,-0.0045,0.95,-8.7,63,inf,inf,1052,-0.007,838,-0.002,0.08,692,51.7,
atrpxsymbol=hi|APTUSDT,123,51.2,-0.0274,0.76,-3.4,21,inf,inf,30,0.045,93,-0.051,0.09,36,47.2,
decile_bandxhour_band=D2-3|12-17,4674,51.2,0.0009,1.01,4.1,61,1.26,1.84,2228,0.007,2275,-0.005,0.08,1671,50.7,
decile_bandxsymbol=D4-9|XRPUSDT,287,51.2,0.0093,1.08,2.7,48,0.44,1.0,125,-0.016,155,0.031,0.11,98,52.0,
decile_bandxsymbol=D10|NMRUSDT,41,51.2,-0.0097,0.94,-0.4,18,inf,inf,24,-0.001,17,-0.022,0.2,13,46.2,
hour_bandxsymbol=18-23|NEARUSDT,205,51.2,0.0073,1.09,1.5,44,0.77,1.0,117,0.008,85,0.007,0.08,69,42.0,
regimexvs=bull|N,10086,51.2,0.0001,1.0,1.3,22,8.62,5.03,1941,0.006,8145,-0.001,0.08,3852,50.9,
sym_statexsymbol=bull|CHZUSDT,41,51.2,0.0035,1.02,0.1,6,8.06,1.0,0,,41,0.004,0.15,23,52.2,
decile_bandxhour_band=D4-9|0-5,1642,51.2,0.007,1.06,11.5,62,0.26,0.32,753,0.008,889,0.006,0.09,592,50.8,Y
fundxspread=flat|<2,7174,51.2,0.0006,1.01,4.5,49,1.43,1.96,2695,0.003,4479,-0.001,0.1,3367,50.5,
oidxsymbol=mid|PENDLEUSDT,289,51.2,-0.0182,0.87,-5.3,47,inf,inf,104,-0.025,185,-0.014,0.11,167,52.7,
v3xweekend=N|False,13072,51.2,0.001,1.01,13.6,44,0.91,0.89,6844,0.007,6019,-0.006,0.08,3939,51.4,
spreadxweekday=2-5|5,580,51.2,0.0034,1.03,2.0,7,1.65,1.24,92,0.01,488,0.002,0.09,289,48.4,
volzxweekday=<2|4,2736,51.2,0.0071,1.07,19.4,8,0.46,0.34,1103,0.005,1633,0.008,0.09,1270,50.9,
breadthxcasc=>=4|N,7218,51.2,-0.0052,0.95,-37.5,42,inf,inf,2263,-0.0,4955,-0.007,0.09,2207,51.1,
sidexsymbol=SHORT|NMRUSDT,166,51.2,-0.0086,0.95,-1.4,51,inf,inf,88,-0.001,72,-0.051,0.11,72,50.0,
sym_statexsymbol=bull|WLDUSDT,166,51.2,-0.0026,0.98,-0.4,11,inf,inf,0,,166,-0.003,0.08,67,49.3,
oidxv3=mid|N,6765,51.2,-0.0014,0.99,-9.3,43,inf,inf,2424,0.004,4341,-0.004,0.09,2965,50.8,
spreadxweekday=<2|5,1748,51.2,0.0028,1.03,4.8,7,0.85,0.86,346,0.006,1402,0.002,0.09,996,49.7,
hour_bandxspread=18-23|<2,3330,51.2,-0.0052,0.95,-17.3,47,inf,inf,936,0.005,2394,-0.009,0.1,1626,51.1,
side=LONG,16110,51.2,0.007,1.07,112.5,63,0.31,0.22,7776,0.004,8167,0.011,0.09,5691,51.1,Y
sessionxside=None|LONG,16110,51.2,0.007,1.07,112.5,63,0.31,0.22,7776,0.004,8167,0.011,0.09,5691,51.1,Y
decile_bandxweekday=D4-9|4,793,51.2,0.0263,1.21,20.8,9,0.26,0.15,361,0.027,432,0.025,0.13,317,50.8,
sym_state=bull,9026,51.2,0.0009,1.01,8.0,48,1.14,0.93,1211,0.011,7815,-0.001,0.08,4184,50.7,
sessionxsym_state=None|bull,9026,51.2,0.0009,1.01,8.0,48,1.14,0.93,1211,0.011,7815,-0.001,0.08,4184,50.7,
adxxsymbol=20-30|APTUSDT,293,51.2,0.0272,1.25,8.0,34,0.24,1.0,135,0.028,158,0.026,0.12,129,49.6,Y
oidxsymbol=mid|XLMUSDT,293,51.2,-0.0133,0.9,-3.9,45,inf,inf,104,-0.014,189,-0.013,0.12,136,51.5,
strategyxregimexbreadth=burst_follow|neutral|>=4,965,51.2,-0.0245,0.72,-23.6,25,inf,inf,483,-0.01,482,-0.039,0.07,262,51.5,
atrpxvs=hi|N,8777,51.2,0.0008,1.01,6.7,57,2.21,1.27,2443,0.001,6334,0.0,0.07,2940,51.1,
hour_bandxsymbol=12-17|HYPEUSDT,84,51.2,-0.01,0.9,-0.8,9,inf,inf,0,,84,-0.01,0.08,41,41.5,
symbolxvolz=DOTUSDT|>=5,84,51.2,-0.0046,0.97,-0.4,21,inf,inf,29,-0.001,55,-0.006,0.12,24,50.0,
sym_statexsymbol=bull|ETHUSDT,1348,51.2,0.0055,1.05,7.4,22,0.75,1.0,526,0.004,822,0.007,0.09,674,51.5,
atrpxweekday=mid|4,2071,51.2,0.0159,1.14,33.0,8,0.26,0.28,1089,0.013,982,0.019,0.12,907,51.2,
cascxweekday=N|4,3806,51.2,0.0074,1.06,28.0,9,0.28,0.23,1958,0.011,1848,0.004,0.1,1459,51.3,
fundxsymbol=neg|FILUSDT,254,51.2,-0.0088,0.93,-2.2,26,inf,inf,152,-0.004,102,-0.015,0.12,88,51.1,
spreadxweekday=2-5|1,551,51.2,0.0035,1.03,1.9,7,0.85,2.18,170,0.008,381,0.001,0.07,244,50.4,
sym_statexsymbol=neutral|1000PEPEUSDT,467,51.2,-0.0075,0.94,-3.5,31,inf,inf,255,0.008,212,-0.026,0.12,184,50.0,
casc=Y,4289,51.2,0.0013,1.01,5.5,39,1.37,0.85,506,0.002,3783,0.001,0.08,2024,50.5,
cascxsession=Y|None,4289,51.2,0.0013,1.01,5.5,39,1.37,0.85,506,0.002,3783,0.001,0.08,2024,50.5,
spreadxvs=<2|N,14739,51.2,-0.0013,0.99,-18.8,49,inf,inf,4557,0.004,10182,-0.004,0.1,7112,50.8,
concxvolz=>=6|>=5,977,51.2,0.0052,1.05,5.1,18,1.05,0.51,977,0.005,0,,0.08,0,,
imbxsymbol=>=0.5|XLMUSDT,510,51.2,-0.0025,0.98,-1.3,59,inf,inf,282,0.004,225,-0.011,0.1,153,51.6,
spreadxsymbol=<2|1000LUNCUSDT,170,51.2,-0.0036,0.97,-0.6,29,inf,inf,70,-0.016,100,0.005,0.1,83,49.4,
atrpxbreadth=hi|1,936,51.2,0.0064,1.07,6.0,49,0.38,0.42,267,0.007,669,0.006,0.06,580,50.3,Y
hour_bandxspread=12-17|2-5,895,51.2,-0.0056,0.95,-5.1,47,inf,inf,260,-0.002,635,-0.007,0.1,400,51.2,
oidxweekday=>0.5|4,725,51.2,0.0029,1.02,2.1,7,2.39,1.1,136,0.012,589,0.001,0.11,400,51.2,
decile_bandxsymbol=D10|ETHUSDT,256,51.2,0.0318,1.26,8.1,55,0.14,1.0,145,0.02,111,0.047,0.14,94,54.3,Y
cascxhour_band=Y|0-5,1196,51.2,-0.0039,0.97,-4.7,30,inf,inf,152,0.006,1044,-0.005,0.08,527,50.1,
symbolxvs=XLMUSDT|N,600,51.2,-0.0036,0.97,-2.1,62,inf,inf,345,0.008,252,-0.019,0.1,165,50.9,
hour=10,1202,51.2,0.0068,1.07,8.2,61,0.25,0.51,517,0.016,681,-0.0,0.07,448,52.0,
breadthxoid=>=4|>0.5,2105,51.2,-0.0023,0.98,-4.8,38,inf,inf,343,0.008,1762,-0.004,0.08,802,51.2,
weekday=4,4513,51.2,0.0078,1.07,35.2,9,0.26,0.22,2140,0.009,2373,0.006,0.1,1782,51.7,
sessionxweekday=None|4,4513,51.2,0.0078,1.07,35.2,9,0.26,0.22,2140,0.009,2373,0.006,0.1,1782,51.7,
weekdayxweekend=4|False,4513,51.2,0.0078,1.07,35.2,9,0.26,0.22,2140,0.009,2373,0.006,0.1,1782,51.7,
adxxsymbol=<20|ICPUSDT,43,51.2,-0.0236,0.81,-1.0,9,inf,inf,17,0.018,26,-0.051,0.09,24,45.8,
breadthxsymbol=2-3|BNBUSDT,86,51.2,-0.0354,0.73,-3.0,26,inf,inf,41,-0.071,45,-0.003,0.12,47,55.3,
breadthxsymbol=2-3|TRUMPUSDT,86,51.2,0.0161,1.21,1.4,8,1.01,1.0,0,,86,0.016,0.07,71,50.7,
fundxsymbol=neg|ENAUSDT,258,51.2,0.014,1.15,3.6,35,0.4,1.0,136,0.029,122,-0.003,0.08,102,47.1,
hour_bandxmktb=12-17|>=60,86,51.2,0.0213,1.29,1.8,1,1.0,0.33,0,,86,0.021,0.05,55,43.6,
hour_bandxweekday=12-17|3,946,51.2,0.0054,1.05,5.2,9,0.86,0.64,518,0.012,428,-0.003,0.1,378,48.7,
oidxsymbol=>0.5|QNTUSDT,43,51.2,0.0651,1.58,2.8,13,0.65,1.0,20,0.044,23,0.083,0.16,18,55.6,
symbolxweekday=DOTUSDT|6,86,51.2,-0.0158,0.85,-1.4,8,inf,inf,13,0.004,73,-0.019,0.06,34,52.9,
fundxweekday=pos|4,1468,51.2,0.0041,1.04,6.0,9,0.75,1.06,555,0.006,913,0.003,0.1,555,53.7,
symbolxweekend=WLDUSDT|True,346,51.2,0.0022,1.02,0.7,18,2.36,1.0,193,-0.006,153,0.012,0.09,98,53.1,
breadthxvolz=>=4|2-5,2336,51.2,-0.0047,0.96,-11.1,40,inf,inf,555,0.003,1781,-0.007,0.11,721,51.0,
symbolxv3=ADAUSDT|N,694,51.2,0.0004,1.0,0.3,57,5.24,1.0,387,0.009,301,-0.012,0.07,135,50.4,
breadthxsymbol=>=4|TRUMPUSDT,305,51.1,-0.0045,0.95,-1.4,10,inf,inf,0,,305,-0.005,0.06,138,55.8,
adxxsymbol=>=30|ADAUSDT,262,51.1,0.0011,1.01,0.3,14,6.29,1.0,7,0.116,255,-0.002,0.08,64,50.0,
symbolxvolz=PENDLEUSDT|<2,262,51.1,-0.0076,0.94,-2.0,52,inf,inf,108,-0.017,154,-0.001,0.1,131,52.7,
atrpxfund=hi|neg,1486,51.1,0.0031,1.04,4.6,54,0.69,0.7,755,0.012,731,-0.006,0.06,457,50.1,
decile_bandxvolz=D10|<2,481,51.1,0.0024,1.02,1.2,53,3.35,3.48,196,0.01,285,-0.002,0.16,192,51.6,
spreadxweekday=<2|3,2143,51.1,0.0032,1.03,6.9,7,1.12,0.42,808,0.009,1335,-0.0,0.11,1086,50.8,
cascxdecile_band=Y|D2-3,3195,51.1,-0.0039,0.96,-12.5,34,inf,inf,388,0.0,2807,-0.004,0.07,1556,50.2,
sym_statexvolz=bull|2-5,1795,51.1,0.0015,1.01,2.7,45,1.69,2.38,203,0.029,1592,-0.002,0.09,738,50.4,
volzxweekday=2-5|1,876,51.1,0.009,1.08,7.9,8,0.39,0.4,403,0.018,473,0.001,0.08,302,50.7,
fundxspread=pos|<2,5348,51.1,-0.003,0.97,-15.9,49,inf,inf,638,-0.006,4710,-0.003,0.09,2690,51.0,
hour_bandxmktb=12-17|<30,6416,51.1,0.0034,1.03,21.6,57,0.64,0.62,3539,0.009,2877,-0.004,0.1,2225,50.9,
atrpxhour_band=lo|12-17,440,51.1,0.0043,1.03,1.9,40,1.35,2.69,183,-0.007,257,0.012,0.17,254,52.0,
strategyxsymbol=burst_follow|ARBUSDT,88,51.1,-0.0008,0.99,-0.1,33,inf,inf,53,-0.002,35,0.002,0.07,9,44.4,
symbolxweekday=PENDLEUSDT|2,88,51.1,-0.0363,0.78,-3.2,9,inf,inf,40,-0.058,48,-0.018,0.1,49,53.1,
fundxregime=pos|bull,5331,51.1,-0.0024,0.98,-12.7,22,inf,inf,336,-0.0,4995,-0.003,0.08,2380,51.0,
adxxbreadth=20-30|>=4,3354,51.1,-0.0094,0.92,-31.4,32,inf,inf,1740,0.003,1614,-0.023,0.1,949,51.0,
symbolxweekday=XRPUSDT|0,309,51.1,-0.0086,0.93,-2.7,9,inf,inf,155,-0.0,154,-0.017,0.09,103,53.4,
spread=<2,15325,51.1,-0.001,0.99,-16.0,49,inf,inf,4712,0.004,10613,-0.003,0.1,7454,50.8,
sessionxspread=None|<2,15325,51.1,-0.001,0.99,-16.0,49,inf,inf,4712,0.004,10613,-0.003,0.1,7454,50.8,
fundxsym_state=pos|bull,4817,51.1,-0.0001,1.0,-0.3,38,inf,inf,202,0.02,4615,-0.001,0.08,2304,50.8,
imbxvolz=>=0.5|2-5,3450,51.1,-0.002,0.98,-6.7,57,inf,inf,1511,0.009,1939,-0.011,0.1,1240,50.5,
concxspread=2-3|<2,8719,51.1,-0.0052,0.95,-45.2,40,inf,inf,1379,0.002,7340,-0.007,0.09,3341,50.9,
regime=bull,10534,51.1,0.0001,1.0,1.3,22,7.25,6.49,2005,0.005,8529,-0.001,0.08,4142,50.8,
regimexsession=bull|None,10534,51.1,0.0001,1.0,1.3,22,7.25,6.49,2005,0.005,8529,-0.001,0.08,4142,50.8,
breadthxsymbol=>=4|ICPUSDT,133,51.1,-0.024,0.81,-3.2,26,inf,inf,37,0.019,96,-0.041,0.09,56,46.4,
symbolxv3=ETHUSDT|Y,399,51.1,0.0227,1.17,9.1,55,0.38,1.0,175,-0.007,224,0.046,0.17,181,52.5,
strategyxweekdayxregime=burst_follow|5|neutral,266,51.1,-0.006,0.91,-1.6,5,inf,inf,213,0.001,53,-0.036,0.08,98,52.0,
sidexsymbol=SHORT|ETHUSDT,1823,51.1,-0.0022,0.98,-4.0,63,inf,inf,1048,0.002,753,-0.01,0.09,745,50.3,
strategyxdecile_bandximb=london_burst_fade|D10|>=0.5,178,51.1,-0.0119,0.94,-2.1,37,inf,inf,115,-0.001,61,-0.043,0.14,37,48.6,
breadthxconc=2-3|>=6,1158,51.1,0.0064,1.06,7.4,10,0.66,0.61,1158,0.006,0,,0.09,0,,
adxxweekday=NA|4,980,51.1,0.0141,1.14,13.8,4,0.49,0.38,974,0.014,6,-0.04,0.08,24,75.0,
breadthxweekday=NA|4,980,51.1,0.0141,1.14,13.8,4,0.49,0.38,974,0.014,6,-0.04,0.08,24,75.0,
spreadxweekday=NA|4,980,51.1,0.0141,1.14,13.8,4,0.49,0.38,974,0.014,6,-0.04,0.08,24,75.0,
sym_statexweekday=NA|4,980,51.1,0.0141,1.14,13.8,4,0.49,0.38,974,0.014,6,-0.04,0.08,24,75.0,
decile_bandxfund=D10|flat,1604,51.1,0.0066,1.05,10.6,62,0.37,0.54,928,0.012,676,-0.001,0.13,418,50.7,
breadthxoid=>=4|mid,5037,51.1,-0.0018,0.98,-9.1,42,inf,inf,1357,0.0,3680,-0.002,0.1,1749,51.5,
strategyxsymbol=burst_follow|NEARUSDT,223,51.1,0.0095,1.16,2.1,48,0.41,1.0,127,0.016,92,0.004,0.09,49,55.1,
cascxregime=N|bear,5092,51.1,0.0005,1.0,2.7,21,3.14,2.38,3267,0.002,1825,-0.001,0.1,1726,50.6,
decile_bandxregime=D2-3|bull,7571,51.1,-0.0033,0.97,-25.0,22,inf,inf,1430,0.004,6141,-0.005,0.08,3120,50.8,
symbolxvs=APTUSDT|N,538,51.1,0.019,1.18,10.2,61,0.18,1.0,258,0.036,272,0.004,0.12,169,48.5,Y
atrp=hi,9238,51.1,0.0013,1.01,11.8,57,1.1,0.74,2604,0.002,6634,0.001,0.07,3191,51.1,
atrpxsession=hi|None,9238,51.1,0.0013,1.01,11.8,57,1.1,0.74,2604,0.002,6634,0.001,0.07,3191,51.1,
concxsymbol=0-1|ETHUSDT,988,51.1,0.0072,1.06,7.1,40,0.52,1.0,266,-0.013,722,0.015,0.11,988,51.1,
sym_statexweekday=bull|1,1078,51.1,-0.0106,0.9,-11.4,7,inf,inf,138,0.022,940,-0.015,0.06,449,51.9,
breadthxhour_band=>=4|6-11,2293,51.1,-0.0003,1.0,-0.6,33,inf,inf,390,0.002,1903,-0.001,0.09,836,51.7,
adxxsymbol=NA|APTUSDT,135,51.1,0.0364,1.41,4.9,14,0.3,1.0,125,0.039,0,,0.07,0,,
breadthxsymbol=NA|APTUSDT,135,51.1,0.0364,1.41,4.9,14,0.3,1.0,125,0.039,0,,0.07,0,,
breadthxsymbol=>=4|NEARUSDT,225,51.1,-0.0267,0.77,-6.0,32,inf,inf,69,-0.025,156,-0.028,0.07,56,55.4,
breadthxsymbol=1|BNBUSDT,180,51.1,0.0098,1.08,1.8,32,0.85,1.0,73,0.034,107,-0.006,0.11,113,50.4,
cascxoid=Y|NA,450,51.1,0.0048,1.05,2.2,14,1.45,0.92,442,0.005,8,0.001,0.08,3,33.3,
concxdecile_band=4-5|D2-3,45,51.1,0.0149,1.15,0.7,5,1.47,1.01,45,0.015,0,,0.09,0,,
fundxsymbol=neg|XLMUSDT,225,51.1,-0.0008,0.99,-0.2,34,inf,inf,135,0.018,90,-0.029,0.12,83,50.6,
oidxsymbol=NA|APTUSDT,135,51.1,0.0364,1.41,4.9,14,0.3,1.0,125,0.039,0,,0.07,0,,
spreadxsymbol=NA|APTUSDT,135,51.1,0.0364,1.41,4.9,14,0.3,1.0,125,0.039,0,,0.07,0,,
sym_statexsymbol=NA|APTUSDT,135,51.1,0.0364,1.41,4.9,14,0.3,1.0,125,0.039,0,,0.07,0,,
strategyxweekdayxhour_band=setup_follow|1|6-11,180,51.1,0.0033,1.05,0.6,9,2.36,1.29,97,0.016,81,-0.001,0.09,84,46.4,
concxregime=>=6|bear,3017,51.1,0.0026,1.02,7.9,8,1.05,0.46,3017,0.003,0,,0.09,0,,
hour_bandxsym_state=0-5|bull,2659,51.1,-0.0017,0.98,-4.6,41,inf,inf,335,0.008,2324,-0.003,0.07,1163,50.7,
oidxweekday=NA|4,994,51.1,0.0135,1.13,13.4,5,0.5,0.39,979,0.013,15,0.023,0.08,30,66.7,
strategyxregimexadx=setup_follow|bull|20-30,407,51.1,0.0052,1.07,2.1,12,1.58,0.67,321,0.002,86,0.016,0.13,103,45.6,
strategyxweekdayxregime=setup_fade|5|neutral,362,51.1,0.0341,1.23,12.4,6,0.51,0.28,262,0.027,100,0.053,0.11,154,50.6,
strategyxvolz=setup_follow|2-5,1225,51.1,0.0039,1.05,4.8,56,0.4,0.45,468,0.008,757,0.002,0.13,619,51.1,
regime=bear,5548,51.1,0.0006,1.01,3.5,21,2.5,1.51,3675,0.002,1873,-0.001,0.1,1769,50.5,
mktbxregime=<30|bear,5548,51.1,0.0006,1.01,3.5,21,2.5,1.51,3675,0.002,1873,-0.001,0.1,1769,50.5,
regimexsession=bear|None,5548,51.1,0.0006,1.01,3.5,21,2.5,1.51,3675,0.002,1873,-0.001,0.1,1769,50.5,
breadthxsymbol=1|PENDLEUSDT,182,51.1,-0.0301,0.8,-5.5,36,inf,inf,63,-0.029,119,-0.031,0.12,113,52.2,
concxsymbol=>=6|ENAUSDT,364,51.1,0.0113,1.11,4.1,23,0.48,1.0,364,0.011,0,,0.08,0,,
strategyxregimexbreadth=london_burst_fade|bull|2-3,182,51.1,-0.0054,0.97,-1.0,17,inf,inf,58,-0.002,124,-0.007,0.09,77,53.2,
sidexweekend=LONG|False,11842,51.1,0.0078,1.08,92.9,45,0.38,0.21,6165,0.004,5510,0.013,0.09,4102,51.1,Y
breadthxhour_band=>=4|18-23,2278,51.1,-0.0129,0.87,-29.3,34,inf,inf,509,-0.025,1769,-0.009,0.09,792,52.9,
atrpxweekday=lo|1,411,51.1,0.0149,1.12,6.1,8,0.97,0.68,148,0.0,263,0.023,0.14,239,50.6,
fundxweekday=neg|6,822,51.1,-0.0133,0.88,-10.9,9,inf,inf,357,0.008,465,-0.03,0.09,308,53.2,
strategyxsymbol=setup_follow|WLDUSDT,137,51.1,0.0051,1.07,0.7,55,0.68,1.0,69,0.006,66,0.005,0.13,73,45.2,
vsxweekday=N|4,4298,51.1,0.0059,1.05,25.2,9,0.36,0.22,2015,0.009,2283,0.003,0.1,1683,51.4,
sidexsymbol=LONG|DOTUSDT,366,51.1,-0.0024,0.98,-0.9,58,inf,inf,165,-0.043,201,0.031,0.1,136,54.4,
fundxweekday=flat|6,1832,51.1,-0.0097,0.91,-17.8,9,inf,inf,815,-0.002,1017,-0.016,0.09,589,51.1,
concxweekday=2-3|3,1466,51.1,0.0051,1.05,7.5,7,1.02,0.32,300,0.028,1166,-0.001,0.1,622,51.1,
symbol=APTUSDT,597,51.1,0.0201,1.18,12.0,61,0.16,1.0,283,0.037,304,0.005,0.11,202,49.0,Y
sessionxsymbol=None|APTUSDT,597,51.1,0.0201,1.18,12.0,61,0.16,1.0,283,0.037,304,0.005,0.11,202,49.0,Y
concxsymbol=>=6|SOLUSDT,1057,51.1,-0.0029,0.97,-3.1,23,inf,inf,1057,-0.003,0,,0.08,0,,
adxxdecile_band=<20|D10,276,51.1,0.0172,1.16,4.7,10,0.73,0.4,182,-0.006,94,0.061,0.12,97,50.5,
atrpxweekday=hi|2,1196,51.1,0.0131,1.17,15.7,8,0.26,0.14,591,0.016,605,0.011,0.05,347,50.4,
concxsymbol=0-1|XLMUSDT,92,51.1,-0.0108,0.92,-1.0,27,inf,inf,25,0.059,67,-0.037,0.13,92,51.1,
v3xweekday=N|5,1932,51.1,0.0009,1.01,1.8,8,2.06,1.97,766,-0.007,1166,0.006,0.07,654,49.8,
cascxsym_state=N|bull,5528,51.1,0.0013,1.01,7.4,48,0.95,0.48,1211,0.011,4317,-0.001,0.09,2375,50.6,
adxxhour_band=<20|0-5,415,51.1,-0.0077,0.93,-3.2,7,inf,inf,181,0.016,234,-0.026,0.09,284,51.8,
hour_bandxsymbol=12-17|ADAUSDT,323,51.1,0.016,1.16,5.2,53,0.45,1.0,190,0.032,123,-0.009,0.08,88,46.6,
strategyxweekday=london_burst_fade|2,323,51.1,0.0634,1.46,20.5,8,0.38,0.28,186,0.086,137,0.033,0.17,94,54.3,
sidexsymbol=SHORT|CHZUSDT,231,51.1,0.0061,1.04,1.4,58,1.55,1.0,129,0.023,100,-0.029,0.1,83,51.8,
spreadxsymbol=<2|APTUSDT,462,51.1,0.0154,1.13,7.1,47,0.27,1.0,158,0.035,304,0.005,0.13,202,49.0,Y
atrpxsymbol=mid|ETHUSDT,1991,51.1,-0.0002,1.0,-0.3,52,inf,inf,1173,0.0,818,-0.001,0.09,789,50.7,
adxxsymbol=NA|CHZUSDT,139,51.1,0.0012,1.01,0.2,15,4.72,1.0,135,-0.005,0,,0.12,0,,
breadthxsymbol=NA|CHZUSDT,139,51.1,0.0012,1.01,0.2,15,4.72,1.0,135,-0.005,0,,0.12,0,,
oidxsymbol=NA|CHZUSDT,139,51.1,0.0012,1.01,0.2,15,4.72,1.0,135,-0.005,0,,0.12,0,,
spreadxsymbol=NA|CHZUSDT,139,51.1,0.0012,1.01,0.2,15,4.72,1.0,135,-0.005,0,,0.12,0,,
sym_statexsymbol=NA|CHZUSDT,139,51.1,0.0012,1.01,0.2,15,4.72,1.0,135,-0.005,0,,0.12,0,,
strategyxregimexdecile_band=burst_follow|NA|D2-3,139,51.1,-0.015,0.79,-2.1,2,inf,inf,72,-0.017,0,,0.05,0,,
adxxoid=>=30|mid,4403,51.1,0.0023,1.02,10.1,14,0.79,0.58,182,0.037,4221,0.001,0.09,2042,50.7,
hour_bandxside=6-11|LONG,3875,51.1,0.0109,1.11,42.4,63,0.37,0.15,1842,-0.006,2015,0.028,0.09,1488,51.5,
regimexweekday=bull|4,1823,51.1,0.0008,1.01,1.5,3,3.52,3.94,112,-0.041,1711,0.004,0.11,800,51.7,
adxxsymbol=>=30|1000PEPEUSDT,421,51.1,-0.008,0.92,-3.4,14,inf,inf,10,0.05,411,-0.009,0.08,195,54.9,
weekday=6,4218,51.1,-0.0059,0.94,-25.0,9,inf,inf,1487,0.002,2731,-0.01,0.09,1551,50.8,
sessionxweekday=None|6,4218,51.1,-0.0059,0.94,-25.0,9,inf,inf,1487,0.002,2731,-0.01,0.09,1551,50.8,
weekdayxweekend=6|True,4218,51.1,-0.0059,0.94,-25.0,9,inf,inf,1487,0.002,2731,-0.01,0.09,1551,50.8,
concxweekday=>=6|3,1453,51.1,0.0019,1.02,2.7,4,2.71,2.87,1453,0.002,0,,0.09,0,,
adxxsymbol=<20|PENDLEUSDT,47,51.1,0.0284,1.22,1.3,8,0.38,1.0,19,0.036,28,0.023,0.15,32,53.1,
atrpxsymbol=NA|NMRUSDT,47,51.1,0.025,1.18,1.2,7,1.51,1.0,36,-0.016,0,,0.19,0,,
concxsymbol=0-1|HYPEUSDT,47,51.1,-0.0349,0.71,-1.6,9,inf,inf,0,,47,-0.035,0.04,47,51.1,
oidxsymbol=>0.5|APTUSDT,94,51.1,0.0056,1.04,0.5,25,2.47,1.0,28,0.045,66,-0.011,0.16,41,46.3,
strategyxsymbol=setup_fade|WLDUSDT,141,51.1,0.0117,1.07,1.6,55,0.94,1.0,71,-0.032,68,0.056,0.13,76,59.2,
strategyxsymbol=asia_burst_fade|TAOUSDT,47,51.1,-0.012,0.94,-0.6,28,inf,inf,19,-0.21,28,0.123,0.11,8,75.0,
symbolxvolz=NMRUSDT|NA,47,51.1,0.025,1.18,1.2,7,1.51,1.0,36,-0.016,0,,0.19,0,,
strategyxweekdayxhour_band=asia_burst_fade|4|6-11,94,51.1,0.0177,1.12,1.7,8,3.21,1.09,37,-0.155,57,0.13,0.1,39,59.0,
sym_statexweekend=bull|False,6308,51.1,-0.0015,0.99,-9.5,34,inf,inf,1153,0.011,5155,-0.004,0.08,2928,51.3,
cascxweekday=Y|4,707,51.1,0.0101,1.1,7.1,6,1.07,0.55,182,-0.005,525,0.015,0.09,323,53.3,
imbxsymbol=>=0.5|APTUSDT,519,51.1,0.0183,1.17,9.5,56,0.2,1.0,224,0.028,285,0.011,0.1,185,48.6,Y
decile_bandxweekday=D2-3|4,3163,51.1,0.0018,1.02,5.7,9,0.86,0.87,1462,0.003,1701,0.001,0.09,1308,51.4,
sym_statexvolz=neutral|>=5,1275,51.1,-0.0057,0.95,-7.3,46,inf,inf,571,-0.009,704,-0.003,0.1,459,52.5,
fundxv3=pos|N,5337,51.1,-0.0034,0.97,-18.1,54,inf,inf,1296,0.001,4041,-0.005,0.07,1903,50.8,
fundxregime=flat|bull,4064,51.1,0.002,1.02,8.0,22,1.03,0.68,1144,0.005,2920,0.001,0.09,1394,50.6,
regimexsymbol=neutral|TAOUSDT,331,51.1,0.0196,1.19,6.5,34,0.43,1.0,206,0.015,125,0.028,0.09,113,51.3,
concxvs=2-3|N,11578,51.1,-0.0052,0.95,-60.1,43,inf,inf,1917,-0.001,9661,-0.006,0.09,4356,50.9,
decile_bandxspread=D2-3|<2,10734,51.1,-0.0041,0.96,-44.3,49,inf,inf,3278,-0.0,7456,-0.006,0.09,5497,50.6,
hour_bandxstrategy=18-23|follow_3h_all,190,51.1,-0.0056,0.96,-1.1,29,inf,inf,128,-0.026,62,0.036,0.0,40,50.0,
hour_bandxsymbol=0-5|XLMUSDT,190,51.1,0.0028,1.02,0.5,47,2.93,1.0,105,-0.006,85,0.014,0.07,45,51.1,
fundxside=neg|LONG,3567,51.1,-0.0004,1.0,-1.6,61,inf,inf,2197,0.001,1370,-0.002,0.08,1314,50.2,
adxxvolz=>=30|<2,6041,51.1,-0.0028,0.97,-17.2,14,inf,inf,179,0.012,5862,-0.003,0.08,2939,50.9,
atrpxsymbol=mid|WLDUSDT,333,51.1,0.0056,1.05,1.9,43,0.56,1.0,194,-0.01,139,0.027,0.11,184,51.6,
symbolxweekday=ETHUSDT|6,476,51.1,0.0011,1.01,0.5,9,2.69,1.0,244,0.004,232,-0.002,0.12,184,51.1,
spreadxsymbol=<2|XLMUSDT,429,51.0,-0.018,0.86,-7.7,47,inf,inf,157,-0.018,272,-0.018,0.12,176,51.1,
v3xweekday=N|0,2770,51.0,-0.0158,0.86,-43.7,8,inf,inf,1577,-0.011,1193,-0.022,0.07,810,51.5,
imbxweekend=>=0.5|True,5158,51.0,-0.0072,0.93,-37.3,18,inf,inf,1973,0.0,3185,-0.012,0.08,1893,50.7,
mktbxoid=<30|<-0.5,3297,51.0,-0.011,0.9,-36.4,47,inf,inf,1057,-0.008,2240,-0.012,0.08,1433,52.1,
hour_bandxregime=18-23|bull,2057,51.0,0.0033,1.04,6.8,16,1.46,0.88,375,0.015,1682,0.001,0.08,860,51.3,
mktbxstrategy=<30|ny_flush_buy_4h,670,51.0,-0.0077,0.95,-5.1,44,inf,inf,307,0.038,363,-0.046,0.0,144,52.1,
concxvolz=2-3|2-5,2684,51.0,-0.011,0.91,-29.5,40,inf,inf,442,-0.002,2242,-0.013,0.11,851,50.3,
adxxdecile_band=>=30|D4-9,1534,51.0,0.0151,1.14,23.2,14,0.23,0.14,47,0.042,1487,0.014,0.1,661,51.0,Y
hour_bandxsymbol=0-5|NMRUSDT,96,51.0,0.0401,1.35,3.8,31,0.31,1.0,53,0.066,43,0.008,0.14,37,48.6,Y
oidxsymbol=mid|LINKUSDT,96,51.0,-0.0242,0.83,-2.3,9,inf,inf,0,,96,-0.024,0.11,26,57.7,
adxxweekday=20-30|6,1922,51.0,-0.017,0.86,-32.7,6,inf,inf,443,-0.002,1479,-0.022,0.11,982,50.8,
breadthxfund=>=4|neg,1781,51.0,-0.0037,0.96,-6.6,37,inf,inf,868,0.002,913,-0.009,0.09,545,50.3,
adxxdecile_band=<20|D4-9,337,51.0,0.0019,1.02,0.6,10,3.59,2.77,113,-0.001,224,0.003,0.09,193,51.3,
mktbxweekday=<30|4,4489,51.0,0.0066,1.06,29.8,9,0.27,0.25,2122,0.007,2367,0.006,0.1,1758,51.4,
strategyxsidexregime=setup_fade|SHORT|neutral,1789,51.0,0.0108,1.06,19.4,39,0.45,0.73,1015,0.029,774,-0.013,0.1,891,52.0,
concxv3=>=6|N,6390,51.0,0.0042,1.04,26.8,23,0.41,0.26,6390,0.004,0,,0.07,0,,
concxsymbol=2-3|ETHUSDT,1066,51.0,0.0037,1.04,4.0,42,0.55,1.0,195,0.004,871,0.004,0.09,600,51.8,
strategyxregimexdecile_band=setup_follow|bull|D2-3,878,51.0,0.008,1.12,7.1,22,0.68,0.31,241,-0.007,637,0.014,0.12,455,50.3,
spreadxstrategy=<2|setup_follow,2442,51.0,-0.0004,0.99,-1.1,49,inf,inf,781,-0.005,1661,0.002,0.12,1413,49.5,
sym_statexweekend=neutral|True,2540,51.0,-0.0189,0.85,-48.0,13,inf,inf,757,-0.0,1783,-0.027,0.11,1366,50.1,
fundxweekday=pos|6,1564,51.0,0.0023,1.02,3.7,9,2.04,0.98,315,0.005,1249,0.002,0.09,654,49.4,
symbol=XLMUSDT,637,51.0,-0.0058,0.95,-3.7,62,inf,inf,360,0.004,274,-0.019,0.1,176,51.1,
atrpxdecile_band=mid|D10,1764,51.0,0.0066,1.05,11.6,57,0.82,0.35,968,0.016,796,-0.005,0.13,537,51.4,
atrpxoid=lo|>0.5,196,51.0,0.0203,1.17,4.0,31,0.29,0.41,65,0.037,131,0.012,0.12,125,50.4,Y
atrpxsymbol=NA|DASHUSDT,49,51.0,-0.0392,0.79,-1.9,5,inf,inf,49,-0.039,0,,0.24,0,,
cascxsymbol=N|XLMUSDT,637,51.0,-0.0058,0.95,-3.7,62,inf,inf,360,0.004,274,-0.019,0.1,176,51.1,
oidxsymbol=>0.5|ARBUSDT,98,51.0,-0.0205,0.87,-2.0,29,inf,inf,32,0.017,66,-0.038,0.1,42,47.6,
oidxsymbol=<-0.5|SUIUSDT,49,51.0,-0.0258,0.79,-1.3,6,inf,inf,0,,49,-0.026,0.08,13,53.8,
sessionxsymbol=None|XLMUSDT,637,51.0,-0.0058,0.95,-3.7,62,inf,inf,360,0.004,274,-0.019,0.1,176,51.1,
strategyxsymbol=setup_follow|UNIUSDT,196,51.0,0.0114,1.19,2.2,57,0.27,1.0,89,0.012,104,0.01,0.11,96,46.9,Y
strategyxsymbol=setup_follow|DASHUSDT,196,51.0,0.0047,1.08,0.9,57,1.16,1.0,105,0.007,91,0.002,0.11,85,49.4,
symbolxvolz=DASHUSDT|NA,49,51.0,-0.0392,0.79,-1.9,5,inf,inf,49,-0.039,0,,0.24,0,,
cascxspread=N|<2,12394,51.0,-0.0019,0.98,-24.1,49,inf,inf,4671,0.004,7723,-0.006,0.1,5938,50.8,
breadthxweekday=1|4,937,51.0,0.0163,1.15,15.3,7,0.36,0.16,493,0.014,444,0.019,0.11,610,51.3,
mktbxoid=30-60|>0.5,592,51.0,-0.0039,0.96,-2.3,4,inf,inf,0,,592,-0.004,0.07,270,50.7,
sym_statexv3=bear|N,888,51.0,0.0125,1.13,11.1,30,0.29,0.33,442,0.017,446,0.008,0.09,471,50.1,Y
imbxvs=>=0.5|N,18064,51.0,-0.0005,1.0,-8.8,63,inf,inf,8771,0.004,9066,-0.005,0.09,6410,51.0,
v3xvolz=N|<2,10731,51.0,-0.0041,0.96,-43.5,51,inf,inf,4442,-0.002,6289,-0.005,0.07,4083,50.8,
concxfund=2-3|pos,5013,51.0,-0.0063,0.94,-31.5,42,inf,inf,271,-0.005,4742,-0.006,0.09,1802,50.7,
breadthxweekend=>=4|False,7201,51.0,-0.0041,0.96,-29.5,30,inf,inf,2165,-0.002,5036,-0.005,0.09,2403,51.6,
hour_bandxsymbol=18-23|APTUSDT,149,51.0,0.0375,1.39,5.6,42,0.24,1.0,49,0.071,98,0.022,0.11,57,49.1,Y
hour_bandxsymbol=18-23|ARBUSDT,149,51.0,0.0036,1.03,0.5,37,1.59,1.0,68,0.025,81,-0.015,0.11,46,50.0,
oidxsymbol=mid|1000LUNCUSDT,149,51.0,-0.0025,0.98,-0.4,33,inf,inf,58,-0.031,91,0.015,0.1,92,51.1,
regimexsymbol=bull|ARBUSDT,149,51.0,-0.0046,0.96,-0.7,17,inf,inf,37,-0.006,112,-0.004,0.11,53,50.9,
sym_statexweekday=bear|6,298,51.0,0.014,1.14,4.2,6,0.67,0.23,67,0.012,231,0.014,0.09,185,53.0,
decile_bandxspread=D4-9|<2,2884,51.0,0.0072,1.06,20.8,49,0.3,0.41,890,0.012,1994,0.005,0.12,1277,51.1,Y
strategyxregimexbreadth=setup_follow|bull|>=4,649,51.0,0.0085,1.12,5.5,19,0.72,0.4,56,0.055,593,0.004,0.14,345,49.3,
concxstrategy=NA|burst_follow,200,51.0,0.0076,1.11,1.5,2,1.74,0.39,117,0.023,0,,0.14,0,,
mktbxstrategy=NA|burst_follow,200,51.0,0.0076,1.11,1.5,2,1.74,0.39,117,0.023,0,,0.14,0,,
oidxsymbol=mid|APTUSDT,300,51.0,0.0275,1.25,8.2,46,0.12,1.0,111,0.045,189,0.017,0.12,145,48.3,Y
regimexstrategy=NA|burst_follow,200,51.0,0.0076,1.11,1.5,2,1.74,0.39,117,0.023,0,,0.14,0,,
strategyxsymbol=setup_follow|FILUSDT,200,51.0,0.0013,1.02,0.3,59,3.5,1.0,110,-0.003,89,0.007,0.1,86,51.2,
strategyxsymbol=burst_follow|DOGEUSDT,100,51.0,0.0009,1.01,0.1,9,6.07,1.0,0,,100,0.001,0.08,14,50.0,
volzxvs=>=5|Y,100,51.0,-0.0179,0.88,-1.8,27,inf,inf,41,0.008,59,-0.036,0.11,54,48.1,
strategyxregimexadx=burst_follow|NA|NA,200,51.0,0.0076,1.11,1.5,2,1.74,0.39,117,0.023,0,,0.14,0,,
strategyxregimexbreadth=burst_follow|NA|NA,200,51.0,0.0076,1.11,1.5,2,1.74,0.39,117,0.023,0,,0.14,0,,
strategyxregimextrig=burst_follow|NA|burst,200,51.0,0.0076,1.11,1.5,2,1.74,0.39,117,0.023,0,,0.14,0,,
cascxstrategy=Y|setup_fade,402,51.0,0.0338,1.21,13.6,36,0.43,0.26,52,-0.025,350,0.043,0.14,249,51.4,
atrpxvolz=hi|2-5,2312,51.0,0.0043,1.04,9.9,54,0.36,0.63,692,0.004,1620,0.004,0.09,741,50.7,Y
cascxfund=Y|flat,1459,51.0,0.0056,1.06,8.1,32,0.46,0.5,364,-0.008,1095,0.01,0.08,584,50.9,
adxxhour_band=>=30|6-11,2469,51.0,-0.0019,0.98,-4.8,12,inf,inf,106,0.009,2363,-0.002,0.09,1086,51.5,
hour_bandxsymbol=6-11|1000PEPEUSDT,353,51.0,0.0011,1.01,0.4,49,4.18,1.0,188,-0.002,163,0.002,0.09,138,51.4,
cascxsymbol=N|APTUSDT,555,51.0,0.0231,1.22,12.8,59,0.15,1.0,283,0.037,262,0.009,0.11,185,48.1,Y
spreadxsym_state=<2|neutral,7117,51.0,-0.0041,0.97,-29.5,46,inf,inf,3168,0.002,3949,-0.009,0.11,3474,50.7,
concxweekday=0-1|4,963,51.0,0.0156,1.15,15.0,7,0.73,0.25,287,0.001,676,0.022,0.1,959,51.0,
atrpxsymbol=NA|CHZUSDT,51,51.0,-0.0227,0.84,-1.2,6,inf,inf,47,-0.041,0,,0.14,0,,
atrpxsymbol=hi|XLMUSDT,153,51.0,-0.0037,0.96,-0.6,25,inf,inf,59,-0.004,94,-0.003,0.07,31,48.4,
concxsymbol=0-1|ARBUSDT,153,51.0,0.0249,1.23,3.8,34,0.3,1.0,42,0.006,111,0.032,0.11,153,51.0,Y
decile_bandxsymbol=D4-9|WLDUSDT,255,51.0,0.0018,1.01,0.5,54,2.42,1.0,131,-0.026,121,0.031,0.12,99,49.5,
fundxstrategy=NA|burst_follow,204,51.0,0.007,1.1,1.4,2,1.79,0.42,121,0.021,0,,0.14,0,,
symbolxvolz=CHZUSDT|NA,51,51.0,-0.0227,0.84,-1.2,6,inf,inf,47,-0.041,0,,0.14,0,,
symbolxvs=ZECUSDT|Y,51,51.0,-0.0363,0.79,-1.8,18,inf,inf,24,0.005,27,-0.073,0.1,17,47.1,
symbolxweekend=ZECUSDT|True,510,51.0,-0.0016,0.98,-0.8,18,inf,inf,202,0.02,308,-0.016,0.07,228,46.9,
breadthxsym_state=>=4|neutral,3525,51.0,-0.01,0.91,-35.1,41,inf,inf,1615,-0.003,1910,-0.016,0.1,954,51.2,
sym_statexsymbol=neutral|WLDUSDT,410,51.0,-0.0027,0.97,-1.1,29,inf,inf,168,-0.006,242,-0.001,0.07,156,50.6,
oidxvolz=<-0.5|2-5,924,51.0,-0.0203,0.84,-18.8,48,inf,inf,240,-0.026,684,-0.018,0.1,373,50.7,
spreadxsymbol=<2|1000PEPEUSDT,1028,51.0,-0.0026,0.98,-2.7,48,inf,inf,361,0.007,667,-0.008,0.1,461,51.6,
strategyxweekdayxregime=setup_follow|2|neutral,257,51.0,0.0072,1.1,1.9,4,0.48,0.94,88,0.005,169,0.008,0.14,119,56.3,
fundxvolz=neg|2-5,1183,51.0,0.0027,1.02,3.2,54,1.1,0.68,696,0.014,487,-0.014,0.11,463,50.5,
fundxsym_state=neg|bull,828,51.0,-0.005,0.95,-4.1,35,inf,inf,275,0.008,553,-0.011,0.08,418,50.7,
symbolxvolz=ETHUSDT|<2,2953,51.0,0.0005,1.0,1.4,57,2.8,1.0,1615,-0.003,1338,0.004,0.09,1379,50.5,
adxxsymbol=NA|NMRUSDT,104,51.0,0.0394,1.3,4.1,14,0.43,1.0,93,0.025,0,,0.17,0,,
breadthxsymbol=NA|NMRUSDT,104,51.0,0.0394,1.3,4.1,14,0.43,1.0,93,0.025,0,,0.17,0,,
oidxsymbol=NA|NMRUSDT,104,51.0,0.0394,1.3,4.1,14,0.43,1.0,93,0.025,0,,0.17,0,,
spreadxsymbol=NA|NMRUSDT,104,51.0,0.0394,1.3,4.1,14,0.43,1.0,93,0.025,0,,0.17,0,,
sym_statexsymbol=NA|NMRUSDT,104,51.0,0.0394,1.3,4.1,14,0.43,1.0,93,0.025,0,,0.17,0,,
breadthxspread=>=4|2-5,1725,51.0,-0.0088,0.92,-15.1,38,inf,inf,314,-0.004,1411,-0.01,0.08,555,50.1,
hour_bandxv3=0-5|N,5283,51.0,-0.0037,0.97,-19.6,59,inf,inf,2674,-0.003,2609,-0.004,0.08,1599,51.3,
oidxweekday=mid|6,1939,51.0,-0.0116,0.9,-22.5,7,inf,inf,361,0.005,1578,-0.015,0.11,1009,50.3,
atrpxsymbol=mid|APTUSDT,367,51.0,0.0297,1.28,10.9,52,0.14,1.0,188,0.032,179,0.027,0.11,137,49.6,Y
atrpxsym_state=lo|bull,420,51.0,0.0043,1.03,1.8,32,1.44,2.62,239,0.015,181,-0.009,0.12,201,50.2,
cascxconc=Y|>=6,420,51.0,0.001,1.01,0.4,12,6.39,4.59,420,0.001,0,,0.08,0,,
volzxvs=2-5|N,5093,51.0,-0.0019,0.98,-9.6,57,inf,inf,2142,0.006,2951,-0.008,0.1,1852,50.3,
atrpxspread=mid|<2,7623,51.0,-0.0035,0.97,-27.0,49,inf,inf,3051,0.005,4572,-0.009,0.11,3711,50.6,
atrpxvolz=hi|<2,5629,51.0,-0.0019,0.98,-10.8,56,inf,inf,1420,-0.001,4209,-0.002,0.05,2119,51.3,
decile_bandxweekday=D2-3|3,2683,51.0,0.0005,1.0,1.3,9,2.59,4.51,1388,0.004,1295,-0.003,0.09,1081,50.6,
atrpxdecile_band=lo|D10,316,50.9,0.0125,1.09,3.9,38,0.37,1.55,151,0.02,165,0.006,0.15,172,51.2,Y
decile_bandxsymbol=D4-9|ETHUSDT,369,50.9,0.019,1.15,7.0,60,0.35,1.0,207,0.02,156,0.019,0.16,140,50.0,Y
strategyxregimexdecile_band=setup_follow|bear|D2-3,740,50.9,0.0083,1.13,6.1,21,0.39,0.39,370,0.012,370,0.005,0.13,352,51.1,Y
atrpximb=NA|<0.5,1376,50.9,0.0189,1.19,26.0,12,0.5,0.23,1299,0.016,37,0.105,0.09,44,65.9,
imbxvolz=<0.5|NA,1376,50.9,0.0189,1.19,26.0,12,0.5,0.23,1299,0.016,37,0.105,0.09,44,65.9,
adxxconc=NA|4-5,53,50.9,0.0351,1.32,1.9,3,1.12,0.54,53,0.035,0,,0.13,0,,
adxxregime=>=30|bear,159,50.9,-0.0332,0.75,-5.3,2,inf,inf,0,,159,-0.033,0.11,121,52.1,
adxxsymbol=<20|APTUSDT,53,50.9,0.0623,1.81,3.3,10,0.21,1.0,21,0.079,32,0.051,0.09,22,50.0,Y
atrpxconc=NA|4-5,53,50.9,0.0351,1.32,1.9,3,1.12,0.54,53,0.035,0,,0.13,0,,
breadthxconc=NA|4-5,53,50.9,0.0351,1.32,1.9,3,1.12,0.54,53,0.035,0,,0.13,0,,
concxoid=4-5|NA,53,50.9,0.0351,1.32,1.9,3,1.12,0.54,53,0.035,0,,0.13,0,,
concxregime=4-5|bear,53,50.9,0.0351,1.32,1.9,3,1.12,0.54,53,0.035,0,,0.13,0,,
concxspread=4-5|NA,53,50.9,0.0351,1.32,1.9,3,1.12,0.54,53,0.035,0,,0.13,0,,
concxsym_state=4-5|NA,53,50.9,0.0351,1.32,1.9,3,1.12,0.54,53,0.035,0,,0.13,0,,
concxvolz=4-5|NA,53,50.9,0.0351,1.32,1.9,3,1.12,0.54,53,0.035,0,,0.13,0,,
fundxsymbol=neg|NMRUSDT,53,50.9,-0.0231,0.85,-1.2,18,inf,inf,31,-0.003,22,-0.052,0.13,31,51.6,
imbxsymbol=<0.5|NEARUSDT,212,50.9,0.0013,1.01,0.3,30,5.51,1.0,113,0.017,99,-0.017,0.07,50,52.0,
strategyxweekday=asia_pump_short_4h|2,53,50.9,0.0377,1.3,2.0,8,1.49,0.87,20,0.188,33,-0.053,0.0,29,34.5,
sym_statexsymbol=bull|APTUSDT,53,50.9,-0.0212,0.86,-1.1,5,inf,inf,0,,53,-0.021,0.17,20,55.0,
symbolxweekend=DOGEUSDT|False,159,50.9,0.0091,1.08,1.4,6,1.3,1.0,0,,159,0.009,0.09,33,57.6,
oidxregime=mid|bull,5622,50.9,0.0021,1.02,12.0,21,0.93,0.81,1311,0.009,4311,0.0,0.09,2212,50.5,
symbolxweekend=APTUSDT|False,426,50.9,0.0222,1.2,9.4,44,0.2,1.0,207,0.035,209,0.011,0.11,142,47.2,Y
hour_bandxweekday=12-17|2,1176,50.9,0.0081,1.07,9.6,9,1.15,0.61,622,0.021,554,-0.007,0.12,340,50.6,
oidxweekday=mid|4,2140,50.9,0.0101,1.09,21.7,7,0.37,0.31,832,0.011,1308,0.01,0.11,1078,51.2,
sym_statexvolz=bull|<2,6430,50.9,-0.0018,0.98,-11.9,46,inf,inf,885,0.002,5545,-0.003,0.08,3133,50.8,
atrpxsymbol=hi|ADAUSDT,377,50.9,-0.007,0.93,-2.6,41,inf,inf,124,0.006,253,-0.013,0.07,81,48.1,
cascxoid=Y|mid,1889,50.9,0.0042,1.04,8.0,25,0.88,0.74,45,-0.041,1844,0.005,0.09,1049,51.0,
fundxoid=flat|>0.5,1512,50.9,0.008,1.08,12.1,49,0.26,0.4,411,0.009,1101,0.008,0.09,719,49.7,Y
strategyxv3=london_burst_fade|Y,108,50.9,0.055,1.35,5.9,33,0.45,0.22,47,0.115,61,0.009,0.19,33,51.5,
symbolxweekday=ARBUSDT|6,108,50.9,-0.0049,0.96,-0.5,9,inf,inf,53,0.011,55,-0.02,0.09,37,48.6,
symbolxweekend=RUNEUSDT|True,108,50.9,0.0136,1.11,1.5,14,0.92,1.0,53,0.06,55,-0.031,0.13,52,48.1,
sidexsymbol=LONG|WLDUSDT,758,50.9,-0.0025,0.98,-1.9,63,inf,inf,473,-0.021,274,0.029,0.07,209,50.2,
hour_bandxsym_state=6-11|bull,2494,50.9,0.0018,1.02,4.6,40,0.77,1.22,305,0.01,2189,0.001,0.09,1191,51.2,
adxxregime=NA|bear,2928,50.9,0.0022,1.02,6.5,8,1.32,0.49,2928,0.002,0,,0.09,0,,
breadthxregime=NA|bear,2928,50.9,0.0022,1.02,6.5,8,1.32,0.49,2928,0.002,0,,0.09,0,,
regimexspread=bear|NA,2928,50.9,0.0022,1.02,6.5,8,1.32,0.49,2928,0.002,0,,0.09,0,,
regimexsym_state=bear|NA,2928,50.9,0.0022,1.02,6.5,8,1.32,0.49,2928,0.002,0,,0.09,0,,
regimexweekday=bear|2,976,50.9,0.0016,1.02,1.6,3,1.65,1.68,625,-0.002,351,0.007,0.08,498,50.0,
decile_bandximb=D4-9|<0.5,2170,50.9,0.0106,1.08,23.1,63,0.24,0.15,981,0.009,1184,0.012,0.12,826,51.6,Y
oidxregime=NA|bear,2930,50.9,0.0024,1.02,7.0,9,1.23,0.45,2928,0.002,2,0.248,0.09,2,50.0,
concxdecile_band=NA|D2-3,489,50.9,0.0305,1.32,14.9,7,0.61,0.27,240,0.046,15,0.02,0.09,17,64.7,
decile_bandxmktb=D2-3|NA,489,50.9,0.0305,1.32,14.9,7,0.61,0.27,240,0.046,15,0.02,0.09,17,64.7,
decile_bandxregime=D2-3|NA,489,50.9,0.0305,1.32,14.9,7,0.61,0.27,240,0.046,15,0.02,0.09,17,64.7,
conc=2-3,12043,50.9,-0.0059,0.95,-71.2,43,inf,inf,2002,-0.0,10041,-0.007,0.09,4556,50.8,
concxsession=2-3|None,12043,50.9,-0.0059,0.95,-71.2,43,inf,inf,2002,-0.0,10041,-0.007,0.09,4556,50.8,
oidxv3=NA|N,5014,50.9,0.0064,1.06,32.0,28,0.38,0.27,4739,0.006,66,0.049,0.07,83,59.0,Y
oidxsymbol=mid|ADAUSDT,491,50.9,-0.0008,0.99,-0.4,48,inf,inf,190,0.014,301,-0.01,0.08,232,48.3,
atrpxvs=NA|N,2901,50.9,0.0129,1.13,37.3,12,0.3,0.26,2586,0.012,51,0.056,0.09,69,60.9,Y
volzxvs=NA|N,2901,50.9,0.0129,1.13,37.3,12,0.3,0.26,2586,0.012,51,0.056,0.09,69,60.9,Y
adxxweekday=>=30|3,1314,50.9,-0.0056,0.95,-7.4,2,inf,inf,0,,1314,-0.006,0.1,740,51.2,
mktbxsymbol=<30|APTUSDT,548,50.9,0.023,1.21,12.6,58,0.15,1.0,278,0.038,270,0.008,0.11,187,48.1,Y
fundxspread=neg|<2,2803,50.9,-0.0016,0.99,-4.6,47,inf,inf,1379,0.011,1424,-0.013,0.11,1397,50.8,
decile_bandxstrategy=D2-3|ny_burst_fade,55,50.9,0.0201,1.17,1.1,2,2.7,0.8,35,0.085,0,,0.07,0,,
oidxsym_state=>0.5|bear,385,50.9,0.0107,1.1,4.1,31,0.6,0.39,177,0.01,208,0.011,0.11,230,50.0,
regimexsymbol=bull|ETHUSDT,1212,50.9,0.007,1.07,8.5,22,0.66,1.0,409,0.009,803,0.006,0.08,554,51.1,
hour_bandxoid=12-17|mid,3143,50.9,0.002,1.02,6.4,47,0.6,1.23,1161,0.011,1982,-0.003,0.11,1534,49.8,
adxxweekday=>=30|4,1711,50.9,0.0035,1.03,6.1,2,0.88,1.12,0,,1711,0.004,0.11,800,51.7,
hour_bandxweekday=0-5|6,1161,50.9,0.0057,1.06,6.6,9,0.48,0.27,489,0.008,672,0.004,0.06,458,52.6,
oidxsymbol=mid|ETHUSDT,2157,50.9,0.0074,1.07,16.0,49,0.23,1.0,907,0.006,1250,0.009,0.11,1275,50.6,Y
concxsymbol=2-3|XRPUSDT,941,50.9,0.0059,1.06,5.5,39,0.64,1.0,138,0.011,803,0.005,0.09,430,50.5,
adxxv3=NA|N,4984,50.9,0.0063,1.06,31.5,20,0.39,0.28,4724,0.006,51,0.056,0.07,69,60.9,Y
breadthxv3=NA|N,4984,50.9,0.0063,1.06,31.5,20,0.39,0.28,4724,0.006,51,0.056,0.07,69,60.9,Y
spreadxv3=NA|N,4984,50.9,0.0063,1.06,31.5,20,0.39,0.28,4724,0.006,51,0.056,0.07,69,60.9,Y
sym_statexv3=NA|N,4984,50.9,0.0063,1.06,31.5,20,0.39,0.28,4724,0.006,51,0.056,0.07,69,60.9,Y
concxv3=0-1|N,2609,50.9,-0.0025,0.98,-6.6,35,inf,inf,544,-0.002,2065,-0.003,0.09,2607,50.9,
cascxsymbol=Y|BNBUSDT,167,50.9,-0.009,0.93,-1.5,6,inf,inf,0,,167,-0.009,0.13,49,49.0,
concxsymbol=2-3|SUIUSDT,167,50.9,-0.0051,0.95,-0.9,8,inf,inf,0,,167,-0.005,0.08,33,57.6,
decile_bandxfund=D2-3|NA,501,50.9,0.0301,1.32,15.1,7,0.61,0.27,252,0.045,15,0.02,0.09,17,64.7,
oidxsym_state=mid|bull,4621,50.9,0.0029,1.03,13.2,48,0.55,0.69,832,0.013,3789,0.001,0.09,2190,50.5,
spreadxweekend=<2|False,11276,50.9,0.0006,1.01,6.3,35,1.73,2.8,4036,0.004,7240,-0.001,0.1,5373,50.8,
concxsymbol=2-3|ZECUSDT,782,50.9,-0.0003,1.0,-0.2,38,inf,inf,122,0.015,660,-0.003,0.08,356,51.1,
concxoid=>=6|mid,2462,50.9,0.0108,1.1,26.7,10,0.42,0.32,2462,0.011,0,,0.1,0,,
atrpxweekday=lo|4,448,50.9,-0.0054,0.96,-2.4,7,inf,inf,224,-0.01,224,-0.001,0.09,258,51.9,
cascxsymbol=N|TAOUSDT,560,50.9,0.0067,1.06,3.7,50,0.5,1.0,291,0.016,266,-0.002,0.1,166,50.6,
concxdecile_band=2-3|D2-3,8064,50.9,-0.0085,0.92,-68.3,43,inf,inf,1302,-0.007,6762,-0.009,0.08,3319,50.6,
hour_bandxsymbol=12-17|RENDERUSDT,112,50.9,0.009,1.08,1.0,37,0.94,1.0,38,0.025,72,-0.0,0.12,59,49.2,
symbolxweekday=FILUSDT|1,112,50.9,-0.0091,0.93,-1.0,9,inf,inf,43,-0.014,58,-0.01,0.08,41,46.3,
decile_bandxside=D10|LONG,2185,50.9,0.0071,1.06,15.6,63,0.78,0.45,1160,0.011,1019,0.003,0.11,566,52.5,
atrpxsymbol=mid|1000PEPEUSDT,562,50.9,-0.0004,1.0,-0.2,50,inf,inf,332,0.012,230,-0.018,0.12,188,50.5,
atrpxv3=lo|N,1633,50.9,-0.0037,0.97,-6.0,46,inf,inf,808,-0.008,825,0.001,0.11,937,50.7,
strategyxweekdayxregime=london_burst_fade|2|bull,169,50.9,0.0575,1.45,9.7,5,0.79,0.32,81,0.108,88,0.011,0.15,50,52.0,
cascxsymbol=N|ZECUSDT,1747,50.9,0.007,1.07,12.3,58,0.42,1.0,1084,0.014,637,-0.005,0.08,552,51.4,
cascxregime=N|bull,7045,50.9,-0.0006,0.99,-4.2,22,inf,inf,1993,0.006,5052,-0.003,0.09,2362,50.7,
adxxweekday=>=30|2,1130,50.9,0.0074,1.08,8.4,3,0.75,0.38,278,0.023,852,0.002,0.07,408,50.5,
hour_bandxsym_state=12-17|neutral,2714,50.9,-0.0005,1.0,-1.3,45,inf,inf,1219,0.009,1495,-0.008,0.11,1243,50.4,
atrpxweekday=NA|4,509,50.9,0.0138,1.15,7.0,3,0.8,0.52,503,0.014,6,-0.04,0.08,24,75.0,
volzxweekday=NA|4,509,50.9,0.0138,1.15,7.0,3,0.8,0.52,503,0.014,6,-0.04,0.08,24,75.0,
concxsym_state=>=6|neutral,2378,50.9,0.0053,1.05,12.6,10,0.26,0.28,2378,0.005,0,,0.09,0,,
vsxweekday=N|3,3626,50.9,0.0026,1.02,9.5,9,0.93,0.53,1912,0.005,1714,0.0,0.1,1379,50.7,
regimexweekend=bull|False,7952,50.9,-0.0018,0.98,-14.7,19,inf,inf,2005,0.005,5947,-0.004,0.08,2996,51.3,
breadthxdecile_band=2-3|D10,625,50.9,0.0003,1.0,0.2,42,8.51,14.93,237,0.009,388,-0.005,0.09,351,52.1,
atrpxsymbol=NA|APTUSDT,57,50.9,0.0245,1.22,1.4,6,0.69,1.0,47,0.029,0,,0.12,0,,
atrpxsymbol=NA|ICPUSDT,57,50.9,-0.0028,0.98,-0.2,7,inf,inf,53,-0.006,0,,0.09,0,,
cascxregime=Y|bear,456,50.9,0.0016,1.02,0.7,12,4.37,2.78,408,0.001,48,0.005,0.08,43,44.2,
hour_bandxmktb=6-11|30-60,570,50.9,-0.0026,0.98,-1.5,2,inf,inf,0,,570,-0.003,0.07,246,51.6,
symbolxvolz=APTUSDT|NA,57,50.9,0.0245,1.22,1.4,6,0.69,1.0,47,0.029,0,,0.12,0,,
symbolxvolz=ICPUSDT|NA,57,50.9,-0.0028,0.98,-0.2,7,inf,inf,53,-0.006,0,,0.09,0,,
symbolxweekday=WLDUSDT|6,171,50.9,-0.0146,0.86,-2.5,9,inf,inf,88,-0.025,83,-0.003,0.08,58,50.0,
v3xweekday=N|1,2679,50.9,0.0038,1.04,10.2,9,0.76,0.6,1212,0.012,1258,-0.004,0.07,774,51.8,
strategyxweekdayxhour_band=setup_follow|3|12-17,171,50.9,0.0027,1.04,0.5,9,3.18,1.68,100,0.01,71,-0.008,0.13,95,43.2,
breadthxhour_band=2-3|18-23,973,50.9,-0.0043,0.96,-4.2,39,inf,inf,357,0.013,616,-0.014,0.08,569,48.7,
concxfund=2-3|flat,4698,50.9,-0.0064,0.94,-30.2,43,inf,inf,872,-0.006,3826,-0.007,0.09,1800,50.6,
fundxweekday=flat|0,1956,50.9,-0.0138,0.89,-27.0,9,inf,inf,1189,-0.011,767,-0.017,0.09,615,51.1,
regimexsym_state=bear|neutral,1612,50.9,-0.0053,0.96,-8.6,14,inf,inf,427,0.003,1185,-0.008,0.1,1086,50.4,
imbxsymbol=>=0.5|ENAUSDT,692,50.9,0.0039,1.04,2.7,50,0.68,1.0,329,0.005,352,0.003,0.07,211,49.3,
adxxsymbol=>=30|APTUSDT,116,50.9,-0.0358,0.75,-4.1,13,inf,inf,2,-0.013,114,-0.036,0.15,51,47.1,
imbxsymbol=>=0.5|ZECUSDT,1044,50.9,0.012,1.14,12.5,62,0.2,1.0,587,0.022,442,-0.0,0.07,376,51.1,
sym_statexsymbol=neutral|APTUSDT,291,50.9,0.0191,1.17,5.6,31,0.28,1.0,134,0.042,157,-0.0,0.12,107,47.7,
strategyxweekdayxregime=burst_follow|5|bear,175,50.9,-0.0025,0.96,-0.4,2,inf,inf,149,0.009,26,-0.068,0.06,25,44.0,
breadthxregime=2-3|bear,584,50.9,0.005,1.05,2.9,11,1.03,0.64,206,0.007,378,0.004,0.1,445,50.6,
oidxvolz=>0.5|2-5,993,50.9,0.0093,1.08,9.2,47,0.22,0.37,252,0.03,741,0.002,0.11,489,50.1,Y
fundxvs=flat|N,12363,50.9,-0.0008,0.99,-9.6,62,inf,inf,6779,0.0,5584,-0.002,0.09,4168,50.6,
oidxspread=mid|<2,9559,50.9,-0.0011,0.99,-10.5,49,inf,inf,3294,0.004,6265,-0.004,0.11,4853,50.5,
symbol=TAOUSDT,704,50.9,0.0088,1.08,6.2,62,0.45,1.0,332,0.009,369,0.01,0.09,238,49.6,
sessionxsymbol=None|TAOUSDT,704,50.9,0.0088,1.08,6.2,62,0.45,1.0,332,0.009,369,0.01,0.09,238,49.6,
concxweekday=>=6|1,1351,50.9,0.0073,1.07,9.9,3,0.55,0.43,1351,0.007,0,,0.07,0,,
regimexspread=bull|2-5,1939,50.9,-0.0019,0.98,-3.6,21,inf,inf,311,0.011,1628,-0.004,0.07,702,50.6,
atrpxsymbol=NA|UNIUSDT,59,50.8,0.016,1.13,0.9,8,0.72,1.0,49,0.021,2,0.333,0.12,4,75.0,
cascxsymbol=Y|UNIUSDT,118,50.8,0.0098,1.09,1.2,10,0.9,1.0,26,0.007,92,0.011,0.07,45,51.1,
symbolxv3=AAVEUSDT|Y,59,50.8,0.0212,1.14,1.2,9,0.7,1.0,0,,59,0.021,0.14,28,46.4,
symbolxvolz=UNIUSDT|NA,59,50.8,0.016,1.13,0.9,8,0.72,1.0,49,0.021,2,0.333,0.12,4,75.0,
symbolxvs=APTUSDT|Y,59,50.8,0.0304,1.26,1.8,22,0.66,1.0,25,0.045,32,0.022,0.1,33,51.5,
volzxweekend=2-5|False,3959,50.8,0.0013,1.01,5.2,41,0.79,1.69,1840,0.006,2119,-0.003,0.11,1422,50.8,
decile_bandxweekend=D2-3|True,5039,50.8,-0.001,0.99,-4.9,18,inf,inf,1923,0.002,3116,-0.003,0.08,2004,49.9,
decile_bandxvolz=D4-9|2-5,2254,50.8,0.0051,1.04,11.4,56,0.53,0.56,881,0.009,1373,0.002,0.11,897,50.6,
oidxstrategy=>0.5|london_burst_fade,356,50.8,0.0375,1.25,13.3,36,0.49,0.31,78,0.066,278,0.03,0.16,155,56.8,
mktbxstrategy=30-60|setup_follow,297,50.8,0.0123,1.22,3.7,4,1.62,0.29,0,,297,0.012,0.09,167,53.3,
symbolxweekend=ETHUSDT|True,891,50.8,-0.0012,0.99,-1.1,18,inf,inf,483,-0.007,408,0.006,0.1,356,51.1,
volz=NA,3092,50.8,0.0123,1.12,38.0,12,0.29,0.25,2746,0.011,51,0.056,0.09,69,60.9,Y
atrp=NA,3092,50.8,0.0123,1.12,38.0,12,0.29,0.25,2746,0.011,51,0.056,0.09,69,60.9,Y
adxxatrp=NA|NA,3092,50.8,0.0123,1.12,38.0,12,0.29,0.25,2746,0.011,51,0.056,0.09,69,60.9,Y
adxxvolz=NA|NA,3092,50.8,0.0123,1.12,38.0,12,0.29,0.25,2746,0.011,51,0.056,0.09,69,60.9,Y
atrpxbreadth=NA|NA,3092,50.8,0.0123,1.12,38.0,12,0.29,0.25,2746,0.011,51,0.056,0.09,69,60.9,Y
atrpxoid=NA|NA,3092,50.8,0.0123,1.12,38.0,12,0.29,0.25,2746,0.011,51,0.056,0.09,69,60.9,Y
atrpxsession=NA|None,3092,50.8,0.0123,1.12,38.0,12,0.29,0.25,2746,0.011,51,0.056,0.09,69,60.9,Y
atrpxspread=NA|NA,3092,50.8,0.0123,1.12,38.0,12,0.29,0.25,2746,0.011,51,0.056,0.09,69,60.9,Y
atrpxsym_state=NA|NA,3092,50.8,0.0123,1.12,38.0,12,0.29,0.25,2746,0.011,51,0.056,0.09,69,60.9,Y
atrpxvolz=NA|NA,3092,50.8,0.0123,1.12,38.0,12,0.29,0.25,2746,0.011,51,0.056,0.09,69,60.9,Y
breadthxvolz=NA|NA,3092,50.8,0.0123,1.12,38.0,12,0.29,0.25,2746,0.011,51,0.056,0.09,69,60.9,Y
oidxvolz=NA|NA,3092,50.8,0.0123,1.12,38.0,12,0.29,0.25,2746,0.011,51,0.056,0.09,69,60.9,Y
sessionxvolz=None|NA,3092,50.8,0.0123,1.12,38.0,12,0.29,0.25,2746,0.011,51,0.056,0.09,69,60.9,Y
spreadxvolz=NA|NA,3092,50.8,0.0123,1.12,38.0,12,0.29,0.25,2746,0.011,51,0.056,0.09,69,60.9,Y
sym_statexvolz=NA|NA,3092,50.8,0.0123,1.12,38.0,12,0.29,0.25,2746,0.011,51,0.056,0.09,69,60.9,Y
symbolxvs=FILUSDT|N,714,50.8,-0.0087,0.93,-6.2,62,inf,inf,351,0.003,354,-0.021,0.09,228,50.0,
hour_bandximb=18-23|<0.5,1668,50.8,0.0031,1.04,5.2,60,0.5,0.41,700,0.012,962,-0.003,0.09,709,51.2,
decile_bandxsym_state=D4-9|bear,537,50.8,0.0125,1.1,6.7,36,0.22,0.31,210,-0.007,327,0.025,0.14,317,49.5,
regimexsymbol=neutral|SOLUSDT,1015,50.8,-0.0177,0.85,-18.0,37,inf,inf,687,-0.016,328,-0.021,0.1,376,51.6,
oidxweekend=NA|False,5500,50.8,0.0061,1.06,33.7,21,0.32,0.26,5142,0.005,63,0.058,0.09,86,58.1,Y
oidxsymbol=mid|1000PEPEUSDT,419,50.8,0.0084,1.07,3.5,47,0.51,1.0,150,0.03,269,-0.004,0.12,190,51.1,
spreadxsymbol=<2|TAOUSDT,539,50.8,0.0064,1.06,3.5,48,0.8,1.0,175,0.003,364,0.008,0.09,238,49.6,
fundxweekday=flat|4,2038,50.8,0.0052,1.05,10.5,9,0.78,0.3,1056,0.001,982,0.01,0.1,728,51.0,
imb=>=0.5,18944,50.8,-0.0012,0.99,-23.0,63,inf,inf,9169,0.003,9520,-0.006,0.09,6792,50.8,
imbxsession=>=0.5|None,18944,50.8,-0.0012,0.99,-23.0,63,inf,inf,9169,0.003,9520,-0.006,0.09,6792,50.8,
adxxspread=20-30|<2,7794,50.8,-0.0032,0.97,-24.8,39,inf,inf,3919,0.004,3875,-0.01,0.11,3866,50.5,
atrpxsymbol=hi|ICPUSDT,120,50.8,-0.0157,0.85,-1.9,23,inf,inf,34,0.007,86,-0.025,0.05,53,50.9,
concxsymbol=0-1|RENDERUSDT,120,50.8,0.0317,1.31,3.8,30,0.34,1.0,14,0.077,106,0.026,0.12,119,50.4,Y
strategyxregimexdecile_band=asia_burst_fade|bull|D10,120,50.8,0.0795,1.56,9.5,16,1.02,0.18,24,0.135,96,0.066,0.2,36,44.4,
vsxweekend=N|True,7387,50.8,-0.0019,0.98,-14.2,18,inf,inf,2842,0.001,4545,-0.003,0.09,2803,50.2,
adxxweekend=NA|False,5469,50.8,0.006,1.05,32.7,16,0.33,0.27,5123,0.005,51,0.056,0.09,69,60.9,Y
breadthxweekend=NA|False,5469,50.8,0.006,1.05,32.7,16,0.33,0.27,5123,0.005,51,0.056,0.09,69,60.9,Y
spreadxweekend=NA|False,5469,50.8,0.006,1.05,32.7,16,0.33,0.27,5123,0.005,51,0.056,0.09,69,60.9,Y
sym_statexweekend=NA|False,5469,50.8,0.006,1.05,32.7,16,0.33,0.27,5123,0.005,51,0.056,0.09,69,60.9,Y
sidexvolz=SHORT|>=5,1143,50.8,-0.0055,0.96,-6.3,56,inf,inf,543,-0.003,600,-0.008,0.11,412,48.8,
strategyxsidexregime=setup_fade|LONG|bull,482,50.8,0.0183,1.11,8.8,22,0.98,0.29,117,-0.031,365,0.034,0.14,267,55.4,
decile_bandxstrategy=D10|london_burst_fade,362,50.8,0.037,1.22,13.4,52,0.65,0.53,205,0.034,155,0.038,0.19,90,47.8,
concxhour_band=2-3|0-5,3207,50.8,-0.0036,0.97,-11.6,40,inf,inf,428,-0.003,2779,-0.004,0.08,1230,51.0,
cascxweekday=N|3,3268,50.8,0.0027,1.02,9.0,9,0.97,0.81,1900,0.003,1368,0.002,0.1,1195,50.5,
atrpxfund=hi|flat,3333,50.8,0.0014,1.02,4.7,57,0.9,1.3,1145,-0.004,2188,0.004,0.06,1031,51.5,
symbolxv3=ENAUSDT|Y,425,50.8,0.0146,1.13,6.2,56,0.34,1.0,243,0.024,182,0.002,0.11,150,50.0,Y
decile_bandxsym_state=D4-9|bull,1521,50.8,0.0145,1.13,22.1,44,0.21,0.25,183,0.034,1338,0.012,0.1,694,51.3,Y
hour_bandxregime=6-11|bull,2983,50.8,-0.0014,0.99,-4.1,17,inf,inf,552,0.002,2431,-0.002,0.09,1202,51.3,
adxxsymbol=>=30|WLDUSDT,244,50.8,-0.007,0.93,-1.7,14,inf,inf,14,-0.008,230,-0.007,0.07,63,47.6,
fundxsymbol=flat|PENDLEUSDT,122,50.8,-0.0131,0.89,-1.6,33,inf,inf,74,-0.038,48,0.025,0.08,54,50.0,
spreadxsymbol=2-5|NEARUSDT,61,50.8,-0.0247,0.77,-1.5,8,inf,inf,43,-0.033,18,-0.005,0.07,4,75.0,
symbolxvs=DOGEUSDT|N,244,50.8,0.0063,1.06,1.5,10,1.22,1.0,0,,244,0.006,0.09,54,55.6,
decile_bandxweekend=D10|True,1039,50.8,-0.0066,0.95,-6.8,18,inf,inf,423,0.001,616,-0.012,0.1,325,51.4,
hour_bandxsym_state=12-17|bear,612,50.8,-0.0098,0.93,-6.0,33,inf,inf,304,-0.01,308,-0.009,0.13,344,51.2,
breadthxfund=2-3|flat,2387,50.8,-0.004,0.96,-9.4,43,inf,inf,1044,0.007,1343,-0.013,0.1,1344,49.9,
oidxside=mid|LONG,7161,50.8,0.0046,1.05,32.9,49,0.7,0.51,2509,-0.006,4652,0.01,0.1,3602,50.4,
concxfund=2-3|neg,2332,50.8,-0.0041,0.96,-9.5,40,inf,inf,859,0.007,1473,-0.01,0.09,954,51.3,
fundxweekend=neg|True,1352,50.8,-0.0082,0.93,-11.1,17,inf,inf,649,0.008,703,-0.024,0.1,581,51.8,
sidexsymbol=LONG|TRUMPUSDT,246,50.8,0.0117,1.14,2.9,10,0.93,1.0,0,,246,0.012,0.07,140,53.6,
concxsymbol=>=6|APTUSDT,185,50.8,0.0395,1.41,7.3,22,0.2,1.0,185,0.04,0,,0.11,0,,
atrpxweekend=hi|False,6544,50.8,-0.0012,0.99,-7.9,41,inf,inf,2290,0.002,4254,-0.003,0.06,2154,51.8,
breadthxweekday=2-3|6,618,50.8,-0.0208,0.83,-12.9,6,inf,inf,195,-0.024,423,-0.019,0.11,384,50.8,
regimexweekday=neutral|4,1982,50.8,0.0128,1.12,25.4,6,0.32,0.18,1525,0.012,457,0.017,0.09,820,50.4,
mktbxv3=<30|N,14677,50.8,-0.002,0.98,-29.2,54,inf,inf,8204,0.003,6473,-0.008,0.08,4444,51.0,
fundxsymbol=pos|WLDUSDT,250,50.8,0.0096,1.09,2.4,23,0.78,1.0,81,0.005,169,0.012,0.07,57,50.9,
symbolxvolz=XLMUSDT|<2,313,50.8,-0.0122,0.9,-3.8,55,inf,inf,145,-0.025,168,-0.001,0.1,124,50.8,
oidxweekday=>0.5|3,565,50.8,-0.0024,0.98,-1.3,7,inf,inf,130,-0.016,435,0.002,0.09,292,50.7,
hour_bandxsymbol=6-11|PENDLEUSDT,126,50.8,-0.028,0.81,-3.5,39,inf,inf,60,-0.032,64,-0.022,0.11,61,52.5,
regimexsymbol=neutral|APTUSDT,315,50.8,0.0398,1.43,12.5,36,0.12,1.0,178,0.054,137,0.022,0.1,110,50.0,Y
regimexsymbol=neutral|NMRUSDT,126,50.8,0.004,1.03,0.5,25,1.89,1.0,88,0.029,38,-0.054,0.18,58,51.7,
symbolxweekday=UNIUSDT|2,126,50.8,0.0062,1.05,0.8,9,1.33,1.0,62,0.033,64,-0.02,0.09,55,47.3,
sym_statexweekday=bull|4,1577,50.8,0.0033,1.03,5.2,7,1.09,0.89,234,-0.006,1343,0.005,0.1,756,51.6,
sym_statexweekday=neutral|3,1262,50.8,0.0096,1.09,12.1,7,0.64,0.32,616,0.011,646,0.008,0.11,570,51.2,
fundxweekday=flat|1,1831,50.8,0.0035,1.03,6.5,8,0.78,0.77,940,0.006,891,0.001,0.09,636,50.8,
breadthxhour_band=1|12-17,1390,50.8,0.0004,1.0,0.6,47,4.51,4.22,523,-0.012,867,0.008,0.12,895,51.6,
atrpxdecile_band=mid|D4-9,2908,50.8,0.0008,1.01,2.3,57,1.88,3.03,1346,0.006,1562,-0.004,0.13,1259,51.2,
volz=2-5,5509,50.8,-0.0025,0.98,-13.6,57,inf,inf,2279,0.004,3230,-0.007,0.11,2076,50.3,
sessionxvolz=None|2-5,5509,50.8,-0.0025,0.98,-13.6,57,inf,inf,2279,0.004,3230,-0.007,0.11,2076,50.3,
spreadxvolz=<2|<2,10668,50.8,-0.0028,0.97,-30.2,49,inf,inf,3233,0.004,7435,-0.006,0.09,5481,50.5,
mktbxspread=<30|<2,13029,50.8,-0.0017,0.99,-22.5,47,inf,inf,4712,0.004,8317,-0.005,0.1,6494,50.7,
hour=18,764,50.8,0.0104,1.11,7.9,61,0.61,0.33,361,-0.001,381,0.019,0.07,322,50.3,
oidxvolz=mid|2-5,2674,50.8,-0.0023,0.98,-6.1,48,inf,inf,875,0.007,1799,-0.007,0.11,1207,50.2,
regimexsymbol=neutral|1000LUNCUSDT,191,50.8,0.0056,1.05,1.1,33,0.68,1.0,131,0.017,60,-0.019,0.1,68,48.5,
breadthxhour_band=>=4|0-5,2548,50.8,-0.0048,0.96,-12.2,32,inf,inf,517,-0.008,2031,-0.004,0.08,852,50.5,
hour=4,1024,50.8,-0.0119,0.9,-12.1,60,inf,inf,462,-0.007,562,-0.016,0.09,433,50.6,
decile_bandxweekday=D10|3,384,50.8,-0.0003,1.0,-0.1,9,inf,inf,237,-0.016,147,0.025,0.13,96,51.0,
concxweekday=>=6|4,1414,50.8,0.0058,1.05,8.2,3,0.83,0.35,1414,0.006,0,,0.09,0,,
weekday=3,3793,50.8,0.0017,1.01,6.3,9,1.37,0.8,2004,0.004,1789,-0.001,0.1,1468,50.4,
sessionxweekday=None|3,3793,50.8,0.0017,1.01,6.3,9,1.37,0.8,2004,0.004,1789,-0.001,0.1,1468,50.4,
weekdayxweekend=3|False,3793,50.8,0.0017,1.01,6.3,9,1.37,0.8,2004,0.004,1789,-0.001,0.1,1468,50.4,
symbolxvolz=1000LUNCUSDT|<2,193,50.8,0.0009,1.01,0.2,38,5.96,1.0,87,-0.003,106,0.004,0.11,95,50.5,
regimexvolz=bull|<2,7415,50.8,-0.0022,0.98,-16.3,22,inf,inf,1408,0.003,6007,-0.003,0.08,3133,50.8,
hour_bandxspread=6-11|<2,3935,50.8,0.0037,1.03,14.6,49,0.27,0.63,1187,0.002,2748,0.004,0.1,2035,50.8,Y
decile_bandximb=D2-3|>=0.5,12975,50.8,-0.0039,0.96,-50.1,63,inf,inf,6247,-0.0,6526,-0.008,0.08,4893,50.7,
oidxspread=<-0.5|>=5,388,50.8,-0.0179,0.84,-6.9,43,inf,inf,144,-0.018,244,-0.018,0.09,159,49.7,
fundximb=flat|<0.5,4857,50.8,-0.0008,0.99,-3.6,62,inf,inf,2682,-0.002,2175,0.0,0.1,1713,50.3,
concxsymbol=>=6|ZECUSDT,845,50.8,0.0095,1.1,8.0,23,0.29,1.0,845,0.009,0,,0.09,0,,
imbxsymbol=<0.5|DOGEUSDT,65,50.8,0.0399,1.49,2.6,8,0.67,1.0,0,,65,0.04,0.09,13,61.5,
oidxsymbol=>0.5|DASHUSDT,65,50.8,-0.0104,0.89,-0.7,18,inf,inf,17,-0.051,48,0.004,0.03,29,55.2,
strategyxweekdayxhour_band=asia_pump_short_4h|1|0-5,65,50.8,-0.031,0.79,-2.0,8,inf,inf,24,-0.138,41,0.032,0.0,26,57.7,
mktbxweekday=<30|3,3782,50.8,0.0016,1.01,5.9,9,1.47,0.84,2004,0.004,1778,-0.001,0.1,1457,50.4,
concxsymbol=>=6|1000PEPEUSDT,522,50.8,0.0147,1.14,7.7,22,0.34,1.0,522,0.015,0,,0.09,0,,
concxsymbol=2-3|TRUMPUSDT,327,50.8,-0.0084,0.91,-2.8,10,inf,inf,0,,327,-0.008,0.06,141,54.6,
strategyxweekdayxhour_band=asia_burst_fade|5|0-5,262,50.8,0.0581,1.41,15.2,8,1.25,0.19,67,-0.063,195,0.1,0.17,88,47.7,
decile_bandxstrategy=D10|setup_fade,394,50.8,0.0258,1.14,10.2,62,0.48,0.44,176,0.025,217,0.026,0.16,163,59.5,
fundxvolz=pos|2-5,1909,50.8,-0.0,1.0,-0.1,56,inf,inf,473,0.008,1436,-0.003,0.1,757,50.7,
adxxsymbol=20-30|XLMUSDT,264,50.8,-0.0218,0.84,-5.8,36,inf,inf,136,-0.011,128,-0.033,0.12,117,51.3,
atrpximb=NA|>=0.5,1716,50.8,0.007,1.06,11.9,11,0.84,0.32,1447,0.007,14,-0.073,0.09,25,52.0,
fundxsymbol=pos|SUIUSDT,132,50.8,-0.0019,0.98,-0.3,6,inf,inf,0,,132,-0.002,0.05,36,47.2,
imbxvolz=>=0.5|NA,1716,50.8,0.007,1.06,11.9,11,0.84,0.32,1447,0.007,14,-0.073,0.09,25,52.0,
sym_statexsymbol=bull|SUIUSDT,132,50.8,-0.0019,0.98,-0.3,6,inf,inf,0,,132,-0.002,0.05,36,47.2,
oidxspread=>0.5|<2,2839,50.8,0.0049,1.04,14.0,49,0.25,0.44,665,0.012,2174,0.003,0.09,1376,50.2,Y
breadthxweekend=2-3|True,1192,50.8,-0.0114,0.9,-13.6,12,inf,inf,381,-0.012,811,-0.011,0.09,738,49.1,
atrpxsymbol=mid|XRPUSDT,861,50.8,-0.0039,0.97,-3.3,47,inf,inf,495,0.007,366,-0.018,0.1,292,47.6,
imbxweekend=>=0.5|False,13786,50.8,0.001,1.01,14.4,45,0.9,1.08,7196,0.004,6335,-0.003,0.09,4899,50.8,
adxxweekday=>=30|1,995,50.8,-0.0156,0.85,-15.6,1,inf,inf,0,,995,-0.016,0.05,393,51.9,
fundxsymbol=flat|APTUSDT,199,50.8,0.0207,1.17,4.1,41,0.36,1.0,94,0.052,105,-0.008,0.13,61,49.2,
sidexweekday=SHORT|6,1860,50.8,-0.0191,0.85,-35.5,9,inf,inf,656,-0.019,1204,-0.019,0.1,727,51.4,
strategyxweekday=setup_fade|1,731,50.8,0.0301,1.2,22.0,9,0.36,0.31,325,0.031,364,0.02,0.1,334,51.2,
hour_bandxspread=0-5|<2,4122,50.8,-0.0052,0.96,-21.5,48,inf,inf,1214,-0.001,2908,-0.007,0.09,1984,50.8,
concxhour_band=0-1|18-23,1399,50.8,0.0073,1.07,10.2,39,0.81,0.64,272,0.011,1127,0.006,0.1,1397,50.8,
volzxweekday=<2|6,2341,50.7,-0.0057,0.95,-13.4,8,inf,inf,634,0.001,1707,-0.008,0.1,1021,50.6,
decile_bandxweekend=D4-9|False,4016,50.7,0.0103,1.09,41.5,45,0.14,0.17,1985,0.01,1981,0.01,0.11,1447,51.1,Y
spreadxweekday=<2|1,2276,50.7,0.0029,1.03,6.6,7,1.24,0.82,835,0.013,1441,-0.003,0.09,1039,50.3,
adxxsymbol=NA|XLMUSDT,201,50.7,0.0225,1.24,4.5,15,0.4,1.0,198,0.022,0,,0.07,0,,
breadthxsymbol=NA|XLMUSDT,201,50.7,0.0225,1.24,4.5,15,0.4,1.0,198,0.022,0,,0.07,0,,
hour_bandxsymbol=0-5|ENAUSDT,335,50.7,0.0045,1.04,1.5,47,0.88,1.0,128,0.007,207,0.003,0.08,116,52.6,
mktbxsymbol=<30|TRUMPUSDT,268,50.7,0.001,1.01,0.3,7,4.6,1.0,0,,268,0.001,0.07,155,54.2,
oidxsymbol=>0.5|RUNEUSDT,67,50.7,0.0199,1.25,1.3,15,0.3,1.0,12,0.039,55,0.016,0.03,41,51.2,Y
oidxsymbol=<-0.5|TRUMPUSDT,201,50.7,-0.0098,0.9,-2.0,10,inf,inf,0,,201,-0.01,0.05,109,54.1,
spreadxsymbol=NA|XLMUSDT,201,50.7,0.0225,1.24,4.5,15,0.4,1.0,198,0.022,0,,0.07,0,,
strategyxsymbol=ny_flush_buy_4h|XRPUSDT,67,50.7,-0.006,0.97,-0.4,40,inf,inf,29,0.053,38,-0.051,0.0,26,34.6,
sym_statexsymbol=NA|XLMUSDT,201,50.7,0.0225,1.24,4.5,15,0.4,1.0,198,0.022,0,,0.07,0,,
hour_bandxsymbol=6-11|SOLUSDT,605,50.7,-0.0051,0.96,-3.1,52,inf,inf,323,0.003,282,-0.014,0.1,249,51.0,
fundxweekend=flat|False,9635,50.7,0.0004,1.0,3.4,44,2.4,2.79,5426,0.002,4209,-0.001,0.09,3280,50.5,
decile_bandxv3=D4-9|N,2024,50.7,0.0045,1.04,9.0,60,0.5,0.45,941,0.019,1057,-0.009,0.09,542,49.8,
oidxside=>0.5|LONG,2160,50.7,0.0116,1.11,25.0,49,0.44,0.42,547,0.007,1613,0.013,0.09,1068,49.3,
oidxsymbol=NA|XLMUSDT,203,50.7,0.0215,1.23,4.4,16,0.41,1.0,198,0.022,2,-0.081,0.07,0,,
breadthxregime=2-3|bull,2101,50.7,0.0027,1.03,5.6,20,0.87,1.08,586,0.021,1515,-0.004,0.09,1032,49.3,
breadthxv3=2-3|N,3122,50.7,-0.0005,1.0,-1.4,43,inf,inf,1228,0.005,1894,-0.004,0.09,1888,49.8,
atrpxcasc=hi|N,6548,50.7,0.0015,1.02,9.6,57,0.86,0.89,2566,0.001,3982,0.002,0.07,1865,51.0,
symbolxweekend=XLMUSDT|False,479,50.7,0.0015,1.01,0.7,44,2.51,1.0,285,0.009,191,-0.01,0.1,122,50.8,
hour_bandxweekday=18-23|0,891,50.7,0.0012,1.01,1.0,8,8.91,2.64,547,-0.008,344,0.016,0.1,334,50.6,
decile_bandxregime=D4-9|bull,1853,50.7,0.0094,1.08,17.5,22,0.31,0.16,348,0.005,1505,0.011,0.1,717,50.8,Y
symbolxv3=PENDLEUSDT|Y,412,50.7,-0.0193,0.86,-7.9,61,inf,inf,187,-0.036,221,-0.005,0.1,191,52.4,
adxxconc=>=30|>=6,276,50.7,0.0227,1.27,6.3,1,1.0,0.23,276,0.023,0,,0.08,0,,
adxxsymbol=NA|QNTUSDT,69,50.7,0.0001,1.0,0.0,11,84.54,1.0,67,-0.002,0,,0.13,0,,
breadthxsymbol=NA|QNTUSDT,69,50.7,0.0001,1.0,0.0,11,84.54,1.0,67,-0.002,0,,0.13,0,,
fundxweekday=neg|3,828,50.7,0.0056,1.05,4.7,9,0.95,0.94,567,0.006,261,0.006,0.1,310,52.6,
oidxsymbol=NA|QNTUSDT,69,50.7,0.0001,1.0,0.0,11,84.54,1.0,67,-0.002,0,,0.13,0,,
sidexsymbol=SHORT|SUIUSDT,69,50.7,0.0368,1.3,2.5,8,1.06,1.0,0,,69,0.037,0.1,23,65.2,
spreadxsymbol=NA|QNTUSDT,69,50.7,0.0001,1.0,0.0,11,84.54,1.0,67,-0.002,0,,0.13,0,,
sym_statexsymbol=NA|QNTUSDT,69,50.7,0.0001,1.0,0.0,11,84.54,1.0,67,-0.002,0,,0.13,0,,
strategyxweekdayxregime=asia_burst_fade|5|bull,207,50.7,0.0741,1.54,15.3,2,1.1,0.15,0,,207,0.074,0.18,77,41.6,
fundxvolz=flat|2-5,2417,50.7,-0.0069,0.94,-16.7,56,inf,inf,1110,-0.003,1307,-0.01,0.11,856,49.8,
imbxweekday=>=0.5|5,2216,50.7,0.0,1.0,0.1,9,89.36,54.36,944,-0.003,1272,0.002,0.08,898,50.7,
atrpxcasc=NA|N,2701,50.7,0.0136,1.13,36.7,12,0.3,0.25,2355,0.013,51,0.056,0.09,69,60.9,Y
cascxvolz=N|NA,2701,50.7,0.0136,1.13,36.7,12,0.3,0.25,2355,0.013,51,0.056,0.09,69,60.9,Y
cascxdecile_band=Y|D10,416,50.7,0.0017,1.01,0.7,21,6.82,2.12,37,0.054,379,-0.003,0.08,154,48.1,
hour_bandxweekend=0-5|False,5759,50.7,-0.0042,0.96,-24.1,44,inf,inf,3118,-0.002,2641,-0.007,0.08,1978,50.9,
symbolxweekday=SOLUSDT|0,347,50.7,-0.0321,0.73,-11.1,9,inf,inf,211,-0.035,136,-0.028,0.06,108,50.9,
concxvolz=>=6|2-5,1599,50.7,0.0028,1.02,4.5,18,0.73,1.24,1599,0.003,0,,0.1,0,,
spreadxsym_state=2-5|bull,1599,50.7,-0.0014,0.99,-2.2,39,inf,inf,145,0.015,1454,-0.003,0.07,724,50.4,
regimexsymbol=bull|FILUSDT,209,50.7,-0.0112,0.91,-2.3,19,inf,inf,32,-0.011,177,-0.011,0.09,64,46.9,
concxfund=>=6|flat,5578,50.7,0.0009,1.01,5.0,23,0.97,0.78,5578,0.001,0,,0.08,0,,
breadthxsymbol=>=4|ARBUSDT,140,50.7,-0.0025,0.98,-0.3,25,inf,inf,41,-0.008,99,-0.0,0.07,42,50.0,
hour_bandxside=0-5|LONG,4340,50.7,0.0034,1.03,14.8,62,1.05,0.45,2244,0.002,2096,0.004,0.09,1471,50.8,
symbolxweekend=1000PEPEUSDT|True,420,50.7,-0.009,0.92,-3.8,17,inf,inf,182,-0.029,238,0.006,0.1,169,52.1,
atrpxfund=mid|flat,6302,50.7,-0.0038,0.97,-24.2,57,inf,inf,3739,0.001,2563,-0.011,0.1,2241,49.8,
breadthxsymbol=2-3|ENAUSDT,211,50.7,0.0102,1.11,2.2,30,0.73,1.0,45,0.1,166,-0.014,0.07,128,47.7,
strategyxsymbol=setup_fade|ARBUSDT,211,50.7,0.0362,1.23,7.6,59,0.22,1.0,99,0.067,112,0.009,0.14,101,51.5,Y
breadthxsymbol=>=4|DOGEUSDT,213,50.7,0.0006,1.01,0.1,10,17.83,1.0,0,,213,0.001,0.09,31,58.1,
sym_statexweekday=bear|1,426,50.7,0.0215,1.2,9.2,5,0.41,0.42,233,0.014,193,0.03,0.12,227,49.3,
spreadxsymbol=2-5|WLDUSDT,783,50.7,0.0011,1.01,0.8,49,2.33,1.0,310,-0.003,473,0.004,0.08,369,49.9,
adxxconc=20-30|>=6,3061,50.7,0.006,1.06,18.5,10,0.24,0.42,3061,0.006,0,,0.1,0,,
cascxconc=N|2-3,9116,50.7,-0.0072,0.94,-65.5,43,inf,inf,1955,-0.001,7161,-0.009,0.1,3459,50.6,
spreadxvolz=2-5|>=5,499,50.7,0.0099,1.1,4.9,48,0.41,0.21,179,0.006,320,0.012,0.07,214,50.5,
breadthxweekday=1|1,927,50.7,0.0102,1.09,9.5,7,0.5,0.51,341,0.012,586,0.009,0.1,601,50.2,
vs=N,27511,50.7,0.0002,1.0,4.7,63,2.46,3.56,13188,0.004,14059,-0.004,0.09,9945,50.5,
sessionxvs=None|N,27511,50.7,0.0002,1.0,4.7,63,2.46,3.56,13188,0.004,14059,-0.004,0.09,9945,50.5,
breadthxhour_band=2-3|0-5,1432,50.7,0.0008,1.01,1.2,40,2.25,5.12,554,0.007,878,-0.003,0.09,852,50.6,
volzxweekday=2-5|6,860,50.7,-0.0183,0.85,-15.8,8,inf,inf,199,-0.013,661,-0.02,0.09,366,50.0,
breadthxweekday=2-3|5,574,50.7,-0.0012,0.99,-0.7,6,inf,inf,186,-0.0,388,-0.002,0.07,354,47.2,
hour_bandxsym_state=18-23|bear,503,50.7,0.0151,1.15,7.6,33,0.49,0.25,222,0.029,281,0.004,0.12,305,50.2,
atrpxbreadth=mid|>=4,3953,50.7,-0.0077,0.94,-30.3,41,inf,inf,1476,0.0,2477,-0.012,0.11,1397,50.0,
adxxsymbol=NA|ICPUSDT,144,50.7,-0.0245,0.82,-3.5,15,inf,inf,140,-0.026,0,,0.12,0,,
breadthxsymbol=NA|ICPUSDT,144,50.7,-0.0245,0.82,-3.5,15,inf,inf,140,-0.026,0,,0.12,0,,
cascxsymbol=Y|TAOUSDT,144,50.7,0.017,1.18,2.4,13,1.14,1.0,41,-0.038,103,0.039,0.06,72,47.2,
oidxsymbol=NA|ICPUSDT,144,50.7,-0.0245,0.82,-3.5,15,inf,inf,140,-0.026,0,,0.12,0,,
spreadxsymbol=NA|ICPUSDT,144,50.7,-0.0245,0.82,-3.5,15,inf,inf,140,-0.026,0,,0.12,0,,
sym_statexsymbol=NA|ICPUSDT,144,50.7,-0.0245,0.82,-3.5,15,inf,inf,140,-0.026,0,,0.12,0,,
symbolxvs=1000PEPEUSDT|N,1371,50.7,-0.0002,1.0,-0.2,62,inf,inf,710,0.006,649,-0.008,0.1,445,51.9,
concxvolz=2-3|<2,7940,50.7,-0.0061,0.94,-48.8,40,inf,inf,1243,-0.002,6697,-0.007,0.08,3336,50.8,
fundxhour_band=neg|18-23,1444,50.7,-0.0049,0.96,-7.1,55,inf,inf,785,0.007,659,-0.019,0.1,578,49.3,
hour_bandxsymbol=0-5|TAOUSDT,217,50.7,0.0076,1.07,1.7,48,0.61,1.0,107,-0.002,110,0.017,0.09,64,53.1,
fund=flat,12890,50.7,-0.0012,0.99,-15.1,62,inf,inf,7036,-0.0,5854,-0.003,0.09,4385,50.4,
fundxsession=flat|None,12890,50.7,-0.0012,0.99,-15.1,62,inf,inf,7036,-0.0,5854,-0.003,0.09,4385,50.4,
fundxstrategy=neg|nony_momentum,507,50.7,-0.0172,0.78,-8.7,47,inf,inf,332,-0.021,175,-0.01,0.06,166,54.8,
atrpxweekday=mid|0,2182,50.7,-0.0072,0.94,-15.7,9,inf,inf,1292,-0.008,890,-0.007,0.11,827,50.1,
regimexsymbol=bear|RUNEUSDT,73,50.7,-0.005,0.96,-0.4,15,inf,inf,55,-0.008,18,0.003,0.14,24,50.0,
atrpxweekday=mid|6,1614,50.7,-0.0173,0.85,-28.0,8,inf,inf,552,-0.005,1062,-0.024,0.09,663,51.7,
decile_bandxvolz=D4-9|>=5,807,50.7,-0.0099,0.92,-8.0,55,inf,inf,320,-0.02,487,-0.003,0.09,317,50.2,
hour_bandxsymbol=0-5|ETHUSDT,1174,50.7,0.0019,1.02,2.3,59,0.9,1.0,715,0.005,459,-0.002,0.09,471,49.9,
cascxvolz=N|2-5,4777,50.7,-0.0051,0.96,-24.6,57,inf,inf,2245,0.005,2532,-0.014,0.11,1740,50.2,
hour_bandxoid=0-5|mid,3542,50.7,0.0003,1.0,1.0,48,7.7,3.93,1222,0.006,2320,-0.003,0.09,1819,50.8,
vsxweekday=N|0,4006,50.7,-0.01,0.91,-40.2,9,inf,inf,2139,-0.008,1867,-0.012,0.09,1356,51.0,
decile_bandxfund=D2-3|flat,8837,50.7,-0.0034,0.97,-30.4,62,inf,inf,4891,-0.003,3946,-0.004,0.08,3065,50.5,
strategyxweekdayxregime=setup_fade|4|bull,223,50.7,0.0057,1.03,1.3,3,6.33,1.74,11,-0.113,212,0.012,0.13,135,57.0,
spreadxsymbol=<2|XRPUSDT,1490,50.7,0.0024,1.02,3.5,49,0.78,1.0,388,0.014,1102,-0.002,0.1,776,49.9,
cascxvolz=Y|<2,2836,50.7,-0.004,0.96,-11.3,32,inf,inf,66,-0.002,2770,-0.004,0.07,1549,50.2,
adxxfund=20-30|flat,5449,50.7,-0.0017,0.99,-9.0,39,inf,inf,2857,0.003,2592,-0.007,0.11,2663,50.0,
concxhour_band=2-3|6-11,2986,50.7,-0.0018,0.98,-5.5,41,inf,inf,406,0.022,2580,-0.006,0.09,1244,50.8,
concxspread=0-1|<2,4113,50.7,0.0037,1.03,15.2,40,0.67,0.47,840,0.001,3273,0.004,0.11,4113,50.7,
concxweekday=0-1|1,823,50.7,0.0044,1.04,3.7,5,0.68,0.67,183,-0.003,640,0.007,0.11,823,50.7,
mktbxvolz=<30|>=5,2696,50.7,0.0003,1.0,0.8,54,6.57,7.7,1396,0.004,1300,-0.003,0.1,867,51.7,
symbolxvolz=1000PEPEUSDT|>=5,150,50.7,-0.002,0.98,-0.3,37,inf,inf,78,-0.006,72,0.002,0.11,42,52.4,
symbolxvolz=HYPEUSDT|2-5,75,50.7,0.0142,1.2,1.1,8,0.44,1.0,0,,75,0.014,0.04,31,51.6,
symbolxweekday=FILUSDT|3,75,50.7,0.0258,1.28,1.9,9,0.39,1.0,48,0.02,27,0.036,0.09,24,45.8,
symbolxvs=NEARUSDT|N,827,50.7,-0.0054,0.95,-4.4,62,inf,inf,467,-0.0,346,-0.013,0.07,268,50.7,
volzxweekend=<2|True,4441,50.7,0.0002,1.0,0.9,16,8.81,7.84,1264,0.006,3177,-0.002,0.09,2042,50.0,
breadthxsymbol=1|WLDUSDT,227,50.7,0.0027,1.02,0.6,41,2.0,1.0,97,-0.021,130,0.02,0.1,172,51.7,
imbxsymbol=<0.5|XRPUSDT,683,50.7,0.0032,1.03,2.2,52,0.75,1.0,301,0.005,379,0.001,0.1,246,51.2,
hour_bandxsymbol=6-11|ARBUSDT,152,50.7,0.0036,1.03,0.5,37,1.66,1.0,72,-0.017,80,0.022,0.14,65,50.8,
symbolxvolz=ARBUSDT|2-5,152,50.7,0.0061,1.05,0.9,37,1.25,1.0,73,-0.019,79,0.03,0.12,60,50.0,
adxxsymbol=>=30|ETHUSDT,841,50.7,0.0017,1.02,1.4,14,3.87,1.0,65,0.01,776,0.001,0.08,504,51.0,
spreadxv3=>=5|N,843,50.7,-0.0009,0.99,-0.8,40,inf,inf,379,0.007,464,-0.007,0.07,266,50.8,
sym_statexsymbol=bull|1000PEPEUSDT,460,50.7,0.0004,1.0,0.2,15,10.89,1.0,100,0.014,360,-0.003,0.09,207,53.6,
cascxfund=N|flat,11431,50.7,-0.002,0.98,-23.3,62,inf,inf,6672,0.0,4759,-0.005,0.09,3801,50.3,
breadthxvolz=1|2-5,1305,50.7,0.0005,1.0,0.6,48,2.95,5.09,449,0.01,856,-0.004,0.12,825,50.3,
vsxweekend=N|False,20124,50.7,0.0009,1.01,18.9,45,0.58,0.88,10346,0.005,9514,-0.004,0.09,7142,50.7,
breadthxdecile_band=>=4|D4-9,1844,50.7,0.0044,1.04,8.0,40,0.52,0.44,432,0.012,1412,0.002,0.12,599,50.3,
adxxhour_band=NA|0-5,2306,50.7,0.0005,1.0,1.2,19,2.99,3.05,2275,-0.001,31,0.142,0.08,37,67.6,
breadthxhour_band=NA|0-5,2306,50.7,0.0005,1.0,1.2,19,2.99,3.05,2275,-0.001,31,0.142,0.08,37,67.6,
hour_bandxspread=0-5|NA,2306,50.7,0.0005,1.0,1.2,19,2.99,3.05,2275,-0.001,31,0.142,0.08,37,67.6,
hour_bandxsym_state=0-5|NA,2306,50.7,0.0005,1.0,1.2,19,2.99,3.05,2275,-0.001,31,0.142,0.08,37,67.6,
hour_bandxsymbol=0-5|PUMPUSDT,77,50.6,-0.0074,0.92,-0.6,9,inf,inf,0,,77,-0.007,0.06,36,55.6,
strategyxweekday=burst_follow|5,924,50.6,-0.0132,0.82,-12.2,8,inf,inf,362,0.004,562,-0.025,0.06,321,52.3,
hour_bandxoid=0-5|NA,2314,50.6,0.0006,1.01,1.4,22,2.51,2.55,2278,-0.001,36,0.12,0.08,44,65.9,
decile_bandxmktb=D4-9|30-60,464,50.6,0.0093,1.1,4.3,4,0.82,0.4,0,,464,0.009,0.06,163,50.3,
atrpxside=mid|SHORT,6036,50.6,-0.0051,0.96,-31.0,57,inf,inf,3100,0.014,2936,-0.026,0.1,2580,49.5,
volzxweekend=2-5|True,1550,50.6,-0.0121,0.9,-18.8,16,inf,inf,439,-0.003,1111,-0.016,0.1,654,49.1,
adxxhour_band=>=30|0-5,2559,50.6,-0.0012,0.99,-3.0,12,inf,inf,66,0.022,2493,-0.002,0.08,1137,50.1,
cascxweekend=N|True,6050,50.6,-0.0041,0.96,-24.8,18,inf,inf,2817,0.001,3233,-0.009,0.09,2207,50.3,
atrpxhour_band=hi|0-5,2794,50.6,-0.0027,0.98,-7.6,51,inf,inf,797,-0.003,1997,-0.002,0.07,945,51.0,
fundxhour_band=neg|12-17,1556,50.6,0.0096,1.09,15.0,57,0.38,0.24,1004,0.015,552,0.0,0.11,561,51.9,Y
fundximb=flat|>=0.5,8033,50.6,-0.0014,0.99,-11.5,62,inf,inf,4354,0.001,3679,-0.004,0.08,2672,50.4,
decile_bandxsymbol=D4-9|ZECUSDT,312,50.6,0.0057,1.05,1.8,55,0.8,1.0,175,0.004,131,0.007,0.08,101,53.5,
hour_bandxsymbol=6-11|ZECUSDT,547,50.6,0.0031,1.03,1.7,55,0.88,1.0,264,0.005,278,0.002,0.06,235,50.2,
oidxweekday=>0.5|5,547,50.6,0.0104,1.1,5.7,7,0.42,0.33,60,0.024,487,0.009,0.09,272,48.2,
spreadxweekday=2-5|0,470,50.6,-0.0159,0.87,-7.5,7,inf,inf,130,-0.027,340,-0.012,0.08,238,51.3,
decile_bandxfund=D10|neg,865,50.6,0.0077,1.07,6.7,55,0.87,0.6,546,0.018,319,-0.01,0.11,241,51.5,
regimexsymbol=bull|APTUSDT,158,50.6,-0.03,0.8,-4.7,20,inf,inf,38,-0.029,120,-0.03,0.16,63,47.6,
atrpxfund=NA|flat,1189,50.6,0.0038,1.04,4.6,6,1.13,0.39,1189,0.004,0,,0.08,0,,
fundxvolz=flat|NA,1189,50.6,0.0038,1.04,4.6,6,1.13,0.39,1189,0.004,0,,0.08,0,,
imbxsym_state=<0.5|neutral,2935,50.6,-0.0007,0.99,-1.9,48,inf,inf,1299,0.0,1636,-0.001,0.11,1563,49.8,
strategyxdecile_bandximb=burst_follow|D4-9|<0.5,476,50.6,-0.0255,0.72,-12.1,55,inf,inf,213,-0.016,261,-0.033,0.08,139,54.7,
imbxsymbol=>=0.5|TAOUSDT,478,50.6,0.0063,1.06,3.0,48,0.63,1.0,249,0.007,226,0.007,0.08,132,48.5,
atrpxsymbol=mid|UNIUSDT,320,50.6,-0.0127,0.9,-4.1,47,inf,inf,165,-0.014,155,-0.012,0.09,145,50.3,
sidexweekday=LONG|1,2410,50.6,-0.0011,0.99,-2.5,9,inf,inf,1061,0.023,1182,-0.018,0.07,802,49.3,
strategyxweekdayxhour_band=burst_follow|5|12-17,241,50.6,-0.0145,0.8,-3.5,8,inf,inf,122,-0.0,119,-0.029,0.07,86,52.3,
concxweekend=>=6|False,7558,50.6,0.0041,1.04,30.9,17,0.31,0.34,7558,0.004,0,,0.09,0,,
spreadxsymbol=<2|ZECUSDT,1529,50.6,-0.0013,0.99,-2.0,49,inf,inf,536,0.009,993,-0.007,0.08,768,49.6,
strategyxsidexregime=burst_follow|LONG|neutral,1934,50.6,-0.0118,0.84,-22.8,33,inf,inf,1293,-0.006,641,-0.023,0.06,610,51.6,
cascximb=N|>=0.5,16537,50.6,-0.001,0.99,-15.9,63,inf,inf,8961,0.003,7321,-0.007,0.09,5672,50.5,
strategyxweekday=setup_fade|0,648,50.6,0.0144,1.08,9.3,9,1.1,0.46,301,0.009,347,0.019,0.12,288,51.0,
symbolxvolz=RENDERUSDT|2-5,81,50.6,-0.0143,0.89,-1.2,27,inf,inf,25,0.018,56,-0.029,0.09,51,49.0,
symbolxweekday=CHZUSDT|1,81,50.6,0.0016,1.01,0.1,9,6.09,1.0,52,-0.004,25,-0.017,0.09,24,50.0,
symbolxweekday=ARBUSDT|3,81,50.6,-0.007,0.95,-0.6,8,inf,inf,55,0.034,26,-0.093,0.11,23,47.8,
atrpxbreadth=mid|2-3,2758,50.6,-0.0074,0.94,-20.5,42,inf,inf,1257,0.008,1501,-0.02,0.1,1541,50.1,
decile_bandxhour_band=D4-9|18-23,976,50.6,0.0019,1.02,1.8,61,3.63,1.71,403,-0.0,563,0.002,0.12,345,54.5,
oidxregime=mid|bear,1871,50.6,-0.0057,0.95,-10.6,14,inf,inf,458,-0.007,1413,-0.005,0.1,1313,49.9,
imbxoid=>=0.5|>0.5,2118,50.6,0.004,1.04,8.5,49,0.31,0.92,627,-0.002,1491,0.007,0.08,1046,50.1,
fundxsym_state=flat|neutral,4973,50.6,-0.0039,0.97,-19.2,47,inf,inf,2258,-0.0,2715,-0.007,0.11,2356,50.4,
volzxweekday=<2|3,2288,50.6,-0.0002,1.0,-0.4,8,inf,inf,1029,0.006,1259,-0.005,0.09,1076,50.9,
atrpxsymbol=hi|1000PEPEUSDT,654,50.6,0.0007,1.01,0.4,42,3.98,1.0,231,0.012,423,-0.005,0.07,249,53.0,
hour_bandxvolz=12-17|<2,3681,50.6,0.0005,1.01,1.9,55,2.56,2.65,1587,0.003,2094,-0.001,0.09,1534,50.3,
oidxregime=<-0.5|neutral,1393,50.6,-0.0185,0.83,-25.8,33,inf,inf,606,-0.01,787,-0.025,0.08,613,52.5,
hour_bandximb=0-5|<0.5,3120,50.6,0.0002,1.0,0.6,61,5.99,5.37,1412,0.003,1708,-0.002,0.09,1221,50.6,
concxside=0-1|LONG,3209,50.6,0.0108,1.11,34.6,42,0.42,0.3,655,-0.006,2554,0.015,0.11,3205,50.6,
spreadxsymbol=2-5|ADAUSDT,247,50.6,-0.0074,0.93,-1.8,14,inf,inf,0,,247,-0.007,0.07,58,46.6,
atrpxsym_state=hi|neutral,1978,50.6,-0.0046,0.95,-9.1,48,inf,inf,735,-0.005,1243,-0.005,0.06,606,51.7,
hour_bandxsymbol=12-17|DOTUSDT,166,50.6,-0.0109,0.92,-1.8,42,inf,inf,87,0.001,79,-0.024,0.11,73,47.9,
symbolxweekday=ETHUSDT|5,415,50.6,-0.0039,0.96,-1.6,9,inf,inf,239,-0.019,176,0.017,0.06,172,51.2,
fundxhour_band=pos|6-11,2344,50.6,-0.0024,0.98,-5.6,57,inf,inf,604,-0.003,1740,-0.002,0.09,1007,51.0,
hour_bandxsymbol=12-17|UNIUSDT,168,50.6,-0.0089,0.92,-1.5,46,inf,inf,77,-0.025,89,0.013,0.09,59,55.9,
oidxsymbol=NA|TAOUSDT,168,50.6,0.0163,1.16,2.7,18,0.52,1.0,157,0.016,8,0.079,0.08,4,25.0,
hour_bandxweekday=0-5|2,1180,50.6,-0.0135,0.89,-15.9,9,inf,inf,814,-0.012,366,-0.016,0.09,379,50.9,
concxdecile_band=>=6|D10,1437,50.6,0.0151,1.13,21.6,23,0.44,0.29,1437,0.015,0,,0.11,0,,
weekend=True,7814,50.6,-0.0026,0.98,-20.0,18,inf,inf,2971,0.001,4843,-0.005,0.09,3008,49.9,
sessionxweekend=None|True,7814,50.6,-0.0026,0.98,-20.0,18,inf,inf,2971,0.001,4843,-0.005,0.09,3008,49.9,
concxstrategy=0-1|asia_pump_short_4h,85,50.6,-0.0595,0.73,-5.1,29,inf,inf,13,-0.014,72,-0.068,0.0,85,50.6,
decile_bandxvs=D4-9|N,5185,50.6,0.0063,1.05,32.6,63,0.17,0.2,2358,0.009,2790,0.004,0.11,1874,50.4,Y
fundxsymbol=neg|ZECUSDT,170,50.6,-0.0026,0.98,-0.4,20,inf,inf,121,0.009,49,-0.032,0.06,36,61.1,
oidxsymbol=<-0.5|XLMUSDT,85,50.6,-0.0222,0.8,-1.9,21,inf,inf,36,-0.01,49,-0.031,0.07,23,56.5,
session=None,28896,50.6,-0.0001,1.0,-1.6,63,inf,inf,13805,0.004,14796,-0.004,0.09,10557,50.4,
weekend=False,21082,50.6,0.0009,1.01,18.4,45,0.59,1.17,10834,0.004,9953,-0.003,0.09,7549,50.7,
sessionxweekend=None|False,21082,50.6,0.0009,1.01,18.4,45,0.59,1.17,10834,0.004,9953,-0.003,0.09,7549,50.7,
adxxatrp=>=30|mid,2831,50.6,0.0,1.0,0.1,14,121.16,85.2,204,0.033,2627,-0.003,0.1,1452,50.7,
sym_statexweekday=bull|3,1376,50.6,-0.0019,0.98,-2.6,6,inf,inf,356,0.012,1020,-0.007,0.1,705,50.5,
mktbxvolz=<30|2-5,4909,50.6,-0.0026,0.98,-12.7,55,inf,inf,2279,0.004,2630,-0.009,0.11,1886,50.4,
adxxdecile_band=NA|D4-9,1378,50.6,0.0055,1.05,7.6,20,0.63,0.56,1309,0.006,19,0.015,0.11,27,51.9,
breadthxdecile_band=NA|D4-9,1378,50.6,0.0055,1.05,7.6,20,0.63,0.56,1309,0.006,19,0.015,0.11,27,51.9,
decile_bandxspread=D4-9|NA,1378,50.6,0.0055,1.05,7.6,20,0.63,0.56,1309,0.006,19,0.015,0.11,27,51.9,
decile_bandxsym_state=D4-9|NA,1378,50.6,0.0055,1.05,7.6,20,0.63,0.56,1309,0.006,19,0.015,0.11,27,51.9,
volzxweekday=2-5|5,690,50.6,-0.0044,0.97,-3.0,8,inf,inf,240,0.005,450,-0.009,0.11,288,47.9,
hour_bandxsymbol=6-11|ETHUSDT,1123,50.6,-0.0019,0.98,-2.2,63,inf,inf,676,-0.009,439,0.009,0.1,456,50.2,
hour=17,864,50.6,0.0008,1.01,0.7,61,8.71,5.99,409,-0.013,441,0.013,0.08,339,51.3,
sym_statexsymbol=neutral|FILUSDT,261,50.6,-0.016,0.87,-4.2,29,inf,inf,78,-0.005,183,-0.021,0.1,114,47.4,
adxxweekday=20-30|1,1837,50.6,0.0127,1.12,23.4,6,0.32,0.32,969,0.014,868,0.011,0.1,821,49.8,
volzxweekday=<2|5,2100,50.6,0.0068,1.07,14.3,8,0.55,0.28,630,0.011,1470,0.005,0.08,1021,49.3,
fundxvs=pos|N,8594,50.6,-0.0013,0.99,-10.8,62,inf,inf,2419,0.004,6175,-0.003,0.08,3490,50.5,
breadthximb=2-3|>=0.5,3073,50.6,-0.0023,0.98,-6.9,43,inf,inf,1225,0.01,1848,-0.01,0.1,1824,49.7,
decile_bandxvs=D2-3|N,18773,50.6,-0.0028,0.97,-53.2,63,inf,inf,8934,0.001,9621,-0.007,0.08,7106,50.4,
cascxvs=N|N,23468,50.6,0.0002,1.0,5.3,63,2.08,3.22,12702,0.004,10502,-0.005,0.09,8103,50.5,
sidexv3=SHORT|Y,5589,50.6,-0.0067,0.95,-37.2,63,inf,inf,2640,0.006,2905,-0.02,0.09,2524,50.4,
fundxsymbol=flat|ZECUSDT,801,50.6,0.0036,1.04,2.9,47,0.62,1.0,548,0.008,253,-0.006,0.08,267,50.2,
hour_bandxsymbol=6-11|NMRUSDT,89,50.6,0.0019,1.01,0.2,28,4.85,1.0,41,-0.007,46,0.015,0.09,50,50.0,
symbolxweekday=WLDUSDT|4,178,50.6,-0.0075,0.94,-1.3,9,inf,inf,105,-0.011,73,-0.002,0.09,55,47.3,
atrpxsym_state=mid|bull,3117,50.6,-0.0022,0.98,-6.8,48,inf,inf,725,0.008,2392,-0.005,0.09,1589,50.2,
adxxregime=20-30|bull,1962,50.6,-0.0022,0.98,-4.3,12,inf,inf,1622,0.003,340,-0.028,0.09,376,49.5,
adxxhour_band=20-30|18-23,2678,50.6,-0.0067,0.94,-17.9,34,inf,inf,1097,0.019,1581,-0.025,0.1,1306,49.4,
strategyxweekday=burst_follow|2,1339,50.6,-0.0137,0.82,-18.3,8,inf,inf,776,0.003,563,-0.037,0.07,388,50.0,
mktbxweekday=<30|6,3125,50.6,-0.0109,0.9,-34.2,8,inf,inf,1487,0.002,1638,-0.023,0.1,1103,51.0,
fundxhour_band=flat|18-23,2781,50.6,-0.0037,0.96,-10.4,60,inf,inf,1469,0.001,1312,-0.009,0.09,953,50.8,
hour_band=0-5,8078,50.6,-0.0015,0.99,-11.9,62,inf,inf,3986,0.0,4092,-0.003,0.08,2878,50.6,
hour_bandxsession=0-5|None,8078,50.6,-0.0015,0.99,-11.9,62,inf,inf,3986,0.0,4092,-0.003,0.08,2878,50.6,
hour_bandxvs=0-5|N,8078,50.6,-0.0015,0.99,-11.9,62,inf,inf,3986,0.0,4092,-0.003,0.08,2878,50.6,
spreadxweekday=<2|2,2156,50.6,-0.0002,1.0,-0.3,7,inf,inf,860,0.009,1296,-0.006,0.1,978,50.1,
mktbxsymbol=<30|TAOUSDT,629,50.6,0.0093,1.08,5.9,59,0.48,1.0,327,0.01,302,0.008,0.09,217,50.2,
symbolxv3=1000PEPEUSDT|N,989,50.6,-0.0014,0.99,-1.3,55,inf,inf,499,0.011,478,-0.015,0.08,276,53.3,
breadthxmktb=>=4|<30,7477,50.6,-0.006,0.95,-44.9,40,inf,inf,2274,-0.001,5203,-0.008,0.1,2510,51.0,
strategyxweekdayxregime=setup_fade|4|neutral,451,50.6,0.047,1.3,21.2,6,0.37,0.21,334,0.032,117,0.09,0.14,232,52.6,
oidxweekend=mid|True,3523,50.6,-0.0064,0.95,-22.4,14,inf,inf,789,0.003,2734,-0.009,0.11,1967,49.8,
regimexsymbol=bull|NEARUSDT,271,50.6,-0.0267,0.76,-7.2,20,inf,inf,76,-0.018,195,-0.03,0.05,82,51.2,
atrpxhour_band=mid|18-23,3078,50.6,-0.0062,0.95,-18.9,55,inf,inf,1512,0.002,1566,-0.014,0.11,1241,50.0,
breadthxweekday=2-3|1,817,50.6,-0.0008,0.99,-0.6,6,inf,inf,410,0.004,407,-0.006,0.11,435,51.5,
breadthxconc=1|0-1,2906,50.6,0.0072,1.06,20.8,40,0.29,0.23,716,0.004,2190,0.008,0.1,2906,50.6,Y
weekday=0,4182,50.5,-0.0111,0.91,-46.4,9,inf,inf,2240,-0.01,1942,-0.012,0.09,1421,50.8,
sessionxweekday=None|0,4182,50.5,-0.0111,0.91,-46.4,9,inf,inf,2240,-0.01,1942,-0.012,0.09,1421,50.8,
weekdayxweekend=0|False,4182,50.5,-0.0111,0.91,-46.4,9,inf,inf,2240,-0.01,1942,-0.012,0.09,1421,50.8,
adxxvolz=NA|2-5,910,50.5,0.0029,1.03,2.7,9,1.23,1.63,910,0.003,0,,0.08,0,,
breadthxvolz=NA|2-5,910,50.5,0.0029,1.03,2.7,9,1.23,1.63,910,0.003,0,,0.08,0,,
concxsymbol=NA|SOLUSDT,91,50.5,0.0624,1.8,5.7,6,0.79,1.0,54,0.1,4,0.057,0.1,7,57.1,
mktbxsymbol=NA|SOLUSDT,91,50.5,0.0624,1.8,5.7,6,0.79,1.0,54,0.1,4,0.057,0.1,7,57.1,
oidxsymbol=<-0.5|TAOUSDT,91,50.5,0.0006,1.01,0.1,19,40.18,1.0,27,-0.004,64,0.002,0.13,17,58.8,
regimexsymbol=NA|SOLUSDT,91,50.5,0.0624,1.8,5.7,6,0.79,1.0,54,0.1,4,0.057,0.1,7,57.1,
spreadxvolz=NA|2-5,910,50.5,0.0029,1.03,2.7,9,1.23,1.63,910,0.003,0,,0.08,0,,
sym_statexvolz=NA|2-5,910,50.5,0.0029,1.03,2.7,9,1.23,1.63,910,0.003,0,,0.08,0,,
symbolxweekday=BNBUSDT|5,91,50.5,-0.0454,0.74,-4.1,7,inf,inf,45,-0.046,46,-0.045,0.11,23,47.8,
imbxweekday=<0.5|6,1276,50.5,0.0097,1.09,12.3,9,0.87,0.21,458,0.0,818,0.015,0.11,556,50.9,
hour_bandxweekend=18-23|True,1917,50.5,-0.0186,0.83,-35.7,17,inf,inf,665,-0.006,1252,-0.025,0.09,657,50.5,
adxxsym_state=20-30|bull,1644,50.5,0.0012,1.01,2.0,38,1.91,2.2,942,0.007,702,-0.006,0.09,704,49.7,
vsxweekday=N|1,4022,50.5,0.0042,1.04,16.7,9,0.56,0.39,1820,0.011,1938,-0.003,0.08,1385,50.6,
fundxweekend=pos|True,3207,50.5,0.003,1.03,9.7,18,0.77,0.59,712,0.01,2495,0.001,0.09,1322,49.0,
oidxsymbol=mid|ARBUSDT,275,50.5,0.0023,1.02,0.6,44,1.68,1.0,96,0.018,179,-0.006,0.11,157,51.6,
oidxsymbol=<-0.5|XRPUSDT,275,50.5,0.0082,1.09,2.2,30,0.71,1.0,50,0.02,225,0.006,0.07,144,49.3,
oidxvolz=NA|2-5,918,50.5,0.0022,1.02,2.0,12,1.6,2.12,912,0.003,6,-0.048,0.08,7,57.1,
strategyxdecile_bandximb=london_burst_fade|D10|<0.5,184,50.5,0.0844,1.57,15.5,39,0.34,0.21,90,0.079,94,0.09,0.24,53,47.2,Y
cascxsym_state=Y|neutral,277,50.5,0.0044,1.04,1.2,21,2.27,1.55,41,-0.038,236,0.012,0.09,164,48.2,
decile_bandxoid=D4-9|NA,1391,50.5,0.0047,1.04,6.6,24,0.73,0.6,1312,0.005,29,-0.014,0.11,37,51.4,
concxhour_band=>=6|18-23,2046,50.5,0.0058,1.06,11.8,22,0.77,0.27,2046,0.006,0,,0.08,0,,
concxsymbol=>=6|QNTUSDT,93,50.5,0.0096,1.08,0.9,17,1.02,1.0,93,0.01,0,,0.14,0,,
decile_bandxsymbol=D2-3|XLMUSDT,372,50.5,-0.0192,0.84,-7.2,56,inf,inf,212,-0.005,157,-0.039,0.09,122,50.8,
decile_bandxsymbol=D2-3|ARBUSDT,372,50.5,0.0093,1.08,3.5,58,0.57,1.0,210,0.014,162,0.003,0.1,139,51.8,
fundxweekend=flat|True,3255,50.5,-0.0057,0.95,-18.5,18,inf,inf,1610,-0.005,1645,-0.006,0.09,1105,49.9,
hour_bandxweekday=6-11|3,1118,50.5,0.0035,1.03,3.9,9,1.75,0.79,524,0.008,594,-0.001,0.13,402,51.0,
hour_bandxoid=12-17|>0.5,1122,50.5,0.0017,1.02,1.9,47,1.58,2.18,313,0.01,809,-0.001,0.1,535,49.5,
atrpxsymbol=lo|SOLUSDT,376,50.5,-0.0132,0.89,-5.0,38,inf,inf,149,0.014,227,-0.031,0.11,248,50.0,
symbol=1000PEPEUSDT,1413,50.5,0.0008,1.01,1.1,62,2.32,1.0,730,0.008,669,-0.008,0.1,464,51.7,
cascxsymbol=N|1000PEPEUSDT,1413,50.5,0.0008,1.01,1.1,62,2.32,1.0,730,0.008,669,-0.008,0.1,464,51.7,
sessionxsymbol=None|1000PEPEUSDT,1413,50.5,0.0008,1.01,1.1,62,2.32,1.0,730,0.008,669,-0.008,0.1,464,51.7,
adxxhour_band=20-30|12-17,3018,50.5,-0.0029,0.98,-8.7,32,inf,inf,1560,0.004,1458,-0.01,0.12,1451,50.6,
decile_bandxregime=D4-9|bear,1233,50.5,0.0079,1.07,9.8,21,0.56,0.43,748,0.009,485,0.007,0.11,395,50.9,
adxxsym_state=<20|bear,95,50.5,0.0067,1.06,0.6,9,1.47,1.18,75,0.009,20,-0.0,0.12,57,50.9,
concxv3=NA|Y,190,50.5,0.0104,1.09,2.0,2,1.33,0.72,104,-0.006,0,,0.1,0,,
mktbxv3=NA|Y,190,50.5,0.0104,1.09,2.0,2,1.33,0.72,104,-0.006,0,,0.1,0,,
regimexv3=NA|Y,190,50.5,0.0104,1.09,2.0,2,1.33,0.72,104,-0.006,0,,0.1,0,,
symbolxvolz=ICPUSDT|2-5,95,50.5,0.0063,1.06,0.6,33,1.35,1.0,48,0.038,47,-0.026,0.13,49,46.9,
fundxmktb=flat|<30,12069,50.5,-0.0014,0.99,-16.3,60,inf,inf,7036,-0.0,5033,-0.003,0.09,4071,50.3,
cascxside=N|LONG,13698,50.5,0.003,1.03,40.4,63,0.8,0.32,7508,0.004,6023,0.003,0.09,4544,50.3,
decile_bandxoid=D2-3|>0.5,2664,50.5,-0.001,0.99,-2.6,49,inf,inf,609,0.007,2055,-0.003,0.07,1353,49.6,
fundxhour_band=flat|0-5,3527,50.5,-0.0032,0.97,-11.3,61,inf,inf,1998,-0.003,1529,-0.003,0.08,1111,50.6,
mktbxsymbol=<30|XLMUSDT,572,50.5,-0.0105,0.92,-6.0,59,inf,inf,329,-0.001,243,-0.024,0.1,166,51.2,
hour_bandximb=0-5|>=0.5,4958,50.5,-0.0025,0.98,-12.5,62,inf,inf,2574,-0.002,2384,-0.003,0.08,1657,50.6,
adxxbreadth=>=30|1,1049,50.5,-0.0013,0.99,-1.4,14,inf,inf,108,0.009,941,-0.003,0.09,656,49.7,
breadthxspread=1|<2,4297,50.5,0.001,1.01,4.4,49,1.0,1.69,1633,0.002,2664,0.001,0.11,2698,50.5,
mktbxsymbol=<30|ZECUSDT,1817,50.5,0.0028,1.03,5.0,60,0.5,1.0,1050,0.009,767,-0.006,0.08,636,50.5,
atrpxsymbol=mid|PENDLEUSDT,287,50.5,-0.0218,0.85,-6.2,49,inf,inf,127,-0.026,160,-0.019,0.12,156,51.9,
cascxsymbol=N|NMRUSDT,287,50.5,-0.0024,0.98,-0.7,48,inf,inf,176,0.003,100,-0.029,0.14,107,50.5,
oidxstrategy=NA|nony_momentum,574,50.5,0.0048,1.08,2.7,17,2.03,0.63,538,0.01,0,,0.08,1,0.0,
regimexweekday=neutral|3,1055,50.5,0.011,1.1,11.6,5,0.74,0.18,688,0.006,367,0.02,0.09,463,49.0,
fundxv3=NA|Y,192,50.5,0.0112,1.09,2.2,2,1.22,0.66,106,-0.004,0,,0.1,0,,
regimexsymbol=neutral|BNBUSDT,384,50.5,-0.0277,0.8,-10.6,35,inf,inf,271,-0.016,113,-0.055,0.1,105,50.5,
hour_bandxspread=0-5|2-5,1067,50.5,0.0036,1.03,3.9,48,0.56,1.09,251,0.001,816,0.004,0.08,562,50.2,
strategyxsymbol=setup_fade|1000PEPEUSDT,194,50.5,0.0121,1.06,2.4,58,0.64,1.0,106,0.014,87,0.011,0.16,91,54.9,
hour_bandxvs=18-23|N,5739,50.5,-0.0057,0.94,-32.7,61,inf,inf,2598,0.003,3086,-0.014,0.09,2134,49.9,
hour=1,1560,50.5,-0.006,0.95,-9.4,61,inf,inf,843,-0.015,717,0.004,0.11,532,50.0,
strategyxweekdayxregime=setup_fade|2|bull,293,50.5,0.0076,1.04,2.2,6,2.88,1.29,151,0.039,142,-0.026,0.11,98,49.0,
sidexsymbol=LONG|ENAUSDT,685,50.5,0.0174,1.18,11.9,61,0.22,1.0,275,0.03,403,0.009,0.08,243,47.7,Y
decile_bandxregime=D2-3|bear,3621,50.5,-0.004,0.96,-14.6,21,inf,inf,2479,-0.003,1142,-0.007,0.09,1189,49.7,
adxxspread=<20|2-5,295,50.5,0.0008,1.01,0.2,11,7.04,6.42,135,-0.013,160,0.012,0.09,172,51.2,
cascxweekday=Y|5,885,50.5,0.0061,1.06,5.4,5,0.46,0.69,150,-0.001,735,0.007,0.07,371,47.4,
regimexweekday=bull|3,2065,50.5,-0.004,0.96,-8.3,5,inf,inf,751,-0.001,1314,-0.006,0.1,834,51.1,
adxxatrp=20-30|hi,1970,50.5,0.0005,1.01,1.0,39,4.0,5.36,1025,0.004,945,-0.003,0.07,712,50.7,
hour_bandxsym_state=18-23|bull,1780,50.5,0.0006,1.01,1.1,43,8.98,5.43,234,0.007,1546,-0.0,0.08,896,50.8,
mktbxweekday=30-60|5,297,50.5,0.0098,1.14,2.9,1,1.0,0.41,0,,297,0.01,0.03,139,49.6,
symbolxweekend=ARBUSDT|True,198,50.5,0.0194,1.18,3.8,18,0.52,1.0,86,0.021,112,0.018,0.11,81,49.4,
atrpxhour_band=mid|0-5,3590,50.5,-0.0023,0.98,-8.2,56,inf,inf,2007,0.001,1583,-0.007,0.09,1424,50.4,
breadthxweekday=>=4|2,1297,50.5,-0.0049,0.96,-6.4,6,inf,inf,456,0.005,841,-0.01,0.08,450,50.7,
adxximb=20-30|>=0.5,7683,50.5,-0.0022,0.98,-17.3,39,inf,inf,3771,0.005,3912,-0.01,0.1,3831,50.5,
volzxweekday=2-5|0,802,50.5,-0.0186,0.85,-14.9,9,inf,inf,425,-0.02,377,-0.017,0.1,224,52.2,
adxxmktb=>=30|<30,5515,50.5,-0.0016,0.99,-9.0,12,inf,inf,278,0.023,5237,-0.003,0.1,2583,50.9,
imbxsymbol=>=0.5|ARBUSDT,402,50.5,-0.0076,0.94,-3.1,47,inf,inf,230,0.006,172,-0.025,0.1,130,51.5,
spreadxvolz=2-5|2-5,905,50.5,-0.0131,0.89,-11.9,47,inf,inf,205,-0.003,700,-0.016,0.09,388,49.5,
atrpxvolz=mid|2-5,2820,50.5,-0.0069,0.95,-19.5,56,inf,inf,1448,0.005,1372,-0.019,0.12,1115,50.0,
sym_statexvolz=neutral|2-5,2317,50.5,-0.0063,0.95,-14.5,46,inf,inf,961,0.006,1356,-0.015,0.12,1034,50.4,
breadthxsymbol=2-3|NEARUSDT,101,50.5,-0.0075,0.92,-0.8,25,inf,inf,60,-0.04,41,0.04,0.02,49,55.1,
hour_bandxsymbol=18-23|PENDLEUSDT,101,50.5,-0.0236,0.83,-2.4,34,inf,inf,48,-0.029,51,-0.022,0.11,38,52.6,
hour_bandxsymbol=6-11|RUNEUSDT,101,50.5,0.0108,1.08,1.1,31,1.14,1.0,46,0.056,55,-0.027,0.19,52,50.0,
adxximb=NA|>=0.5,4749,50.5,0.0034,1.03,16.0,19,0.63,0.48,4480,0.003,14,-0.073,0.08,25,52.0,
breadthximb=NA|>=0.5,4749,50.5,0.0034,1.03,16.0,19,0.63,0.48,4480,0.003,14,-0.073,0.08,25,52.0,
imbxspread=>=0.5|NA,4749,50.5,0.0034,1.03,16.0,19,0.63,0.48,4480,0.003,14,-0.073,0.08,25,52.0,
imbxsym_state=>=0.5|NA,4749,50.5,0.0034,1.03,16.0,19,0.63,0.48,4480,0.003,14,-0.073,0.08,25,52.0,
fund=pos,9130,50.5,-0.0014,0.99,-12.8,62,inf,inf,2602,0.004,6528,-0.004,0.09,3766,50.5,
decile_bandxsymbol=D2-3|1000PEPEUSDT,913,50.5,-0.0065,0.94,-5.9,61,inf,inf,422,-0.001,480,-0.013,0.08,315,51.7,
fundxsession=pos|None,9130,50.5,-0.0014,0.99,-12.8,62,inf,inf,2602,0.004,6528,-0.004,0.09,3766,50.5,
symbolxv3=BNBUSDT|Y,406,50.5,-0.0123,0.91,-5.0,53,inf,inf,219,-0.008,185,-0.016,0.1,168,50.0,
imbxoid=>=0.5|NA,4783,50.5,0.0034,1.03,16.2,27,0.62,0.47,4495,0.003,33,-0.03,0.08,46,50.0,
concxoid=2-3|mid,6645,50.5,-0.0056,0.95,-37.3,40,inf,inf,1222,0.005,5423,-0.008,0.1,2692,50.5,
breadthxweekday=>=4|1,1434,50.5,0.0003,1.0,0.4,6,14.43,9.63,418,0.024,1016,-0.01,0.07,410,49.0,
sym_statexweekday=bull|2,1127,50.5,0.0131,1.14,14.8,7,0.4,0.27,309,0.03,818,0.007,0.08,444,49.8,
imbxsymbol=>=0.5|ADAUSDT,820,50.5,-0.0031,0.97,-2.6,60,inf,inf,420,-0.004,388,-0.003,0.07,260,49.2,
concxsymbol=2-3|NMRUSDT,103,50.5,-0.0099,0.92,-1.0,24,inf,inf,26,-0.04,77,0.0,0.11,52,50.0,
atrpxconc=mid|>=6,4956,50.5,0.0039,1.03,19.2,18,0.47,0.29,4956,0.004,0,,0.1,0,,
hour_bandxweekday=6-11|4,1242,50.5,0.0048,1.04,5.9,9,0.74,0.4,491,0.01,751,0.001,0.1,539,50.8,
casc=N,24607,50.5,-0.0003,1.0,-7.2,63,inf,inf,13299,0.004,11013,-0.006,0.09,8533,50.4,
cascxsession=N|None,24607,50.5,-0.0003,1.0,-7.2,63,inf,inf,13299,0.004,11013,-0.006,0.09,8533,50.4,
volzxweekday=2-5|3,727,50.5,-0.0076,0.94,-5.5,8,inf,inf,330,-0.009,397,-0.006,0.1,297,48.5,
atrpxhour_band=hi|6-11,1979,50.5,0.0023,1.02,4.6,51,0.91,1.17,395,-0.005,1584,0.004,0.07,765,52.0,
atrpxstrategy=mid|setup_follow,3233,50.5,0.005,1.07,16.0,57,0.24,0.28,1505,0.001,1728,0.008,0.12,1618,50.1,Y
cascxweekday=Y|3,525,50.5,-0.005,0.96,-2.6,6,inf,inf,104,0.012,421,-0.009,0.1,273,49.8,
decile_bandxstrategy=D4-9|ny_flush_buy_4h,105,50.5,-0.0354,0.8,-3.7,36,inf,inf,42,-0.004,63,-0.057,0.0,20,30.0,
strategyxdecile_bandximb=ny_flush_buy_4h|D4-9|>=0.5,105,50.5,-0.0354,0.8,-3.7,36,inf,inf,42,-0.004,63,-0.057,0.0,20,30.0,
fundxvolz=flat|<2,7992,50.5,-0.0016,0.99,-12.7,57,inf,inf,4029,-0.001,3963,-0.002,0.09,3123,50.4,
sym_statexvs=neutral|N,9631,50.5,-0.0043,0.96,-41.9,48,inf,inf,4252,0.002,5379,-0.01,0.1,4632,50.3,
symbolxv3=XRPUSDT|N,1589,50.5,0.0007,1.01,1.1,60,1.92,1.0,711,0.005,862,-0.003,0.08,587,50.3,
symbolxv3=1000PEPEUSDT|Y,424,50.5,0.0058,1.04,2.5,58,1.29,1.0,231,0.003,191,0.01,0.14,188,49.5,
concxweekend=0-1|False,4242,50.5,0.0048,1.04,20.2,30,0.54,0.29,999,0.001,3243,0.006,0.1,4236,50.5,
oidxsymbol=>0.5|1000PEPEUSDT,319,50.5,-0.0094,0.92,-3.0,42,inf,inf,125,-0.02,194,-0.003,0.08,154,52.6,
decile_band=D2-3,19463,50.5,-0.003,0.97,-59.0,63,inf,inf,9241,0.001,9988,-0.007,0.08,7422,50.2,
decile_bandxsession=D2-3|None,19463,50.5,-0.003,0.97,-59.0,63,inf,inf,9241,0.001,9988,-0.007,0.08,7422,50.2,
decile_bandxfund=D4-9|flat,2449,50.5,0.0019,1.02,4.6,62,0.78,0.72,1217,0.001,1232,0.003,0.11,902,49.7,
decile_bandxfund=D4-9|pos,1926,50.5,0.0093,1.08,17.9,60,0.28,0.23,620,0.011,1306,0.009,0.11,740,50.9,Y
regimexsymbol=bear|CHZUSDT,107,50.5,-0.0215,0.83,-2.3,18,inf,inf,68,-0.035,39,0.002,0.09,22,45.5,
spreadxsym_state=>=5|bear,537,50.5,-0.0071,0.94,-3.8,36,inf,inf,302,0.002,235,-0.019,0.1,291,51.2,
breadthxsym_state=1|bull,1397,50.5,0.0014,1.01,1.9,46,1.91,1.87,442,0.005,955,-0.0,0.08,838,49.9,
fundxweekend=pos|False,5923,50.5,-0.0038,0.97,-22.5,44,inf,inf,1890,0.002,4033,-0.006,0.09,2444,51.2,
breadthxsymbol=1|1000PEPEUSDT,216,50.5,-0.0062,0.95,-1.3,41,inf,inf,94,-0.016,122,0.002,0.1,145,51.0,
decile_bandxmktb=D10|<30,3240,50.5,0.0034,1.03,10.9,60,0.87,0.59,1852,0.014,1388,-0.011,0.12,886,51.2,
oidxregime=>0.5|bull,2376,50.5,-0.0007,0.99,-1.7,21,inf,inf,290,0.005,2086,-0.001,0.08,1036,50.3,
atrpxvs=mid|N,12758,50.5,-0.0024,0.98,-31.2,57,inf,inf,6785,0.003,5973,-0.009,0.1,5176,50.3,
imbxvolz=>=0.5|<2,11702,50.5,-0.0037,0.97,-43.9,57,inf,inf,5195,-0.001,6507,-0.006,0.08,4932,50.7,
cascxsymbol=Y|ETHUSDT,545,50.5,0.0087,1.09,4.7,8,1.18,1.0,177,-0.007,368,0.016,0.09,224,51.3,
concxsymbol=0-1|CHZUSDT,109,50.5,-0.0265,0.81,-2.9,27,inf,inf,26,0.022,83,-0.042,0.11,109,50.5,
sym_statexsymbol=neutral|NMRUSDT,109,50.5,-0.0339,0.8,-3.7,21,inf,inf,47,-0.042,62,-0.028,0.17,66,51.5,
strategyxregimexadx=setup_fade|neutral|20-30,1538,50.5,0.0189,1.11,29.1,31,0.3,0.36,740,0.032,798,0.006,0.12,937,51.4,Y
oidxvs=NA|N,7147,50.5,0.0049,1.05,35.1,30,0.31,0.29,6807,0.004,76,0.045,0.08,94,58.5,Y
concxdecile_band=>=6|D4-9,1873,50.5,0.003,1.02,5.7,23,0.71,0.39,1873,0.003,0,,0.11,0,,
hour_bandxoid=6-11|>0.5,1102,50.5,0.0106,1.09,11.7,48,0.25,0.34,274,0.001,828,0.014,0.1,537,51.2,Y
symbolxweekend=1000PEPEUSDT|False,993,50.5,0.0049,1.04,4.9,45,0.53,1.0,548,0.02,431,-0.016,0.1,295,51.5,
cascxhour_band=N|0-5,6882,50.5,-0.001,0.99,-7.2,62,inf,inf,3834,-0.0,3048,-0.002,0.09,2351,50.7,
spreadxstrategy=2-5|ny_flush_buy_4h,111,50.5,-0.0513,0.69,-5.7,31,inf,inf,24,-0.054,87,-0.051,0.0,23,60.9,
concxweekend=2-3|False,8464,50.4,-0.0065,0.94,-54.9,30,inf,inf,1805,-0.0,6659,-0.008,0.09,3244,50.7,
symbolxweekend=NEARUSDT|False,672,50.4,-0.0077,0.93,-5.2,44,inf,inf,402,-0.005,256,-0.012,0.07,209,51.2,
strategyxweekdayxhour_band=setup_fade|4|6-11,224,50.4,0.0517,1.31,11.6,9,0.41,0.24,105,0.032,119,0.069,0.17,114,55.3,
hour_bandxsymbol=6-11|XRPUSDT,450,50.4,0.012,1.11,5.4,54,0.29,1.0,156,0.01,291,0.013,0.08,182,51.1,Y
adxxvs=NA|N,7099,50.4,0.0048,1.04,34.0,20,0.32,0.3,6784,0.004,51,0.056,0.08,69,60.9,Y
breadthxvs=NA|N,7099,50.4,0.0048,1.04,34.0,20,0.32,0.3,6784,0.004,51,0.056,0.08,69,60.9,Y
spreadxvs=NA|N,7099,50.4,0.0048,1.04,34.0,20,0.32,0.3,6784,0.004,51,0.056,0.08,69,60.9,Y
sym_statexvs=NA|N,7099,50.4,0.0048,1.04,34.0,20,0.32,0.3,6784,0.004,51,0.056,0.08,69,60.9,Y
concxweekday=0-1|2,789,50.4,0.0023,1.02,1.8,5,1.98,2.66,165,-0.011,624,0.006,0.09,789,50.4,
breadthxsymbol=1|RUNEUSDT,113,50.4,0.0108,1.09,1.2,31,1.51,1.0,46,0.028,67,-0.001,0.11,77,49.4,
adxxweekend=20-30|True,3166,50.4,-0.0127,0.89,-40.1,12,inf,inf,836,0.003,2330,-0.018,0.1,1883,50.1,
symbolxv3=XLMUSDT|Y,341,50.4,-0.0112,0.92,-3.8,59,inf,inf,160,-0.001,181,-0.02,0.13,153,51.0,
atrpxside=lo|SHORT,1481,50.4,-0.0124,0.92,-18.4,54,inf,inf,646,0.007,835,-0.028,0.11,850,51.6,
hour_bandxsymbol=12-17|NEARUSDT,228,50.4,0.0029,1.03,0.7,44,2.13,1.0,129,0.011,88,-0.009,0.07,67,52.2,
sym_statexweekday=bear|2,456,50.4,-0.018,0.86,-8.2,6,inf,inf,253,0.007,203,-0.05,0.08,263,49.8,
adxxstrategy=NA|nony_momentum,571,50.4,0.0057,1.09,3.2,15,1.72,0.5,535,0.011,0,,0.08,0,,
breadthxstrategy=NA|nony_momentum,571,50.4,0.0057,1.09,3.2,15,1.72,0.5,535,0.011,0,,0.08,0,,
spreadxstrategy=NA|nony_momentum,571,50.4,0.0057,1.09,3.2,15,1.72,0.5,535,0.011,0,,0.08,0,,
strategyxsym_state=nony_momentum|NA,571,50.4,0.0057,1.09,3.2,15,1.72,0.5,535,0.011,0,,0.08,0,,
concxdecile_band=0-1|D4-9,1261,50.4,0.0134,1.11,16.9,42,0.32,0.22,238,0.013,1023,0.013,0.12,1257,50.4,Y
atrpxfund=lo|flat,2066,50.4,-0.0001,1.0,-0.2,53,inf,inf,963,-0.004,1103,0.004,0.13,1113,50.3,
concxsymbol=0-1|1000LUNCUSDT,115,50.4,0.0273,1.25,3.1,29,0.24,1.0,24,-0.021,91,0.04,0.09,115,50.4,
symbolxvolz=NEARUSDT|<2,460,50.4,-0.0093,0.91,-4.3,54,inf,inf,219,-0.01,241,-0.009,0.06,190,50.0,
decile_band=D4-9,5752,50.4,0.0058,1.05,33.2,63,0.17,0.21,2610,0.008,3092,0.004,0.11,2126,50.5,Y
decile_bandxsession=D4-9|None,5752,50.4,0.0058,1.05,33.2,63,0.17,0.21,2610,0.008,3092,0.004,0.11,2126,50.5,Y
breadthxsymbol=>=4|ZECUSDT,579,50.4,-0.0009,0.99,-0.5,36,inf,inf,139,0.008,440,-0.004,0.09,230,50.9,
decile_bandxhour_band=D10|0-5,1045,50.4,-0.0041,0.97,-4.3,59,inf,inf,582,-0.014,463,0.008,0.12,309,49.5,
decile_bandxweekday=D2-3|5,2439,50.4,0.0027,1.03,6.5,9,1.41,0.62,983,0.0,1456,0.004,0.07,1019,49.5,
hour_bandxv3=6-11|N,4182,50.4,0.0001,1.0,0.5,57,12.76,11.73,1956,0.0,2200,-0.0,0.08,1449,51.4,
adxxoid=>=30|>0.5,2098,50.4,-0.0017,0.98,-3.6,14,inf,inf,69,-0.005,2029,-0.002,0.08,985,50.3,
cascxweekend=N|False,18557,50.4,0.001,1.01,17.7,45,0.62,1.02,10482,0.004,7780,-0.004,0.09,6326,50.5,
adxxcasc=20-30|N,10748,50.4,-0.0024,0.98,-25.9,39,inf,inf,5464,0.004,5284,-0.009,0.1,5383,50.3,
adxxsymbol=20-30|NMRUSDT,117,50.4,-0.0225,0.86,-2.6,26,inf,inf,73,-0.022,44,-0.023,0.13,63,50.8,
hour_bandxsymbol=6-11|TRUMPUSDT,117,50.4,0.0164,1.18,1.9,8,0.96,1.0,0,,117,0.016,0.07,70,52.9,
breadthxspread=2-3|<2,3631,50.4,-0.0025,0.98,-9.1,43,inf,inf,1422,0.012,2209,-0.012,0.1,2165,49.5,
cascxside=N|SHORT,10909,50.4,-0.0044,0.97,-47.6,63,inf,inf,5791,0.003,4990,-0.015,0.1,3989,50.6,
concxdecile_band=0-1|D10,589,50.4,0.0157,1.13,9.2,39,0.44,0.23,119,0.015,470,0.016,0.12,589,50.4,
symbolxweekend=XRPUSDT|False,1537,50.4,0.0029,1.03,4.4,45,0.62,1.0,725,0.01,787,-0.004,0.09,595,48.9,
fundxsymbol=flat|XRPUSDT,946,50.4,-0.0046,0.96,-4.4,54,inf,inf,567,-0.0,379,-0.011,0.09,300,48.0,
adxxvs=20-30|N,10525,50.4,-0.0018,0.98,-18.8,39,inf,inf,5279,0.005,5246,-0.008,0.1,5324,50.2,
hour_bandxvolz=12-17|2-5,1775,50.4,-0.0043,0.97,-7.6,55,inf,inf,796,0.009,979,-0.015,0.12,694,49.4,
oidxvs=mid|N,12568,50.4,-0.001,0.99,-12.1,49,inf,inf,4423,0.007,8145,-0.005,0.1,6401,50.1,
sidexvolz=LONG|2-5,3086,50.4,-0.0043,0.96,-13.2,57,inf,inf,1299,-0.008,1787,-0.002,0.1,1123,50.8,
sidexsym_state=LONG|neutral,5603,50.4,-0.0019,0.98,-10.5,48,inf,inf,2460,-0.004,3143,-0.001,0.1,2604,50.0,
adxxfund=20-30|neg,3342,50.4,0.0009,1.01,3.0,39,2.25,1.48,1768,0.011,1574,-0.01,0.1,1702,50.7,
hour_bandxsym_state=18-23|neutral,2535,50.4,-0.0132,0.88,-33.4,45,inf,inf,1003,-0.003,1532,-0.02,0.1,1150,49.9,
decile_bandxsymbol=D4-9|RENDERUSDT,121,50.4,0.0253,1.23,3.1,39,0.34,1.0,46,0.01,73,0.032,0.1,57,50.9,Y
hour_bandxsymbol=6-11|APTUSDT,121,50.4,0.0385,1.37,4.7,38,0.26,1.0,65,0.042,56,0.034,0.13,37,51.4,Y
symbolxvolz=ENAUSDT|>=5,121,50.4,0.047,1.43,5.7,38,0.22,1.0,64,0.043,57,0.051,0.15,33,57.6,Y
atrpxcasc=mid|N,12273,50.4,-0.0037,0.97,-45.1,57,inf,inf,6991,0.002,5282,-0.012,0.1,4839,50.2,
breadthxconc=2-3|2-3,2067,50.4,-0.0069,0.94,-14.2,33,inf,inf,412,0.012,1655,-0.012,0.09,1203,50.0,
concxvs=>=6|N,9629,50.4,0.0039,1.04,38.0,23,0.25,0.21,9629,0.004,0,,0.08,0,,
adxxfund=NA|flat,3660,50.4,-0.002,0.98,-7.4,14,inf,inf,3660,-0.002,0,,0.08,0,,
breadthxfund=NA|flat,3660,50.4,-0.002,0.98,-7.4,14,inf,inf,3660,-0.002,0,,0.08,0,,
fundxspread=flat|NA,3660,50.4,-0.002,0.98,-7.4,14,inf,inf,3660,-0.002,0,,0.08,0,,
fundxsym_state=flat|NA,3660,50.4,-0.002,0.98,-7.4,14,inf,inf,3660,-0.002,0,,0.08,0,,
fundxoid=flat|NA,3680,50.4,-0.0018,0.98,-6.8,24,inf,inf,3669,-0.002,11,0.06,0.08,11,45.5,
adxxsym_state=>=30|bear,123,50.4,0.0167,1.15,2.1,6,0.47,0.44,8,0.09,115,0.012,0.12,85,49.4,
hour_bandxregime=0-5|neutral,3333,50.4,-0.0012,0.99,-4.0,33,inf,inf,2203,0.003,1130,-0.009,0.08,1175,50.9,
imbxweekday=>=0.5|1,2966,50.4,0.0058,1.06,17.2,9,0.75,0.31,1208,0.016,1503,-0.004,0.07,1093,50.0,
concxoid=2-3|>0.5,2472,50.4,-0.0018,0.98,-4.4,40,inf,inf,295,-0.005,2177,-0.001,0.09,969,49.9,
fundximb=neg|>=0.5,4954,50.4,-0.0005,1.0,-2.2,60,inf,inf,3035,0.007,1919,-0.012,0.09,1898,50.4,
volzxvs=<2|N,16666,50.4,-0.0024,0.98,-39.5,57,inf,inf,7105,0.001,9561,-0.005,0.08,7130,50.3,
symbol=NEARUSDT,875,50.4,-0.0057,0.95,-5.0,62,inf,inf,485,0.0,376,-0.014,0.07,291,50.2,
symbol=DOGEUSDT,250,50.4,0.0037,1.04,0.9,10,2.03,1.0,0,,250,0.004,0.09,54,55.6,
cascxsymbol=N|NEARUSDT,875,50.4,-0.0057,0.95,-5.0,62,inf,inf,485,0.0,376,-0.014,0.07,291,50.2,
cascxsymbol=N|DOGEUSDT,250,50.4,0.0037,1.04,0.9,10,2.03,1.0,0,,250,0.004,0.09,54,55.6,
concxsymbol=>=6|NMRUSDT,125,50.4,0.0212,1.17,2.7,18,0.48,1.0,125,0.021,0,,0.14,0,,
sessionxsymbol=None|NEARUSDT,875,50.4,-0.0057,0.95,-5.0,62,inf,inf,485,0.0,376,-0.014,0.07,291,50.2,
sessionxsymbol=None|DOGEUSDT,250,50.4,0.0037,1.04,0.9,10,2.03,1.0,0,,250,0.004,0.09,54,55.6,
spreadxsymbol=<2|DOGEUSDT,250,50.4,0.0037,1.04,0.9,10,2.03,1.0,0,,250,0.004,0.09,54,55.6,
mktbxsym_state=<30|bull,6030,50.4,-0.0003,1.0,-1.7,46,inf,inf,1211,0.011,4819,-0.003,0.09,2922,50.7,
spreadxstrategy=>=5|burst_follow,377,50.4,-0.0123,0.83,-4.7,39,inf,inf,161,-0.008,216,-0.015,0.05,118,51.7,
cascxweekend=Y|True,1764,50.4,0.0028,1.03,4.9,9,0.79,0.79,154,-0.001,1610,0.003,0.08,801,48.7,
oidxvs=>0.5|N,3784,50.4,0.0045,1.04,17.0,49,0.29,0.24,942,0.004,2842,0.005,0.09,1830,50.2,Y
adxxdecile_band=20-30|D2-3,7207,50.4,-0.0035,0.97,-25.2,39,inf,inf,3719,0.001,3488,-0.008,0.09,3787,49.9,
oidxv3=>0.5|N,2538,50.4,0.002,1.02,5.1,42,0.85,0.53,574,0.006,1964,0.001,0.08,1150,50.4,
atrpxsymbol=NA|SOLUSDT,381,50.4,0.0249,1.3,9.5,11,0.55,1.0,344,0.027,4,0.057,0.07,7,57.1,
imbxsymbol=<0.5|XLMUSDT,127,50.4,-0.0187,0.87,-2.4,22,inf,inf,78,0.004,49,-0.055,0.11,23,47.8,
symbolxvolz=SOLUSDT|NA,381,50.4,0.0249,1.3,9.5,11,0.55,1.0,344,0.027,4,0.057,0.07,7,57.1,
concximb=>=6|>=0.5,6362,50.4,0.0045,1.04,28.7,23,0.35,0.3,6362,0.005,0,,0.08,0,,
mktbxside=<30|LONG,13873,50.4,0.0021,1.02,29.5,60,1.2,0.64,7538,-0.001,6335,0.006,0.09,4918,50.9,
strategyxregimexadx=setup_fade|bull|>=30,1020,50.4,0.0026,1.01,2.6,12,3.87,1.26,48,0.109,972,-0.003,0.11,606,51.3,
weekday=1,4223,50.4,0.0046,1.04,19.4,9,0.49,0.34,1899,0.01,2029,-0.002,0.08,1466,50.4,
sessionxweekday=None|1,4223,50.4,0.0046,1.04,19.4,9,0.49,0.34,1899,0.01,2029,-0.002,0.08,1466,50.4,
weekdayxweekend=1|False,4223,50.4,0.0046,1.04,19.4,9,0.49,0.34,1899,0.01,2029,-0.002,0.08,1466,50.4,
symbolxweekday=WLDUSDT|3,129,50.4,-0.0073,0.93,-0.9,9,inf,inf,84,-0.014,45,0.006,0.06,38,47.4,
atrpxsym_state=mid|neutral,6196,50.4,-0.004,0.97,-24.8,46,inf,inf,3010,0.005,3186,-0.013,0.11,2975,50.0,
concxdecile_band=2-3|D4-9,2459,50.4,0.0021,1.02,5.2,42,1.06,0.86,409,0.016,2050,-0.001,0.11,842,50.5,
fundxoid=flat|mid,6085,50.4,-0.0007,0.99,-4.3,49,inf,inf,2452,0.003,3633,-0.003,0.1,3019,49.9,
breadthximb=>=4|<0.5,3241,50.4,-0.0025,0.98,-8.3,41,inf,inf,501,0.008,2740,-0.005,0.11,1233,50.0,
imbxsym_state=>=0.5|bear,1826,50.4,-0.0002,1.0,-0.3,40,inf,inf,869,-0.002,957,0.001,0.1,1125,50.1,
decile_bandxhour_band=D2-3|0-5,5391,50.4,-0.0035,0.97,-19.0,62,inf,inf,2651,0.001,2740,-0.008,0.07,1977,50.7,
imbxregime=<0.5|bear,2108,50.4,0.0049,1.04,10.2,21,0.78,0.32,1563,0.006,545,0.002,0.1,563,49.4,
adxxatrp=NA|lo,397,50.4,-0.0059,0.96,-2.3,9,inf,inf,397,-0.006,0,,0.09,0,,
atrpxbreadth=lo|NA,397,50.4,-0.0059,0.96,-2.3,9,inf,inf,397,-0.006,0,,0.09,0,,
atrpxspread=lo|NA,397,50.4,-0.0059,0.96,-2.3,9,inf,inf,397,-0.006,0,,0.09,0,,
atrpxsym_state=lo|NA,397,50.4,-0.0059,0.96,-2.3,9,inf,inf,397,-0.006,0,,0.09,0,,
fundxweekday=neg|5,530,50.4,-0.0005,1.0,-0.3,8,inf,inf,292,0.008,238,-0.011,0.11,273,50.2,
cascxhour_band=N|18-23,5322,50.4,-0.0049,0.95,-26.2,61,inf,inf,2734,0.003,2521,-0.015,0.1,1849,50.1,
oidxsymbol=mid|XRPUSDT,933,50.4,0.005,1.04,4.6,49,0.49,1.0,300,0.017,633,-0.001,0.11,454,49.6,
hour_bandxside=0-5|SHORT,3738,50.4,-0.0071,0.95,-26.6,62,inf,inf,1742,-0.003,1996,-0.011,0.07,1407,50.4,
regimexsymbol=bear|SOLUSDT,534,50.4,0.0007,1.01,0.4,21,6.4,1.0,425,0.008,109,-0.027,0.08,126,52.4,
hour=12,1469,50.4,0.0128,1.1,18.8,61,0.22,0.42,770,0.018,627,0.005,0.14,501,51.5,Y
atrpxsymbol=mid|1000LUNCUSDT,268,50.4,0.0033,1.03,0.9,49,1.14,1.0,132,-0.006,136,0.012,0.12,125,51.2,
imbxsymbol=>=0.5|FILUSDT,671,50.4,-0.0099,0.92,-6.7,60,inf,inf,334,0.001,326,-0.022,0.08,231,48.9,
breadthxdecile_band=1|D10,542,50.4,0.0128,1.1,6.9,48,0.34,0.39,199,0.006,343,0.017,0.15,338,50.0,Y
atrpxoid=lo|NA,409,50.4,-0.0065,0.95,-2.7,14,inf,inf,405,-0.007,4,0.087,0.1,9,44.4,
atrpxside=NA|LONG,1642,50.4,0.0225,1.24,37.0,11,0.88,0.21,1461,0.03,14,-0.073,0.1,25,52.0,
sidexvolz=LONG|NA,1642,50.4,0.0225,1.24,37.0,11,0.88,0.21,1461,0.03,14,-0.073,0.1,25,52.0,
adxxatrp=20-30|mid,6860,50.4,-0.005,0.96,-34.3,39,inf,inf,3660,0.005,3200,-0.016,0.1,3378,49.9,
imbxsymbol=<0.5|ETHUSDT,1928,50.4,0.0031,1.03,6.0,60,0.69,1.0,1157,0.003,759,0.003,0.11,770,49.7,
symbol=ENAUSDT,1243,50.4,0.0093,1.09,11.6,61,0.28,1.0,486,0.015,746,0.006,0.08,455,49.0,Y
sessionxsymbol=None|ENAUSDT,1243,50.4,0.0093,1.09,11.6,61,0.28,1.0,486,0.015,746,0.006,0.08,455,49.0,Y
concxweekday=0-1|0,830,50.4,0.0043,1.04,3.6,6,1.71,0.57,139,0.044,691,-0.004,0.09,830,50.4,
imbxoid=>=0.5|mid,9017,50.4,-0.0022,0.98,-19.9,49,inf,inf,3220,0.007,5797,-0.007,0.1,4575,50.3,
breadthxcasc=2-3|N,4329,50.4,-0.0017,0.98,-7.4,43,inf,inf,1910,0.007,2419,-0.009,0.1,2468,50.0,
imbxweekday=<0.5|1,1257,50.4,0.0018,1.02,2.2,9,2.19,1.69,691,-0.0,526,0.003,0.08,373,51.7,
imbxmktb=>=0.5|<30,16240,50.4,-0.002,0.98,-31.7,60,inf,inf,8894,0.003,7346,-0.008,0.09,5894,50.6,
sym_state=neutral,10128,50.4,-0.0044,0.96,-44.9,48,inf,inf,4425,0.002,5703,-0.01,0.1,4892,50.3,
sessionxsym_state=None|neutral,10128,50.4,-0.0044,0.96,-44.9,48,inf,inf,4425,0.002,5703,-0.01,0.1,4892,50.3,
concxsym_state=2-3|bear,1126,50.4,0.0025,1.02,2.8,30,1.2,1.09,440,-0.0,686,0.004,0.1,536,48.7,
symbolxvolz=XLMUSDT|2-5,141,50.4,-0.0263,0.82,-3.7,37,inf,inf,72,0.023,69,-0.078,0.13,42,52.4,
atrpxweekday=hi|0,1553,50.4,-0.0193,0.82,-30.0,9,inf,inf,666,-0.019,887,-0.019,0.06,427,53.2,
imbxweekday=>=0.5|2,2965,50.4,0.0005,1.0,1.5,9,4.73,4.76,1858,0.002,1107,-0.002,0.1,890,50.6,
fundxspread=neg|2-5,991,50.4,-0.001,0.99,-1.0,45,inf,inf,408,-0.002,583,-0.0,0.08,535,50.1,
conc=>=6,10087,50.4,0.0034,1.03,34.1,23,0.28,0.24,10087,0.003,0,,0.08,0,,
concxmktb=>=6|<30,10087,50.4,0.0034,1.03,34.1,23,0.28,0.24,10087,0.003,0,,0.08,0,,
concxsession=>=6|None,10087,50.4,0.0034,1.03,34.1,23,0.28,0.24,10087,0.003,0,,0.08,0,,
hour_band=18-23,6274,50.4,-0.0034,0.97,-21.1,61,inf,inf,2839,0.003,3368,-0.009,0.09,2362,50.2,
hour_bandxsession=18-23|None,6274,50.4,-0.0034,0.97,-21.1,61,inf,inf,2839,0.003,3368,-0.009,0.09,2362,50.2,
cascxsym_state=N|neutral,9851,50.4,-0.0047,0.96,-46.1,48,inf,inf,4384,0.003,5467,-0.011,0.1,4728,50.3,
atrpxregime=mid|bull,4143,50.3,-0.0018,0.98,-7.6,22,inf,inf,1397,0.005,2746,-0.005,0.1,1635,50.2,
fundxhour_band=neg|0-5,1716,50.3,-0.0029,0.97,-5.0,58,inf,inf,1060,0.004,656,-0.014,0.08,668,50.3,
breadthxside=1|SHORT,3154,50.3,-0.0041,0.97,-12.8,49,inf,inf,1197,0.014,1957,-0.015,0.09,2017,50.5,
regimexsymbol=neutral|1000PEPEUSDT,574,50.3,0.0096,1.09,5.5,35,0.42,1.0,415,0.008,159,0.014,0.09,186,50.0,
hour_bandxweekday=6-11|5,862,50.3,0.0067,1.07,5.8,9,0.53,0.62,356,-0.008,506,0.017,0.07,371,49.9,
sym_state=NA,7476,50.3,0.0044,1.04,33.1,20,0.33,0.32,7130,0.004,51,0.056,0.08,69,60.9,Y
adx=NA,7476,50.3,0.0044,1.04,33.1,20,0.33,0.32,7130,0.004,51,0.056,0.08,69,60.9,Y
breadth=NA,7476,50.3,0.0044,1.04,33.1,20,0.33,0.32,7130,0.004,51,0.056,0.08,69,60.9,Y
spread=NA,7476,50.3,0.0044,1.04,33.1,20,0.33,0.32,7130,0.004,51,0.056,0.08,69,60.9,Y
adxxbreadth=NA|NA,7476,50.3,0.0044,1.04,33.1,20,0.33,0.32,7130,0.004,51,0.056,0.08,69,60.9,Y
adxxoid=NA|NA,7476,50.3,0.0044,1.04,33.1,20,0.33,0.32,7130,0.004,51,0.056,0.08,69,60.9,Y
adxxsession=NA|None,7476,50.3,0.0044,1.04,33.1,20,0.33,0.32,7130,0.004,51,0.056,0.08,69,60.9,Y
adxxspread=NA|NA,7476,50.3,0.0044,1.04,33.1,20,0.33,0.32,7130,0.004,51,0.056,0.08,69,60.9,Y
adxxsym_state=NA|NA,7476,50.3,0.0044,1.04,33.1,20,0.33,0.32,7130,0.004,51,0.056,0.08,69,60.9,Y
breadthxoid=NA|NA,7476,50.3,0.0044,1.04,33.1,20,0.33,0.32,7130,0.004,51,0.056,0.08,69,60.9,Y
breadthxsession=NA|None,7476,50.3,0.0044,1.04,33.1,20,0.33,0.32,7130,0.004,51,0.056,0.08,69,60.9,Y
breadthxspread=NA|NA,7476,50.3,0.0044,1.04,33.1,20,0.33,0.32,7130,0.004,51,0.056,0.08,69,60.9,Y
breadthxsym_state=NA|NA,7476,50.3,0.0044,1.04,33.1,20,0.33,0.32,7130,0.004,51,0.056,0.08,69,60.9,Y
oidxspread=NA|NA,7476,50.3,0.0044,1.04,33.1,20,0.33,0.32,7130,0.004,51,0.056,0.08,69,60.9,Y
oidxsym_state=NA|NA,7476,50.3,0.0044,1.04,33.1,20,0.33,0.32,7130,0.004,51,0.056,0.08,69,60.9,Y
sessionxspread=None|NA,7476,50.3,0.0044,1.04,33.1,20,0.33,0.32,7130,0.004,51,0.056,0.08,69,60.9,Y
sessionxsym_state=None|NA,7476,50.3,0.0044,1.04,33.1,20,0.33,0.32,7130,0.004,51,0.056,0.08,69,60.9,Y
spreadxsym_state=NA|NA,7476,50.3,0.0044,1.04,33.1,20,0.33,0.32,7130,0.004,51,0.056,0.08,69,60.9,Y
hour_bandxsymbol=6-11|WLDUSDT,288,50.3,0.0026,1.02,0.7,52,1.8,1.0,172,0.007,113,-0.004,0.08,82,48.8,
oid=NA,7530,50.3,0.0045,1.04,34.1,30,0.32,0.31,7153,0.004,82,0.039,0.08,98,57.1,Y
oidxsession=NA|None,7530,50.3,0.0045,1.04,34.1,30,0.32,0.31,7153,0.004,82,0.039,0.08,98,57.1,Y
fundxoid=pos|mid,4203,50.3,0.0002,1.0,0.9,49,10.76,7.77,646,0.009,3557,-0.001,0.09,2209,50.2,
decile_bandxmktb=D4-9|<30,5103,50.3,0.004,1.03,20.3,60,0.28,0.29,2527,0.005,2576,0.002,0.12,1922,50.5,Y
decile_bandxvolz=D2-3|<2,14805,50.3,-0.0037,0.96,-54.8,57,inf,inf,6343,-0.0,8462,-0.006,0.08,6387,50.1,
oidxvolz=>0.5|<2,2497,50.3,0.0007,1.01,1.8,49,1.9,2.33,555,-0.0,1942,0.001,0.07,1261,49.3,
decile_bandxweekend=D2-3|False,14424,50.3,-0.0038,0.97,-54.1,45,inf,inf,7318,0.0,6872,-0.009,0.08,5418,50.4,
regimexweekday=bull|1,1329,50.3,-0.012,0.88,-15.9,4,inf,inf,334,-0.001,995,-0.016,0.05,393,51.9,
adxxside=20-30|LONG,6055,50.3,0.0004,1.0,2.5,39,11.7,6.64,3040,0.006,3015,-0.006,0.1,2991,49.2,
cascxdecile_band=N|D2-3,16268,50.3,-0.0029,0.97,-46.5,63,inf,inf,8853,0.001,7181,-0.008,0.08,5866,50.3,
atrpxweekday=lo|6,596,50.3,-0.0179,0.87,-10.7,8,inf,inf,228,-0.002,368,-0.028,0.14,336,50.3,
symbolxvolz=APTUSDT|2-5,149,50.3,-0.0029,0.98,-0.4,37,inf,inf,66,0.01,83,-0.013,0.12,41,46.3,
symbolxvs=NMRUSDT|N,298,50.3,-0.0006,1.0,-0.2,50,inf,inf,158,0.008,135,-0.015,0.14,134,49.3,
regimexspread=neutral|<2,5853,50.3,-0.004,0.97,-23.1,33,inf,inf,2824,0.004,3029,-0.011,0.11,3162,50.4,
spreadxsymbol=<2|ARBUSDT,451,50.3,0.0031,1.03,1.4,49,1.42,1.0,162,0.012,289,-0.002,0.11,217,51.2,
atrpxweekend=mid|True,2871,50.3,-0.0105,0.91,-30.2,16,inf,inf,1088,0.0,1783,-0.017,0.09,1263,50.6,
breadthxsym_state=2-3|neutral,2573,50.3,-0.0096,0.92,-24.6,40,inf,inf,1297,-0.001,1276,-0.019,0.1,1419,49.8,
hour_bandxregime=0-5|bear,1514,50.3,-0.0029,0.97,-4.4,16,inf,inf,1002,-0.001,512,-0.006,0.08,572,50.0,
mktbxregime=<30|bull,7423,50.3,-0.0013,0.99,-9.6,20,inf,inf,2005,0.005,5418,-0.004,0.09,2838,50.7,
cascxfund=N|neg,5774,50.3,0.0009,1.01,5.5,59,1.63,1.01,3646,0.006,2128,-0.008,0.09,2193,50.3,
fundxsymbol=pos|XRPUSDT,610,50.3,0.008,1.08,4.9,21,0.43,1.0,51,0.008,559,0.008,0.08,332,52.7,
oid=mid,13164,50.3,-0.001,0.99,-12.7,49,inf,inf,4600,0.006,8564,-0.005,0.1,6745,50.0,
oidxsession=mid|None,13164,50.3,-0.001,0.99,-12.7,49,inf,inf,4600,0.006,8564,-0.005,0.1,6745,50.0,
cascxconc=N|>=6,9667,50.3,0.0035,1.03,33.6,23,0.28,0.24,9667,0.003,0,,0.08,0,,
adxxsymbol=20-30|ADAUSDT,463,50.3,-0.0057,0.95,-2.7,38,inf,inf,237,0.005,226,-0.017,0.08,235,48.9,
decile_bandxsymbol=D2-3|WLDUSDT,775,50.3,-0.0046,0.96,-3.5,58,inf,inf,477,-0.008,283,0.002,0.06,219,49.3,
adxxhour_band=20-30|0-5,2798,50.3,-0.0024,0.98,-6.8,35,inf,inf,1464,-0.001,1334,-0.005,0.09,1420,50.4,
atrpxmktb=mid|<30,12792,50.3,-0.0031,0.97,-40.2,55,inf,inf,7068,0.002,5724,-0.01,0.1,5166,50.0,
regimexstrategy=neutral|setup_fade,2502,50.3,0.0151,1.09,37.8,40,0.23,0.44,1420,0.026,1082,0.001,0.12,1212,51.1,Y
strategyxregimextrig=setup_fade|neutral|bar,2502,50.3,0.0151,1.09,37.8,40,0.23,0.44,1420,0.026,1082,0.001,0.12,1212,51.1,Y
fundxvs=neg|N,5807,50.3,0.0007,1.01,4.0,61,2.11,1.13,3558,0.007,2249,-0.01,0.09,2218,50.3,
sidexweekday=LONG|3,2045,50.3,0.0124,1.12,25.3,9,0.7,0.21,1114,0.008,931,0.017,0.11,773,50.6,
atrpxspread=lo|<2,2518,50.3,-0.0031,0.98,-7.8,47,inf,inf,906,0.001,1612,-0.005,0.13,1654,50.2,
adxxbreadth=<20|1,795,50.3,0.0056,1.05,4.5,11,0.79,0.7,236,0.022,559,-0.001,0.1,545,50.8,
symbolxvolz=DOGEUSDT|<2,159,50.3,0.0025,1.02,0.4,10,3.05,1.0,0,,159,0.002,0.09,39,56.4,
symbolxweekday=NEARUSDT|1,159,50.3,0.0016,1.02,0.3,9,3.96,1.0,91,0.014,54,-0.02,0.04,39,51.3,
breadthxvolz=2-3|2-5,958,50.3,-0.0061,0.95,-5.8,42,inf,inf,365,0.004,593,-0.012,0.11,530,49.2,
atrpxconc=NA|>=6,2238,50.3,0.006,1.06,13.5,6,0.61,0.27,2238,0.006,0,,0.08,0,,
concxvolz=>=6|NA,2238,50.3,0.006,1.06,13.5,6,0.61,0.27,2238,0.006,0,,0.08,0,,
adxxvolz=20-30|<2,7213,50.3,0.0002,1.0,1.1,39,4.47,5.52,3664,0.005,3549,-0.005,0.1,3799,49.9,
concxregime=0-1|bear,1125,50.3,-0.0048,0.96,-5.4,15,inf,inf,193,-0.034,932,0.001,0.12,1119,50.3,
regimexsymbol=bull|WLDUSDT,322,50.3,-0.0011,0.99,-0.3,20,inf,inf,99,0.003,223,-0.003,0.05,54,46.3,
sym_statexsymbol=neutral|ADAUSDT,322,50.3,0.0026,1.03,0.8,23,2.01,1.0,236,0.012,86,-0.023,0.09,117,48.7,
strategyxweekdayxregime=burst_follow|5|bull,483,50.3,-0.021,0.72,-10.2,2,inf,inf,0,,483,-0.021,0.05,198,53.5,
decile_bandxfund=D2-3|pos,6122,50.3,-0.0061,0.94,-37.2,62,inf,inf,1604,-0.0,4518,-0.008,0.08,2701,50.1,
sidexsymbol=LONG|ZECUSDT,1131,50.3,0.0157,1.17,17.7,63,0.31,1.0,611,0.022,506,0.008,0.09,401,50.6,Y
adxxconc=>=30|0-1,1783,50.3,0.0017,1.01,3.0,13,3.72,1.31,0,,1783,0.002,0.09,1783,50.3,
symbol=ZECUSDT,2113,50.3,0.0042,1.04,8.9,63,0.58,1.0,1084,0.014,1003,-0.006,0.08,779,49.6,
sessionxsymbol=None|ZECUSDT,2113,50.3,0.0042,1.04,8.9,63,0.58,1.0,1084,0.014,1003,-0.006,0.08,779,49.6,
symbolxweekend=TAOUSDT|False,489,50.3,0.0029,1.03,1.4,44,1.99,1.0,240,0.001,246,0.006,0.08,161,48.4,
sidexsymbol=SHORT|ZECUSDT,982,50.3,-0.0089,0.91,-8.8,63,inf,inf,473,0.004,497,-0.022,0.06,378,48.4,
atrpximb=mid|>=0.5,9498,50.3,-0.0029,0.98,-27.4,57,inf,inf,5093,0.003,4405,-0.009,0.1,3863,50.4,
adxxsym_state=20-30|neutral,7411,50.3,-0.0045,0.96,-33.2,39,inf,inf,3624,0.004,3787,-0.013,0.11,3648,50.3,
sidexsymbol=LONG|ADAUSDT,660,50.3,0.0024,1.03,1.6,62,1.65,1.0,362,0.009,291,-0.005,0.07,182,47.3,
symbolxvs=XRPUSDT|N,1986,50.3,-0.0002,1.0,-0.4,63,inf,inf,889,0.003,1077,-0.003,0.09,757,49.9,
atrpxhour_band=hi|18-23,1821,50.3,-0.0017,0.98,-3.1,46,inf,inf,460,-0.008,1361,0.0,0.05,673,51.0,
fundxsymbol=pos|QNTUSDT,167,50.3,0.0061,1.05,1.0,28,1.78,1.0,31,0.035,136,-0.001,0.13,95,51.6,
decile_bandxweekday=D4-9|6,1008,50.3,-0.0077,0.94,-7.8,9,inf,inf,322,-0.004,686,-0.009,0.12,389,50.6,
atrp=mid,13456,50.3,-0.0032,0.97,-42.5,57,inf,inf,7068,0.002,6388,-0.009,0.1,5520,50.1,
atrpxsession=mid|None,13456,50.3,-0.0032,0.97,-42.5,57,inf,inf,7068,0.002,6388,-0.009,0.1,5520,50.1,
imbxvs=<0.5|Y,505,50.3,0.0156,1.12,7.9,49,0.85,0.57,219,0.003,283,0.025,0.13,230,53.0,
cascxoid=N|NA,7080,50.3,0.0045,1.04,31.9,30,0.34,0.33,6711,0.004,74,0.043,0.08,95,57.9,Y
breadthxsymbol=1|APTUSDT,169,50.3,0.0438,1.48,7.4,36,0.13,1.0,66,0.037,103,0.048,0.09,100,49.0,Y
mktbxvs=<30|N,23829,50.3,-0.0012,0.99,-28.9,60,inf,inf,12771,0.003,11058,-0.006,0.09,8684,50.3,
symbolxweekday=ADAUSDT|2,169,50.3,-0.0199,0.85,-3.4,9,inf,inf,103,0.002,66,-0.054,0.08,49,44.9,
symbolxweekday=ADAUSDT|4,171,50.3,-0.01,0.9,-1.7,9,inf,inf,94,0.013,77,-0.038,0.06,51,54.9,
symbolxvs=ZECUSDT|N,2062,50.3,0.0052,1.06,10.8,63,0.48,1.0,1060,0.014,976,-0.005,0.08,762,49.6,
decile_bandxspread=D4-9|2-5,861,50.3,0.0067,1.06,5.8,49,0.57,0.56,210,0.002,651,0.008,0.1,463,49.9,
atrpxweekday=NA|6,517,50.3,0.0167,1.19,8.6,1,1.0,0.19,517,0.017,0,,0.09,0,,
volzxweekday=NA|6,517,50.3,0.0167,1.19,8.6,1,1.0,0.19,517,0.017,0,,0.09,0,,
v3xweekday=N|2,2776,50.3,0.005,1.05,13.8,9,0.89,0.51,1767,0.011,1009,-0.006,0.08,744,49.1,
atrpxweekend=mid|False,10585,50.3,-0.0012,0.99,-12.3,41,inf,inf,5980,0.003,4605,-0.006,0.1,4257,49.9,
concxvolz=0-1|2-5,1225,50.3,0.009,1.07,11.0,39,0.34,0.43,237,0.026,988,0.005,0.12,1225,50.3,Y
strategyxregimexdecile_band=burst_follow|bear|D4-9,175,50.3,-0.0203,0.75,-3.6,18,inf,inf,128,-0.024,47,-0.011,0.07,39,51.3,
cascxweekday=Y|6,879,50.3,-0.0006,0.99,-0.5,4,inf,inf,4,0.0,875,-0.001,0.09,430,49.8,
adxxcasc=NA|N,7034,50.3,0.0044,1.04,31.0,20,0.35,0.34,6688,0.004,51,0.056,0.08,69,60.9,Y
breadthxcasc=NA|N,7034,50.3,0.0044,1.04,31.0,20,0.35,0.34,6688,0.004,51,0.056,0.08,69,60.9,Y
cascxspread=N|NA,7034,50.3,0.0044,1.04,31.0,20,0.35,0.34,6688,0.004,51,0.056,0.08,69,60.9,Y
cascxsym_state=N|NA,7034,50.3,0.0044,1.04,31.0,20,0.35,0.34,6688,0.004,51,0.056,0.08,69,60.9,Y
spreadxsymbol=>=5|ADAUSDT,529,50.3,-0.0018,0.98,-0.9,41,inf,inf,271,0.008,258,-0.012,0.09,266,49.2,
regimexsymbol=bull|XLMUSDT,177,50.3,-0.0239,0.81,-4.2,17,inf,inf,54,-0.037,123,-0.018,0.1,45,51.1,
regimexweekday=bull|2,1772,50.3,0.0095,1.1,16.8,6,0.57,0.28,808,0.02,964,0.001,0.08,548,49.5,
concximb=>=6|<0.5,3725,50.3,0.0014,1.01,5.4,23,1.49,0.93,3725,0.001,0,,0.09,0,,
mktbxweekend=<30|False,18993,50.3,0.0001,1.0,1.4,43,6.58,12.55,10409,0.003,8584,-0.004,0.09,6918,50.4,
breadthximb=1|<0.5,2132,50.3,0.0095,1.08,20.4,49,0.23,0.23,789,0.005,1343,0.012,0.11,1409,49.7,Y
adxxvolz=20-30|>=5,1424,50.3,-0.0061,0.95,-8.7,38,inf,inf,703,-0.005,721,-0.008,0.1,609,51.4,
atrpxmktb=NA|<30,2321,50.3,0.0068,1.07,15.7,6,0.55,0.24,2321,0.007,0,,0.08,0,,
atrpxregime=NA|bear,2321,50.3,0.0068,1.07,15.7,6,0.55,0.24,2321,0.007,0,,0.08,0,,
mktbxvolz=<30|NA,2321,50.3,0.0068,1.07,15.7,6,0.55,0.24,2321,0.007,0,,0.08,0,,
regimexvolz=bear|NA,2321,50.3,0.0068,1.07,15.7,6,0.55,0.24,2321,0.007,0,,0.08,0,,
atrpxconc=lo|>=6,893,50.3,-0.0015,0.99,-1.3,18,inf,inf,893,-0.001,0,,0.11,0,,
strategyxweekdayxhour_band=setup_fade|1|18-23,179,50.3,0.033,1.2,5.9,9,0.77,0.52,61,-0.016,95,0.025,0.11,88,48.9,
symbolxvolz=XRPUSDT|<2,1259,50.3,-0.0034,0.97,-4.3,57,inf,inf,448,0.009,811,-0.01,0.08,587,49.7,
atrpximb=mid|<0.5,3958,50.3,-0.0038,0.97,-15.1,57,inf,inf,1975,0.001,1983,-0.009,0.11,1657,49.3,
symbolxvolz=ZECUSDT|2-5,360,50.3,-0.0049,0.96,-1.8,53,inf,inf,180,-0.015,180,0.005,0.11,130,46.9,
decile_bandxsym_state=D2-3|neutral,6488,50.3,-0.0063,0.94,-40.6,48,inf,inf,2910,-0.001,3578,-0.011,0.09,3328,50.0,
breadthxfund=2-3|neg,1082,50.3,-0.0012,0.99,-1.3,41,inf,inf,578,0.011,504,-0.015,0.1,650,49.7,
volz=<2,17344,50.3,-0.0023,0.98,-40.7,57,inf,inf,7384,0.001,9960,-0.005,0.09,7464,50.2,
sessionxvolz=None|<2,17344,50.3,-0.0023,0.98,-40.7,57,inf,inf,7384,0.001,9960,-0.005,0.09,7464,50.2,
sidexsym_state=SHORT|neutral,4525,50.3,-0.0076,0.95,-34.4,48,inf,inf,1965,0.01,2560,-0.021,0.1,2288,50.5,
symbolxweekday=ENAUSDT|3,181,50.3,0.0088,1.07,1.6,9,0.94,1.0,79,0.006,102,0.011,0.12,63,49.2,
cascxdecile_band=N|D4-9,5074,50.3,0.0031,1.03,15.9,63,0.36,0.33,2529,0.009,2495,-0.002,0.11,1812,49.9,
atrpxsymbol=hi|NEARUSDT,364,50.3,-0.0166,0.84,-6.0,34,inf,inf,182,-0.008,182,-0.025,0.04,87,50.6,
concxdecile_band=>=6|D2-3,6777,50.3,0.001,1.01,6.8,23,0.91,1.28,6777,0.001,0,,0.07,0,,
hour_bandxweekend=6-11|True,1834,50.3,-0.0007,0.99,-1.3,18,inf,inf,763,-0.01,1071,0.006,0.08,732,49.5,
strategyxregimexbreadth=setup_fade|neutral|1,1289,50.3,0.032,1.2,41.2,33,0.22,0.22,537,0.058,752,0.013,0.12,855,50.8,Y
imbxsymbol=>=0.5|DOGEUSDT,185,50.3,-0.009,0.92,-1.7,10,inf,inf,0,,185,-0.009,0.09,41,53.7,
symbol=XRPUSDT,2049,50.3,0.0002,1.0,0.4,63,7.51,1.0,915,0.003,1109,-0.002,0.09,783,49.9,
sessionxsymbol=None|XRPUSDT,2049,50.3,0.0002,1.0,0.4,63,7.51,1.0,915,0.003,1109,-0.002,0.09,783,49.9,
decile_bandxv3=D4-9|Y,3728,50.3,0.0065,1.05,24.2,63,0.29,0.27,1669,0.002,2035,0.011,0.13,1584,50.7,Y
imbxspread=<0.5|<2,5783,50.3,-0.0006,1.0,-3.4,49,inf,inf,1627,0.003,4156,-0.002,0.1,3003,49.8,
hour_bandxregime=0-5|bull,2998,50.3,-0.0021,0.98,-6.3,17,inf,inf,579,-0.005,2419,-0.001,0.08,1094,50.1,
concxsym_state=2-3|neutral,4693,50.3,-0.0143,0.88,-67.3,39,inf,inf,1334,-0.002,3359,-0.019,0.1,1837,50.5,
adx=20-30,11103,50.3,-0.0029,0.98,-31.7,39,inf,inf,5522,0.004,5581,-0.01,0.1,5622,50.1,
adxxmktb=20-30|<30,11103,50.3,-0.0029,0.98,-31.7,39,inf,inf,5522,0.004,5581,-0.01,0.1,5622,50.1,
adxxsession=20-30|None,11103,50.3,-0.0029,0.98,-31.7,39,inf,inf,5522,0.004,5581,-0.01,0.1,5622,50.1,
strategyxsymbol=setup_follow|1000PEPEUSDT,189,50.3,-0.0126,0.85,-2.4,58,inf,inf,103,-0.023,85,-0.001,0.11,88,45.5,
hour_bandxweekend=18-23|False,4357,50.3,0.0033,1.03,14.6,44,0.68,0.55,2174,0.005,2116,-0.0,0.09,1705,50.0,
cascxoid=Y|>0.5,951,50.3,0.0012,1.01,1.2,21,2.54,2.69,10,0.094,941,0.0,0.07,515,48.9,
cascxmktb=N|<30,22645,50.3,-0.0017,0.98,-38.9,60,inf,inf,12874,0.003,9771,-0.007,0.09,8044,50.3,
fund=neg,6090,50.3,0.0006,1.01,3.9,61,2.12,1.37,3727,0.007,2363,-0.009,0.09,2337,50.3,
fundxsession=neg|None,6090,50.3,0.0006,1.01,3.9,61,2.12,1.37,3727,0.007,2363,-0.009,0.09,2337,50.3,
breadthxvs=2-3|N,4759,50.3,-0.002,0.98,-9.3,43,inf,inf,1859,0.007,2900,-0.008,0.1,2813,49.7,
decile_bandxoid=D2-3|mid,8973,50.3,-0.0042,0.96,-37.9,49,inf,inf,3168,0.003,5805,-0.008,0.09,4831,50.1,
decile_bandxweekday=D2-3|0,2879,50.3,-0.0164,0.85,-47.3,9,inf,inf,1452,-0.016,1427,-0.016,0.07,1042,50.8,
hour_bandxsymbol=0-5|1000PEPEUSDT,384,50.3,-0.005,0.96,-1.9,52,inf,inf,193,-0.02,191,0.01,0.08,136,55.1,
imbxweekend=<0.5|False,7296,50.3,0.0005,1.0,4.0,45,3.27,1.48,3638,0.005,3618,-0.004,0.1,2650,50.5,
decile_bandxsymbol=D2-3|ZECUSDT,1538,50.3,0.0046,1.05,7.1,62,0.48,1.0,770,0.018,748,-0.009,0.07,576,49.5,
decile_bandxhour_band=D2-3|6-11,4825,50.3,-0.0054,0.95,-26.0,63,inf,inf,2292,-0.003,2524,-0.008,0.08,1949,50.3,
strategyxweekdayxhour_band=setup_follow|2|12-17,193,50.3,0.0028,1.03,0.5,9,3.21,1.77,95,0.019,98,-0.013,0.19,72,58.3,
spreadxvs=2-5|N,3478,50.3,-0.0013,0.99,-4.4,49,inf,inf,960,0.0,2518,-0.002,0.08,1653,50.2,
atrpxsymbol=mid|ZECUSDT,774,50.3,0.0006,1.01,0.5,52,6.62,1.0,430,0.015,344,-0.017,0.09,362,50.3,
strategyxweekday=london_burst_fade|4,390,50.3,-0.0066,0.97,-2.6,8,inf,inf,178,0.034,212,-0.04,0.15,134,54.5,
mktbxsym_state=<30|neutral,10013,50.3,-0.0046,0.96,-46.0,46,inf,inf,4425,0.002,5588,-0.01,0.1,4850,50.2,
symbolxvs=ENAUSDT|N,1180,50.3,0.0086,1.08,10.1,61,0.32,1.0,443,0.012,726,0.006,0.08,443,49.0,Y
symbolxv3=ARBUSDT|N,197,50.3,-0.0003,1.0,-0.1,34,inf,inf,127,0.01,70,-0.019,0.07,21,47.6,
imbxoid=<0.5|mid,4147,50.3,0.0017,1.01,7.1,49,0.76,0.88,1380,0.003,2767,0.001,0.11,2170,49.4,
regimexvolz=bear|<2,2177,50.3,-0.0085,0.93,-18.5,16,inf,inf,918,-0.018,1259,-0.002,0.1,1244,49.5,
v3xvolz=Y|>=5,792,50.3,-0.009,0.93,-7.1,55,inf,inf,304,-0.029,488,0.003,0.11,414,50.5,
atrpxconc=mid|2-3,5160,50.3,-0.0112,0.91,-57.6,40,inf,inf,1270,0.0,3890,-0.015,0.11,2182,50.0,
adxxdecile_band=20-30|D10,1393,50.3,-0.006,0.95,-8.3,38,inf,inf,662,0.01,731,-0.021,0.12,590,51.4,
fundxsymbol=neg|ARBUSDT,199,50.3,0.016,1.15,3.2,39,0.41,1.0,105,0.032,94,-0.002,0.1,90,51.1,
sym_statexsymbol=neutral|PENDLEUSDT,199,50.3,-0.0255,0.83,-5.1,30,inf,inf,66,-0.048,133,-0.014,0.11,120,50.8,
fundxmktb=neg|<30,6046,50.2,0.0007,1.01,4.1,59,2.01,1.32,3727,0.007,2319,-0.009,0.09,2311,50.2,
hour_bandxsymbol=0-5|ZECUSDT,609,50.2,0.0009,1.01,0.5,58,4.57,1.0,321,0.005,288,-0.004,0.07,209,50.2,
symbolxweekend=NEARUSDT|True,203,50.2,0.0009,1.01,0.2,18,5.75,1.0,83,0.027,120,-0.017,0.07,82,47.6,
oidxweekend=mid|False,9641,50.2,0.001,1.01,9.7,35,1.15,1.6,3811,0.007,5830,-0.003,0.1,4778,50.1,
imbxsym_state=>=0.5|neutral,7193,50.2,-0.006,0.95,-43.0,47,inf,inf,3126,0.003,4067,-0.013,0.1,3329,50.5,
atrpxdecile_band=NA|D2-3,2064,50.2,0.0095,1.1,19.7,12,0.46,0.32,1815,0.009,15,0.02,0.08,17,64.7,
decile_bandxvolz=D2-3|NA,2064,50.2,0.0095,1.1,19.7,12,0.46,0.32,1815,0.009,15,0.02,0.08,17,64.7,
breadthxweekday=1|0,826,50.2,-0.0046,0.96,-3.8,7,inf,inf,219,-0.002,607,-0.006,0.1,541,50.5,
hour_bandxvolz=6-11|<2,4353,50.2,-0.0032,0.97,-13.9,57,inf,inf,1869,-0.004,2484,-0.002,0.09,1949,50.3,
strategyxweekday=setup_follow|4,830,50.2,0.0026,1.04,2.1,9,1.8,0.86,448,-0.0,382,0.006,0.1,398,47.7,
breadthxregime=1|bear,1457,50.2,-0.009,0.93,-13.1,14,inf,inf,245,-0.016,1212,-0.008,0.12,1098,50.1,
sym_statexweekday=neutral|5,1047,50.2,-0.0108,0.91,-11.3,6,inf,inf,393,0.003,654,-0.019,0.11,638,49.4,
fundxsym_state=neg|bear,1053,50.2,0.0069,1.06,7.2,36,0.42,0.59,521,0.008,532,0.006,0.11,631,50.1,
fundxsym_state=neg|neutral,2763,50.2,-0.0028,0.98,-7.8,44,inf,inf,1485,0.007,1278,-0.014,0.1,1288,50.2,
decile_bandxsymbol=D4-9|UNIUSDT,213,50.2,0.0109,1.09,2.3,46,0.76,1.0,91,0.001,120,0.025,0.11,104,51.9,
strategyxweekdayxhour_band=setup_fade|6|12-17,213,50.2,-0.0193,0.9,-4.1,8,inf,inf,62,0.013,151,-0.033,0.13,102,46.1,
fundxsymbol=neg|XRPUSDT,430,50.2,-0.0033,0.97,-1.4,37,inf,inf,263,0.003,167,-0.013,0.11,145,47.6,
concxfund=>=6|neg,2367,50.2,0.0082,1.08,19.5,23,0.26,0.17,2367,0.008,0,,0.09,0,,
concxfund=0-1|flat,2588,50.2,0.0033,1.03,8.4,42,0.39,0.49,560,-0.003,2028,0.005,0.11,2585,50.2,
regimexspread=bear|2-5,432,50.2,0.01,1.09,4.3,14,0.82,0.57,126,-0.005,306,0.016,0.1,310,50.0,
concxsym_state=0-1|bear,876,50.2,-0.001,0.99,-0.9,31,inf,inf,335,0.004,541,-0.004,0.11,876,50.2,
hour_bandxsymbol=12-17|FILUSDT,219,50.2,-0.0277,0.8,-6.1,47,inf,inf,115,-0.024,95,-0.036,0.09,68,44.1,
strategyxweekdayxregime=setup_follow|4|bull,219,50.2,0.0049,1.07,1.1,3,3.59,0.98,10,0.027,209,0.004,0.13,128,43.8,
oidxweekday=mid|2,1973,50.2,-0.0028,0.98,-5.5,7,inf,inf,806,0.012,1167,-0.013,0.09,941,49.7,
oidxsymbol=mid|ENAUSDT,440,50.2,0.0093,1.09,4.1,44,0.56,1.0,140,0.019,300,0.005,0.09,197,50.8,
imbxsymbol=>=0.5|NEARUSDT,663,50.2,-0.0079,0.93,-5.2,59,inf,inf,372,-0.005,277,-0.012,0.07,241,49.8,
cascxoid=N|mid,11275,50.2,-0.0018,0.98,-20.7,49,inf,inf,4555,0.007,6720,-0.007,0.1,5696,49.9,
imbxsymbol=>=0.5|WLDUSDT,888,50.2,-0.0074,0.93,-6.6,55,inf,inf,577,-0.011,293,-0.001,0.07,242,50.4,
spreadxv3=<2|Y,5330,50.2,0.0007,1.01,3.7,49,2.85,3.23,1668,0.004,3662,-0.001,0.13,3060,50.3,
breadthxfund=1|flat,2923,50.2,0.007,1.06,20.5,49,0.18,0.31,1215,0.003,1708,0.01,0.11,1784,50.0,Y
strategyxsymbol=setup_follow|ICPUSDT,225,50.2,0.0134,1.2,3.0,62,0.4,1.0,116,0.02,107,0.007,0.16,101,49.5,Y
breadthxmktb=2-3|<30,4518,50.2,-0.0033,0.97,-15.1,41,inf,inf,1921,0.007,2597,-0.011,0.1,2659,49.8,
oidxweekend=>0.5|True,1131,50.2,0.0056,1.05,6.3,14,0.38,0.64,112,-0.016,1019,0.008,0.08,578,50.0,
mktb=<30,25014,50.2,-0.0014,0.99,-34.8,60,inf,inf,13380,0.003,11634,-0.006,0.09,9184,50.3,
mktbxsession=<30|None,25014,50.2,-0.0014,0.99,-34.8,60,inf,inf,13380,0.003,11634,-0.006,0.09,9184,50.3,
oidxstrategy=>0.5|setup_fade,683,50.2,0.0227,1.13,15.5,49,0.22,0.27,203,0.003,480,0.031,0.13,387,52.2,Y
imbxoid=<0.5|<-0.5,1143,50.2,-0.0051,0.96,-5.9,47,inf,inf,230,-0.007,913,-0.005,0.1,596,50.3,
imbxvolz=<0.5|2-5,2059,50.2,-0.0033,0.98,-6.9,56,inf,inf,768,-0.005,1291,-0.002,0.12,836,50.0,
breadthxdecile_band=2-3|D4-9,920,50.2,0.0081,1.07,7.5,41,0.44,0.75,366,0.013,554,0.005,0.11,482,50.8,
breadthxsymbol=1|ENAUSDT,231,50.2,0.0073,1.07,1.7,37,0.89,1.0,75,0.025,156,-0.001,0.1,134,50.0,
adxxspread=<20|<2,1159,50.2,-0.0009,0.99,-1.0,10,inf,inf,595,-0.001,564,-0.001,0.09,672,50.0,
cascxsymbol=N|FILUSDT,697,50.2,-0.0098,0.92,-6.9,60,inf,inf,389,-0.003,297,-0.019,0.09,221,49.3,
fundxvolz=pos|<2,5594,50.2,-0.0029,0.97,-16.2,57,inf,inf,1169,0.007,4425,-0.005,0.08,2685,50.1,
decile_bandxfund=D2-3|neg,4003,50.2,-0.0016,0.98,-6.4,60,inf,inf,2494,0.004,1509,-0.01,0.08,1639,49.8,
atrpxconc=hi|0-1,1420,50.2,0.0101,1.1,14.3,40,0.47,0.32,131,0.029,1289,0.008,0.07,1420,50.2,
oid=>0.5,4033,50.2,0.0027,1.02,10.7,49,0.47,0.4,995,0.005,3038,0.002,0.09,1993,49.9,
oidxsession=>0.5|None,4033,50.2,0.0027,1.02,10.7,49,0.47,0.4,995,0.005,3038,0.002,0.09,1993,49.9,
cascxhour_band=Y|18-23,952,50.2,0.0054,1.06,5.2,29,1.29,0.58,105,-0.009,847,0.007,0.07,513,50.3,
oidxweekend=>0.5|False,2902,50.2,0.0015,1.01,4.4,35,1.14,1.15,883,0.007,2019,-0.001,0.09,1415,49.9,
breadthxweekday=>=4|0,1458,50.2,-0.0256,0.79,-37.3,6,inf,inf,550,-0.035,908,-0.02,0.08,451,52.8,
fundxsymbol=pos|ADAUSDT,486,50.2,0.0088,1.08,4.3,35,0.43,1.0,216,0.012,270,0.006,0.08,127,48.0,
hour_bandxweekday=6-11|6,972,50.2,-0.0073,0.94,-7.1,9,inf,inf,407,-0.011,565,-0.005,0.09,361,49.0,
concxregime=0-1|bull,1948,50.2,0.0028,1.03,5.4,15,2.05,0.96,120,0.0,1828,0.003,0.08,1948,50.2,
imbxweekday=<0.5|3,1711,50.2,0.003,1.02,5.1,9,1.55,0.57,852,0.002,859,0.004,0.1,633,50.1,
concxfund=0-1|pos,1966,50.2,0.0044,1.04,8.7,40,1.3,0.74,180,0.01,1786,0.004,0.09,1964,50.2,
concxstrategy=>=6|nony_momentum,739,50.2,0.0008,1.01,0.6,23,9.51,4.23,739,0.001,0,,0.07,0,,
cascxvolz=N|<2,14508,50.2,-0.002,0.98,-29.4,57,inf,inf,7318,0.001,7190,-0.005,0.09,5915,50.2,
cascximb=N|<0.5,8070,50.2,0.0011,1.01,8.7,63,1.5,0.87,4338,0.005,3692,-0.003,0.1,2861,50.3,
hour_bandximb=6-11|>=0.5,4544,50.2,-0.0018,0.98,-8.3,63,inf,inf,2172,0.002,2344,-0.005,0.08,1751,51.1,
adxxweekend=20-30|False,7937,50.2,0.0011,1.01,8.4,27,1.03,1.47,4686,0.004,3251,-0.004,0.1,3739,50.0,
cascxoid=N|>0.5,3082,50.2,0.0031,1.03,9.6,49,0.52,0.53,985,0.004,2097,0.003,0.1,1478,50.3,
adxxatrp=<20|lo,257,50.2,-0.0003,1.0,-0.1,9,inf,inf,122,0.013,135,-0.012,0.11,151,49.0,
fundxvolz=neg|>=5,775,50.2,0.0063,1.06,4.9,50,0.76,0.53,471,0.018,304,-0.011,0.08,218,51.4,
atrpxoid=hi|>0.5,2347,50.2,0.0029,1.03,6.9,48,0.54,0.49,370,0.008,1977,0.002,0.08,1095,49.7,
atrpxhour_band=mid|12-17,3393,50.2,-0.0035,0.97,-11.8,55,inf,inf,1783,0.006,1610,-0.014,0.12,1459,50.0,
atrpxdecile_band=lo|D2-3,2365,50.2,-0.0041,0.97,-9.6,54,inf,inf,1054,-0.0,1311,-0.007,0.12,1377,50.1,
adxxsymbol=>=30|ENAUSDT,526,50.2,0.0111,1.11,5.9,13,0.56,1.0,18,0.014,508,0.011,0.08,251,49.0,
decile_bandxsymbol=D10|ZECUSDT,263,50.2,0.0002,1.0,0.1,54,20.92,1.0,139,0.004,124,-0.004,0.11,102,46.1,
oidxsym_state=>0.5|bull,2110,50.2,-0.0,1.0,-0.0,38,inf,inf,166,0.003,1944,-0.0,0.08,1025,50.0,
atrpxweekend=lo|False,1855,50.2,0.0025,1.02,4.6,39,1.3,1.76,812,0.001,1043,0.004,0.12,1069,50.6,
hour=23,1335,50.2,-0.0116,0.88,-15.4,60,inf,inf,562,-0.012,767,-0.012,0.11,467,52.9,
atrpxsymbol=hi|ENAUSDT,801,50.2,0.0109,1.12,8.7,46,0.37,1.0,205,0.02,596,0.008,0.07,331,49.2,Y
breadthxdecile_band=1|D4-9,1610,50.2,0.0063,1.05,10.1,49,0.39,0.3,503,0.007,1107,0.006,0.12,1018,50.4,Y
concxmktb=0-1|<30,5410,50.2,0.0025,1.02,13.7,40,0.8,0.47,1234,0.001,4176,0.003,0.1,5404,50.2,
adxxv3=<20|Y,821,50.2,0.007,1.06,5.8,11,0.82,0.54,243,0.017,578,0.003,0.11,560,50.5,
cascxsym_state=N|bear,2194,50.2,0.0003,1.0,0.6,40,6.43,7.88,1016,0.001,1178,-0.0,0.11,1361,49.8,
concxsymbol=2-3|APTUSDT,277,50.2,-0.0034,0.97,-0.9,40,inf,inf,70,0.026,207,-0.013,0.1,86,43.0,
fundxspread=pos|2-5,1387,50.2,-0.0018,0.98,-2.5,48,inf,inf,180,0.025,1207,-0.006,0.09,669,49.0,
hour_bandxsym_state=0-5|neutral,2499,50.2,-0.0034,0.97,-8.5,46,inf,inf,1120,0.001,1379,-0.007,0.1,1269,50.6,
adxxbreadth=20-30|2-3,3055,50.2,-0.0043,0.96,-13.3,34,inf,inf,1646,0.007,1409,-0.017,0.1,1707,49.6,
sidexsymbol=SHORT|ENAUSDT,558,50.2,-0.0006,0.99,-0.3,61,inf,inf,211,-0.005,343,0.002,0.08,212,50.5,
sym_statexweekday=neutral|1,1674,50.2,0.0069,1.06,11.5,7,0.44,0.68,798,0.012,876,0.002,0.09,770,49.6,
adxxside=20-30|SHORT,5048,50.2,-0.0068,0.95,-34.2,39,inf,inf,2482,0.001,2566,-0.015,0.1,2631,51.0,
spreadxweekday=2-5|4,566,50.2,-0.0104,0.92,-5.9,7,inf,inf,170,0.0,396,-0.015,0.11,291,52.2,
fundxoid=neg|mid,2876,50.2,-0.0032,0.97,-9.3,48,inf,inf,1502,0.01,1374,-0.017,0.11,1517,50.2,
hour_bandximb=18-23|>=0.5,4606,50.2,-0.0057,0.95,-26.3,61,inf,inf,2139,-0.0,2406,-0.012,0.09,1653,49.7,
adxxsymbol=20-30|ARBUSDT,289,50.2,0.0027,1.02,0.8,37,1.35,1.0,135,0.012,154,-0.005,0.11,144,50.0,
concxvs=0-1|N,5525,50.2,0.0008,1.01,4.3,42,1.35,1.01,1178,0.002,4347,0.0,0.1,5520,50.2,
cascxweekday=N|1,3815,50.2,0.0058,1.06,22.1,9,0.47,0.3,1877,0.011,1643,-0.001,0.08,1267,50.2,
regimexv3=neutral|N,6791,50.2,-0.0066,0.94,-44.5,34,inf,inf,4690,-0.001,2101,-0.02,0.08,2083,50.6,
sym_statexvolz=neutral|<2,6536,50.2,-0.0035,0.97,-23.1,48,inf,inf,2893,0.003,3643,-0.009,0.1,3399,49.9,
adxxconc=20-30|2-3,4469,50.2,-0.0128,0.9,-57.0,30,inf,inf,1428,0.005,3041,-0.021,0.1,2051,50.1,
regimexweekday=neutral|6,2097,50.2,-0.0205,0.83,-43.1,5,inf,inf,970,-0.006,1127,-0.033,0.1,745,50.9,
concxhour_band=2-3|18-23,2721,50.2,-0.0166,0.84,-45.1,41,inf,inf,489,-0.016,2232,-0.017,0.09,954,49.6,
adxxbreadth=>=30|2-3,1513,50.2,-0.0007,0.99,-1.0,13,inf,inf,88,0.037,1425,-0.003,0.09,937,49.5,
hour_bandxvolz=0-5|<2,4850,50.2,-0.003,0.97,-14.6,56,inf,inf,2081,0.003,2769,-0.008,0.08,2033,50.2,
oidxsym_state=mid|neutral,7011,50.2,-0.0041,0.97,-28.8,48,inf,inf,3086,0.005,3925,-0.011,0.11,3566,50.1,
decile_bandxfund=D4-9|neg,1222,50.2,0.003,1.02,3.6,59,0.89,0.76,687,0.009,535,-0.004,0.11,457,51.2,
breadthxstrategy=>=4|setup_follow,947,50.2,-0.003,0.96,-2.8,39,inf,inf,206,0.013,741,-0.007,0.13,485,49.1,
fundxweekday=neg|1,955,50.2,0.0122,1.12,11.7,8,0.7,0.45,642,0.018,313,-0.001,0.08,392,48.2,
hour_bandxvolz=18-23|<2,4460,50.2,-0.0032,0.97,-14.1,55,inf,inf,1847,0.001,2613,-0.006,0.09,1948,50.1,
breadth=2-3,4925,50.2,-0.003,0.97,-14.8,43,inf,inf,1921,0.007,3004,-0.009,0.1,2903,49.5,
breadthxsession=2-3|None,4925,50.2,-0.003,0.97,-14.8,43,inf,inf,1921,0.007,3004,-0.009,0.1,2903,49.5,
atrpxoid=mid|NA,2646,50.2,-0.0007,0.99,-1.8,18,inf,inf,2637,-0.001,9,-0.022,0.09,13,53.8,
hour_bandxweekend=0-5|True,2319,50.2,0.0053,1.05,12.3,18,0.27,0.25,868,0.006,1451,0.005,0.08,900,50.0,Y
breadthxconc=>=4|0-1,1326,50.2,0.0006,1.01,0.8,32,11.47,5.03,161,-0.008,1165,0.002,0.09,1326,50.2,
adxxhour_band=<20|6-11,333,50.2,0.019,1.21,6.3,8,0.54,0.28,138,0.032,195,0.01,0.07,244,49.2,
concxweekday=>=6|6,1332,50.2,0.003,1.03,4.0,3,2.07,0.46,1332,0.003,0,,0.08,0,,
atrpxv3=hi|Y,2000,50.1,0.0093,1.08,18.6,56,0.28,0.25,593,-0.004,1407,0.015,0.09,996,50.5,
oidxsymbol=mid|DOTUSDT,341,50.1,-0.0207,0.85,-7.1,45,inf,inf,91,0.017,250,-0.035,0.11,189,50.8,
atrpxweekday=lo|2,347,50.1,-0.0063,0.96,-2.2,8,inf,inf,132,-0.014,215,-0.002,0.17,193,52.3,
volzxweekend=<2|False,12903,50.1,-0.0032,0.97,-41.5,41,inf,inf,6120,-0.001,6783,-0.006,0.08,5422,50.3,
fundxstrategy=pos|setup_fade,1757,50.1,0.0017,1.01,3.0,61,3.09,1.56,622,0.017,1135,-0.007,0.11,873,51.2,
imbxweekday=>=0.5|0,3181,50.1,-0.0104,0.91,-33.2,9,inf,inf,1763,-0.01,1418,-0.011,0.08,992,50.9,
cascxconc=N|0-1,5008,50.1,0.0008,1.01,4.0,42,1.61,1.27,1207,0.003,3801,0.0,0.1,5005,50.1,
decile_bandximb=D4-9|>=0.5,3582,50.1,0.0028,1.02,10.1,63,0.46,0.59,1629,0.007,1908,-0.001,0.11,1300,49.8,
breadthxweekend=1|False,4679,50.1,0.0035,1.03,16.4,35,0.34,0.47,2006,0.003,2673,0.004,0.1,2912,50.4,Y
imbxspread=<0.5|2-5,1081,50.1,0.0074,1.07,8.0,46,0.62,0.68,240,0.002,841,0.009,0.11,546,50.0,
decile_bandxweekday=D4-9|3,726,50.1,0.0071,1.06,5.2,9,0.77,0.48,379,0.018,347,-0.005,0.11,291,49.5,
decile_bandxmktb=D2-3|<30,16671,50.1,-0.004,0.96,-65.9,60,inf,inf,9001,-0.0,7670,-0.008,0.08,6376,50.1,
atrpxoid=mid|>0.5,1490,50.1,-0.0001,1.0,-0.1,49,inf,inf,560,-0.002,930,0.001,0.1,773,50.2,
volzxweekday=2-5|2,748,50.1,0.0027,1.02,2.0,8,2.04,1.87,363,0.019,385,-0.013,0.12,265,51.7,
adxxatrp=NA|mid,2623,50.1,-0.0011,0.99,-2.9,9,inf,inf,2623,-0.001,0,,0.09,0,,
atrpxbreadth=mid|NA,2623,50.1,-0.0011,0.99,-2.9,9,inf,inf,2623,-0.001,0,,0.09,0,,
atrpxspread=mid|NA,2623,50.1,-0.0011,0.99,-2.9,9,inf,inf,2623,-0.001,0,,0.09,0,,
atrpxsym_state=mid|NA,2623,50.1,-0.0011,0.99,-2.9,9,inf,inf,2623,-0.001,0,,0.09,0,,
sym_statexweekend=neutral|False,7588,50.1,0.0004,1.0,3.1,35,2.5,4.63,3668,0.003,3920,-0.002,0.1,3526,50.3,
regimexsym_state=neutral|bull,1151,50.1,-0.0112,0.9,-12.9,32,inf,inf,533,0.002,618,-0.023,0.09,699,50.4,
imbxv3=<0.5|N,6210,50.1,-0.0008,0.99,-5.2,60,inf,inf,2869,0.005,3304,-0.006,0.09,2146,49.5,
symbolxvolz=ENAUSDT|<2,778,50.1,0.0033,1.03,2.6,53,0.82,1.0,250,0.01,528,0.0,0.07,323,48.6,
adxxweekday=20-30|3,1562,50.1,0.0071,1.07,11.1,5,0.79,0.41,1140,0.005,422,0.014,0.1,683,49.3,
atrpximb=lo|>=0.5,1965,50.1,-0.0041,0.97,-8.0,53,inf,inf,835,0.0,1130,-0.007,0.13,1122,50.3,
symbolxv3=ENAUSDT|N,818,50.1,0.0066,1.07,5.4,51,0.62,1.0,243,0.005,564,0.007,0.07,305,48.5,
adxxvolz=20-30|2-5,2466,50.1,-0.0098,0.93,-24.1,38,inf,inf,1155,0.005,1311,-0.023,0.12,1214,49.9,
concxoid=>=6|NA,6628,50.1,0.0014,1.01,9.3,16,0.89,0.6,6628,0.001,0,,0.08,0,,
atrpxconc=mid|0-1,3338,50.1,-0.0008,0.99,-2.6,40,inf,inf,840,-0.003,2498,0.0,0.1,3338,50.1,
cascxspread=Y|2-5,838,50.1,-0.0039,0.96,-3.3,22,inf,inf,23,0.029,815,-0.005,0.07,465,50.5,
mktbxoid=<30|NA,6748,50.1,0.0018,1.02,12.2,24,0.7,0.41,6728,0.002,20,0.04,0.08,24,50.0,
fundxoid=pos|>0.5,1692,50.1,-0.0026,0.98,-4.5,48,inf,inf,193,-0.001,1499,-0.003,0.09,851,50.9,
volzxweekday=>=5|2,423,50.1,0.0227,1.21,9.6,8,0.55,0.35,209,0.037,214,0.009,0.1,135,53.3,
adxximb=>=30|<0.5,3394,50.1,0.0025,1.02,8.4,14,1.28,0.73,81,0.053,3313,0.001,0.1,1659,49.7,
hour_bandxregime=6-11|bear,1281,50.1,-0.0013,0.99,-1.7,17,inf,inf,876,-0.006,405,0.009,0.1,401,50.4,
concxsym_state=0-1|neutral,3055,50.1,0.0036,1.03,11.1,39,0.41,0.42,711,0.002,2344,0.004,0.11,3055,50.1,
imb=<0.5,9952,50.1,0.0021,1.02,21.3,63,0.61,0.41,4636,0.005,5276,-0.0,0.1,3765,49.9,
imbxsession=<0.5|None,9952,50.1,0.0021,1.02,21.3,63,0.61,0.41,4636,0.005,5276,-0.0,0.1,3765,49.9,
breadthxsym_state=2-3|bull,1810,50.1,0.005,1.05,9.0,38,0.48,0.44,393,0.025,1417,-0.001,0.08,1094,49.2,
atrpxmktb=hi|<30,6801,50.1,-0.0003,1.0,-1.8,55,inf,inf,2604,0.002,4197,-0.001,0.07,2248,51.2,
sym_statexv3=bull|Y,2301,50.1,0.0078,1.07,18.1,46,0.39,0.29,306,0.024,1995,0.005,0.11,1362,49.6,Y
adxxsymbol=20-30|WLDUSDT,461,50.1,0.0071,1.07,3.3,39,0.6,1.0,255,-0.0,206,0.016,0.09,262,50.0,
adxxconc=NA|>=6,6622,50.1,0.0013,1.01,8.7,14,0.96,0.64,6622,0.001,0,,0.08,0,,
breadthxconc=NA|>=6,6622,50.1,0.0013,1.01,8.7,14,0.96,0.64,6622,0.001,0,,0.08,0,,
concxmktb=2-3|<30,9460,50.1,-0.0088,0.93,-82.8,41,inf,inf,2002,-0.0,7458,-0.011,0.1,3780,50.4,
concxspread=>=6|NA,6622,50.1,0.0013,1.01,8.7,14,0.96,0.64,6622,0.001,0,,0.08,0,,
concxsym_state=>=6|NA,6622,50.1,0.0013,1.01,8.7,14,0.96,0.64,6622,0.001,0,,0.08,0,,
fundxweekend=neg|False,4738,50.1,0.0032,1.03,15.0,44,0.55,0.41,3078,0.006,1660,-0.003,0.09,1756,49.8,
concxvolz=>=6|<2,5273,50.1,0.0021,1.02,10.9,18,0.44,0.67,5273,0.002,0,,0.08,0,,
vsxweekday=N|5,3359,50.1,0.0018,1.02,6.1,9,1.22,0.85,1399,-0.0,1960,0.003,0.09,1359,49.0,
spreadxsymbol=<2|ENAUSDT,964,50.1,0.0086,1.09,8.3,47,0.37,1.0,233,0.012,731,0.008,0.09,447,49.2,Y
imbxvs=<0.5|N,9447,50.1,0.0014,1.01,13.5,63,0.99,0.68,4417,0.005,4993,-0.002,0.1,3535,49.6,
atrpxconc=hi|>=6,2000,50.1,0.0014,1.01,2.7,18,2.06,1.16,2000,0.001,0,,0.05,0,,
concxhour_band=0-1|6-11,1533,50.1,0.0051,1.04,7.8,41,0.47,0.49,347,-0.024,1186,0.014,0.1,1531,50.1,
adxxmktb=NA|<30,6705,50.1,0.0016,1.01,10.9,14,0.79,0.46,6705,0.002,0,,0.08,0,,
breadthxmktb=NA|<30,6705,50.1,0.0016,1.01,10.9,14,0.79,0.46,6705,0.002,0,,0.08,0,,
mktbxspread=<30|NA,6705,50.1,0.0016,1.01,10.9,14,0.79,0.46,6705,0.002,0,,0.08,0,,
mktbxsym_state=<30|NA,6705,50.1,0.0016,1.01,10.9,14,0.79,0.46,6705,0.002,0,,0.08,0,,
sidexspread=LONG|2-5,2080,50.1,0.0015,1.02,3.0,49,2.72,1.17,552,-0.018,1528,0.008,0.08,994,49.5,
atrpxconc=lo|2-3,1042,50.1,-0.0083,0.94,-8.7,37,inf,inf,236,0.004,806,-0.012,0.13,603,50.2,
sym_statexvs=bear|N,2092,50.1,0.0029,1.03,6.1,39,0.53,0.77,961,0.004,1131,0.002,0.11,1310,49.8,
symbolxweekend=ZECUSDT|False,1603,50.1,0.0061,1.06,9.8,45,0.53,1.0,882,0.013,695,-0.002,0.08,551,50.6,
hour=11,1072,50.1,0.0009,1.01,1.0,61,3.6,1.84,473,0.004,573,-0.002,0.11,443,49.7,
adxximb=NA|<0.5,2727,50.1,0.0063,1.06,17.1,20,0.77,0.24,2650,0.005,37,0.105,0.09,44,65.9,
breadthximb=NA|<0.5,2727,50.1,0.0063,1.06,17.1,20,0.77,0.24,2650,0.005,37,0.105,0.09,44,65.9,
imbxspread=<0.5|NA,2727,50.1,0.0063,1.06,17.1,20,0.77,0.24,2650,0.005,37,0.105,0.09,44,65.9,
imbxsym_state=<0.5|NA,2727,50.1,0.0063,1.06,17.1,20,0.77,0.24,2650,0.005,37,0.105,0.09,44,65.9,
fundxweekday=pos|5,1643,50.1,0.0037,1.03,6.0,9,1.02,0.69,397,0.013,1246,0.001,0.08,668,48.7,
atrpxhour_band=lo|6-11,1096,50.1,-0.0073,0.95,-8.0,52,inf,inf,543,-0.01,553,-0.005,0.12,614,49.5,
imbxoid=<0.5|NA,2747,50.1,0.0065,1.06,17.9,28,0.73,0.23,2658,0.005,49,0.086,0.09,52,63.5,
cascxfund=N|pos,6616,50.1,-0.0018,0.98,-11.8,62,inf,inf,2541,0.004,4075,-0.005,0.09,2470,50.4,
concximb=0-1|>=0.5,3887,50.1,-0.0023,0.98,-8.9,41,inf,inf,868,-0.001,3019,-0.003,0.1,3886,50.1,
mktbxoid=<30|>0.5,3334,50.1,0.0039,1.03,12.9,47,0.39,0.46,995,0.005,2339,0.004,0.1,1675,50.1,Y
fundxsymbol=pos|ETHUSDT,559,50.1,0.0122,1.13,6.8,18,0.81,1.0,44,0.043,515,0.01,0.08,356,50.0,
fundxweekday=pos|1,1122,50.1,-0.0049,0.95,-5.5,8,inf,inf,317,0.005,805,-0.009,0.07,418,51.4,
atrpxsymbol=hi|ZECUSDT,1128,50.1,0.0002,1.0,0.3,46,6.56,1.0,483,0.002,645,-0.001,0.07,401,48.9,
concxregime=>=6|bull,1793,50.1,0.0053,1.05,9.5,8,1.0,0.55,1793,0.005,0,,0.09,0,,
sidexweekday=SHORT|1,1813,50.1,0.0121,1.1,22.0,9,0.89,0.3,838,-0.006,847,0.021,0.08,664,51.8,
mktbxsymbol=<30|1000PEPEUSDT,1224,50.1,0.0009,1.01,1.1,59,2.3,1.0,714,0.009,510,-0.01,0.1,406,51.2,
mktbxoid=<30|mid,11635,50.1,-0.002,0.98,-23.6,47,inf,inf,4600,0.006,7035,-0.007,0.1,6052,49.9,
atrpxvs=lo|N,3075,50.1,-0.0027,0.98,-8.2,55,inf,inf,1374,-0.0,1701,-0.005,0.12,1760,50.0,
imbxv3=<0.5|Y,3742,50.1,0.0071,1.06,26.6,63,0.31,0.19,1767,0.005,1972,0.009,0.12,1619,50.3,Y
hour_bandxmktb=0-5|<30,6877,50.1,-0.0017,0.99,-11.5,59,inf,inf,3784,0.001,3093,-0.004,0.08,2511,50.1,
decile_bandxregime=D4-9|neutral,2514,50.1,-0.0004,1.0,-1.1,40,inf,inf,1431,0.004,1083,-0.006,0.12,987,50.1,
breadthxweekday=2-3|3,639,50.1,-0.0093,0.92,-6.0,6,inf,inf,252,0.025,387,-0.032,0.08,365,48.8,
imbxweekday=<0.5|4,1921,50.1,0.0039,1.03,7.6,9,0.89,0.48,925,0.003,996,0.005,0.11,693,51.5,
fundxside=flat|LONG,7143,50.1,-0.0,1.0,-0.1,62,inf,inf,3938,-0.003,3205,0.004,0.09,2327,50.2,
fundxhour_band=pos|0-5,2602,50.1,0.0006,1.01,1.6,60,2.18,1.86,726,0.006,1876,-0.001,0.08,1062,50.3,
imbxregime=<0.5|bull,4026,50.1,0.0005,1.0,2.0,22,5.48,3.03,634,0.014,3392,-0.002,0.1,1761,49.3,
fundxregime=flat|neutral,6079,50.1,-0.0054,0.95,-33.1,40,inf,inf,3967,-0.002,2112,-0.011,0.09,2180,50.0,
imbxsymbol=>=0.5|XRPUSDT,1366,50.1,-0.0013,0.99,-1.8,62,inf,inf,614,0.001,730,-0.004,0.09,537,49.3,
cascxweekday=N|2,4130,50.1,-0.0002,1.0,-0.8,9,inf,inf,2510,0.008,1620,-0.013,0.1,1295,50.0,
vsxweekday=N|2,4172,50.1,0.0018,1.02,7.7,9,1.44,0.84,2460,0.01,1712,-0.009,0.09,1339,49.5,
volzxweekday=<2|0,2788,50.1,-0.0117,0.9,-32.5,9,inf,inf,1364,-0.012,1424,-0.011,0.09,1075,50.8,
concxsymbol=>=6|XRPUSDT,699,50.1,-0.0011,0.99,-0.8,23,inf,inf,699,-0.001,0,,0.08,0,,
decile_bandxsym_state=D2-3|bear,1400,50.1,-0.0025,0.98,-3.5,38,inf,inf,688,0.006,712,-0.011,0.1,929,49.5,
regimexweekday=neutral|1,2107,50.1,0.013,1.12,27.4,7,0.35,0.24,1144,0.017,963,0.008,0.09,961,49.6,
spreadxweekday=<2|0,2137,50.1,-0.0158,0.86,-33.9,7,inf,inf,711,-0.018,1426,-0.015,0.08,1001,50.7,
fundxregime=pos|bear,1430,50.1,-0.0018,0.98,-2.5,21,inf,inf,974,0.001,456,-0.007,0.09,388,49.5,
hour_bandxvolz=6-11|2-5,1466,50.1,0.0015,1.01,2.2,55,1.19,2.2,550,0.004,916,-0.0,0.1,575,50.3,
conc=0-1,5938,50.1,0.0022,1.02,13.1,42,0.84,0.54,1234,0.001,4704,0.002,0.1,5932,50.1,
concxsession=0-1|None,5938,50.1,0.0022,1.02,13.1,42,0.84,0.54,1234,0.001,4704,0.002,0.1,5932,50.1,
oidxsym_state=>0.5|neutral,1538,50.1,0.0043,1.04,6.6,47,0.49,0.67,652,0.004,886,0.005,0.1,738,49.9,
symbolxvolz=1000PEPEUSDT|<2,781,50.1,-0.0061,0.95,-4.7,55,inf,inf,328,0.003,453,-0.013,0.09,304,51.3,
symbol=FILUSDT,785,50.1,-0.012,0.9,-9.4,62,inf,inf,389,-0.003,385,-0.021,0.09,258,48.8,
sessionxsymbol=None|FILUSDT,785,50.1,-0.012,0.9,-9.4,62,inf,inf,389,-0.003,385,-0.021,0.09,258,48.8,
breadthxweekday=2-3|2,789,50.1,0.009,1.09,7.1,6,0.69,0.33,354,0.03,435,-0.008,0.09,430,49.1,
oidxweekday=mid|5,1584,50.1,0.0,1.0,0.1,7,61.48,38.73,428,0.002,1156,-0.001,0.1,958,49.3,
breadthxregime=1|bull,1610,50.1,0.0016,1.01,2.6,21,1.6,1.13,712,-0.002,898,0.005,0.09,741,50.1,
symbolxweekend=ADAUSDT|False,815,50.1,-0.0074,0.93,-6.0,45,inf,inf,473,0.006,330,-0.027,0.08,233,50.2,
breadthxstrategy=2-3|setup_follow,835,50.1,0.0101,1.16,8.4,42,0.36,0.22,324,-0.001,511,0.017,0.13,468,48.5,
atrpxoid=mid|mid,7851,50.1,-0.002,0.98,-15.7,49,inf,inf,3250,0.008,4601,-0.009,0.1,4030,49.8,
atrpxdecile_band=hi|D4-9,1782,50.1,0.0098,1.09,17.4,55,0.18,0.22,518,-0.004,1264,0.015,0.09,612,50.0,
symbolxvs=ADAUSDT|N,1083,50.0,-0.0026,0.98,-2.9,63,inf,inf,588,0.003,487,-0.01,0.08,310,48.7,
adxxconc=20-30|0-1,3571,50.0,0.0024,1.02,8.5,30,0.71,0.55,1031,-0.001,2540,0.004,0.11,3571,50.0,
sidexweekday=LONG|0,2412,50.0,-0.014,0.86,-33.8,9,inf,inf,1335,-0.03,1077,0.006,0.08,785,49.8,
adxxv3=>=30|Y,2500,50.0,0.0022,1.02,5.6,14,1.38,0.73,101,0.042,2399,0.001,0.12,1472,49.9,
breadthxregime=>=4|neutral,2660,50.0,-0.0142,0.88,-37.8,25,inf,inf,1376,-0.003,1284,-0.027,0.1,823,50.8,
weekday=2,4371,50.0,0.0009,1.01,3.8,9,2.82,1.84,2551,0.009,1820,-0.01,0.1,1412,49.8,
sessionxweekday=None|2,4371,50.0,0.0009,1.01,3.8,9,2.82,1.84,2551,0.009,1820,-0.01,0.1,1412,49.8,
weekdayxweekend=2|False,4371,50.0,0.0009,1.01,3.8,9,2.82,1.84,2551,0.009,1820,-0.01,0.1,1412,49.8,
concxhour_band=>=6|0-5,3020,50.0,0.0007,1.01,2.1,22,1.63,1.76,3020,0.001,0,,0.07,0,,
decile_bandxhour_band=D2-3|18-23,4573,50.0,-0.0039,0.96,-18.1,61,inf,inf,2070,-0.001,2449,-0.007,0.08,1825,49.2,
oidxvolz=mid|<2,9298,50.0,-0.0011,0.99,-10.4,49,inf,inf,3253,0.007,6045,-0.005,0.1,5057,50.0,
sym_statexweekend=bear|False,1717,50.0,-0.0046,0.96,-7.9,29,inf,inf,890,-0.002,827,-0.008,0.11,1026,49.4,
oidxweekday=mid|3,1797,50.0,0.0034,1.03,6.1,7,1.07,0.42,793,0.005,1004,0.002,0.1,912,49.8,
weekday=5,3596,50.0,0.0014,1.01,5.1,9,1.81,1.06,1484,0.001,2112,0.002,0.09,1457,48.9,
sessionxweekday=None|5,3596,50.0,0.0014,1.01,5.1,9,1.81,1.06,1484,0.001,2112,0.002,0.09,1457,48.9,
weekdayxweekend=5|True,3596,50.0,0.0014,1.01,5.1,9,1.81,1.06,1484,0.001,2112,0.002,0.09,1457,48.9,
mktbxweekend=<30|True,6021,50.0,-0.006,0.95,-36.2,17,inf,inf,2971,0.001,3050,-0.013,0.1,2266,49.9,
concximb=0-1|<0.5,2051,50.0,0.0107,1.09,22.0,42,0.28,0.24,366,0.007,1685,0.012,0.11,2046,50.0,Y
spreadxweekend=2-5|False,2555,50.0,-0.0037,0.97,-9.4,35,inf,inf,865,0.002,1690,-0.006,0.08,1208,50.5,
regimexvolz=neutral|2-5,2689,50.0,-0.0044,0.97,-11.8,40,inf,inf,1638,0.003,1051,-0.015,0.12,988,50.1,
atrpxcasc=lo|N,3085,50.0,-0.0027,0.98,-8.4,52,inf,inf,1387,0.0,1698,-0.005,0.12,1760,50.0,
atrpxside=mid|LONG,7420,50.0,-0.0015,0.98,-11.4,57,inf,inf,3968,-0.007,3452,0.005,0.1,2940,50.6,
mktbxvolz=<30|<2,15088,50.0,-0.0026,0.98,-38.6,55,inf,inf,7384,0.001,7704,-0.006,0.09,6431,50.1,
atrpxvolz=mid|<2,9158,50.0,-0.003,0.97,-27.2,57,inf,inf,4800,0.001,4358,-0.007,0.09,3904,49.8,
concxregime=>=6|neutral,5277,50.0,0.0032,1.03,16.7,14,0.42,0.36,5277,0.003,0,,0.08,0,,
mktbxside=<30|SHORT,11141,50.0,-0.0058,0.96,-64.3,60,inf,inf,5842,0.007,5299,-0.02,0.1,4266,49.6,
hour=6,1194,50.0,-0.0079,0.93,-9.5,61,inf,inf,652,-0.006,542,-0.01,0.09,535,50.3,
atrp=lo,3110,50.0,-0.0029,0.98,-8.9,55,inf,inf,1387,0.0,1723,-0.005,0.12,1777,49.9,
spread=2-5,3706,50.0,-0.0024,0.98,-9.0,49,inf,inf,1019,0.0,2687,-0.003,0.08,1805,49.8,
adxxoid=20-30|>0.5,1654,50.0,0.0074,1.07,12.2,39,0.24,0.36,775,0.003,879,0.012,0.1,855,49.8,Y
adxxstrategy=NA|late_fade,156,50.0,0.0144,1.34,2.2,14,1.63,0.47,153,0.014,0,,0.11,0,,
adxxsymbol=NA|DASHUSDT,122,50.0,-0.0358,0.76,-4.4,13,inf,inf,122,-0.036,0,,0.16,0,,
adxxsymbol=20-30|ENAUSDT,392,50.0,0.0019,1.02,0.7,34,2.16,1.0,185,0.017,207,-0.012,0.08,178,49.4,
adxxsymbol=<20|RUNEUSDT,30,50.0,0.0506,1.63,1.5,6,0.43,1.0,20,0.056,10,0.04,0.07,28,50.0,
adxxsymbol=<20|BNBUSDT,44,50.0,0.0019,1.03,0.1,6,4.74,1.0,22,-0.001,22,0.005,0.05,20,50.0,
adxxsymbol=>=30|QNTUSDT,90,50.0,0.0149,1.11,1.3,11,1.36,1.0,0,,90,0.015,0.14,56,51.8,
adxxweekday=<20|1,346,50.0,0.0039,1.04,1.3,2,1.56,2.03,200,0.01,146,-0.005,0.09,232,49.1,
adxxweekday=<20|3,42,50.0,-0.0117,0.93,-0.5,1,inf,inf,0,,42,-0.012,0.17,34,52.9,
atrpxhour_band=NA|18-23,576,50.0,0.0039,1.04,2.3,10,1.54,0.7,500,0.001,9,-0.176,0.09,11,27.3,
atrpxmktb=lo|<30,3100,50.0,-0.0027,0.98,-8.5,52,inf,inf,1387,0.0,1713,-0.005,0.12,1770,49.9,
atrpxsession=lo|None,3110,50.0,-0.0029,0.98,-8.9,55,inf,inf,1387,0.0,1723,-0.005,0.12,1777,49.9,
atrpxstrategy=hi|v65_strict_long,30,50.0,0.0141,1.09,0.4,9,2.77,3.91,1,0.21,29,0.007,0.1,29,48.3,
atrpxstrategy=hi|v65_strict_ny_long,30,50.0,0.0141,1.09,0.4,9,2.77,3.91,1,0.21,29,0.007,0.1,29,48.3,
atrpxsym_state=lo|neutral,1954,50.0,-0.0056,0.96,-11.0,41,inf,inf,680,-0.004,1274,-0.007,0.13,1311,50.3,
atrpxsymbol=NA|XLMUSDT,86,50.0,0.0339,1.38,2.9,7,0.62,1.0,83,0.034,0,,0.07,0,,
atrpxsymbol=NA|QNTUSDT,30,50.0,-0.0017,0.99,-0.1,6,inf,inf,28,-0.007,0,,0.13,0,,
atrpxsymbol=lo|RUNEUSDT,74,50.0,-0.0028,0.98,-0.2,23,inf,inf,42,0.01,32,-0.02,0.09,44,50.0,
atrpxsymbol=mid|NEARUSDT,378,50.0,0.0007,1.01,0.3,51,6.77,1.0,187,0.005,191,-0.003,0.08,200,50.0,
atrpxsymbol=lo|BNBUSDT,364,50.0,-0.03,0.79,-10.9,48,inf,inf,207,-0.027,157,-0.034,0.11,152,52.6,
atrpxsymbol=lo|XLMUSDT,64,50.0,-0.0427,0.76,-2.7,21,inf,inf,12,0.048,52,-0.064,0.17,48,50.0,
atrpxsymbol=lo|NMRUSDT,44,50.0,-0.0154,0.91,-0.7,17,inf,inf,12,-0.01,32,-0.017,0.18,26,50.0,
atrpxsymbol=lo|1000PEPEUSDT,30,50.0,0.0283,1.19,0.8,8,0.87,1.0,14,-0.029,16,0.078,0.23,27,48.1,
atrpxsymbol=lo|DOTUSDT,66,50.0,-0.0252,0.83,-1.7,17,inf,inf,8,0.067,58,-0.038,0.14,51,51.0,
atrpxvolz=lo|>=5,176,50.0,-0.0133,0.91,-2.3,30,inf,inf,84,-0.047,92,0.017,0.15,116,51.7,
breadthxdecile_band=2-3|D2-3,3380,50.0,-0.0066,0.94,-22.5,43,inf,inf,1318,0.005,2062,-0.014,0.09,2070,48.7,
breadthxhour_band=1|0-5,1792,50.0,-0.0011,0.99,-2.0,48,inf,inf,640,0.006,1152,-0.005,0.08,1137,50.2,
breadthxoid=2-3|mid,3290,50.0,-0.0052,0.96,-17.0,42,inf,inf,1361,0.008,1929,-0.015,0.1,1926,49.0,
breadthxstrategy=NA|late_fade,156,50.0,0.0144,1.34,2.2,14,1.63,0.47,153,0.014,0,,0.11,0,,
breadthxsymbol=NA|DASHUSDT,122,50.0,-0.0358,0.76,-4.4,13,inf,inf,122,-0.036,0,,0.16,0,,
breadthxsymbol=1|ZECUSDT,506,50.0,-0.0058,0.94,-2.9,49,inf,inf,184,-0.003,322,-0.007,0.06,298,48.3,
breadthxsymbol=1|1000LUNCUSDT,128,50.0,0.007,1.06,0.9,34,0.94,1.0,44,-0.046,84,0.035,0.12,83,49.4,
breadthxsymbol=2-3|PENDLEUSDT,70,50.0,0.0129,1.1,0.9,27,0.67,1.0,26,-0.034,44,0.041,0.14,40,52.5,
breadthxsymbol=1|RENDERUSDT,124,50.0,0.0272,1.24,3.4,35,0.24,1.0,34,0.046,90,0.02,0.09,89,52.8,Y
breadthxsymbol=2-3|NMRUSDT,38,50.0,-0.015,0.9,-0.6,12,inf,inf,10,-0.065,28,0.003,0.13,26,50.0,
breadthxsymbol=1|DOTUSDT,228,50.0,-0.0108,0.92,-2.5,41,inf,inf,80,0.032,148,-0.034,0.13,154,50.6,
concximb=4-5|<0.5,30,50.0,0.0527,1.44,1.6,5,1.2,0.74,30,0.053,0,,0.17,0,,
concxoid=2-3|NA,54,50.0,0.0336,1.48,1.8,10,0.47,0.38,31,0.052,23,0.008,0.02,11,63.6,
concxsymbol=>=6|RENDERUSDT,122,50.0,0.0325,1.33,4.0,22,0.49,1.0,122,0.032,0,,0.08,0,,
concxsymbol=0-1|ENAUSDT,232,50.0,0.0098,1.1,2.3,33,0.66,1.0,28,0.099,204,-0.002,0.09,232,50.0,
concxsymbol=2-3|ADAUSDT,458,50.0,-0.0029,0.97,-1.3,39,inf,inf,96,0.011,362,-0.007,0.07,141,47.5,
concxsymbol=2-3|ICPUSDT,166,50.0,-0.0257,0.82,-4.3,32,inf,inf,41,-0.002,125,-0.034,0.13,64,46.9,
concxsymbol=2-3|DOGEUSDT,228,50.0,0.0033,1.03,0.8,10,2.83,1.0,0,,228,0.003,0.08,32,56.2,
concxsymbol=0-1|PUMPUSDT,42,50.0,-0.0279,0.71,-1.2,8,inf,inf,0,,42,-0.028,0.02,42,50.0,
concxweekday=2-3|1,1734,50.0,-0.0005,0.99,-0.9,5,inf,inf,365,0.028,1369,-0.008,0.07,623,49.8,
decile_bandximb=D10|<0.5,1294,50.0,0.0056,1.04,7.2,60,0.62,0.59,661,0.007,630,0.004,0.14,410,49.8,
decile_bandxsym_state=D4-9|neutral,2316,50.0,-0.0014,0.99,-3.2,46,inf,inf,908,0.009,1408,-0.008,0.12,1088,50.2,
decile_bandxsymbol=D2-3|NMRUSDT,150,50.0,0.0216,1.18,3.2,34,0.39,1.0,75,0.008,69,0.02,0.13,71,50.7,Y
decile_bandxsymbol=D2-3|QNTUSDT,190,50.0,0.0094,1.08,1.8,41,0.94,1.0,83,0.009,105,0.009,0.12,103,51.5,
decile_bandxsymbol=D4-9|FILUSDT,178,50.0,0.0337,1.32,6.0,43,0.2,1.0,101,0.022,77,0.05,0.12,56,50.0,Y
decile_bandxsymbol=D10|XLMUSDT,110,50.0,-0.0068,0.95,-0.7,34,inf,inf,69,-0.0,41,-0.018,0.12,18,50.0,
fundxsymbol=NA|SOLUSDT,92,50.0,0.0612,1.78,5.6,6,0.79,1.0,55,0.097,4,0.057,0.1,7,57.1,
fundxsymbol=pos|APTUSDT,148,50.0,0.0182,1.16,2.7,30,0.34,1.0,68,0.029,80,0.009,0.14,49,49.0,Y
fundxsymbol=flat|ENAUSDT,924,50.0,0.0059,1.06,5.4,57,0.45,1.0,337,0.008,587,0.005,0.08,340,49.7,
fundxsymbol=neg|UNIUSDT,102,50.0,-0.0176,0.85,-1.8,23,inf,inf,49,-0.03,53,-0.006,0.08,48,47.9,
fundxsymbol=pos|BNBUSDT,174,50.0,-0.0136,0.89,-2.4,21,inf,inf,67,-0.011,107,-0.015,0.11,36,52.8,
fundxsymbol=flat|AVAXUSDT,56,50.0,-0.0562,0.67,-3.1,6,inf,inf,0,,56,-0.056,0.16,11,45.5,
hour_bandxstrategy=0-5|setup_fade,1318,50.0,0.0059,1.04,7.8,62,0.88,0.69,615,0.019,703,-0.005,0.1,621,51.2,
hour_bandxsymbol=18-23|NMRUSDT,76,50.0,-0.046,0.74,-3.5,25,inf,inf,44,-0.09,27,-0.038,0.18,29,51.7,
hour_bandxsymbol=18-23|ADAUSDT,218,50.0,-0.0126,0.87,-2.8,47,inf,inf,108,-0.001,108,-0.024,0.07,69,52.2,
hour_bandxsymbol=18-23|ICPUSDT,170,50.0,-0.0215,0.83,-3.6,38,inf,inf,83,-0.027,85,-0.018,0.09,67,49.3,
hour_bandxsymbol=6-11|QNTUSDT,80,50.0,-0.0084,0.94,-0.7,26,inf,inf,33,-0.01,47,-0.007,0.14,36,50.0,
hour_bandxsymbol=18-23|ENAUSDT,266,50.0,-0.0053,0.94,-1.4,44,inf,inf,97,0.008,169,-0.013,0.08,114,46.5,
hour_bandxsymbol=0-5|RUNEUSDT,98,50.0,-0.0012,0.99,-0.1,22,inf,inf,50,-0.025,48,0.024,0.06,40,50.0,
hour_bandxsymbol=6-11|TAOUSDT,164,50.0,0.0022,1.02,0.4,38,3.39,1.0,75,0.049,89,-0.037,0.06,60,48.3,
hour_bandxsymbol=18-23|PENGUUSDT,32,50.0,-0.0526,0.44,-1.7,7,inf,inf,0,,32,-0.053,0.03,6,83.3,
hour_bandxsymbol=0-5|HYPEUSDT,72,50.0,0.0185,1.23,1.3,9,0.78,1.0,0,,72,0.019,0.03,25,56.0,
hour_bandxsymbol=6-11|DOGEUSDT,76,50.0,0.0286,1.3,2.2,8,0.86,1.0,0,,76,0.029,0.09,23,52.2,
hour_bandxsymbol=6-11|AVAXUSDT,36,50.0,-0.0586,0.62,-2.1,8,inf,inf,0,,36,-0.059,0.08,11,45.5,
hour_bandxvolz=18-23|NA,576,50.0,0.0039,1.04,2.3,10,1.54,0.7,500,0.001,9,-0.176,0.09,11,27.3,
imbxsymbol=<0.5|PENDLEUSDT,94,50.0,-0.0175,0.87,-1.6,25,inf,inf,40,-0.07,54,0.021,0.09,43,51.2,
imbxsymbol=<0.5|RUNEUSDT,178,50.0,0.0239,1.23,4.3,25,0.43,1.0,95,0.026,83,0.021,0.12,84,51.2,
imbxsymbol=<0.5|RENDERUSDT,46,50.0,0.0191,1.19,0.9,11,0.51,1.0,32,0.024,14,0.008,0.07,10,50.0,
imbxsymbol=<0.5|NMRUSDT,72,50.0,-0.0063,0.96,-0.5,15,inf,inf,48,0.002,24,-0.024,0.12,19,47.4,
imbxsymbol=>=0.5|TRUMPUSDT,262,50.0,-0.0167,0.82,-4.4,10,inf,inf,0,,262,-0.017,0.05,147,54.4,
mktbxsymbol=<30|NMRUSDT,288,50.0,-0.0027,0.98,-0.8,47,inf,inf,172,0.009,116,-0.02,0.13,119,49.6,
mktbxsymbol=>=60|XRPUSDT,38,50.0,-0.0027,0.97,-0.1,2,inf,inf,0,,38,-0.003,0.11,18,50.0,
oidxspread=NA|<2,46,50.0,0.027,1.22,1.2,11,0.76,0.56,21,0.021,25,0.032,0.11,27,48.1,
oidxstrategy=NA|late_fade,156,50.0,0.0144,1.34,2.2,14,1.63,0.47,153,0.014,0,,0.11,0,,
oidxstrategy=mid|follow_3h_all,36,50.0,0.0378,1.32,1.4,16,0.93,0.94,6,-0.051,30,0.056,0.0,26,50.0,
oidxsymbol=NA|DASHUSDT,124,50.0,-0.0358,0.76,-4.4,14,inf,inf,122,-0.036,2,-0.038,0.16,1,100.0,
oidxsymbol=<-0.5|ENAUSDT,264,50.0,-0.0049,0.95,-1.3,36,inf,inf,58,0.001,206,-0.007,0.07,128,48.4,
oidxweekday=mid|0,1820,50.0,-0.005,0.96,-9.0,7,inf,inf,644,-0.011,1176,-0.002,0.1,918,49.9,
regimexstrategy=bear|asia_pump_short_4h,46,50.0,-0.008,0.95,-0.4,8,inf,inf,18,0.141,28,-0.104,0.0,28,39.3,
regimexsym_state=bear|bull,182,50.0,0.0206,1.2,3.8,13,0.82,0.7,26,-0.013,156,0.026,0.1,128,48.4,
regimexsymbol=bear|FILUSDT,166,50.0,-0.0073,0.94,-1.2,18,inf,inf,99,0.015,67,-0.04,0.1,55,49.1,
regimexsymbol=bear|QNTUSDT,70,50.0,-0.0011,0.99,-0.1,16,inf,inf,34,0.01,36,-0.012,0.11,32,50.0,
regimexsymbol=bear|FETUSDT,146,50.0,-0.0308,0.76,-4.5,18,inf,inf,69,-0.017,77,-0.043,0.1,80,51.2,
regimexsymbol=bear|NMRUSDT,74,50.0,0.0015,1.01,0.1,15,11.55,1.0,52,0.011,22,-0.02,0.14,22,50.0,
regimexsymbol=neutral|XLMUSDT,300,50.0,-0.0006,0.99,-0.2,34,inf,inf,199,0.008,101,-0.017,0.1,94,48.9,
regimexsymbol=neutral|RENDERUSDT,164,50.0,0.0204,1.19,3.3,31,0.58,1.0,84,0.047,80,-0.008,0.1,82,52.4,
regimexsymbol=bull|QNTUSDT,118,50.0,0.0229,1.2,2.7,16,0.67,1.0,24,0.064,94,0.012,0.12,62,51.6,
sessionxspread=None|2-5,3706,50.0,-0.0024,0.98,-9.0,49,inf,inf,1019,0.0,2687,-0.003,0.08,1805,49.8,
sidexspread=LONG|>=5,1330,50.0,-0.0028,0.97,-3.7,49,inf,inf,531,-0.004,799,-0.002,0.08,659,49.9,
sidexsymbol=LONG|RENDERUSDT,208,50.0,0.008,1.11,1.7,60,0.62,1.0,96,0.011,109,0.008,0.08,92,47.8,
sidexsymbol=LONG|1000LUNCUSDT,218,50.0,0.0019,1.02,0.4,60,4.35,1.0,107,0.006,109,-0.0,0.11,85,45.9,
sidexsymbol=SHORT|LINKUSDT,60,50.0,-0.0694,0.62,-4.2,10,inf,inf,0,,60,-0.069,0.08,18,61.1,
sidexsymbol=SHORT|HYPEUSDT,142,50.0,0.0036,1.04,0.5,10,2.9,1.0,0,,142,0.004,0.08,68,50.0,
spreadxstrategy=NA|late_fade,156,50.0,0.0144,1.34,2.2,14,1.63,0.47,153,0.014,0,,0.11,0,,
spreadxsymbol=NA|DASHUSDT,122,50.0,-0.0358,0.76,-4.4,13,inf,inf,122,-0.036,0,,0.16,0,,
spreadxvs=<2|Y,586,50.0,0.0047,1.03,2.8,43,2.37,1.44,155,-0.01,431,0.01,0.14,342,50.6,
strategyxsym_state=late_fade|NA,156,50.0,0.0144,1.34,2.2,14,1.63,0.47,153,0.014,0,,0.11,0,,
strategyxsymbol=burst_follow|FETUSDT,76,50.0,-0.0218,0.73,-1.7,32,inf,inf,32,-0.005,43,-0.037,0.04,16,56.2,
strategyxsymbol=ny_flush_buy_4h|WLDUSDT,50,50.0,-0.0648,0.65,-3.2,36,inf,inf,27,-0.136,23,0.019,0.0,16,56.2,
strategyxweekday=setup_fade|5,780,50.0,0.0154,1.09,12.0,9,0.53,0.48,340,0.015,440,0.016,0.11,380,51.3,
strategyxweekday=follow_3h_all|5,90,50.0,-0.0627,0.61,-5.6,4,inf,inf,61,-0.1,29,0.016,0.0,11,36.4,
strategyxweekday=ny_flush_buy_4h|3,88,50.0,0.0373,1.41,3.3,7,0.43,0.34,34,0.023,54,0.046,0.0,27,51.9,
sym_statexsymbol=NA|DASHUSDT,122,50.0,-0.0358,0.76,-4.4,13,inf,inf,122,-0.036,0,,0.16,0,,
sym_statexsymbol=neutral|ENAUSDT,324,50.0,0.0104,1.1,3.4,25,0.47,1.0,194,0.012,130,0.008,0.09,119,49.6,
sym_statexsymbol=bull|UNIUSDT,252,50.0,0.0006,1.01,0.2,19,11.21,1.0,44,0.015,208,-0.002,0.08,118,49.2,
sym_statexsymbol=bull|ADAUSDT,360,50.0,0.0008,1.01,0.3,25,6.31,1.0,12,-0.007,348,0.001,0.07,151,47.0,
sym_statexsymbol=bear|NMRUSDT,36,50.0,-0.0177,0.89,-0.6,9,inf,inf,14,0.008,22,-0.034,0.11,29,48.3,
sym_statexsymbol=bull|PENGUUSDT,128,50.0,-0.0045,0.95,-0.6,7,inf,inf,0,,128,-0.004,0.05,24,54.2,
sym_statexweekday=bear|4,336,50.0,0.0125,1.11,4.2,6,0.2,0.52,140,0.017,196,0.009,0.13,236,50.0,
symbolxv3=ZECUSDT|N,1746,50.0,0.0052,1.06,9.0,59,0.44,1.0,907,0.016,813,-0.007,0.07,618,49.0,
symbolxv3=AVAXUSDT|Y,76,50.0,-0.0581,0.66,-4.4,10,inf,inf,0,,76,-0.058,0.13,34,47.1,
symbolxv3=PUMPUSDT|Y,34,50.0,0.0239,1.23,0.8,6,0.77,1.0,0,,34,0.024,0.09,20,45.0,
symbolxv3=SUIUSDT|Y,52,50.0,0.0224,1.22,1.2,7,1.27,1.0,0,,52,0.022,0.1,33,51.5,
symbolxvolz=XLMUSDT|NA,86,50.0,0.0339,1.38,2.9,7,0.62,1.0,83,0.034,0,,0.07,0,,
symbolxvolz=QNTUSDT|NA,30,50.0,-0.0017,0.99,-0.1,6,inf,inf,28,-0.007,0,,0.13,0,,
symbolxvolz=ARBUSDT|>=5,88,50.0,-0.0012,0.99,-0.1,26,inf,inf,44,0.015,44,-0.017,0.09,33,48.5,
symbolxvolz=NMRUSDT|2-5,84,50.0,0.0007,1.0,0.1,26,15.58,1.0,38,0.033,46,-0.026,0.14,42,47.6,
symbolxvolz=APTUSDT|<2,302,50.0,0.0353,1.38,10.7,54,0.11,1.0,136,0.053,166,0.021,0.1,139,48.2,Y
symbolxvolz=AVAXUSDT|2-5,32,50.0,-0.0724,0.57,-2.3,8,inf,inf,0,,32,-0.072,0.09,14,42.9,
symbolxvs=CHZUSDT|Y,44,50.0,-0.041,0.71,-1.8,19,inf,inf,28,-0.03,14,-0.101,0.14,12,50.0,
symbolxweekday=ADAUSDT|1,166,50.0,-0.0022,0.98,-0.4,9,inf,inf,79,0.03,75,-0.038,0.07,41,48.8,
symbolxweekday=APTUSDT|1,92,50.0,0.0213,1.23,2.0,9,0.59,1.0,28,0.04,54,0.015,0.07,32,46.9,
symbolxweekday=FETUSDT|1,104,50.0,0.0327,1.36,3.4,9,0.47,1.0,51,0.059,44,0.011,0.08,36,47.2,
symbolxweekday=UNIUSDT|1,82,50.0,-0.0319,0.75,-2.6,9,inf,inf,22,-0.053,52,-0.013,0.07,36,52.8,
symbolxweekday=1000LUNCUSDT|1,62,50.0,-0.0008,0.99,-0.0,8,inf,inf,23,0.0,35,-0.009,0.13,35,45.7,
symbolxweekday=QNTUSDT|1,38,50.0,0.0438,1.47,1.7,7,0.45,1.0,16,0.03,20,0.052,0.05,16,50.0,
symbolxweekday=RENDERUSDT|2,62,50.0,0.0121,1.09,0.7,9,1.54,1.0,41,0.043,21,-0.049,0.15,26,46.2,
symbolxweekday=QNTUSDT|2,58,50.0,-0.089,0.55,-5.2,8,inf,inf,32,-0.042,26,-0.147,0.17,21,52.4,
symbolxweekday=RENDERUSDT|3,70,50.0,-0.0029,0.98,-0.2,9,inf,inf,38,0.018,32,-0.028,0.16,35,51.4,
symbolxweekday=CHZUSDT|3,56,50.0,-0.0004,1.0,-0.0,7,inf,inf,18,-0.029,38,0.013,0.07,36,47.2,
symbolxweekday=APTUSDT|3,76,50.0,0.0043,1.03,0.3,9,2.82,1.0,42,0.028,34,-0.025,0.13,31,48.4,
symbolxweekday=1000LUNCUSDT|3,34,50.0,-0.0154,0.91,-0.5,8,inf,inf,20,-0.1,14,0.105,0.21,17,47.1,
symbolxweekday=NMRUSDT|3,34,50.0,-0.0648,0.62,-2.2,6,inf,inf,28,-0.036,6,-0.2,0.12,14,50.0,
symbolxweekday=NMRUSDT|4,52,50.0,0.0234,1.17,1.2,7,1.05,1.0,28,0.055,24,-0.014,0.17,25,48.0,
symbolxweekday=RENDERUSDT|4,58,50.0,0.0152,1.14,0.9,8,1.12,1.0,30,0.018,28,0.012,0.05,16,43.8,
symbolxweekday=QNTUSDT|4,54,50.0,0.0175,1.16,0.9,8,0.81,1.0,28,-0.003,26,0.04,0.11,37,48.6,
symbolxweekday=ENAUSDT|4,236,50.0,0.0248,1.27,5.8,9,0.56,1.0,64,0.037,172,0.02,0.07,114,45.6,
symbolxweekday=DASHUSDT|5,102,50.0,-0.031,0.78,-3.2,9,inf,inf,28,-0.007,74,-0.04,0.13,46,52.2,
symbolxweekday=ARBUSDT|5,90,50.0,0.0485,1.47,4.4,9,0.46,1.0,33,0.037,57,0.055,0.12,44,50.0,
symbolxweekday=1000LUNCUSDT|5,62,50.0,-0.01,0.92,-0.6,9,inf,inf,22,0.023,40,-0.028,0.1,26,50.0,
symbolxweekday=DASHUSDT|6,76,50.0,-0.0179,0.87,-1.4,7,inf,inf,30,-0.077,46,0.021,0.13,16,50.0,
symbolxweekday=ICPUSDT|0,106,50.0,-0.0513,0.65,-5.4,9,inf,inf,60,-0.022,46,-0.09,0.1,40,50.0,
symbolxweekday=RUNEUSDT|0,50,50.0,0.0366,1.32,1.8,7,0.42,1.0,28,0.029,22,0.046,0.14,22,50.0,
symbolxweekday=QNTUSDT|0,44,50.0,0.0179,1.13,0.8,8,2.3,1.0,19,-0.04,25,0.062,0.18,16,50.0,
symbolxweekday=HYPEUSDT|6,62,50.0,-0.0021,0.98,-0.1,2,inf,inf,0,,62,-0.002,0.11,21,38.1,
symbolxweekday=PENGUUSDT|6,50,50.0,-0.0419,0.64,-2.1,2,inf,inf,0,,50,-0.042,0.04,19,57.9,
symbolxweekday=HYPEUSDT|0,46,50.0,-0.0036,0.96,-0.2,2,inf,inf,0,,46,-0.004,0.07,16,50.0,
symbolxweekday=DOGEUSDT|0,32,50.0,-0.0035,0.96,-0.1,2,inf,inf,0,,32,-0.004,0.06,4,50.0,
symbolxweekday=TRUMPUSDT|3,34,50.0,-0.0002,1.0,-0.0,1,inf,inf,0,,34,-0.0,0.09,12,58.3,
symbolxweekend=DASHUSDT|True,178,50.0,-0.0254,0.82,-4.5,16,inf,inf,58,-0.043,120,-0.017,0.13,62,51.6,
symbolxweekend=AVAXUSDT|False,80,50.0,-0.0445,0.69,-3.6,6,inf,inf,0,,80,-0.045,0.11,26,46.2,
v3xweekday=Y|4,1794,50.0,0.0114,1.1,20.5,9,0.38,0.22,961,0.008,833,0.015,0.11,845,51.0,
volzxweekday=>=5|3,308,50.0,0.0151,1.14,4.7,8,0.81,0.35,186,-0.011,122,0.055,0.12,84,50.0,
volzxweekday=>=5|4,462,50.0,-0.0151,0.89,-7.0,8,inf,inf,215,-0.007,247,-0.022,0.11,154,54.5,
strategyxregimexdecile_band=ny_burst_follow|NA|D2-3,34,50.0,-0.0088,0.81,-0.3,2,inf,inf,14,-0.075,0,,0.0,0,,
strategyxweekdayxhour_band=setup_fade|3|0-5,196,50.0,-0.0233,0.88,-4.6,9,inf,inf,109,-0.071,87,0.036,0.07,77,53.2,
strategyxweekdayxhour_band=nony_momentum|3|6-11,62,50.0,-0.0128,0.8,-0.8,6,inf,inf,31,-0.048,31,0.023,0.03,20,55.0,
strategyxweekdayxhour_band=ny_flush_buy_4h|3|12-17,58,50.0,0.0527,1.59,3.1,7,0.61,0.25,25,0.021,33,0.077,0.0,13,53.8,
strategyxweekdayxhour_band=ny_flush_buy_4h|3|18-23,30,50.0,0.0075,1.08,0.2,7,3.71,2.63,9,0.028,21,-0.001,0.0,14,50.0,
strategyxregimexadx=london_burst_fade|bear|20-30,92,50.0,0.0791,1.53,7.3,7,0.84,0.74,44,0.121,48,0.041,0.22,45,48.9,
strategyxsidexregime=asia_pump_short_4h|SHORT|bear,46,50.0,-0.008,0.95,-0.4,8,inf,inf,18,0.141,28,-0.104,0.0,28,39.3,
strategyxregimexbreadth=asia_pump_short_4h|neutral|1,30,50.0,-0.03,0.85,-0.9,16,inf,inf,14,0.099,16,-0.143,0.0,18,44.4,
strategyxweekdayxregime=burst_follow|3|bear,172,50.0,-0.0102,0.86,-1.7,3,inf,inf,154,-0.008,18,-0.033,0.07,26,53.8,
strategyxweekdayxregime=ny_flush_buy_4h|3|neutral,44,50.0,0.0578,1.65,2.5,3,0.56,0.25,28,0.058,16,0.058,0.0,12,33.3,
strategyxweekdayxregime=setup_follow|0|neutral,356,50.0,-0.0009,0.99,-0.3,7,inf,inf,228,-0.002,128,0.0,0.12,139,47.5,
strategyxregimextrig=asia_pump_short_4h|bear|burst,46,50.0,-0.008,0.95,-0.4,8,inf,inf,18,0.141,28,-0.104,0.0,28,39.3,
hour_band=6-11,7133,50.0,-0.0,1.0,-0.1,63,inf,inf,3331,-0.0,3772,0.0,0.09,2782,50.4,
hour_bandxsession=6-11|None,7133,50.0,-0.0,1.0,-0.1,63,inf,inf,3331,-0.0,3772,0.0,0.09,2782,50.4,
hour_bandxvs=6-11|N,7133,50.0,-0.0,1.0,-0.1,63,inf,inf,3331,-0.0,3772,0.0,0.09,2782,50.4,
breadthxvs=1|N,6131,50.0,0.0021,1.02,12.9,49,0.41,0.45,2337,0.005,3794,0.0,0.1,3900,50.1,
atrpxdecile_band=mid|D2-3,8784,50.0,-0.0064,0.94,-56.3,57,inf,inf,4754,-0.002,4030,-0.012,0.09,3724,49.5,
regimexweekend=neutral|True,3401,50.0,-0.0115,0.9,-39.0,11,inf,inf,1977,-0.0,1424,-0.027,0.1,1240,50.0,
v3xvolz=Y|2-5,2819,50.0,-0.0026,0.98,-7.5,56,inf,inf,1049,0.001,1770,-0.005,0.12,1394,49.6,
atrpxoid=lo|mid,2383,50.0,-0.004,0.97,-9.6,47,inf,inf,879,0.001,1504,-0.007,0.13,1564,49.9,
strategyxdecile_bandximb=setup_follow|D2-3|>=0.5,2349,50.0,0.0046,1.07,10.9,63,0.38,0.4,1132,-0.004,1187,0.014,0.12,1157,50.0,
fundxhour_band=pos|18-23,1971,50.0,-0.0031,0.97,-6.1,59,inf,inf,583,0.001,1388,-0.005,0.09,820,50.4,
adxxoid=20-30|mid,7648,50.0,-0.002,0.98,-15.2,39,inf,inf,3884,0.007,3764,-0.011,0.11,4011,49.7,
decile_bandxhour_band=D4-9|12-17,1699,50.0,0.0049,1.04,8.4,61,0.62,0.65,843,0.015,832,-0.005,0.14,625,48.2,
fundxhour_band=flat|6-11,3268,50.0,-0.0001,1.0,-0.5,61,inf,inf,1738,-0.003,1530,0.003,0.1,1238,50.2,
imbxmktb=<0.5|<30,8774,50.0,-0.0003,1.0,-3.1,60,inf,inf,4486,0.001,4288,-0.002,0.1,3290,49.7,
fundxoid=neg|NA,1457,50.0,0.0063,1.06,9.2,17,0.51,0.28,1455,0.006,2,0.017,0.08,6,50.0,
decile_bandxhour_band=D4-9|6-11,1435,50.0,0.008,1.07,11.5,62,0.22,0.36,611,0.003,808,0.012,0.1,564,50.2,Y
cascxspread=N|2-5,2868,50.0,-0.002,0.98,-5.7,49,inf,inf,996,-0.0,1872,-0.003,0.09,1340,49.6,
symbolxvolz=ZECUSDT|<2,1375,50.0,0.0017,1.02,2.4,57,0.87,1.0,631,0.014,744,-0.009,0.07,573,49.6,
hour_bandxstrategy=12-17|setup_fade,1335,50.0,-0.0116,0.94,-15.5,61,inf,inf,633,-0.019,685,-0.005,0.13,620,50.5,
breadthxweekend=2-3|False,3733,50.0,-0.0003,1.0,-1.2,31,inf,inf,1540,0.012,2193,-0.009,0.1,2165,49.7,
fundxsym_state=pos|neutral,2392,50.0,-0.0075,0.94,-17.9,48,inf,inf,682,0.001,1710,-0.011,0.1,1248,50.0,
spreadxweekend=2-5|True,1151,50.0,0.0004,1.0,0.4,14,8.56,7.4,154,-0.007,997,0.001,0.09,597,48.4,
sym_state=bear,2266,50.0,0.0009,1.01,2.1,40,1.78,2.26,1039,0.001,1227,0.001,0.11,1412,49.6,
mktbxsym_state=<30|bear,2266,50.0,0.0009,1.01,2.1,40,1.78,2.26,1039,0.001,1227,0.001,0.11,1412,49.6,
sessionxsym_state=None|bear,2266,50.0,0.0009,1.01,2.1,40,1.78,2.26,1039,0.001,1227,0.001,0.11,1412,49.6,
atrpxhour_band=mid|6-11,3395,50.0,-0.001,0.99,-3.5,57,inf,inf,1766,-0.001,1629,-0.002,0.09,1396,49.9,
breadthxmktb=1|<30,6314,50.0,0.0023,1.02,14.3,47,0.39,0.52,2480,0.005,3834,0.0,0.1,4015,50.1,Y
mktbxsymbol=<30|ENAUSDT,1047,50.0,0.0107,1.1,11.2,58,0.29,1.0,473,0.014,574,0.008,0.09,380,48.9,Y
fundxweekday=flat|2,1992,49.9,0.0041,1.04,8.1,9,0.55,0.51,1132,0.008,860,-0.001,0.09,677,50.2,
imbxsym_state=<0.5|bull,3850,49.9,0.001,1.01,3.8,45,2.77,1.45,517,0.013,3333,-0.001,0.1,1871,49.9,
fundxvolz=neg|<2,3758,49.9,-0.0031,0.97,-11.8,55,inf,inf,2186,-0.0,1572,-0.007,0.09,1656,50.1,
cascxsymbol=N|ENAUSDT,907,49.9,0.0123,1.12,11.1,55,0.18,1.0,486,0.015,410,0.01,0.09,286,48.6,Y
atrpxfund=mid|neg,3584,49.9,-0.001,0.99,-3.4,54,inf,inf,2284,0.003,1300,-0.007,0.1,1485,50.5,
cascxweekday=N|0,3538,49.9,-0.0115,0.9,-40.6,9,inf,inf,2237,-0.011,1301,-0.013,0.09,1110,50.1,
imbxspread=>=0.5|2-5,2625,49.9,-0.0065,0.94,-17.0,49,inf,inf,779,-0.0,1846,-0.009,0.07,1259,49.7,
imbxvolz=<0.5|>=5,875,49.9,-0.0012,0.99,-1.0,56,inf,inf,380,-0.006,495,0.002,0.15,353,51.6,
mktbxsymbol=<30|XRPUSDT,1744,49.9,-0.002,0.98,-3.5,60,inf,inf,884,0.001,860,-0.005,0.1,655,48.5,
breadthxvolz=2-3|<2,3470,49.9,-0.0028,0.97,-9.8,43,inf,inf,1327,0.008,2143,-0.009,0.09,2103,49.2,
decile_bandxsymbol=D2-3|ENAUSDT,847,49.9,0.0049,1.05,4.1,60,0.43,1.0,323,0.007,518,0.004,0.07,326,47.9,
oidxsymbol=mid|ZECUSDT,831,49.9,-0.0045,0.96,-3.7,49,inf,inf,341,0.006,490,-0.012,0.09,437,49.7,
strategyxsidexregime=burst_follow|SHORT|bull,1660,49.9,-0.0138,0.81,-22.8,20,inf,inf,225,0.009,1435,-0.017,0.08,657,49.6,
concxhour_band=0-1|0-5,1612,49.9,-0.0037,0.97,-6.0,40,inf,inf,330,0.001,1282,-0.005,0.09,1611,50.0,
decile_bandxstrategy=D2-3|setup_follow,3212,49.9,0.0028,1.04,9.0,63,0.53,0.48,1565,-0.002,1617,0.008,0.11,1560,50.3,
atrpxhour_band=lo|18-23,799,49.9,-0.0016,0.99,-1.3,51,inf,inf,367,0.02,432,-0.02,0.12,437,50.1,
hour_bandxregime=12-17|neutral,3168,49.9,0.0019,1.02,6.1,32,2.13,0.96,1999,0.01,1169,-0.011,0.11,1212,49.8,
decile_bandxspread=D2-3|2-5,2299,49.9,-0.0051,0.95,-11.7,49,inf,inf,622,0.003,1677,-0.008,0.08,1144,49.7,
breadthxcasc=1|N,6026,49.9,0.0011,1.01,6.8,49,0.81,1.09,2438,0.005,3588,-0.002,0.1,3789,50.1,
hour_bandxoid=18-23|NA,1458,49.9,0.0028,1.03,4.1,19,2.24,0.81,1380,0.001,11,-0.099,0.08,13,30.8,
adxxhour_band=NA|18-23,1456,49.9,0.0025,1.03,3.6,18,2.56,0.92,1380,0.001,9,-0.176,0.08,11,27.3,
breadthxhour_band=NA|18-23,1456,49.9,0.0025,1.03,3.6,18,2.56,0.92,1380,0.001,9,-0.176,0.08,11,27.3,
hour_bandxspread=18-23|NA,1456,49.9,0.0025,1.03,3.6,18,2.56,0.92,1380,0.001,9,-0.176,0.08,11,27.3,
hour_bandxsym_state=18-23|NA,1456,49.9,0.0025,1.03,3.6,18,2.56,0.92,1380,0.001,9,-0.176,0.08,11,27.3,
adxxfund=NA|neg,1446,49.9,0.0059,1.06,8.6,14,0.55,0.29,1446,0.006,0,,0.08,0,,
breadthxfund=NA|neg,1446,49.9,0.0059,1.06,8.6,14,0.55,0.29,1446,0.006,0,,0.08,0,,
fundxspread=neg|NA,1446,49.9,0.0059,1.06,8.6,14,0.55,0.29,1446,0.006,0,,0.08,0,,
fundxsym_state=neg|NA,1446,49.9,0.0059,1.06,8.6,14,0.55,0.29,1446,0.006,0,,0.08,0,,
mktbxweekday=<30|1,3553,49.9,0.0026,1.02,9.3,8,1.03,0.7,1899,0.01,1654,-0.006,0.08,1305,50.0,
decile_bandxoid=D4-9|mid,2684,49.9,0.0059,1.05,15.7,49,0.55,0.43,879,0.015,1805,0.002,0.12,1322,49.4,
concxsym_state=0-1|bull,2001,49.9,0.0017,1.02,3.3,38,3.3,1.74,182,-0.003,1819,0.002,0.08,2001,49.9,
sym_statexsymbol=bull|ENAUSDT,661,49.9,0.006,1.06,4.0,24,0.82,1.0,45,0.015,616,0.005,0.08,336,48.8,
sidexweekend=SHORT|False,9240,49.9,-0.0081,0.94,-74.5,45,inf,inf,4669,0.005,4443,-0.024,0.09,3447,50.2,
atrpxbreadth=hi|2-3,1310,49.9,0.0074,1.08,9.8,39,0.26,0.31,315,0.016,995,0.005,0.07,758,49.2,Y
fundxsymbol=neg|SOLUSDT,653,49.9,-0.001,0.99,-0.7,39,inf,inf,437,0.008,216,-0.019,0.1,239,52.3,
oidxweekday=mid|1,1911,49.9,-0.0019,0.98,-3.6,7,inf,inf,736,0.013,1175,-0.011,0.09,929,49.8,
atrpxfund=mid|pos,3570,49.9,-0.0042,0.97,-14.9,56,inf,inf,1045,0.005,2525,-0.008,0.1,1794,50.1,
regimexsymbol=bull|ENAUSDT,589,49.9,0.0067,1.07,4.0,20,0.82,1.0,73,-0.032,516,0.012,0.08,261,49.0,
strategyxvs=setup_follow|N,4658,49.9,0.0001,1.0,0.4,63,11.47,11.02,2193,-0.004,2438,0.004,0.11,2194,49.4,
fundxweekday=pos|3,1136,49.9,-0.0035,0.97,-4.0,9,inf,inf,328,-0.002,808,-0.004,0.11,523,50.1,
decile_bandxsymbol=D2-3|NEARUSDT,559,49.9,-0.0144,0.87,-8.0,62,inf,inf,303,-0.016,243,-0.013,0.06,192,52.1,
breadth=1,6538,49.9,0.0025,1.02,16.1,49,0.34,0.46,2480,0.005,4058,0.001,0.1,4167,50.1,Y
breadthxsession=1|None,6538,49.9,0.0025,1.02,16.1,49,0.34,0.46,2480,0.005,4058,0.001,0.1,4167,50.1,Y
concxoid=>=6|>0.5,537,49.9,-0.0018,0.98,-0.9,10,inf,inf,537,-0.002,0,,0.07,0,,
fundxweekday=neg|2,1028,49.9,-0.0002,1.0,-0.2,9,inf,inf,696,0.006,332,-0.014,0.08,321,49.2,
adxxsym_state=20-30|bear,2048,49.9,-0.0003,1.0,-0.6,37,inf,inf,956,0.0,1092,-0.001,0.11,1270,49.6,
concxoid=0-1|>0.5,1024,49.9,0.0157,1.14,16.1,40,0.21,0.22,163,0.043,861,0.011,0.1,1024,49.9,Y
concxdecile_band=0-1|D2-3,4088,49.9,-0.0032,0.97,-13.1,42,inf,inf,877,-0.004,3211,-0.003,0.09,4086,49.9,
strategyxweekend=setup_follow|True,1527,49.9,0.0013,1.02,2.0,18,2.49,1.11,608,-0.006,919,0.006,0.12,733,49.4,
concxweekday=2-3|2,1503,49.9,-0.0135,0.89,-20.3,5,inf,inf,321,0.004,1182,-0.018,0.09,609,49.1,
adxxdecile_band=20-30|D4-9,2503,49.9,0.0007,1.01,1.8,38,3.24,3.46,1141,0.01,1362,-0.007,0.13,1245,50.0,
imbxsymbol=>=0.5|UNIUSDT,499,49.9,-0.01,0.91,-5.0,58,inf,inf,211,-0.019,280,-0.001,0.08,201,50.2,
decile_bandxsymbol=D2-3|XRPUSDT,1495,49.9,-0.0048,0.95,-7.2,63,inf,inf,639,0.001,841,-0.009,0.08,611,49.6,
oidxv3=>0.5|Y,1495,49.9,0.0038,1.03,5.6,49,0.48,0.75,421,0.003,1074,0.004,0.11,843,49.2,
hour_bandxweekend=6-11|False,5299,49.9,0.0002,1.0,1.2,45,5.86,5.89,2568,0.002,2701,-0.002,0.09,2050,50.8,
imbxvolz=<0.5|<2,5642,49.9,0.0006,1.01,3.2,57,2.72,1.78,2189,0.003,3453,-0.001,0.09,2532,49.3,
hour_bandxweekday=6-11|0,938,49.9,-0.0122,0.9,-11.5,9,inf,inf,476,-0.022,462,-0.002,0.08,353,51.6,
spreadxsym_state=2-5|bear,469,49.9,0.0141,1.13,6.6,23,0.33,0.43,247,0.002,222,0.027,0.1,327,48.9,Y
breadthxv3=>=4|Y,2251,49.9,-0.0062,0.96,-13.9,41,inf,inf,467,-0.019,1784,-0.003,0.12,1125,50.3,
symbolxv3=SOLUSDT|Y,437,49.9,-0.0154,0.88,-6.7,59,inf,inf,207,-0.018,226,-0.012,0.1,204,50.0,
breadthxweekday=1|6,868,49.9,-0.0092,0.93,-8.0,7,inf,inf,183,0.012,685,-0.015,0.1,583,49.7,
symbol=WLDUSDT,1269,49.9,-0.0052,0.95,-6.7,63,inf,inf,774,-0.012,477,0.005,0.08,373,49.9,
oidxsymbol=mid|WLDUSDT,423,49.9,0.0043,1.04,1.8,45,0.96,1.0,168,0.0,255,0.007,0.09,204,49.5,
sessionxsymbol=None|WLDUSDT,1269,49.9,-0.0052,0.95,-6.7,63,inf,inf,774,-0.012,477,0.005,0.08,373,49.9,
atrpxweekday=mid|5,1257,49.9,-0.0018,0.98,-2.2,8,inf,inf,536,0.005,721,-0.007,0.09,600,49.3,
strategyxsym_state=setup_follow|neutral,2458,49.9,-0.0002,1.0,-0.5,48,inf,inf,938,-0.007,1520,0.004,0.12,1393,48.8,
concxregime=0-1|neutral,2865,49.9,0.0046,1.04,13.1,26,0.46,0.49,921,0.009,1944,0.002,0.11,2865,49.9,
sidexsymbol=LONG|TAOUSDT,409,49.9,0.01,1.1,4.1,62,0.85,1.0,197,0.003,210,0.015,0.09,126,47.6,
sidexspread=SHORT|2-5,1626,49.9,-0.0074,0.94,-12.1,49,inf,inf,467,0.022,1159,-0.019,0.09,811,50.2,
hour_bandxsym_state=6-11|neutral,2380,49.9,-0.0007,0.99,-1.7,46,inf,inf,1083,0.001,1297,-0.002,0.1,1230,50.2,
symbolxweekend=ICPUSDT|False,389,49.9,-0.0136,0.9,-5.3,44,inf,inf,231,-0.01,154,-0.02,0.12,145,49.7,
cascxweekday=N|5,2711,49.9,-0.0001,1.0,-0.3,9,inf,inf,1334,0.001,1377,-0.001,0.09,1086,49.4,
hour_bandxmktb=6-11|<30,6190,49.9,-0.001,0.99,-6.1,58,inf,inf,3220,-0.002,2970,0.0,0.09,2441,50.3,
mktbxsymbol=<30|NEARUSDT,772,49.9,-0.0063,0.94,-4.8,59,inf,inf,467,0.002,305,-0.02,0.07,258,49.2,
oidxsymbol=mid|NEARUSDT,385,49.9,-0.0061,0.94,-2.3,47,inf,inf,138,-0.002,247,-0.009,0.06,202,50.5,
hour_bandxoid=18-23|mid,3058,49.9,-0.0056,0.95,-17.0,47,inf,inf,1037,0.006,2021,-0.011,0.11,1579,49.9,
regimexvs=neutral|N,11462,49.9,-0.0023,0.98,-25.9,40,inf,inf,7370,0.002,4092,-0.011,0.09,4337,50.1,
regimexweekend=bear|True,1831,49.9,0.0016,1.02,3.0,6,2.86,0.94,994,0.004,837,-0.001,0.09,622,50.2,
symbolxvs=RENDERUSDT|N,361,49.9,0.0128,1.12,4.6,59,0.42,1.0,175,0.025,180,-0.001,0.1,160,50.0,
decile_bandximb=D2-3|<0.5,6488,49.9,-0.0014,0.99,-8.9,63,inf,inf,2994,0.003,3462,-0.005,0.08,2529,49.3,
sym_statexvolz=bear|<2,1440,49.9,0.0058,1.05,8.3,40,0.28,0.46,668,0.01,772,0.002,0.1,932,49.4,Y
fundxsymbol=pos|ZECUSDT,1073,49.9,0.0003,1.0,0.4,45,6.83,1.0,378,0.01,695,-0.005,0.08,468,48.3,
adxxbreadth=<20|2-3,357,49.9,-0.0013,0.99,-0.5,7,inf,inf,187,-0.006,170,0.003,0.07,259,48.6,
regimexsym_state=neutral|neutral,6047,49.9,-0.0038,0.97,-22.9,33,inf,inf,2936,0.003,3111,-0.01,0.1,3130,50.1,
oidxweekday=NA|1,1053,49.9,0.0103,1.11,10.9,5,0.35,0.23,738,0.006,20,0.147,0.05,24,58.3,
adxxweekday=NA|1,1045,49.9,0.0098,1.1,10.3,4,0.37,0.25,730,0.005,20,0.147,0.05,20,60.0,
breadthxweekday=NA|1,1045,49.9,0.0098,1.1,10.3,4,0.37,0.25,730,0.005,20,0.147,0.05,20,60.0,
spreadxweekday=NA|1,1045,49.9,0.0098,1.1,10.3,4,0.37,0.25,730,0.005,20,0.147,0.05,20,60.0,
sym_statexweekday=NA|1,1045,49.9,0.0098,1.1,10.3,4,0.37,0.25,730,0.005,20,0.147,0.05,20,60.0,
sidexsymbol=LONG|APTUSDT,339,49.9,0.0037,1.04,1.2,61,1.9,1.0,157,0.035,176,-0.025,0.1,108,39.8,
fundxstrategy=neg|setup_follow,1284,49.8,-0.0004,0.99,-0.5,60,inf,inf,748,-0.008,536,0.01,0.12,632,49.2,
decile_bandxstrategy=D10|nony_momentum,319,49.8,-0.003,0.96,-1.0,45,inf,inf,203,0.014,115,-0.032,0.11,68,58.8,
oidxsymbol=mid|UNIUSDT,319,49.8,-0.0132,0.9,-4.2,44,inf,inf,115,-0.02,204,-0.01,0.09,158,50.0,
strategyxdecile_bandximb=nony_momentum|D10|>=0.5,319,49.8,-0.003,0.96,-1.0,45,inf,inf,203,0.014,115,-0.032,0.11,68,58.8,
hour_bandxweekday=18-23|2,947,49.8,0.0016,1.02,1.5,9,2.7,1.33,457,0.025,490,-0.02,0.08,319,47.3,
atrpxweekday=NA|1,315,49.8,0.0215,1.25,6.8,2,0.57,0.26,0,,20,0.147,0.05,20,60.0,
concxweekday=NA|1,315,49.8,0.0215,1.25,6.8,2,0.57,0.26,0,,20,0.147,0.05,20,60.0,
fundxweekday=NA|1,315,49.8,0.0215,1.25,6.8,2,0.57,0.26,0,,20,0.147,0.05,20,60.0,
mktbxweekday=NA|1,315,49.8,0.0215,1.25,6.8,2,0.57,0.26,0,,20,0.147,0.05,20,60.0,
regimexweekday=NA|1,315,49.8,0.0215,1.25,6.8,2,0.57,0.26,0,,20,0.147,0.05,20,60.0,
volzxweekday=NA|1,315,49.8,0.0215,1.25,6.8,2,0.57,0.26,0,,20,0.147,0.05,20,60.0,
decile_bandxoid=D2-3|NA,5030,49.8,0.0017,1.02,8.4,28,1.07,1.02,4764,0.001,32,0.047,0.07,35,54.3,
concxsymbol=2-3|ENAUSDT,622,49.8,0.0069,1.07,4.3,36,0.82,1.0,80,-0.006,542,0.009,0.08,223,48.0,
decile_bandxsymbol=D4-9|1000PEPEUSDT,311,49.8,0.0087,1.07,2.7,51,0.61,1.0,183,-0.002,128,0.024,0.14,108,50.0,
hour_bandxoid=6-11|mid,3421,49.8,-0.0009,0.99,-3.2,49,inf,inf,1180,0.002,2241,-0.002,0.1,1813,49.6,
hour_bandxweekday=6-11|1,933,49.8,-0.0063,0.94,-5.9,9,inf,inf,419,-0.001,484,-0.012,0.07,382,50.5,
symbolxvs=WLDUSDT|N,1240,49.8,-0.0044,0.96,-5.5,63,inf,inf,752,-0.012,470,0.008,0.08,366,49.7,
decile_bandxv3=D10|Y,897,49.8,0.0084,1.06,7.5,62,0.58,0.62,396,0.018,499,0.0,0.15,358,48.6,
sym_statexsymbol=neutral|XLMUSDT,299,49.8,-0.0278,0.8,-8.3,35,inf,inf,154,-0.019,145,-0.037,0.12,112,50.9,
symbolxweekday=ETHUSDT|0,594,49.8,-0.0081,0.93,-4.8,9,inf,inf,344,-0.01,250,-0.006,0.1,261,49.4,
decile_bandxoid=D4-9|>0.5,885,49.8,0.0109,1.09,9.7,49,0.25,0.32,232,0.004,653,0.013,0.11,425,49.9,Y
adxxdecile_band=NA|D2-3,4995,49.8,0.0013,1.01,6.4,20,1.39,1.33,4746,0.001,15,0.02,0.07,17,64.7,
breadthxdecile_band=NA|D2-3,4995,49.8,0.0013,1.01,6.4,20,1.39,1.33,4746,0.001,15,0.02,0.07,17,64.7,
decile_bandxspread=D2-3|NA,4995,49.8,0.0013,1.01,6.4,20,1.39,1.33,4746,0.001,15,0.02,0.07,17,64.7,
decile_bandxsym_state=D2-3|NA,4995,49.8,0.0013,1.01,6.4,20,1.39,1.33,4746,0.001,15,0.02,0.07,17,64.7,
symbolxweekend=RENDERUSDT|False,293,49.8,0.0123,1.1,3.6,44,0.54,1.0,154,0.026,133,-0.006,0.11,132,50.0,
oidxweekday=>0.5|6,584,49.8,0.0011,1.01,0.6,7,3.05,5.81,52,-0.062,532,0.007,0.07,306,51.6,
oidxstrategy=NA|setup_fade,1164,49.8,0.002,1.01,2.3,20,4.12,2.4,1115,-0.002,7,0.017,0.12,6,50.0,
symbol=ADAUSDT,1152,49.8,-0.002,0.98,-2.4,63,inf,inf,628,0.004,512,-0.01,0.08,332,48.8,
cascxsymbol=N|ADAUSDT,1152,49.8,-0.002,0.98,-2.4,63,inf,inf,628,0.004,512,-0.01,0.08,332,48.8,
sessionxsymbol=None|ADAUSDT,1152,49.8,-0.002,0.98,-2.4,63,inf,inf,628,0.004,512,-0.01,0.08,332,48.8,
breadthxsym_state=1|neutral,4030,49.8,0.0037,1.03,14.9,47,0.34,0.35,1513,0.01,2517,-0.0,0.11,2519,50.2,
strategyxdecile_bandximb=setup_follow|D2-3|<0.5,863,49.8,-0.0022,0.97,-1.9,60,inf,inf,433,0.003,430,-0.007,0.08,403,50.9,
strategyxsidexregime=setup_follow|LONG|bear,861,49.8,0.0046,1.07,4.0,21,0.69,0.57,412,0.001,449,0.008,0.13,404,50.5,
cascxregime=N|neutral,11699,49.8,-0.0024,0.98,-28.0,40,inf,inf,7614,0.002,4085,-0.011,0.09,4376,50.0,
fundxweekday=flat|5,1423,49.8,-0.0005,1.0,-0.7,9,inf,inf,795,-0.009,628,0.01,0.08,516,48.4,
adxxoid=<20|>0.5,281,49.8,0.0077,1.07,2.2,10,1.34,0.49,151,0.02,130,-0.007,0.11,153,48.4,
symbolxweekday=XRPUSDT|3,281,49.8,0.0042,1.03,1.2,9,1.19,1.0,129,0.004,152,0.004,0.11,122,45.1,
strategyxregimexadx=nony_momentum|neutral|NA,281,49.8,-0.0097,0.84,-2.7,8,inf,inf,281,-0.01,0,,0.03,0,,
strategyxregimexbreadth=nony_momentum|neutral|NA,281,49.8,-0.0097,0.84,-2.7,8,inf,inf,281,-0.01,0,,0.03,0,,
concxweekday=0-1|3,837,49.8,-0.0046,0.96,-3.9,7,inf,inf,225,-0.013,612,-0.002,0.11,835,49.8,
hour_bandxsymbol=12-17|XRPUSDT,558,49.8,0.0129,1.13,7.2,58,0.18,1.0,284,0.019,255,0.007,0.1,185,48.6,Y
concxweekday=2-3|0,1668,49.8,-0.0285,0.77,-47.5,6,inf,inf,417,-0.063,1251,-0.017,0.09,591,51.4,
sidexvs=SHORT|N,12126,49.8,-0.0072,0.94,-86.9,63,inf,inf,5713,0.004,6301,-0.019,0.09,4609,49.6,
decile_bandxspread=D10|2-5,546,49.8,-0.0057,0.95,-3.1,46,inf,inf,187,-0.009,359,-0.004,0.08,198,50.5,
adxxweekday=NA|2,1343,49.8,0.0068,1.06,9.1,3,1.19,0.46,1329,0.007,14,-0.019,0.11,14,42.9,
breadthxweekday=NA|2,1343,49.8,0.0068,1.06,9.1,3,1.19,0.46,1329,0.007,14,-0.019,0.11,14,42.9,
oidxweekday=NA|2,1343,49.8,0.0068,1.06,9.1,3,1.19,0.46,1329,0.007,14,-0.019,0.11,14,42.9,
spreadxweekday=NA|2,1343,49.8,0.0068,1.06,9.1,3,1.19,0.46,1329,0.007,14,-0.019,0.11,14,42.9,
sym_statexweekday=NA|2,1343,49.8,0.0068,1.06,9.1,3,1.19,0.46,1329,0.007,14,-0.019,0.11,14,42.9,
regimexsymbol=bull|ZECUSDT,803,49.8,0.0021,1.02,1.7,22,1.18,1.0,192,0.013,611,-0.001,0.07,361,47.1,
oidxspread=>0.5|2-5,801,49.8,0.0052,1.05,4.2,47,0.77,0.8,174,-0.002,627,0.007,0.08,417,49.9,
fundxstrategy=flat|setup_follow,2134,49.8,-0.001,0.99,-2.2,62,inf,inf,1066,-0.002,1068,-0.0,0.12,946,48.9,
side=SHORT,12786,49.8,-0.0089,0.93,-114.2,63,inf,inf,6029,0.003,6629,-0.022,0.09,4866,49.6,
sessionxside=None|SHORT,12786,49.8,-0.0089,0.93,-114.2,63,inf,inf,6029,0.003,6629,-0.022,0.09,4866,49.6,
oidxregime=NA|neutral,3704,49.8,0.0017,1.02,6.2,16,1.13,0.62,3695,0.002,9,-0.033,0.07,21,52.4,
cascxmktb=Y|<30,2369,49.8,0.0017,1.02,4.1,37,1.86,0.9,506,0.002,1863,0.002,0.09,1140,49.9,
regimexvolz=neutral|<2,7752,49.8,-0.0008,0.99,-5.9,40,inf,inf,5058,0.003,2694,-0.008,0.09,3087,49.9,
atrpxbreadth=mid|1,4122,49.8,0.0027,1.02,11.2,49,0.48,0.4,1712,0.005,2410,0.001,0.1,2582,50.2,
symbolxweekend=XRPUSDT|True,512,49.8,-0.0079,0.93,-4.1,18,inf,inf,190,-0.026,322,0.003,0.09,188,53.2,
atrpxregime=lo|neutral,2042,49.8,-0.0021,0.98,-4.2,38,inf,inf,1074,-0.003,968,-0.001,0.12,1132,49.7,
hour_bandxv3=0-5|Y,2795,49.8,0.0028,1.02,7.7,62,0.61,0.49,1312,0.007,1483,-0.001,0.1,1279,49.8,
breadthxoid=1|>0.5,994,49.8,0.0121,1.11,12.0,49,0.22,0.25,341,0.004,653,0.017,0.11,617,49.6,Y
strategyxsymbol=burst_follow|1000PEPEUSDT,492,49.8,-0.0172,0.78,-8.5,55,inf,inf,237,-0.009,251,-0.023,0.08,134,50.7,
decile_bandxregime=D2-3|neutral,7782,49.8,-0.0044,0.96,-34.3,40,inf,inf,5092,-0.001,2690,-0.012,0.08,3096,49.8,
adxxregime=20-30|neutral,6680,49.8,-0.0044,0.96,-29.6,32,inf,inf,3153,0.006,3527,-0.014,0.11,3598,50.0,
symbolxweekday=1000PEPEUSDT|4,235,49.8,0.0086,1.07,2.0,9,1.14,1.0,123,0.008,112,0.01,0.11,84,51.2,
imbxregime=>=0.5|neutral,8452,49.8,-0.002,0.98,-17.1,40,inf,inf,5411,0.006,3041,-0.016,0.09,3180,49.8,
breadthxconc=1|>=6,1165,49.8,0.0082,1.07,9.5,10,0.49,0.23,1165,0.008,0,,0.1,0,,
adxxstrategy=NA|setup_fade,1153,49.8,0.0012,1.01,1.4,15,6.82,3.98,1111,-0.003,0,,0.12,0,,
breadthxstrategy=NA|setup_fade,1153,49.8,0.0012,1.01,1.4,15,6.82,3.98,1111,-0.003,0,,0.12,0,,
spreadxstrategy=NA|setup_fade,1153,49.8,0.0012,1.01,1.4,15,6.82,3.98,1111,-0.003,0,,0.12,0,,
strategyxsym_state=setup_fade|NA,1153,49.8,0.0012,1.01,1.4,15,6.82,3.98,1111,-0.003,0,,0.12,0,,
adxxregime=NA|neutral,3672,49.8,0.0016,1.01,5.9,8,1.19,0.65,3672,0.002,0,,0.07,0,,
breadthxregime=NA|neutral,3672,49.8,0.0016,1.01,5.9,8,1.19,0.65,3672,0.002,0,,0.07,0,,
regimexspread=neutral|NA,3672,49.8,0.0016,1.01,5.9,8,1.19,0.65,3672,0.002,0,,0.07,0,,
regimexsym_state=neutral|NA,3672,49.8,0.0016,1.01,5.9,8,1.19,0.65,3672,0.002,0,,0.07,0,,
atrpximb=lo|<0.5,1145,49.8,-0.0008,0.99,-0.9,52,inf,inf,552,0.0,593,-0.002,0.12,655,49.3,
symbolxvolz=RUNEUSDT|<2,229,49.8,0.0062,1.06,1.4,42,0.71,1.0,114,0.007,115,0.006,0.1,115,49.6,
strategyxregimexbreadth=setup_follow|bull|1,448,49.8,0.0055,1.09,2.5,21,0.76,0.51,220,0.002,228,0.009,0.1,202,44.6,
breadthxvolz=1|<2,4703,49.8,0.0039,1.03,18.2,49,0.28,0.41,1834,0.006,2869,0.003,0.1,2974,49.9,Y
adxxoid=<20|mid,1113,49.8,-0.0069,0.94,-7.7,11,inf,inf,534,-0.013,579,-0.002,0.09,692,50.0,
atrpxregime=lo|bear,663,49.8,-0.0053,0.96,-3.5,16,inf,inf,58,-0.003,605,-0.006,0.13,531,50.1,
atrpxregime=hi|neutral,2648,49.8,-0.0008,0.99,-2.0,39,inf,inf,1808,0.002,840,-0.007,0.06,612,51.3,
fundxsym_state=flat|bear,876,49.8,-0.0011,0.99,-1.0,36,inf,inf,384,0.002,492,-0.004,0.11,567,49.2,
sym_statexweekday=bear|0,219,49.8,-0.031,0.79,-6.8,6,inf,inf,96,-0.032,123,-0.03,0.14,118,50.8,
imbxstrategy=>=0.5|setup_fade,3679,49.8,-0.0072,0.96,-26.3,63,inf,inf,1724,0.008,1913,-0.023,0.1,1734,50.5,
sidexstrategy=SHORT|setup_fade,3679,49.8,-0.0072,0.96,-26.3,63,inf,inf,1724,0.008,1913,-0.023,0.1,1734,50.5,
mktbxweekday=<30|0,3219,49.8,-0.0117,0.9,-37.7,8,inf,inf,2240,-0.01,979,-0.015,0.1,1000,50.1,
regimexv3=bull|Y,3217,49.8,-0.0007,0.99,-2.4,22,inf,inf,777,0.003,2440,-0.002,0.11,1582,49.7,
imbxsymbol=<0.5|ZECUSDT,1069,49.8,-0.0033,0.97,-3.6,60,inf,inf,497,0.005,561,-0.011,0.08,403,48.1,
imbxoid=<0.5|>0.5,1915,49.8,0.0011,1.01,2.2,49,1.59,2.1,368,0.017,1547,-0.003,0.1,947,49.7,
symbolxv3=DOTUSDT|N,211,49.8,-0.0141,0.89,-3.0,34,inf,inf,105,-0.009,106,-0.019,0.08,28,50.0,
spreadxsym_state=<2|bear,1260,49.8,-0.0005,1.0,-0.7,35,inf,inf,490,0.001,770,-0.001,0.11,794,49.4,
sym_statexsymbol=bear|WLDUSDT,209,49.8,0.0137,1.12,2.9,16,0.72,1.0,142,-0.001,67,0.044,0.11,146,49.3,
adxxatrp=20-30|lo,2273,49.8,0.0007,1.01,1.6,38,3.81,5.43,837,0.001,1436,0.001,0.13,1532,50.0,
sym_statexweekday=neutral|2,1445,49.8,-0.0082,0.93,-11.8,7,inf,inf,660,0.003,785,-0.017,0.1,691,49.9,
symbolxv3=APTUSDT|Y,412,49.8,0.0276,1.25,11.4,61,0.14,1.0,204,0.044,206,0.012,0.13,179,49.7,Y
symbolxweekday=WLDUSDT|1,205,49.8,0.0176,1.19,3.6,9,0.55,1.0,110,0.018,77,0.022,0.07,60,53.3,
breadthxweekday=2-3|4,816,49.8,-0.0,1.0,-0.0,7,inf,inf,279,-0.005,537,0.003,0.11,506,49.6,
sym_statexsymbol=neutral|NEARUSDT,406,49.8,-0.0097,0.9,-3.9,39,inf,inf,128,-0.011,278,-0.009,0.06,197,48.7,
hour=3,1212,49.8,0.0059,1.07,7.1,59,0.33,0.39,615,0.012,597,0.0,0.05,419,49.2,Y
breadthxdecile_band=1|D2-3,4386,49.7,-0.0002,1.0,-0.9,49,inf,inf,1778,0.004,2608,-0.003,0.09,2811,49.9,
breadthxfund=1|neg,1781,49.7,0.0018,1.02,3.3,46,1.57,0.61,835,0.011,946,-0.006,0.1,1142,50.6,
atrpxsymbol=mid|ADAUSDT,593,49.7,-0.0002,1.0,-0.1,53,inf,inf,352,0.003,241,-0.005,0.07,232,50.0,
regime=neutral,12043,49.7,-0.0024,0.98,-28.6,40,inf,inf,7700,0.003,4343,-0.011,0.09,4577,49.9,
mktbxregime=<30|neutral,12043,49.7,-0.0024,0.98,-28.6,40,inf,inf,7700,0.003,4343,-0.011,0.09,4577,49.9,
regimexsession=neutral|None,12043,49.7,-0.0024,0.98,-28.6,40,inf,inf,7700,0.003,4343,-0.011,0.09,4577,49.9,
atrpxvolz=lo|<2,2557,49.7,-0.001,0.99,-2.6,55,inf,inf,1164,0.003,1393,-0.004,0.12,1441,49.7,
regimexsymbol=neutral|FILUSDT,392,49.7,-0.0147,0.88,-5.8,36,inf,inf,251,-0.009,141,-0.025,0.08,139,49.6,
atrpxconc=lo|0-1,1174,49.7,0.0016,1.01,1.9,35,2.47,2.29,257,0.005,917,0.001,0.14,1174,49.7,
atrpxsymbol=mid|TAOUSDT,390,49.7,0.0053,1.05,2.1,52,1.27,1.0,205,-0.001,185,0.012,0.09,165,49.7,
decile_bandxsymbol=D2-3|DOTUSDT,390,49.7,-0.013,0.9,-5.1,50,inf,inf,165,0.006,225,-0.027,0.11,180,50.0,
oidxside=mid|SHORT,6003,49.7,-0.0076,0.94,-45.6,49,inf,inf,2091,0.02,3912,-0.022,0.1,3143,49.7,
concxoid=0-1|mid,4053,49.7,-0.0001,1.0,-0.4,40,inf,inf,912,-0.003,3141,0.001,0.1,4053,49.7,
hour_bandxweekday=0-5|4,1158,49.7,-0.0002,1.0,-0.3,9,inf,inf,587,-0.0,571,-0.0,0.1,424,50.7,
atrpxvs=NA|Y,191,49.7,0.0034,1.03,0.6,6,2.91,2.36,160,-0.004,0,,0.1,0,,
breadthxsymbol=1|CHZUSDT,191,49.7,0.0078,1.07,1.5,30,0.58,1.0,79,0.025,112,-0.004,0.1,115,48.7,
hour_bandxsymbol=18-23|FILUSDT,191,49.7,-0.0085,0.93,-1.6,45,inf,inf,83,-0.004,106,-0.013,0.1,64,50.0,
volzxvs=NA|Y,191,49.7,0.0034,1.03,0.6,6,2.91,2.36,160,-0.004,0,,0.1,0,,
adxximb=20-30|<0.5,3420,49.7,-0.0042,0.97,-14.4,38,inf,inf,1751,0.001,1669,-0.01,0.11,1791,49.1,
cascximb=Y|<0.5,1882,49.7,0.0067,1.06,12.6,30,0.49,0.43,298,0.006,1584,0.007,0.1,904,48.6,
concxvolz=0-1|<2,4128,49.7,-0.0002,1.0,-0.7,40,inf,inf,865,-0.003,3263,0.001,0.09,4128,49.7,
decile_bandxsymbol=D4-9|NEARUSDT,187,49.7,0.0101,1.1,1.9,44,0.52,1.0,105,0.029,82,-0.014,0.08,73,46.6,
symbolxvs=ARBUSDT|N,559,49.7,0.0045,1.04,2.5,59,0.8,1.0,291,0.011,268,-0.003,0.1,193,51.3,
atrpxsymbol=mid|ENAUSDT,368,49.7,0.0053,1.04,2.0,45,0.91,1.0,220,0.01,148,-0.001,0.12,122,48.4,
imbxsymbol=<0.5|ENAUSDT,551,49.7,0.0161,1.15,8.9,43,0.25,1.0,157,0.034,394,0.009,0.09,244,48.8,Y
breadthximb=1|>=0.5,4406,49.7,-0.001,0.99,-4.3,49,inf,inf,1691,0.005,2715,-0.005,0.1,2758,50.3,
concxsymbol=0-1|ADAUSDT,183,49.7,-0.0188,0.84,-3.4,36,inf,inf,40,-0.02,143,-0.018,0.09,183,49.7,
sym_statexweekend=bear|True,549,49.7,0.0183,1.18,10.1,11,0.28,0.29,149,0.019,400,0.018,0.1,386,50.3,Y
adxxstrategy=>=30|setup_follow,1084,49.7,0.0035,1.05,3.8,14,1.31,0.69,47,-0.036,1037,0.005,0.12,645,48.8,
cascxhour_band=N|6-11,5949,49.7,-0.0008,0.99,-4.5,63,inf,inf,3180,-0.0,2739,-0.001,0.09,2240,50.1,
atrpxregime=mid|neutral,7353,49.7,-0.003,0.97,-22.4,40,inf,inf,4818,0.004,2535,-0.016,0.1,2833,49.7,
atrpxweekend=lo|True,1255,49.7,-0.0107,0.92,-13.5,16,inf,inf,575,-0.001,680,-0.019,0.12,708,48.9,
breadthxoid=1|mid,4837,49.7,0.0028,1.02,13.4,49,0.41,0.46,1882,0.009,2955,-0.001,0.11,3070,49.9,
fundxsymbol=pos|DOGEUSDT,179,49.7,0.0057,1.06,1.0,6,1.15,1.0,0,,179,0.006,0.07,34,58.8,
hour_bandxmktb=18-23|<30,5531,49.7,-0.007,0.93,-38.8,57,inf,inf,2837,0.002,2694,-0.017,0.09,2007,49.8,
cascxsymbol=N|WLDUSDT,1241,49.7,-0.0059,0.95,-7.3,63,inf,inf,746,-0.013,477,0.005,0.08,373,49.9,
symbolxvolz=NEARUSDT|2-5,177,49.7,-0.0085,0.92,-1.5,43,inf,inf,86,0.017,91,-0.032,0.07,71,53.5,
symbolxweekday=1000PEPEUSDT|5,177,49.7,-0.0106,0.9,-1.9,8,inf,inf,73,-0.046,104,0.014,0.1,77,53.2,
oidxweekday=NA|6,1052,49.7,0.0037,1.04,3.9,5,2.22,0.47,1046,0.003,6,0.048,0.07,6,50.0,
decile_bandxweekday=D2-3|2,2975,49.7,-0.0029,0.97,-8.5,9,inf,inf,1764,0.005,1211,-0.015,0.07,977,48.9,
oidxsymbol=mid|RUNEUSDT,175,49.7,-0.0024,0.98,-0.4,36,inf,inf,77,0.026,98,-0.025,0.13,108,48.1,
regimexsymbol=bull|DASHUSDT,175,49.7,0.0045,1.04,0.8,17,1.38,1.0,52,0.025,123,-0.004,0.07,54,53.7,
spreadxsymbol=2-5|UNIUSDT,523,49.7,-0.0038,0.97,-2.0,46,inf,inf,170,-0.007,353,-0.002,0.09,262,49.2,
decile_bandxweekend=D4-9|True,1736,49.7,-0.0048,0.96,-8.3,18,inf,inf,625,-0.0,1111,-0.007,0.12,679,49.0,
decile_bandxsymbol=D4-9|FETUSDT,173,49.7,-0.0117,0.9,-2.0,45,inf,inf,70,-0.006,101,-0.016,0.09,83,50.6,
fundxsymbol=flat|ICPUSDT,173,49.7,-0.0068,0.95,-1.2,40,inf,inf,102,-0.005,71,-0.009,0.12,69,52.2,
breadthxmktb=2-3|30-60,344,49.7,0.0009,1.01,0.3,4,6.7,7.12,0,,344,0.001,0.09,214,47.2,
mktbxsymbol=<30|FILUSDT,688,49.7,-0.0111,0.91,-7.7,59,inf,inf,382,-0.003,306,-0.022,0.09,228,49.6,
adxxweekday=20-30|2,1712,49.7,-0.0076,0.94,-13.1,5,inf,inf,944,0.007,768,-0.025,0.1,853,49.5,
breadthxsymbol=2-3|ETHUSDT,841,49.7,0.0055,1.05,4.6,43,0.54,1.0,387,0.013,454,-0.001,0.11,555,49.0,
adxxbreadth=20-30|1,4694,49.7,0.0028,1.02,13.0,39,0.36,0.55,2136,0.003,2558,0.003,0.11,2966,50.0,Y
strategyxregimexadx=setup_follow|bear|NA,499,49.7,-0.0032,0.96,-1.6,8,inf,inf,499,-0.003,0,,0.11,0,,
strategyxregimexbreadth=setup_follow|bear|NA,499,49.7,-0.0032,0.96,-1.6,8,inf,inf,499,-0.003,0,,0.11,0,,
imbxweekend=<0.5|True,2656,49.7,0.0065,1.06,17.3,18,0.62,0.27,998,0.003,1658,0.008,0.11,1115,48.4,
atrpximb=hi|<0.5,3473,49.7,0.0032,1.03,11.3,55,0.98,0.48,810,-0.002,2663,0.005,0.09,1409,50.2,
breadthxregime=1|neutral,3471,49.7,0.0076,1.07,26.5,33,0.21,0.23,1523,0.012,1948,0.004,0.1,2328,50.0,Y
sidexvs=SHORT|Y,660,49.7,-0.0413,0.74,-27.2,61,inf,inf,316,-0.014,328,-0.074,0.07,257,49.8,
fundxv3=pos|Y,3793,49.7,0.0014,1.01,5.3,61,1.49,1.11,1306,0.007,2487,-0.001,0.11,1863,50.1,
mktbxweekday=<30|2,3950,49.7,-0.0015,0.99,-5.8,9,inf,inf,2144,0.006,1806,-0.01,0.09,1398,49.9,
mktbxsymbol=<30|WLDUSDT,1143,49.7,-0.0062,0.95,-7.0,60,inf,inf,745,-0.011,398,0.003,0.08,352,50.3,
atrpxstrategy=NA|setup_follow,489,49.7,-0.0015,0.98,-0.7,7,inf,inf,448,0.003,0,,0.1,0,,
fundxsymbol=flat|FILUSDT,163,49.7,-0.0094,0.93,-1.5,35,inf,inf,81,0.032,82,-0.05,0.09,59,49.2,
hour_bandxsymbol=0-5|APTUSDT,163,49.7,0.0143,1.12,2.3,42,0.45,1.0,95,0.033,68,-0.011,0.12,44,45.5,
oidxsymbol=NA|SOLUSDT,815,49.7,0.0018,1.02,1.5,21,3.61,1.0,774,0.002,8,-0.005,0.07,10,60.0,
regimexweekday=neutral|5,1304,49.7,0.0031,1.03,4.1,6,0.48,0.86,1007,0.005,297,-0.004,0.09,495,48.7,
strategyxvolz=setup_follow|NA,489,49.7,-0.0015,0.98,-0.7,7,inf,inf,448,0.003,0,,0.1,0,,
adxxsymbol=NA|SOLUSDT,811,49.7,0.0021,1.02,1.7,19,3.06,1.0,774,0.002,4,0.057,0.07,7,57.1,
breadthxsymbol=NA|SOLUSDT,811,49.7,0.0021,1.02,1.7,19,3.06,1.0,774,0.002,4,0.057,0.07,7,57.1,
spreadxsymbol=NA|SOLUSDT,811,49.7,0.0021,1.02,1.7,19,3.06,1.0,774,0.002,4,0.057,0.07,7,57.1,
sym_statexsymbol=NA|SOLUSDT,811,49.7,0.0021,1.02,1.7,19,3.06,1.0,774,0.002,4,0.057,0.07,7,57.1,
adxxsymbol=NA|FETUSDT,161,49.7,-0.0066,0.94,-1.1,15,inf,inf,152,-0.006,0,,0.06,0,,
breadthxsymbol=NA|FETUSDT,161,49.7,-0.0066,0.94,-1.1,15,inf,inf,152,-0.006,0,,0.06,0,,
oidxsymbol=NA|FETUSDT,161,49.7,-0.0066,0.94,-1.1,15,inf,inf,152,-0.006,0,,0.06,0,,
spreadxsymbol=NA|FETUSDT,161,49.7,-0.0066,0.94,-1.1,15,inf,inf,152,-0.006,0,,0.06,0,,
sym_statexsymbol=NA|FETUSDT,161,49.7,-0.0066,0.94,-1.1,15,inf,inf,152,-0.006,0,,0.06,0,,
adxxsymbol=20-30|RENDERUSDT,159,49.7,0.0277,1.3,4.4,32,0.26,1.0,64,0.047,95,0.015,0.07,101,49.5,Y
oidxsymbol=<-0.5|ADAUSDT,159,49.7,-0.0114,0.88,-1.8,28,inf,inf,32,0.0,127,-0.014,0.09,36,50.0,
strategyxweekdayxhour_band=setup_fade|0|12-17,159,49.7,-0.0117,0.94,-1.9,8,inf,inf,67,-0.038,92,0.007,0.14,76,51.3,
spreadxsymbol=<2|DOTUSDT,473,49.7,-0.0165,0.88,-7.8,40,inf,inf,118,0.016,355,-0.027,0.12,263,49.8,
breadthxweekday=1|2,942,49.7,-0.0064,0.95,-6.0,7,inf,inf,412,-0.001,530,-0.011,0.1,518,49.8,
oidxvs=<-0.5|Y,157,49.7,0.0105,1.07,1.7,30,1.34,1.25,41,-0.019,116,0.021,0.18,101,55.4,
strategyxsymbol=asia_burst_fade|1000PEPEUSDT,157,49.7,0.0117,1.08,1.8,43,1.41,1.0,81,0.015,76,0.008,0.12,59,54.2,
concximb=2-3|<0.5,3919,49.7,-0.0072,0.94,-28.3,42,inf,inf,365,-0.009,3554,-0.007,0.11,1675,49.3,
strategyxweekday=setup_follow|3,779,49.7,0.0045,1.06,3.5,9,1.25,0.57,431,0.005,348,0.004,0.12,372,46.8,
symbol=ARBUSDT,622,49.7,0.0043,1.04,2.7,60,0.75,1.0,329,0.01,293,-0.003,0.1,223,51.1,
cascxsymbol=N|ARBUSDT,622,49.7,0.0043,1.04,2.7,60,0.75,1.0,329,0.01,293,-0.003,0.1,223,51.1,
sessionxsymbol=None|ARBUSDT,622,49.7,0.0043,1.04,2.7,60,0.75,1.0,329,0.01,293,-0.003,0.1,223,51.1,
cascxconc=Y|0-1,930,49.7,0.0098,1.09,9.1,27,0.77,0.5,27,-0.047,903,0.011,0.09,927,49.7,
symbolxweekday=ENAUSDT|0,155,49.7,-0.0051,0.95,-0.8,8,inf,inf,87,0.01,68,-0.024,0.09,37,51.4,
atrpxvs=hi|Y,461,49.7,0.0109,1.1,5.0,39,0.76,0.83,161,0.002,300,0.016,0.07,251,51.0,
atrpxsym_state=mid|bear,1520,49.7,-0.0052,0.96,-7.9,39,inf,inf,710,-0.005,810,-0.005,0.11,956,50.3,
cascxstrategy=N|setup_follow,4850,49.7,-0.0001,1.0,-0.3,63,inf,inf,2428,-0.003,2381,0.004,0.12,2187,48.8,
decile_bandxweekday=D2-3|1,2724,49.7,-0.002,0.98,-5.4,9,inf,inf,1252,0.007,1238,-0.015,0.07,1010,49.8,
atrpxsymbol=hi|DOTUSDT,151,49.7,-0.0019,0.98,-0.3,24,inf,inf,59,0.005,92,-0.006,0.05,35,42.9,
fundxmktb=pos|<30,6884,49.7,-0.0033,0.97,-22.7,60,inf,inf,2602,0.004,4282,-0.008,0.09,2802,50.2,
cascxsymbol=N|RUNEUSDT,298,49.7,0.0127,1.11,3.8,46,0.36,1.0,191,0.016,105,0.002,0.12,121,50.4,Y
strategyxsymbol=setup_fade|ZECUSDT,149,49.7,0.0233,1.14,3.5,53,0.49,1.0,76,0.016,73,0.031,0.17,68,44.1,
cascxsymbol=N|XRPUSDT,1478,49.7,-0.0024,0.98,-3.5,56,inf,inf,915,0.003,538,-0.011,0.1,479,47.0,
breadthxhour_band=2-3|6-11,1329,49.7,-0.0036,0.97,-4.8,40,inf,inf,531,-0.0,798,-0.006,0.09,794,50.4,
symbolxweekday=NEARUSDT|2,147,49.7,-0.0116,0.9,-1.7,9,inf,inf,106,-0.017,41,0.002,0.07,36,52.8,
adxxsymbol=20-30|FETUSDT,290,49.7,-0.0083,0.93,-2.4,38,inf,inf,126,-0.002,164,-0.014,0.09,160,49.4,
hour_bandxsymbol=12-17|ARBUSDT,145,49.7,0.0091,1.09,1.3,38,0.81,1.0,88,0.011,57,0.007,0.09,59,50.8,
hour_bandxweekday=18-23|3,725,49.7,0.0044,1.05,3.2,9,1.3,0.95,400,0.004,325,0.004,0.08,324,51.2,
regimexweekend=neutral|False,8642,49.7,0.0012,1.01,10.3,29,0.92,1.13,5723,0.003,2919,-0.003,0.09,3337,49.9,
spreadxvolz=2-5|<2,2302,49.7,-0.0009,0.99,-2.1,49,inf,inf,635,-0.0,1667,-0.001,0.09,1203,49.8,
imbxregime=<0.5|neutral,3591,49.7,-0.0032,0.97,-11.5,40,inf,inf,2289,-0.005,1302,0.0,0.1,1397,50.3,
atrpxstrategy=lo|setup_fade,715,49.7,0.0074,1.04,5.3,53,1.05,2.08,277,0.054,438,-0.022,0.13,413,50.8,
decile_bandxsymbol=D10|ENAUSDT,143,49.7,0.0298,1.26,4.3,39,0.37,1.0,76,0.025,65,0.035,0.15,39,53.8,Y
decile_bandxweekday=D10|5,429,49.7,-0.0023,0.98,-1.0,9,inf,inf,198,-0.004,231,-0.001,0.12,148,48.6,
imbxsymbol=<0.5|HYPEUSDT,143,49.7,-0.0032,0.97,-0.5,9,inf,inf,0,,143,-0.003,0.06,74,47.3,
fundximb=neg|<0.5,1136,49.6,0.0054,1.05,6.1,60,0.63,0.38,692,0.007,444,0.002,0.09,439,49.9,
strategyxweekdayxregime=setup_fade|6|bear,280,49.6,0.0261,1.16,7.3,3,1.31,0.6,93,0.103,187,-0.012,0.14,141,47.5,
concxv3=2-3|Y,4047,49.6,-0.0077,0.94,-31.4,42,inf,inf,757,0.005,3290,-0.011,0.12,1864,49.8,
adxxsymbol=20-30|RUNEUSDT,139,49.6,-0.0152,0.88,-2.1,24,inf,inf,82,0.008,57,-0.048,0.11,71,49.3,
hour_bandxsymbol=12-17|DASHUSDT,139,49.6,-0.0249,0.82,-3.5,40,inf,inf,65,-0.018,74,-0.031,0.12,49,53.1,
decile_bandxsymbol=D2-3|ADAUSDT,689,49.6,-0.0016,0.98,-1.1,63,inf,inf,365,0.01,314,-0.016,0.06,209,47.4,
breadthxhour_band=1|6-11,1789,49.6,0.0048,1.04,8.7,49,0.29,0.58,724,0.001,1065,0.007,0.11,1145,49.5,Y
spreadxsymbol=2-5|RUNEUSDT,274,49.6,-0.0047,0.96,-1.3,37,inf,inf,106,0.018,168,-0.019,0.1,164,49.4,
strategyxsym_state=asia_burst_fade|bear,137,49.6,0.0442,1.32,6.1,23,1.16,0.53,65,0.021,72,0.066,0.12,83,47.0,
adxxatrp=NA|hi,1364,49.6,0.0003,1.0,0.4,9,15.61,7.43,1364,0.0,0,,0.05,0,,
atrpxbreadth=hi|NA,1364,49.6,0.0003,1.0,0.4,9,15.61,7.43,1364,0.0,0,,0.05,0,,
atrpxspread=hi|NA,1364,49.6,0.0003,1.0,0.4,9,15.61,7.43,1364,0.0,0,,0.05,0,,
atrpxsym_state=hi|NA,1364,49.6,0.0003,1.0,0.4,9,15.61,7.43,1364,0.0,0,,0.05,0,,
hour_bandximb=6-11|<0.5,2589,49.6,0.0032,1.03,8.2,62,0.81,0.68,1159,-0.005,1428,0.01,0.1,1031,49.3,
adxxstrategy=>=30|setup_fade,1090,49.6,-0.0035,0.98,-3.8,14,inf,inf,48,0.109,1042,-0.009,0.11,658,50.3,
symbolxvolz=ENAUSDT|2-5,272,49.6,0.0085,1.08,2.3,44,0.75,1.0,111,0.009,161,0.008,0.09,99,47.5,
symbolxweekday=FILUSDT|0,135,49.6,-0.0194,0.86,-2.6,9,inf,inf,83,-0.007,52,-0.04,0.11,34,44.1,
oidxstrategy=>0.5|setup_follow,671,49.6,-0.0112,0.85,-7.5,49,inf,inf,199,0.005,472,-0.018,0.09,377,46.2,
mktbxspread=30-60|>=5,133,49.6,-0.0114,0.9,-1.5,4,inf,inf,0,,133,-0.011,0.09,68,47.1,
regimexsymbol=bear|ARBUSDT,133,49.6,-0.0064,0.95,-0.9,14,inf,inf,52,0.01,81,-0.017,0.14,66,48.5,
oidxregime=mid|neutral,5671,49.6,-0.0025,0.98,-14.1,33,inf,inf,2831,0.007,2840,-0.012,0.11,3220,49.8,
decile_bandxstrategy=D10|setup_follow,393,49.6,-0.0095,0.89,-3.7,62,inf,inf,174,-0.009,218,-0.01,0.15,162,40.1,
symbolxvolz=WLDUSDT|<2,655,49.6,-0.0032,0.97,-2.1,52,inf,inf,359,-0.013,296,0.008,0.07,250,50.8,
adxxweekday=NA|6,1042,49.6,0.0031,1.03,3.3,2,2.65,0.56,1042,0.003,0,,0.07,0,,
breadthxweekday=NA|6,1042,49.6,0.0031,1.03,3.3,2,2.65,0.56,1042,0.003,0,,0.07,0,,
spreadxweekday=NA|6,1042,49.6,0.0031,1.03,3.3,2,2.65,0.56,1042,0.003,0,,0.07,0,,
sym_statexweekday=NA|6,1042,49.6,0.0031,1.03,3.3,2,2.65,0.56,1042,0.003,0,,0.07,0,,
hour_bandxvolz=6-11|>=5,651,49.6,0.0072,1.06,4.7,50,0.65,0.59,285,-0.009,366,0.02,0.1,251,51.8,
adxxfund=<20|flat,774,49.6,0.0008,1.01,0.6,11,4.26,3.77,350,-0.004,424,0.005,0.09,435,50.8,
concxsymbol=>=6|FILUSDT,258,49.6,0.0047,1.04,1.2,23,1.97,1.0,258,0.005,0,,0.08,0,,
decile_bandxsymbol=D2-3|RUNEUSDT,258,49.6,0.0053,1.05,1.4,45,1.11,1.0,134,0.015,122,-0.009,0.11,117,48.7,
decile_bandxvolz=D4-9|<2,2058,49.6,0.0063,1.05,13.0,57,0.34,0.36,845,0.003,1213,0.009,0.13,885,50.4,Y
breadthxcasc=1|Y,512,49.6,0.0182,1.18,9.3,26,0.3,0.19,42,-0.011,470,0.021,0.1,378,49.5,
regimexside=bear|SHORT,2552,49.6,-0.021,0.84,-53.5,21,inf,inf,1697,-0.021,855,-0.021,0.08,824,48.5,
decile_bandxsymbol=D2-3|SUIUSDT,127,49.6,-0.0224,0.79,-2.8,8,inf,inf,0,,127,-0.022,0.06,40,50.0,
sym_statexsymbol=bear|NEARUSDT,127,49.6,0.007,1.07,0.9,12,0.82,1.0,103,0.011,24,-0.01,0.07,61,54.1,
atrpxoid=hi|NA,1383,49.6,0.0004,1.0,0.6,12,9.5,4.52,1365,0.0,18,0.013,0.05,7,42.9,
atrpxside=lo|LONG,1629,49.6,0.0058,1.05,9.5,54,0.72,1.24,741,-0.006,888,0.016,0.14,927,48.3,
concxsymbol=>=6|ARBUSDT,250,49.6,0.0115,1.1,2.9,21,0.37,1.0,250,0.012,0,,0.08,0,,
hour_bandxstrategy=6-11|setup_follow,1375,49.6,-0.0038,0.95,-5.2,62,inf,inf,658,-0.008,715,0.001,0.1,630,47.3,
oidxside=>0.5|SHORT,1873,49.6,-0.0076,0.94,-14.3,49,inf,inf,448,0.001,1425,-0.01,0.08,925,50.7,
adxxhour_band=20-30|6-11,2609,49.6,0.0007,1.01,1.7,36,1.65,1.74,1401,-0.002,1208,0.004,0.1,1445,49.8,
fundxsymbol=neg|DOTUSDT,248,49.6,-0.0062,0.95,-1.5,33,inf,inf,143,0.013,105,-0.033,0.1,100,50.0,
hour_bandxstrategy=18-23|setup_follow,1240,49.6,-0.0024,0.97,-3.0,61,inf,inf,579,-0.01,639,0.007,0.11,576,50.7,
v3xweekday=Y|2,1595,49.6,-0.0062,0.95,-9.9,9,inf,inf,784,0.003,811,-0.015,0.12,668,50.6,
breadthxsymbol=1|XRPUSDT,244,49.6,-0.0069,0.95,-1.7,41,inf,inf,63,0.019,181,-0.016,0.13,164,47.0,
strategyxweekend=setup_fade|False,3741,49.6,0.0027,1.02,10.3,45,0.99,1.31,1874,0.001,1825,0.002,0.11,1726,51.0,
symbolxweekday=SOLUSDT|1,361,49.6,-0.0101,0.9,-3.7,9,inf,inf,178,-0.01,150,-0.012,0.07,131,50.4,
symbolxweekend=NMRUSDT|False,240,49.6,-0.0042,0.97,-1.0,35,inf,inf,132,-0.008,97,-0.018,0.15,100,48.0,
adxxvs=>=30|Y,353,49.6,0.0106,1.08,3.7,12,1.79,0.59,7,0.018,346,0.01,0.12,262,50.4,
v3xweekday=Y|0,1412,49.6,-0.0019,0.99,-2.7,9,inf,inf,663,-0.008,749,0.004,0.12,611,49.9,
strategyxsidexregime=setup_follow|SHORT|bull,470,49.6,-0.0084,0.89,-3.9,22,inf,inf,115,0.006,355,-0.013,0.09,252,43.7,
symbolxweekday=DOTUSDT|0,117,49.6,-0.0154,0.9,-1.8,9,inf,inf,74,-0.006,43,-0.031,0.13,46,47.8,
oidxsymbol=NA|ZECUSDT,583,49.6,0.018,1.19,10.5,23,0.49,1.0,550,0.019,7,0.003,0.08,9,55.6,
spreadxweekday=>=5|2,349,49.6,-0.0159,0.87,-5.6,7,inf,inf,152,0.017,197,-0.041,0.08,177,49.7,
hour_bandxsymbol=0-5|XRPUSDT,581,49.6,-0.0144,0.89,-8.3,52,inf,inf,278,-0.013,303,-0.016,0.1,227,49.8,
breadthxsymbol=1|ARBUSDT,232,49.6,0.0047,1.04,1.1,43,1.39,1.0,83,0.012,149,0.0,0.12,143,50.3,
strategyxweekdayxhour_band=burst_follow|2|18-23,347,49.6,-0.0234,0.72,-8.1,8,inf,inf,156,0.02,191,-0.059,0.05,111,44.1,
concxfund=0-1|neg,1384,49.6,-0.0029,0.97,-4.1,40,inf,inf,494,0.004,890,-0.007,0.1,1383,49.6,
adxxvs=<20|N,1614,49.6,-0.0053,0.95,-8.6,11,inf,inf,854,-0.006,760,-0.004,0.09,927,49.8,
v3xvs=Y|N,9910,49.6,0.0002,1.0,1.8,63,3.75,5.45,4663,0.003,5192,-0.003,0.11,4577,49.7,
spreadxsymbol=<2|FILUSDT,575,49.6,-0.0224,0.83,-12.9,48,inf,inf,198,-0.022,377,-0.023,0.1,254,49.2,
symbolxv3=XRPUSDT|Y,460,49.6,-0.0017,0.99,-0.8,61,inf,inf,204,-0.006,247,0.002,0.13,196,49.0,
breadthxfund=1|pos,1834,49.6,-0.0042,0.96,-7.7,48,inf,inf,430,0.001,1404,-0.006,0.09,1241,49.6,
v3xweekend=Y|False,8010,49.6,0.0006,1.0,4.8,45,1.62,1.97,3990,0.0,3934,0.0,0.11,3610,49.9,
symbol=NMRUSDT,343,49.6,0.0012,1.01,0.4,51,4.36,1.0,176,0.003,156,-0.012,0.14,152,48.0,
sessionxsymbol=None|NMRUSDT,343,49.6,0.0012,1.01,0.4,51,4.36,1.0,176,0.003,156,-0.012,0.14,152,48.0,
adxxatrp=<20|mid,1142,49.6,-0.0047,0.96,-5.4,11,inf,inf,581,-0.011,561,0.002,0.1,690,49.6,
adxxfund=NA|pos,1584,49.6,0.006,1.06,9.6,14,0.54,0.53,1584,0.006,0,,0.08,0,,
breadthxfund=NA|pos,1584,49.6,0.006,1.06,9.6,14,0.54,0.53,1584,0.006,0,,0.08,0,,
fundxspread=pos|NA,1584,49.6,0.006,1.06,9.6,14,0.54,0.53,1584,0.006,0,,0.08,0,,
fundxsym_state=pos|NA,1584,49.6,0.006,1.06,9.6,14,0.54,0.53,1584,0.006,0,,0.08,0,,
breadthxsymbol=>=4|ADAUSDT,339,49.6,-0.0084,0.93,-2.8,33,inf,inf,103,0.004,236,-0.014,0.08,80,47.5,
regimexsymbol=bear|DASHUSDT,113,49.6,-0.025,0.82,-2.8,19,inf,inf,69,-0.041,44,-0.001,0.13,41,48.8,
strategyxweekdayxhour_band=london_burst_fade|3|12-17,113,49.6,0.0066,1.04,0.7,7,6.69,7.69,77,0.062,36,-0.112,0.15,35,45.7,
fundxsym_state=pos|bear,337,49.6,-0.0122,0.9,-4.1,26,inf,inf,134,-0.027,203,-0.002,0.1,214,49.5,
spreadxsymbol=>=5|NEARUSDT,561,49.6,-0.0098,0.9,-5.5,47,inf,inf,204,-0.002,357,-0.014,0.06,285,49.5,
concxfund=>=6|pos,2127,49.6,0.0044,1.04,9.4,23,0.5,0.47,2127,0.004,0,,0.09,0,,
hour_bandxsymbol=12-17|WLDUSDT,335,49.6,-0.0142,0.89,-4.7,55,inf,inf,228,-0.016,97,-0.009,0.1,73,52.1,
hour_bandxspread=6-11|2-5,892,49.6,-0.0038,0.97,-3.4,49,inf,inf,240,0.006,652,-0.007,0.08,434,48.8,
symbolxweekday=UNIUSDT|5,111,49.5,0.0097,1.12,1.1,9,1.33,1.0,53,-0.002,58,0.02,0.04,36,47.2,
fundxspread=flat|2-5,1328,49.5,-0.0041,0.96,-5.5,49,inf,inf,431,-0.008,897,-0.002,0.08,601,50.4,
v3xweekday=Y|1,1544,49.5,0.006,1.05,9.2,9,0.5,0.43,687,0.007,771,0.002,0.09,692,48.8,
concxweekend=>=6|True,2529,49.5,0.0012,1.01,3.1,6,2.63,0.83,2529,0.001,0,,0.08,0,,
concxsymbol=>=6|NEARUSDT,329,49.5,0.001,1.01,0.3,23,3.21,1.0,329,0.001,0,,0.06,0,,
regimexstrategy=bull|setup_follow,1423,49.5,0.0026,1.04,3.8,22,1.34,0.69,370,-0.002,1053,0.004,0.12,697,47.3,
strategyxregimextrig=setup_follow|bull|bar,1423,49.5,0.0026,1.04,3.8,22,1.34,0.69,370,-0.002,1053,0.004,0.12,697,47.3,
adxxsymbol=NA|RENDERUSDT,109,49.5,0.026,1.27,2.8,15,0.68,1.0,103,0.023,0,,0.08,0,,
adxxsymbol=<20|XRPUSDT,109,49.5,-0.0342,0.76,-3.7,10,inf,inf,49,-0.004,60,-0.059,0.11,67,46.3,
breadthxsymbol=NA|RENDERUSDT,109,49.5,0.026,1.27,2.8,15,0.68,1.0,103,0.023,0,,0.08,0,,
decile_bandxsymbol=D2-3|APTUSDT,327,49.5,0.0171,1.17,5.6,59,0.19,1.0,162,0.025,159,0.011,0.08,128,46.9,Y
oidxsymbol=NA|RENDERUSDT,109,49.5,0.026,1.27,2.8,15,0.68,1.0,103,0.023,0,,0.08,0,,
spreadxsymbol=NA|RENDERUSDT,109,49.5,0.026,1.27,2.8,15,0.68,1.0,103,0.023,0,,0.08,0,,
sym_statexsymbol=NA|RENDERUSDT,109,49.5,0.026,1.27,2.8,15,0.68,1.0,103,0.023,0,,0.08,0,,
breadthxsymbol=>=4|ENAUSDT,543,49.5,0.0065,1.06,3.5,35,1.09,1.0,119,-0.028,424,0.016,0.08,193,49.2,
adxxvolz=<20|>=5,216,49.5,0.015,1.15,3.2,9,0.97,0.4,123,0.001,93,0.034,0.09,79,50.6,
fundxoid=pos|NA,1607,49.5,0.0057,1.05,9.2,20,0.56,0.54,1589,0.006,18,-0.018,0.08,12,50.0,
mktbxoid=>=60|>0.5,107,49.5,0.0011,1.01,0.1,2,1.26,10.12,0,,107,0.001,0.05,48,39.6,
oidxsymbol=>0.5|TAOUSDT,107,49.5,0.0054,1.04,0.6,25,2.69,1.0,29,0.001,78,0.007,0.1,50,46.0,
strategyxsym_state=burst_follow|bear,426,49.5,-0.0198,0.76,-8.4,30,inf,inf,203,-0.01,223,-0.029,0.06,223,51.1,
strategyxweekday=setup_fade|2,745,49.5,-0.0202,0.9,-15.0,9,inf,inf,366,-0.014,379,-0.027,0.11,319,48.0,
decile_bandxstrategy=D4-9|london_burst_fade,319,49.5,0.0443,1.27,14.1,50,0.32,0.28,156,0.076,156,0.016,0.2,86,46.5,Y
breadthxstrategy=>=4|setup_fade,955,49.5,-0.0099,0.95,-9.4,39,inf,inf,205,-0.047,750,0.0,0.12,504,51.4,
strategyxsidexregime=setup_follow|LONG|bull,953,49.5,0.0081,1.12,7.7,20,0.66,0.28,255,-0.006,698,0.013,0.14,445,49.4,
adxxstrategy=20-30|setup_follow,2625,49.5,-0.0027,0.96,-7.0,38,inf,inf,1211,-0.002,1414,-0.004,0.11,1519,48.2,
symbolxweekday=ARBUSDT|4,105,49.5,0.0111,1.1,1.2,9,1.25,1.0,54,0.01,51,0.012,0.11,34,55.9,
hour=2,1468,49.5,0.0002,1.0,0.3,60,27.49,6.68,666,-0.006,802,0.005,0.07,451,49.4,
sidexweekend=SHORT|True,3546,49.5,-0.0112,0.91,-39.7,18,inf,inf,1360,-0.001,2186,-0.017,0.09,1419,48.3,
adxxweekday=20-30|5,1244,49.5,-0.006,0.95,-7.4,6,inf,inf,393,0.009,851,-0.013,0.1,901,49.3,
strategy=setup_follow,5255,49.5,-0.0007,0.99,-3.4,63,inf,inf,2481,-0.002,2733,0.002,0.11,2437,48.7,
sessionxstrategy=None|setup_follow,5255,49.5,-0.0007,0.99,-3.4,63,inf,inf,2481,-0.002,2733,0.002,0.11,2437,48.7,
strategyxv3=setup_follow|Y,5255,49.5,-0.0007,0.99,-3.4,63,inf,inf,2481,-0.002,2733,0.002,0.11,2437,48.7,
hour_bandximb=12-17|<0.5,2575,49.5,0.0029,1.03,7.4,61,1.25,0.67,1365,0.011,1178,-0.007,0.11,804,48.3,
symbolxvolz=PENGUUSDT|<2,103,49.5,-0.0147,0.84,-1.5,10,inf,inf,0,,103,-0.015,0.03,22,59.1,
symbolxweekend=NMRUSDT|True,103,49.5,0.0138,1.12,1.4,16,0.63,1.0,44,0.033,59,-0.001,0.13,52,48.1,
spreadxvolz=>=5|<2,1436,49.5,0.0039,1.04,5.6,49,0.46,0.56,578,0.01,858,-0.0,0.08,780,48.8,
hour_bandxstrategy=12-17|setup_follow,1331,49.5,0.0041,1.06,5.4,61,0.65,0.39,633,0.011,681,-0.002,0.14,616,48.7,
breadthxsym_state=1|bear,1111,49.5,-0.0006,0.99,-0.7,38,inf,inf,525,-0.009,586,0.007,0.11,810,49.8,
symbolxweekday=XLMUSDT|1,101,49.5,-0.0072,0.93,-0.7,9,inf,inf,56,-0.002,42,-0.016,0.03,17,47.1,
symbolxweekend=ENAUSDT|False,905,49.5,0.0091,1.09,8.2,44,0.4,1.0,403,0.012,491,0.007,0.09,310,48.1,Y
symbolxv3=TAOUSDT|Y,402,49.5,0.0072,1.06,2.9,58,0.96,1.0,175,0.007,225,0.009,0.09,211,49.3,
concxhour_band=0-1|12-17,1394,49.5,0.0009,1.01,1.2,39,2.44,4.28,285,0.024,1109,-0.005,0.1,1393,49.5,
breadthxside=1|LONG,3384,49.5,0.0085,1.09,28.9,49,0.22,0.23,1283,-0.003,2101,0.016,0.11,2150,49.7,
strategyxweekday=asia_burst_fade|4,398,49.5,-0.0087,0.95,-3.5,8,inf,inf,172,-0.076,226,0.042,0.12,130,51.5,
adx=<20,1691,49.5,-0.0029,0.97,-4.9,11,inf,inf,875,-0.005,816,-0.001,0.09,979,49.8,
adxxmktb=<20|<30,1691,49.5,-0.0029,0.97,-4.9,11,inf,inf,875,-0.005,816,-0.001,0.09,979,49.8,
adxxregime=<20|neutral,1691,49.5,-0.0029,0.97,-4.9,11,inf,inf,875,-0.005,816,-0.001,0.09,979,49.8,
adxxsession=<20|None,1691,49.5,-0.0029,0.97,-4.9,11,inf,inf,875,-0.005,816,-0.001,0.09,979,49.8,
sidexsymbol=LONG|UNIUSDT,396,49.5,0.0187,1.2,7.4,61,0.65,1.0,168,0.014,224,0.021,0.11,156,51.3,
oidxstrategy=mid|setup_follow,3031,49.5,0.0018,1.03,5.6,49,0.9,0.86,1045,-0.009,1986,0.008,0.12,1803,48.6,
hour_bandxv3=12-17|Y,2922,49.5,-0.0055,0.96,-16.1,61,inf,inf,1392,-0.001,1493,-0.01,0.13,1333,48.9,
hour_bandxweekday=18-23|1,875,49.5,-0.0059,0.94,-5.2,9,inf,inf,377,-0.009,431,-0.012,0.08,324,48.8,
fundxregime=neg|neutral,3595,49.5,0.0006,1.01,2.0,40,4.08,2.83,2441,0.008,1154,-0.014,0.09,1399,50.1,
imbxstrategy=<0.5|london_burst_fade,970,49.5,0.034,1.21,33.0,52,0.42,0.34,455,0.031,513,0.036,0.17,299,47.8,
sidexstrategy=LONG|london_burst_fade,970,49.5,0.034,1.21,33.0,52,0.42,0.34,455,0.031,513,0.036,0.17,299,47.8,
adxxsymbol=NA|ZECUSDT,580,49.5,0.0181,1.19,10.5,20,0.49,1.0,548,0.019,6,0.023,0.08,8,50.0,
breadthxsymbol=NA|ZECUSDT,580,49.5,0.0181,1.19,10.5,20,0.49,1.0,548,0.019,6,0.023,0.08,8,50.0,
spreadxsymbol=NA|ZECUSDT,580,49.5,0.0181,1.19,10.5,20,0.49,1.0,548,0.019,6,0.023,0.08,8,50.0,
sym_statexsymbol=NA|ZECUSDT,580,49.5,0.0181,1.19,10.5,20,0.49,1.0,548,0.019,6,0.023,0.08,8,50.0,
adxxconc=<20|0-1,578,49.5,0.0035,1.03,2.0,9,1.61,2.16,197,0.017,381,-0.003,0.08,578,49.5,
oidxsymbol=>0.5|ETHUSDT,287,49.5,0.0054,1.05,1.5,36,0.99,1.0,94,-0.004,193,0.01,0.11,152,52.0,
decile_bandxsymbol=D4-9|BNBUSDT,190,49.5,-0.0165,0.88,-3.1,40,inf,inf,88,-0.02,99,-0.014,0.13,55,45.5,
decile_bandxsymbol=D2-3|1000LUNCUSDT,188,49.5,0.007,1.06,1.3,46,0.43,1.0,99,0.004,85,0.008,0.1,82,48.8,
hour_bandxsymbol=18-23|FETUSDT,188,49.5,-0.0115,0.91,-2.2,45,inf,inf,96,0.011,90,-0.035,0.07,74,48.6,
mktbxstrategy=<30|setup_follow,4856,49.5,-0.0012,0.98,-5.6,60,inf,inf,2436,-0.003,2420,0.001,0.11,2254,48.5,
breadthxstrategy=1|setup_follow,2327,49.5,-0.0032,0.96,-7.4,49,inf,inf,846,-0.01,1481,0.001,0.1,1484,48.6,
adxxweekday=<20|2,186,49.5,-0.0031,0.97,-0.6,1,inf,inf,0,,186,-0.003,0.08,137,50.4,
oidxsymbol=>0.5|ENAUSDT,279,49.5,0.0154,1.14,4.3,28,0.59,1.0,39,0.002,240,0.018,0.09,130,46.9,
breadthximb=2-3|<0.5,1852,49.5,-0.0042,0.96,-7.9,42,inf,inf,696,0.002,1156,-0.008,0.09,1079,49.2,
breadthxhour_band=2-3|12-17,1191,49.5,-0.0059,0.95,-7.0,38,inf,inf,479,0.01,712,-0.017,0.11,688,47.8,
mktbxv3=30-60|Y,732,49.5,-0.0043,0.96,-3.2,4,inf,inf,0,,732,-0.004,0.09,416,49.5,
regimexsymbol=neutral|ZECUSDT,912,49.5,-0.0033,0.97,-3.1,39,inf,inf,623,0.002,289,-0.016,0.08,316,51.9,
symbolxvolz=UNIUSDT|>=5,91,49.5,0.0011,1.01,0.1,30,12.45,1.0,48,0.016,43,-0.016,0.08,31,51.6,
symbolxvolz=QNTUSDT|2-5,91,49.5,-0.0155,0.88,-1.4,26,inf,inf,30,0.034,61,-0.04,0.14,59,50.8,
symbolxweekend=DOGEUSDT|True,91,49.5,-0.0057,0.93,-0.5,4,inf,inf,0,,91,-0.006,0.09,21,52.4,
mktbxweekday=<30|5,2896,49.4,-0.0007,0.99,-2.0,9,inf,inf,1484,0.001,1412,-0.002,0.1,1163,48.8,
breadthxspread=2-3|2-5,813,49.4,-0.005,0.95,-4.1,42,inf,inf,271,-0.008,542,-0.003,0.08,479,49.5,
breadthxsym_state=2-3|bear,542,49.4,0.0015,1.01,0.8,30,2.43,6.88,231,0.019,311,-0.011,0.09,390,49.5,
imbxsymbol=>=0.5|NMRUSDT,271,49.4,0.0032,1.02,0.9,45,2.06,1.0,128,0.003,132,-0.01,0.14,133,48.1,
symbolxweekday=WLDUSDT|0,180,49.4,-0.0449,0.68,-8.1,9,inf,inf,116,-0.045,64,-0.044,0.07,55,43.6,
symbolxvolz=ADAUSDT|<2,538,49.4,-0.0026,0.97,-1.4,56,inf,inf,259,-0.003,279,-0.003,0.06,200,48.5,
symbolxvolz=ARBUSDT|<2,358,49.4,0.0013,1.01,0.5,57,2.51,1.0,188,0.015,170,-0.014,0.1,130,52.3,
fundxsymbol=flat|XLMUSDT,178,49.4,-0.0019,0.98,-0.3,35,inf,inf,113,-0.018,65,0.026,0.1,41,51.2,
fundxsymbol=pos|ARBUSDT,178,49.4,-0.0007,0.99,-0.1,37,inf,inf,75,-0.019,103,0.013,0.12,61,50.8,
sym_statexsymbol=bull|NEARUSDT,89,49.4,-0.0448,0.66,-4.0,5,inf,inf,16,-0.092,73,-0.035,0.06,31,48.4,
atrpxweekday=mid|1,2207,49.4,-0.0016,0.99,-3.4,8,inf,inf,1308,0.007,899,-0.015,0.09,829,49.0,
fundxsymbol=pos|NEARUSDT,441,49.4,-0.0111,0.89,-4.9,45,inf,inf,195,-0.002,246,-0.018,0.06,169,49.7,
concxside=0-1|SHORT,2729,49.4,-0.0079,0.94,-21.5,41,inf,inf,579,0.01,2150,-0.013,0.09,2727,49.4,
symbolxvolz=FETUSDT|<2,352,49.4,-0.0068,0.94,-2.4,52,inf,inf,163,-0.017,189,0.002,0.08,170,48.8,
symbolxweekend=QNTUSDT|False,263,49.4,0.0079,1.06,2.1,40,0.88,1.0,133,0.006,128,0.009,0.12,126,50.8,
fundxsymbol=pos|FILUSDT,350,49.4,-0.0159,0.86,-5.6,37,inf,inf,149,-0.02,201,-0.013,0.07,111,46.8,
adxxsymbol=NA|RUNEUSDT,87,49.4,0.0188,1.16,1.6,15,0.82,1.0,85,0.013,0,,0.15,0,,
breadthxsymbol=NA|RUNEUSDT,87,49.4,0.0188,1.16,1.6,15,0.82,1.0,85,0.013,0,,0.15,0,,
imbxsymbol=<0.5|QNTUSDT,87,49.4,-0.0022,0.98,-0.2,16,inf,inf,50,-0.006,37,0.003,0.09,42,52.4,
oidxsymbol=NA|RUNEUSDT,87,49.4,0.0188,1.16,1.6,15,0.82,1.0,85,0.013,0,,0.15,0,,
spreadxsymbol=NA|RUNEUSDT,87,49.4,0.0188,1.16,1.6,15,0.82,1.0,85,0.013,0,,0.15,0,,
sym_statexsymbol=NA|RUNEUSDT,87,49.4,0.0188,1.16,1.6,15,0.82,1.0,85,0.013,0,,0.15,0,,
sym_statexsymbol=neutral|AVAXUSDT,87,49.4,-0.0655,0.61,-5.7,7,inf,inf,0,,87,-0.066,0.14,24,45.8,
symbolxweekday=FETUSDT|6,87,49.4,-0.0118,0.88,-1.0,9,inf,inf,34,-0.002,53,-0.018,0.08,40,47.5,
breadthxregime=2-3|neutral,2240,49.4,-0.0104,0.91,-23.3,27,inf,inf,1129,-0.001,1111,-0.02,0.1,1426,49.3,
adxxstrategy=20-30|late_fade,344,49.4,0.013,1.23,4.5,27,1.99,0.24,118,-0.022,226,0.031,0.2,135,47.4,
fundxsymbol=flat|1000PEPEUSDT,172,49.4,0.0272,1.27,4.7,32,0.39,1.0,129,0.017,43,0.057,0.1,43,48.8,Y
cascxv3=Y|Y,1028,49.4,0.014,1.11,14.4,36,0.59,0.35,121,-0.01,907,0.017,0.11,649,49.6,
fundxsymbol=pos|DASHUSDT,342,49.4,-0.0055,0.95,-1.9,47,inf,inf,133,-0.009,209,-0.003,0.09,115,51.3,
concxv3=0-1|Y,3329,49.4,0.0059,1.05,19.7,42,0.37,0.3,690,0.004,2639,0.006,0.11,3325,49.4,Y
volzxweekday=<2|2,2556,49.4,-0.0072,0.93,-18.3,8,inf,inf,1349,-0.003,1207,-0.012,0.07,998,48.9,
atrpxsymbol=hi|CHZUSDT,85,49.4,0.0242,1.27,2.1,20,0.57,1.0,50,-0.001,35,0.06,0.11,14,50.0,
breadthxsymbol=>=4|QNTUSDT,85,49.4,-0.0198,0.84,-1.7,21,inf,inf,18,0.0,67,-0.025,0.11,44,50.0,
symbolxv3=ARBUSDT|Y,425,49.4,0.0064,1.05,2.7,59,0.54,1.0,202,0.01,223,0.003,0.12,202,51.5,
v3=Y,11295,49.4,-0.0004,1.0,-4.6,63,inf,inf,5280,0.002,5929,-0.003,0.11,5189,49.6,
sessionxv3=None|Y,11295,49.4,-0.0004,1.0,-4.6,63,inf,inf,5280,0.002,5929,-0.003,0.11,5189,49.6,
cascxv3=N|Y,10267,49.4,-0.0018,0.99,-19.0,63,inf,inf,5159,0.002,5022,-0.007,0.11,4540,49.6,
imbxmktb=<0.5|30-60,846,49.4,0.0012,1.01,1.0,4,8.61,2.59,0,,846,0.001,0.07,378,50.0,
sym_statexsymbol=bull|ZECUSDT,927,49.4,-0.0024,0.97,-2.2,26,inf,inf,242,0.009,685,-0.006,0.07,444,47.7,
symbolxweekend=WLDUSDT|False,923,49.4,-0.008,0.93,-7.4,45,inf,inf,581,-0.014,324,0.002,0.08,275,48.7,
oidxv3=mid|Y,6399,49.4,-0.0005,1.0,-3.5,49,inf,inf,2176,0.009,4223,-0.005,0.11,3780,49.4,
symbolxvolz=FETUSDT|>=5,83,49.4,-0.0383,0.7,-3.2,27,inf,inf,44,0.002,39,-0.084,0.07,18,50.0,
hour_bandxweekday=0-5|5,1158,49.4,0.0049,1.04,5.7,9,0.58,0.51,379,0.004,779,0.005,0.1,442,47.3,
mktbxv3=<30|Y,10337,49.4,-0.0005,1.0,-5.6,60,inf,inf,5176,0.002,5161,-0.003,0.11,4740,49.6,
atrpxbreadth=lo|1,1480,49.4,-0.0007,0.99,-1.1,42,inf,inf,501,0.006,979,-0.004,0.13,1005,49.7,
volzxweekday=<2|1,2535,49.4,-0.0038,0.96,-9.6,8,inf,inf,1275,0.004,1260,-0.012,0.08,1003,49.7,
fundxsymbol=flat|ARBUSDT,245,49.4,-0.0016,0.99,-0.4,44,inf,inf,149,0.01,96,-0.019,0.1,72,51.4,
hour_bandxsymbol=6-11|RENDERUSDT,81,49.4,0.0079,1.07,0.6,28,1.42,1.0,46,0.012,35,0.003,0.11,29,55.2,
symbolxweekday=DASHUSDT|1,81,49.4,0.0016,1.02,0.1,8,3.72,1.0,42,-0.003,39,0.006,0.05,37,48.6,
atrpxfund=lo|neg,646,49.4,-0.0076,0.94,-4.9,46,inf,inf,314,0.009,332,-0.023,0.12,395,49.6,
breadthxv3=1|Y,4749,49.4,0.0044,1.04,21.1,49,0.27,0.34,1714,0.008,3035,0.002,0.11,3049,49.5,Y
cascxweekday=Y|2,241,49.4,0.0192,1.2,4.6,6,0.61,0.37,41,0.027,200,0.018,0.04,117,47.9,
hour_bandxsymbol=0-5|ADAUSDT,320,49.4,-0.0067,0.94,-2.1,50,inf,inf,189,-0.009,131,-0.004,0.08,77,46.8,
strategyxweekdayxhour_band=setup_follow|0|12-17,160,49.4,0.0115,1.19,1.8,8,1.14,0.5,69,0.01,91,0.013,0.12,75,48.0,
hour_bandxv3=6-11|Y,2951,49.4,-0.0002,1.0,-0.7,62,inf,inf,1375,-0.001,1572,0.001,0.11,1333,49.4,
regimexstrategy=bull|setup_fade,1430,49.4,-0.0089,0.95,-12.8,22,inf,inf,372,-0.002,1058,-0.011,0.11,711,51.8,
strategyxregimextrig=setup_fade|bull|bar,1430,49.4,-0.0089,0.95,-12.8,22,inf,inf,372,-0.002,1058,-0.011,0.11,711,51.8,
strategyxsidexregime=nony_momentum|LONG|NA,79,49.4,0.0227,1.28,1.8,2,2.42,0.27,43,0.101,0,,0.25,0,,
fundxv3=flat|Y,4633,49.4,-0.002,0.98,-9.3,62,inf,inf,2305,-0.001,2328,-0.003,0.12,2027,48.9,
imbxweekday=<0.5|2,1406,49.4,0.0017,1.01,2.3,9,5.63,1.09,693,0.027,713,-0.023,0.1,522,48.5,
hour_bandxvolz=18-23|2-5,780,49.4,-0.0145,0.88,-11.3,53,inf,inf,310,0.004,470,-0.027,0.1,270,49.6,
strategyxweekend=setup_follow|False,3728,49.4,-0.0015,0.98,-5.4,45,inf,inf,1873,-0.001,1814,-0.001,0.11,1704,48.4,
regimexsymbol=neutral|XRPUSDT,772,49.4,-0.0021,0.98,-1.6,35,inf,inf,457,0.007,315,-0.015,0.1,308,46.1,
decile_bandxvolz=D10|2-5,926,49.4,-0.0028,0.98,-2.6,57,inf,inf,431,0.022,495,-0.025,0.12,281,48.0,
hour_bandxside=18-23|LONG,3623,49.4,-0.0116,0.88,-42.1,61,inf,inf,1610,-0.018,1978,-0.006,0.08,1315,49.9,
adxxsymbol=>=30|CHZUSDT,77,49.4,0.0136,1.12,1.0,11,1.11,1.0,8,0.09,69,0.005,0.09,35,51.4,
hour_bandxstrategy=0-5|setup_follow,1309,49.4,-0.0005,0.99,-0.7,62,inf,inf,611,-0.003,698,0.002,0.1,615,48.1,
mktbxsymbol=<30|DOGEUSDT,154,49.4,-0.0067,0.94,-1.0,7,inf,inf,0,,154,-0.007,0.1,39,51.3,
symbolxweekday=APTUSDT|5,77,49.4,0.0298,1.28,2.3,9,0.44,1.0,44,0.038,33,0.018,0.13,33,51.5,
strategyxregimexbreadth=nony_momentum|neutral|1,77,49.4,0.0077,1.13,0.6,23,0.91,0.76,47,-0.001,30,0.021,0.06,52,53.8,
hour_bandxsym_state=0-5|bear,614,49.3,0.0001,1.0,0.0,35,46.08,68.95,256,-0.0,358,0.0,0.09,409,48.9,
oidxsym_state=mid|bear,1532,49.3,0.0018,1.02,2.8,39,1.11,1.24,682,0.002,850,0.002,0.11,989,49.0,
cascxsymbol=N|QNTUSDT,306,49.3,0.006,1.05,1.8,51,0.62,1.0,151,0.011,153,0.0,0.11,148,50.0,
mktbxsymbol=<30|QNTUSDT,306,49.3,0.0045,1.04,1.4,52,0.83,1.0,145,0.014,161,-0.004,0.11,152,50.0,
imbxsymbol=<0.5|BNBUSDT,454,49.3,-0.0126,0.91,-5.7,44,inf,inf,185,-0.001,269,-0.021,0.11,165,49.7,
trig=bar,10650,49.3,-0.0,1.0,-0.2,63,inf,inf,4977,0.002,5590,-0.002,0.11,5010,49.5,
atrpxsymbol=mid|NMRUSDT,225,49.3,-0.0038,0.97,-0.8,36,inf,inf,117,0.008,108,-0.017,0.13,113,49.6,
concxsymbol=0-1|WLDUSDT,225,49.3,0.0007,1.01,0.2,37,5.84,1.0,67,-0.007,158,0.004,0.08,225,49.3,
symbolxweekday=CHZUSDT|2,75,49.3,-0.0155,0.86,-1.2,9,inf,inf,47,0.021,28,-0.077,0.07,16,50.0,
mktbxsymbol=<30|ARBUSDT,598,49.3,0.0038,1.03,2.3,58,0.89,1.0,329,0.01,269,-0.004,0.11,215,51.2,
breadthxhour_band=1|18-23,1567,49.3,0.0056,1.05,8.8,47,0.3,0.34,593,0.023,974,-0.005,0.11,990,49.1,
adxxcasc=<20|N,1640,49.3,-0.0044,0.96,-7.2,11,inf,inf,869,-0.006,771,-0.003,0.09,945,49.6,
spreadxsym_state=2-5|neutral,1638,49.3,-0.0082,0.93,-13.4,47,inf,inf,627,-0.004,1011,-0.011,0.09,754,49.6,
breadthxweekend=1|True,1859,49.3,-0.0002,1.0,-0.3,14,inf,inf,474,0.012,1385,-0.004,0.1,1255,49.3,
hour_bandxregime=18-23|neutral,2820,49.3,-0.0112,0.9,-31.4,33,inf,inf,1706,-0.002,1114,-0.025,0.1,1018,49.5,
concxregime=2-3|neutral,3899,49.3,-0.0146,0.88,-56.8,26,inf,inf,1500,-0.002,2399,-0.022,0.11,1712,50.1,
regimexsymbol=bear|1000PEPEUSDT,294,49.3,-0.0024,0.98,-0.7,20,inf,inf,200,0.006,94,-0.02,0.12,79,48.1,
regimexv3=bear|Y,2636,49.3,-0.0076,0.94,-20.0,21,inf,inf,1389,-0.009,1247,-0.006,0.11,1113,49.6,
breadthxstrategy=1|setup_fade,2336,49.3,0.0112,1.07,26.1,49,0.34,0.41,846,0.028,1490,0.002,0.12,1500,50.3,Y
symbolxv3=WLDUSDT|N,943,49.3,-0.0106,0.9,-10.0,58,inf,inf,613,-0.012,316,-0.007,0.06,206,47.6,
sidexspread=SHORT|<2,6881,49.3,-0.0141,0.89,-96.9,49,inf,inf,2094,0.007,4787,-0.023,0.09,3441,49.7,
atrpxsymbol=hi|SUIUSDT,144,49.3,-0.0083,0.91,-1.2,7,inf,inf,0,,144,-0.008,0.04,37,48.6,
hour_bandxsymbol=18-23|UNIUSDT,144,49.3,0.001,1.01,0.2,37,5.98,1.0,54,-0.006,84,0.007,0.07,56,51.8,
cascxsymbol=N|RENDERUSDT,359,49.3,0.0135,1.13,4.9,57,0.4,1.0,185,0.024,168,-0.001,0.09,158,49.4,
fundxregime=pos|neutral,2369,49.3,0.001,1.01,2.4,40,1.84,1.65,1292,0.008,1077,-0.007,0.09,998,49.6,
atrpxv3=NA|Y,1071,49.3,0.0067,1.06,7.1,7,1.02,0.33,985,0.005,0,,0.11,0,,
v3xvolz=Y|NA,1071,49.3,0.0067,1.06,7.1,7,1.02,0.33,985,0.005,0,,0.11,0,,
concxweekday=0-1|6,856,49.3,-0.0063,0.95,-5.4,6,inf,inf,84,-0.013,772,-0.006,0.11,856,49.3,
atrpxv3=mid|Y,6747,49.3,-0.0041,0.97,-27.4,57,inf,inf,3123,0.001,3624,-0.008,0.12,3353,49.4,
sym_statexsymbol=bull|RENDERUSDT,71,49.3,-0.0152,0.89,-1.1,7,inf,inf,0,,71,-0.015,0.15,43,46.5,
strategyxsidexregime=burst_follow|SHORT|NA,71,49.3,-0.0185,0.76,-1.3,2,inf,inf,53,-0.037,0,,0.06,0,,
strategyxweekdayxregime=setup_fade|0|neutral,355,49.3,0.0086,1.05,3.0,7,1.99,1.35,226,0.012,129,0.003,0.13,138,52.2,
adxxside=NA|LONG,4256,49.3,0.0076,1.08,32.3,19,1.0,0.32,4075,0.01,14,-0.073,0.08,25,52.0,
breadthxside=NA|LONG,4256,49.3,0.0076,1.08,32.3,19,1.0,0.32,4075,0.01,14,-0.073,0.08,25,52.0,
sidexspread=LONG|NA,4256,49.3,0.0076,1.08,32.3,19,1.0,0.32,4075,0.01,14,-0.073,0.08,25,52.0,
sidexsym_state=LONG|NA,4256,49.3,0.0076,1.08,32.3,19,1.0,0.32,4075,0.01,14,-0.073,0.08,25,52.0,
symbolxweekend=ARBUSDT|False,424,49.3,-0.0028,0.98,-1.2,42,inf,inf,243,0.007,181,-0.015,0.1,142,52.1,
v3xweekday=Y|6,1621,49.3,-0.0078,0.94,-12.6,9,inf,inf,572,0.008,1049,-0.016,0.12,776,49.7,
atrpxhour_band=lo|0-5,775,49.3,-0.0019,0.99,-1.5,46,inf,inf,294,-0.002,481,-0.002,0.11,472,49.2,
concxsymbol=2-3|1000PEPEUSDT,631,49.3,-0.0176,0.85,-11.1,40,inf,inf,138,-0.009,493,-0.02,0.1,237,49.4,
adxxvolz=NA|<2,2938,49.3,-0.0048,0.96,-14.0,9,inf,inf,2938,-0.005,0,,0.07,0,,
breadthxvolz=NA|<2,2938,49.3,-0.0048,0.96,-14.0,9,inf,inf,2938,-0.005,0,,0.07,0,,
spreadxvolz=NA|<2,2938,49.3,-0.0048,0.96,-14.0,9,inf,inf,2938,-0.005,0,,0.07,0,,
sym_statexvolz=NA|<2,2938,49.3,-0.0048,0.96,-14.0,9,inf,inf,2938,-0.005,0,,0.07,0,,
adxxspread=20-30|>=5,1536,49.3,0.0011,1.01,1.7,39,1.53,2.61,769,0.009,767,-0.006,0.08,790,49.5,
strategyxweekdayxregime=nony_momentum|0|neutral,209,49.3,-0.0322,0.6,-6.7,6,inf,inf,161,-0.053,48,0.037,0.04,58,55.2,
concxsymbol=0-1|XRPUSDT,347,49.3,-0.0156,0.88,-5.4,39,inf,inf,45,0.008,302,-0.019,0.1,347,49.3,
symbolxv3=1000LUNCUSDT|Y,347,49.3,-0.0047,0.97,-1.6,56,inf,inf,170,-0.011,173,-0.0,0.13,156,48.7,
oidxvolz=NA|<2,2979,49.3,-0.0041,0.96,-12.3,18,inf,inf,2956,-0.004,23,0.042,0.07,20,40.0,
mktbxsymbol=<30|RENDERUSDT,345,49.3,0.014,1.13,4.8,56,0.4,1.0,177,0.028,168,-0.001,0.1,158,49.4,
strategyxsymbol=setup_follow|DOTUSDT,207,49.3,0.0069,1.1,1.4,54,0.76,1.0,85,-0.032,122,0.034,0.14,116,50.0,
symbolxv3=RUNEUSDT|Y,345,49.3,0.0081,1.07,2.8,51,0.62,1.0,191,0.016,152,-0.005,0.12,160,48.8,
symbolxweekday=DOGEUSDT|6,69,49.3,-0.0028,0.96,-0.2,2,inf,inf,0,,69,-0.003,0.06,14,50.0,
strategyxweekdayxregime=setup_follow|6|bear,276,49.3,-0.006,0.91,-1.6,3,inf,inf,90,-0.03,186,0.006,0.11,140,51.4,
sym_statexv3=bear|Y,1378,49.3,-0.0065,0.95,-9.0,39,inf,inf,597,-0.01,781,-0.004,0.12,941,49.4,
breadthxspread=2-3|>=5,481,49.3,-0.0034,0.97,-1.6,42,inf,inf,228,-0.005,253,-0.002,0.07,259,49.8,
fundxhour_band=neg|6-11,1374,49.3,0.0007,1.01,1.0,58,4.36,3.07,878,0.001,496,0.001,0.08,530,49.6,
strategy=setup_fade,5277,49.3,0.0,1.0,0.2,63,58.17,89.45,2486,0.006,2749,-0.007,0.11,2467,50.5,
sessionxstrategy=None|setup_fade,5277,49.3,0.0,1.0,0.2,63,58.17,89.45,2486,0.006,2749,-0.007,0.11,2467,50.5,
strategyxv3=setup_fade|Y,5277,49.3,0.0,1.0,0.2,63,58.17,89.45,2486,0.006,2749,-0.007,0.11,2467,50.5,
fundxsymbol=neg|FETUSDT,274,49.3,-0.0016,0.99,-0.5,39,inf,inf,176,0.003,98,-0.009,0.07,122,49.2,
mktbxspread=<30|2-5,3073,49.3,-0.0043,0.96,-13.2,47,inf,inf,1019,0.0,2054,-0.007,0.09,1542,49.7,
mktbxsymbol=<30|ADAUSDT,1023,49.3,-0.0042,0.96,-4.3,60,inf,inf,608,0.004,415,-0.016,0.08,311,49.2,
symbolxweekend=DOTUSDT|False,477,49.3,-0.0091,0.93,-4.3,42,inf,inf,255,0.008,222,-0.029,0.12,196,49.5,
oidxv3=<-0.5|Y,885,49.3,-0.0099,0.93,-8.8,48,inf,inf,269,-0.033,616,0.0,0.12,551,51.2,
strategyxvolz=setup_fade|<2,3197,49.3,0.0031,1.02,9.9,57,0.93,1.32,1433,0.021,1764,-0.012,0.11,1639,50.2,
hour_bandxsymbol=6-11|ENAUSDT,339,49.3,0.0255,1.28,8.6,48,0.21,1.0,127,0.018,210,0.03,0.08,136,50.7,Y
symbolxv3=NMRUSDT|Y,339,49.3,0.0011,1.01,0.4,51,4.82,1.0,176,0.003,152,-0.012,0.14,150,48.0,
mktbxstrategy=<30|setup_fade,4880,49.3,0.001,1.01,4.8,60,2.02,3.59,2441,0.009,2439,-0.007,0.12,2287,50.5,
atrpxfund=NA|pos,743,49.3,0.0046,1.04,3.4,6,1.51,0.43,743,0.005,0,,0.08,0,,
fundxvolz=pos|NA,743,49.3,0.0046,1.04,3.4,6,1.51,0.43,743,0.005,0,,0.08,0,,
symbolxweekend=ADAUSDT|True,337,49.3,0.0109,1.1,3.7,18,0.5,1.0,155,-0.001,182,0.021,0.07,99,45.5,
breadthxweekday=2-3|0,672,49.3,-0.0026,0.98,-1.7,6,inf,inf,245,0.003,427,-0.006,0.08,429,49.2,
atrpxstrategy=NA|nony_momentum,201,49.3,0.0057,1.08,1.1,7,3.47,0.91,165,0.022,0,,0.1,0,,
fundxvs=pos|Y,536,49.3,-0.0037,0.97,-2.0,47,inf,inf,183,-0.001,353,-0.005,0.13,276,50.4,
strategyxvolz=nony_momentum|NA,201,49.3,0.0057,1.08,1.1,7,3.47,0.91,165,0.022,0,,0.1,0,,
strategyxweekdayxhour_band=setup_follow|5|18-23,134,49.3,-0.0072,0.9,-1.0,9,inf,inf,52,-0.007,82,-0.007,0.1,74,54.1,
oidxside=NA|LONG,4284,49.3,0.0074,1.07,31.9,29,1.02,0.32,4087,0.009,30,-0.02,0.08,40,45.0,
concxsymbol=>=6|ADAUSDT,467,49.3,0.0036,1.04,1.7,22,1.0,1.0,467,0.004,0,,0.06,0,,
breadthxconc=1|2-3,2463,49.2,-0.0051,0.96,-12.6,40,inf,inf,595,0.003,1868,-0.008,0.1,1261,48.9,
symbolxweekday=1000PEPEUSDT|0,199,49.2,-0.0008,0.99,-0.2,9,inf,inf,115,0.012,84,-0.019,0.1,62,54.8,
vsxweekday=Y|2,199,49.2,-0.0192,0.9,-3.8,9,inf,inf,91,-0.02,108,-0.019,0.19,73,54.8,
breadthxvolz=1|>=5,530,49.2,-0.0051,0.96,-2.7,46,inf,inf,197,-0.011,333,-0.002,0.1,368,50.5,
fundxsymbol=flat|ADAUSDT,264,49.2,-0.0078,0.93,-2.1,36,inf,inf,141,0.014,123,-0.032,0.08,90,51.1,
sym_statexsymbol=neutral|XRPUSDT,528,49.2,-0.0055,0.95,-2.9,30,inf,inf,297,0.011,231,-0.026,0.12,248,46.8,
hour_bandxweekday=0-5|1,1184,49.2,0.007,1.07,8.3,8,0.42,0.44,571,0.005,613,0.009,0.08,414,49.5,
adxxv3=NA|Y,2492,49.2,0.0006,1.01,1.6,15,4.64,2.59,2406,-0.0,0,,0.11,0,,
breadthxv3=NA|Y,2492,49.2,0.0006,1.01,1.6,15,4.64,2.59,2406,-0.0,0,,0.11,0,,
spreadxv3=NA|Y,2492,49.2,0.0006,1.01,1.6,15,4.64,2.59,2406,-0.0,0,,0.11,0,,
sym_statexv3=NA|Y,2492,49.2,0.0006,1.01,1.6,15,4.64,2.59,2406,-0.0,0,,0.11,0,,
concxmktb=0-1|30-60,457,49.2,-0.0027,0.97,-1.2,4,inf,inf,0,,457,-0.003,0.08,457,49.2,
regimexsymbol=bear|DOTUSDT,130,49.2,-0.0353,0.73,-4.6,19,inf,inf,60,-0.011,70,-0.056,0.1,57,50.9,
regimexsymbol=bull|ADAUSDT,325,49.2,-0.0074,0.93,-2.4,21,inf,inf,72,-0.005,253,-0.008,0.08,64,46.9,
sidexv3=SHORT|N,7197,49.2,-0.0107,0.91,-76.9,60,inf,inf,3389,0.001,3724,-0.023,0.09,2342,48.8,
concxhour_band=>=6|6-11,2458,49.2,-0.003,0.97,-7.3,22,inf,inf,2458,-0.003,0,,0.08,0,,
symbol=SUIUSDT,193,49.2,-0.0053,0.95,-1.0,8,inf,inf,0,,193,-0.005,0.07,59,49.2,
cascxsymbol=N|SUIUSDT,193,49.2,-0.0053,0.95,-1.0,8,inf,inf,0,,193,-0.005,0.07,59,49.2,
regimexsymbol=bull|SUIUSDT,193,49.2,-0.0053,0.95,-1.0,8,inf,inf,0,,193,-0.005,0.07,59,49.2,
sessionxsymbol=None|SUIUSDT,193,49.2,-0.0053,0.95,-1.0,8,inf,inf,0,,193,-0.005,0.07,59,49.2,
sym_statexv3=neutral|Y,5124,49.2,-0.003,0.98,-15.2,48,inf,inf,1971,0.006,3153,-0.008,0.11,2886,49.6,
symbolxvs=QNTUSDT|N,319,49.2,0.0081,1.07,2.6,53,0.44,1.0,135,0.013,182,0.003,0.11,156,50.0,
adxxsymbol=NA|1000PEPEUSDT,382,49.2,0.01,1.09,3.8,15,0.6,1.0,368,0.009,0,,0.09,0,,
breadthxsymbol=NA|1000PEPEUSDT,382,49.2,0.01,1.09,3.8,15,0.6,1.0,368,0.009,0,,0.09,0,,
oidxsymbol=NA|1000PEPEUSDT,382,49.2,0.01,1.09,3.8,15,0.6,1.0,368,0.009,0,,0.09,0,,
spreadxsymbol=NA|1000PEPEUSDT,382,49.2,0.01,1.09,3.8,15,0.6,1.0,368,0.009,0,,0.09,0,,
spreadxsymbol=<2|SUIUSDT,191,49.2,-0.0062,0.94,-1.2,8,inf,inf,0,,191,-0.006,0.07,57,49.1,
sym_statexsymbol=NA|1000PEPEUSDT,382,49.2,0.01,1.09,3.8,15,0.6,1.0,368,0.009,0,,0.09,0,,
hour_bandxspread=18-23|>=5,636,49.2,-0.0045,0.96,-2.9,46,inf,inf,255,0.009,381,-0.014,0.1,316,47.8,
concxstrategy=>=6|setup_fade,1717,49.2,0.0049,1.03,8.5,23,1.14,1.12,1717,0.005,0,,0.11,0,,
spreadxweekday=2-5|3,445,49.2,0.0031,1.03,1.4,7,1.67,1.58,185,0.003,260,0.003,0.08,192,49.0,
decile_bandxweekday=D10|2,571,49.2,-0.0008,0.99,-0.4,9,inf,inf,360,0.02,211,-0.036,0.18,122,50.8,
adxxsymbol=>=30|SUIUSDT,189,49.2,-0.0058,0.94,-1.1,8,inf,inf,0,,189,-0.006,0.07,55,49.1,
oidxsymbol=>0.5|ADAUSDT,126,49.2,-0.0045,0.96,-0.6,28,inf,inf,49,-0.008,77,-0.002,0.1,56,50.0,
oidxsymbol=>0.5|RENDERUSDT,63,49.2,0.0093,1.09,0.6,19,1.61,1.0,16,-0.031,47,0.023,0.08,43,44.2,
symbolxvs=XRPUSDT|Y,63,49.2,0.0125,1.1,0.8,20,0.59,1.0,26,-0.011,32,0.036,0.14,26,50.0,
symbolxvs=ARBUSDT|Y,63,49.2,0.0025,1.02,0.2,25,3.91,1.0,38,0.005,25,-0.002,0.1,30,50.0,
symbolxweekday=FETUSDT|3,63,49.2,0.0025,1.02,0.2,9,3.49,1.0,32,-0.032,31,0.038,0.1,32,46.9,
spreadxstrategy=<2|setup_fade,2455,49.2,0.0,1.0,0.1,49,89.97,119.95,783,0.013,1672,-0.006,0.13,1437,50.7,
oidxv3=NA|Y,2516,49.2,0.0008,1.01,2.1,20,3.52,1.97,2414,-0.0,16,-0.001,0.11,15,46.7,
symbolxweekend=UNIUSDT|False,502,49.2,-0.0134,0.9,-6.7,43,inf,inf,244,-0.005,250,-0.019,0.11,196,49.5,
regimexv3=neutral|Y,5252,49.2,0.003,1.02,15.9,40,0.47,0.66,3010,0.008,2242,-0.003,0.11,2494,49.4,
decile_bandxspread=D2-3|>=5,1435,49.2,-0.0065,0.94,-9.4,49,inf,inf,595,0.005,840,-0.015,0.08,764,48.3,
hour=7,1116,49.2,-0.0051,0.96,-5.7,60,inf,inf,508,-0.016,608,0.004,0.09,434,50.5,
adxxsymbol=20-30|NEARUSDT,370,49.2,-0.0033,0.97,-1.2,37,inf,inf,200,-0.005,170,-0.001,0.06,179,50.8,
strategyxweekday=setup_follow|2,740,49.2,0.0033,1.05,2.5,9,1.5,1.05,366,0.006,374,0.001,0.13,316,51.9,
breadthxweekday=1|3,1047,49.2,0.0014,1.01,1.5,7,2.54,1.62,541,-0.006,506,0.009,0.11,642,50.0,
breadthxsymbol=2-3|1000PEPEUSDT,246,49.2,0.0089,1.07,2.2,35,0.78,1.0,112,0.008,134,0.009,0.11,150,51.3,
hour_bandxsymbol=6-11|BNBUSDT,246,49.2,-0.0216,0.84,-5.3,44,inf,inf,123,-0.021,120,-0.023,0.08,80,51.2,
sidexsymbol=SHORT|ADAUSDT,492,49.2,-0.008,0.94,-3.9,63,inf,inf,266,-0.002,221,-0.017,0.08,150,50.7,
concxside=>=6|LONG,5642,49.2,0.004,1.04,22.7,23,0.83,0.43,5642,0.004,0,,0.09,0,,
strategyxsymbol=london_burst_fade|1000PEPEUSDT,122,49.2,0.0523,1.37,6.4,34,0.24,1.0,60,0.084,59,0.005,0.16,35,48.6,Y
symbolxweekday=ENAUSDT|1,183,49.2,-0.0141,0.87,-2.6,9,inf,inf,83,-0.023,89,-0.008,0.05,52,51.9,
breadthxconc=2-3|0-1,1700,49.2,-0.0047,0.96,-8.1,34,inf,inf,351,0.002,1349,-0.007,0.1,1700,49.2,
oidxregime=>0.5|neutral,1275,49.2,0.004,1.04,5.1,31,0.99,0.44,568,0.0,707,0.007,0.1,723,48.5,
oidxspread=mid|2-5,2001,49.2,-0.0035,0.97,-7.0,49,inf,inf,664,0.003,1337,-0.007,0.1,1023,48.7,
concxv3=>=6|Y,3697,49.2,0.002,1.02,7.3,23,1.02,0.86,3697,0.002,0,,0.11,0,,
regimexstrategy=neutral|nony_momentum,848,49.2,-0.0227,0.72,-19.2,33,inf,inf,604,-0.024,244,-0.019,0.05,255,51.0,
strategyxregimextrig=nony_momentum|neutral|burst,848,49.2,-0.0227,0.72,-19.2,33,inf,inf,604,-0.024,244,-0.019,0.05,255,51.0,
concxsymbol=>=6|XLMUSDT,242,49.2,0.0008,1.01,0.2,22,6.65,1.0,242,0.001,0,,0.06,0,,
decile_bandxoid=D10|>0.5,484,49.2,0.0075,1.06,3.6,47,0.7,0.64,154,-0.004,330,0.013,0.14,215,52.1,
hour_bandxoid=6-11|NA,1751,49.2,-0.0017,0.99,-3.0,23,inf,inf,1702,-0.002,19,-0.008,0.08,21,47.6,
atrpxweekday=lo|3,362,49.2,0.0159,1.13,5.7,8,0.44,0.49,186,0.035,176,-0.004,0.11,212,49.1,
atrpxmktb=mid|30-60,602,49.2,-0.0072,0.94,-4.3,4,inf,inf,0,,602,-0.007,0.09,311,50.8,
cascxsymbol=N|ICPUSDT,421,49.2,-0.0115,0.91,-4.8,52,inf,inf,264,-0.009,153,-0.017,0.13,137,47.4,
fundxsymbol=neg|ADAUSDT,360,49.2,-0.0136,0.87,-4.9,35,inf,inf,248,-0.009,112,-0.024,0.06,107,47.7,
atrpxweekday=lo|5,659,49.2,-0.0043,0.97,-2.8,8,inf,inf,347,0.0,312,-0.009,0.11,372,47.6,
vsxweekend=Y|False,958,49.2,-0.0006,1.0,-0.6,44,inf,inf,488,-0.012,439,0.01,0.12,407,50.6,
fundxsymbol=neg|1000PEPEUSDT,299,49.2,-0.0039,0.97,-1.2,32,inf,inf,190,0.008,109,-0.025,0.11,91,46.2,
oidxsymbol=mid|NMRUSDT,179,49.2,0.0001,1.0,0.0,35,42.67,1.0,58,-0.006,121,0.003,0.13,117,48.7,
sym_statexsymbol=neutral|QNTUSDT,238,49.2,0.0173,1.14,4.1,40,0.44,1.0,76,0.03,162,0.011,0.11,146,50.7,
hour_bandxregime=6-11|neutral,2722,49.2,0.0002,1.0,0.7,32,6.99,8.01,1792,-0.001,930,0.003,0.08,1172,49.5,
concxweekday=>=6|2,1656,49.2,0.0076,1.08,12.6,4,0.75,0.18,1656,0.008,0,,0.08,0,,
breadthxsymbol=2-3|WLDUSDT,236,49.2,0.006,1.06,1.4,35,1.09,1.0,106,0.011,130,0.002,0.08,142,50.0,
fundxsymbol=neg|NEARUSDT,177,49.2,-0.0081,0.93,-1.4,34,inf,inf,115,-0.01,62,-0.004,0.11,53,47.2,
symbolxvolz=DOGEUSDT|2-5,59,49.2,0.0217,1.21,1.3,7,1.25,1.0,0,,59,0.022,0.12,5,60.0,
symbolxweekday=XRPUSDT|1,295,49.2,0.0138,1.14,4.1,9,0.68,1.0,127,0.014,143,0.015,0.09,113,46.9,
fundxside=neg|SHORT,2523,49.1,0.0022,1.02,5.5,61,1.34,1.4,1530,0.016,993,-0.019,0.11,1023,50.3,
hour_bandxoid=0-5|>0.5,1227,49.1,-0.0027,0.98,-3.3,46,inf,inf,282,0.005,945,-0.005,0.08,605,48.3,
symbolxv3=UNIUSDT|Y,409,49.1,-0.0004,1.0,-0.2,58,inf,inf,183,-0.003,220,0.002,0.1,202,49.5,
breadthxv3=2-3|Y,1803,49.1,-0.0074,0.94,-13.3,42,inf,inf,693,0.01,1110,-0.018,0.11,1015,49.0,
adxxweekend=<20|False,1563,49.1,-0.0036,0.97,-5.6,9,inf,inf,747,-0.007,816,-0.001,0.09,979,49.8,
adxxhour_band=NA|6-11,1722,49.1,-0.002,0.98,-3.4,18,inf,inf,1686,-0.002,6,-0.088,0.08,7,57.1,
atrpxweekday=lo|0,287,49.1,-0.0093,0.93,-2.7,8,inf,inf,122,-0.016,165,-0.004,0.11,167,48.5,
breadthxhour_band=NA|6-11,1722,49.1,-0.002,0.98,-3.4,18,inf,inf,1686,-0.002,6,-0.088,0.08,7,57.1,
hour_bandxspread=6-11|NA,1722,49.1,-0.002,0.98,-3.4,18,inf,inf,1686,-0.002,6,-0.088,0.08,7,57.1,
hour_bandxsym_state=6-11|NA,1722,49.1,-0.002,0.98,-3.4,18,inf,inf,1686,-0.002,6,-0.088,0.08,7,57.1,
cascxstrategy=N|setup_fade,4875,49.1,-0.0028,0.98,-13.4,63,inf,inf,2434,0.007,2399,-0.015,0.11,2218,50.4,
concxvs=>=6|Y,458,49.1,-0.0086,0.93,-3.9,22,inf,inf,458,-0.009,0,,0.1,0,,
oidxstrategy=mid|setup_fade,3029,49.1,-0.0035,0.98,-10.7,49,inf,inf,1041,0.026,1988,-0.019,0.11,1810,50.4,
conc=4-5,57,49.1,0.0031,1.02,0.2,5,11.94,5.72,57,0.003,0,,0.12,0,,
concxmktb=4-5|<30,57,49.1,0.0031,1.02,0.2,5,11.94,5.72,57,0.003,0,,0.12,0,,
concxsession=4-5|None,57,49.1,0.0031,1.02,0.2,5,11.94,5.72,57,0.003,0,,0.12,0,,
hour_bandxsymbol=0-5|DOGEUSDT,57,49.1,0.0096,1.09,0.5,8,1.25,1.0,0,,57,0.01,0.09,11,54.5,
oidxsymbol=>0.5|ZECUSDT,342,49.1,0.0074,1.07,2.5,33,0.81,1.0,81,0.022,261,0.003,0.07,163,47.2,
spreadxstrategy=2-5|setup_fade,912,49.1,0.0002,1.0,0.1,49,41.2,26.74,317,0.004,595,-0.002,0.09,557,51.0,
strategyxsymbol=follow_3h_all|SOLUSDT,57,49.1,-0.0146,0.9,-0.8,19,inf,inf,50,-0.026,7,0.067,0.0,4,25.0,
strategyxweekdayxhour_band=setup_fade|3|12-17,171,49.1,-0.0053,0.97,-0.9,9,inf,inf,100,-0.022,71,0.019,0.13,96,54.2,
symbol=RENDERUSDT,397,49.1,0.0111,1.1,4.4,60,0.44,1.0,185,0.024,206,-0.003,0.1,178,48.9,
sessionxsymbol=None|RENDERUSDT,397,49.1,0.0111,1.1,4.4,60,0.44,1.0,185,0.024,206,-0.003,0.1,178,48.9,
regimexsymbol=neutral|ARBUSDT,340,49.1,0.0123,1.12,4.2,35,0.35,1.0,240,0.013,100,0.011,0.08,104,52.9,Y
fundxvs=neg|Y,283,49.1,-0.0006,0.99,-0.2,50,inf,inf,169,-0.005,114,0.005,0.1,119,50.4,
regimexsymbol=neutral|ADAUSDT,509,49.1,-0.0101,0.9,-5.1,39,inf,inf,340,0.005,169,-0.04,0.06,180,47.8,
atrpxcasc=mid|Y,1183,49.1,0.0022,1.02,2.7,32,2.91,1.25,77,-0.024,1106,0.004,0.11,681,49.3,
hour_bandxsymbol=18-23|TAOUSDT,169,49.1,0.0097,1.09,1.6,40,1.37,1.0,73,-0.02,95,0.032,0.12,72,50.0,
symbol=UNIUSDT,731,49.1,-0.0028,0.98,-2.0,61,inf,inf,327,-0.004,396,-0.0,0.1,289,49.5,
sessionxsymbol=None|UNIUSDT,731,49.1,-0.0028,0.98,-2.0,61,inf,inf,327,-0.004,396,-0.0,0.1,289,49.5,
decile_bandxweekday=D4-9|0,784,49.1,-0.0112,0.91,-8.8,9,inf,inf,443,-0.022,341,0.002,0.12,234,51.7,
regimexvs=bull|Y,448,49.1,-0.0001,1.0,-0.0,17,inf,inf,64,-0.01,384,0.002,0.12,290,50.0,
strategyxweekday=setup_fade|4,837,49.1,0.0168,1.1,14.0,9,0.57,0.33,453,0.017,384,0.016,0.13,405,52.8,
strategyxregimexbreadth=setup_fade|bull|1,446,49.1,-0.0005,1.0,-0.2,21,inf,inf,219,-0.007,227,0.006,0.11,203,53.2,
atrpxsymbol=NA|1000PEPEUSDT,167,49.1,0.0004,1.0,0.1,7,15.95,1.0,153,-0.003,0,,0.11,0,,
atrpxsymbol=NA|ADAUSDT,167,49.1,0.004,1.04,0.7,11,2.39,1.0,148,0.004,7,-0.014,0.09,8,50.0,
symbolxvolz=1000PEPEUSDT|NA,167,49.1,0.0004,1.0,0.1,7,15.95,1.0,153,-0.003,0,,0.11,0,,
symbolxvolz=ADAUSDT|NA,167,49.1,0.004,1.04,0.7,11,2.39,1.0,148,0.004,7,-0.014,0.09,8,50.0,
adxxsymbol=NA|XRPUSDT,556,49.1,-0.0056,0.95,-3.1,18,inf,inf,527,-0.005,4,-0.115,0.07,6,50.0,
breadthxsymbol=NA|XRPUSDT,556,49.1,-0.0056,0.95,-3.1,18,inf,inf,527,-0.005,4,-0.115,0.07,6,50.0,
oidxsymbol=NA|XRPUSDT,556,49.1,-0.0056,0.95,-3.1,18,inf,inf,527,-0.005,4,-0.115,0.07,6,50.0,
spreadxsymbol=NA|XRPUSDT,556,49.1,-0.0056,0.95,-3.1,18,inf,inf,527,-0.005,4,-0.115,0.07,6,50.0,
sym_statexsymbol=NA|XRPUSDT,556,49.1,-0.0056,0.95,-3.1,18,inf,inf,527,-0.005,4,-0.115,0.07,6,50.0,
adxxweekday=20-30|0,1275,49.1,-0.0132,0.89,-16.8,6,inf,inf,648,-0.012,627,-0.014,0.1,578,50.5,
concxspread=0-1|>=5,776,49.1,-0.0064,0.95,-5.0,40,inf,inf,162,-0.003,614,-0.007,0.1,776,49.1,
fundxsymbol=flat|RENDERUSDT,277,49.1,0.0058,1.05,1.6,50,1.2,1.0,112,0.029,165,-0.01,0.11,133,48.1,
fundxoid=neg|>0.5,829,49.1,0.0037,1.03,3.1,48,0.85,1.12,391,0.003,438,0.005,0.09,423,48.5,
fundxstrategy=flat|setup_fade,2149,49.1,-0.0017,0.99,-3.7,62,inf,inf,1071,-0.001,1078,-0.002,0.12,960,49.9,
adxxfund=20-30|pos,2312,49.1,-0.0111,0.91,-25.7,39,inf,inf,897,-0.005,1415,-0.015,0.1,1257,49.3,
decile_bandxsymbol=D4-9|DOGEUSDT,55,49.1,-0.0132,0.87,-0.7,9,inf,inf,0,,55,-0.013,0.05,9,44.4,
fundxsymbol=flat|DOTUSDT,165,49.1,0.0052,1.04,0.9,35,1.1,1.0,80,0.022,85,-0.01,0.13,76,48.7,
fundxsymbol=flat|NMRUSDT,275,49.1,0.0034,1.03,0.9,42,1.35,1.0,141,0.012,134,-0.005,0.14,121,47.1,
hour_bandxsymbol=0-5|DOTUSDT,165,49.1,-0.008,0.94,-1.3,38,inf,inf,65,0.023,100,-0.028,0.12,68,48.5,
spreadxsymbol=<2|QNTUSDT,220,49.1,0.0194,1.15,4.3,42,0.43,1.0,68,0.026,152,0.017,0.13,132,50.0,
adxxv3=20-30|Y,5482,49.1,-0.0032,0.97,-17.5,38,inf,inf,2530,0.002,2952,-0.007,0.11,3157,49.3,
imbxsymbol=<0.5|1000PEPEUSDT,603,49.1,0.0028,1.02,1.7,52,1.22,1.0,297,0.005,303,0.0,0.1,226,50.4,
breadthxstrategy=>=4|late_fade,438,49.1,0.0198,1.41,8.7,26,0.99,0.11,123,0.041,315,0.011,0.19,109,43.1,
hour_bandxstrategy=18-23|nony_momentum,328,49.1,-0.0464,0.55,-15.2,41,inf,inf,166,-0.065,160,-0.026,0.05,108,67.6,
v3xvolz=Y|<2,6613,49.1,0.0004,1.0,2.9,57,2.51,3.59,2942,0.005,3671,-0.003,0.11,3381,49.4,
decile_bandxsymbol=D2-3|TAOUSDT,381,49.1,-0.0012,0.99,-0.4,58,inf,inf,168,0.006,211,-0.005,0.04,138,49.3,
imbxsymbol=<0.5|WLDUSDT,381,49.1,-0.0002,1.0,-0.1,45,inf,inf,197,-0.014,184,0.014,0.11,131,48.9,
imbxv3=>=0.5|Y,7553,49.1,-0.0041,0.97,-31.1,63,inf,inf,3513,0.001,3957,-0.009,0.11,3570,49.2,
symbolxvs=ICPUSDT|N,489,49.1,-0.0097,0.92,-4.7,62,inf,inf,263,-0.003,222,-0.018,0.12,191,47.6,
imbxsymbol=>=0.5|DOTUSDT,542,49.1,-0.0084,0.93,-4.6,52,inf,inf,235,0.016,307,-0.027,0.12,240,48.8,
fundximb=pos|<0.5,3719,49.1,-0.0005,1.0,-1.8,60,inf,inf,1099,0.005,2620,-0.003,0.1,1569,48.9,
v3xweekday=Y|3,1665,49.1,-0.0074,0.95,-12.3,9,inf,inf,895,-0.011,770,-0.004,0.12,794,48.9,
symbolxv3=UNIUSDT|N,322,49.1,-0.0058,0.95,-1.9,42,inf,inf,144,-0.005,176,-0.003,0.09,87,49.4,
concxsymbol=>=6|CHZUSDT,214,49.1,0.0081,1.07,1.7,21,0.65,1.0,214,0.008,0,,0.12,0,,
strategyxregimexdecile_band=london_burst_fade|bear|D2-3,214,49.1,0.0223,1.14,4.8,13,1.51,1.06,180,0.018,34,0.046,0.14,34,47.1,
concxweekend=0-1|True,1696,49.1,-0.0042,0.96,-7.1,12,inf,inf,235,0.003,1461,-0.005,0.1,1696,49.1,
fundxsymbol=neg|RENDERUSDT,106,49.1,0.0261,1.26,2.8,24,0.3,1.0,65,0.025,41,0.027,0.08,45,51.1,Y
symbolxweekday=TRUMPUSDT|6,106,49.1,0.0079,1.09,0.8,2,2.55,1.0,0,,106,0.008,0.08,70,51.4,
strategyxregimexdecile_band=asia_pump_short_4h|neutral|D10,53,49.1,0.02,1.12,1.1,18,1.96,1.42,44,0.079,9,-0.267,0.0,12,33.3,
decile_bandxregime=D10|neutral,1747,49.1,0.0039,1.03,6.8,38,1.4,0.89,1177,0.014,570,-0.018,0.11,494,50.4,
adxxsym_state=<20|neutral,1319,49.1,-0.0021,0.98,-2.7,11,inf,inf,667,-0.011,652,0.007,0.09,736,49.3,
cascxfund=Y|neg,316,49.1,-0.005,0.95,-1.6,25,inf,inf,81,0.044,235,-0.022,0.09,144,49.3,
oidxsymbol=>0.5|WLDUSDT,157,49.0,-0.0029,0.97,-0.5,32,inf,inf,63,-0.019,94,0.008,0.08,83,47.0,
v3xweekend=Y|True,3285,49.0,-0.0028,0.98,-9.3,18,inf,inf,1290,0.008,1995,-0.01,0.11,1579,48.9,
symbolxvs=DOTUSDT|N,573,49.0,-0.0072,0.94,-4.1,56,inf,inf,241,0.019,332,-0.026,0.11,240,49.6,
breadthxsymbol=>=4|DOTUSDT,208,49.0,-0.0136,0.9,-2.8,26,inf,inf,52,-0.023,156,-0.01,0.09,65,47.7,
fundxspread=flat|>=5,728,49.0,-0.0091,0.92,-6.6,48,inf,inf,250,0.013,478,-0.021,0.08,417,48.7,
symbolxweekday=NEARUSDT|0,104,49.0,-0.0163,0.85,-1.7,8,inf,inf,62,-0.026,42,-0.001,0.06,37,51.4,
sym_statexsymbol=neutral|ARBUSDT,310,49.0,-0.0086,0.93,-2.7,35,inf,inf,133,0.009,177,-0.022,0.1,125,52.0,
adxxstrategy=20-30|setup_fade,2631,49.0,0.0004,1.0,1.0,38,9.2,13.11,1208,0.006,1423,-0.005,0.11,1534,50.7,
decile_bandxvs=D4-9|Y,567,49.0,0.001,1.01,0.6,55,9.0,6.44,252,-0.003,302,0.004,0.13,252,50.8,
symbolxv3=CHZUSDT|Y,412,49.0,0.0025,1.02,1.0,55,1.15,1.0,218,0.006,190,-0.006,0.11,167,49.7,
adxxweekend=NA|True,2007,49.0,0.0002,1.0,0.4,4,19.79,4.58,2007,0.0,0,,0.07,0,,
breadthxweekend=NA|True,2007,49.0,0.0002,1.0,0.4,4,19.79,4.58,2007,0.0,0,,0.07,0,,
spreadxweekend=NA|True,2007,49.0,0.0002,1.0,0.4,4,19.79,4.58,2007,0.0,0,,0.07,0,,
sym_statexweekend=NA|True,2007,49.0,0.0002,1.0,0.4,4,19.79,4.58,2007,0.0,0,,0.07,0,,
spreadxvs=>=5|N,2195,49.0,-0.0028,0.97,-6.1,49,inf,inf,887,0.007,1308,-0.01,0.08,1111,48.9,
atrpxweekday=hi|3,1020,49.0,-0.0011,0.99,-1.1,8,inf,inf,266,-0.01,754,0.002,0.07,409,51.1,
hour_bandxsymbol=18-23|DOGEUSDT,51,49.0,-0.0359,0.69,-1.8,8,inf,inf,0,,51,-0.036,0.08,9,55.6,
regimexsymbol=neutral|ENAUSDT,459,49.0,0.0112,1.11,5.2,35,0.38,1.0,291,0.022,168,-0.008,0.08,138,47.8,
sidexsymbol=SHORT|DOGEUSDT,102,49.0,-0.0055,0.96,-0.6,10,inf,inf,0,,102,-0.006,0.09,22,54.5,
atrpxv3=lo|Y,1477,49.0,-0.002,0.99,-2.9,53,inf,inf,579,0.012,898,-0.011,0.14,840,49.0,
strategyxvs=setup_fade|N,4682,49.0,-0.0002,1.0,-1.2,63,inf,inf,2200,0.009,2454,-0.01,0.11,2222,49.9,
oidxweekend=NA|True,2030,49.0,0.0002,1.0,0.3,9,24.85,5.75,2011,0.0,19,-0.023,0.07,12,50.0,
decile_bandxsymbol=D2-3|CHZUSDT,304,49.0,0.0058,1.05,1.7,50,0.5,1.0,189,0.004,111,0.002,0.11,104,49.0,
strategyxweekdayxhour_band=asia_burst_fade|4|0-5,304,49.0,-0.0168,0.91,-5.1,7,inf,inf,135,-0.054,169,0.013,0.12,91,48.4,
fundxv3=neg|Y,2677,49.0,-0.001,0.99,-2.7,60,inf,inf,1563,0.004,1114,-0.008,0.11,1299,49.8,
atrpxbreadth=lo|2-3,857,49.0,-0.0047,0.96,-4.0,37,inf,inf,349,-0.006,508,-0.004,0.13,604,48.3,
regimexsymbol=neutral|RUNEUSDT,151,49.0,0.006,1.05,0.9,25,0.96,1.0,102,0.028,49,-0.04,0.11,77,49.4,
mktbxstrategy=<30|late_fade,704,49.0,0.0154,1.31,10.8,48,0.82,0.16,345,0.015,359,0.016,0.17,208,44.7,
fundxsymbol=pos|RUNEUSDT,251,49.0,-0.0074,0.94,-1.9,44,inf,inf,90,0.027,161,-0.026,0.12,133,48.9,
symbol=QNTUSDT,351,49.0,0.0069,1.06,2.4,55,0.75,1.0,151,0.011,198,0.003,0.11,168,50.0,
imbxsymbol=>=0.5|RENDERUSDT,351,49.0,0.0101,1.09,3.5,54,0.55,1.0,153,0.024,192,-0.003,0.1,168,48.8,
oidxsymbol=mid|FILUSDT,351,49.0,-0.0156,0.88,-5.5,47,inf,inf,122,-0.014,229,-0.016,0.1,176,47.7,
sessionxsymbol=None|QNTUSDT,351,49.0,0.0069,1.06,2.4,55,0.75,1.0,151,0.011,198,0.003,0.11,168,50.0,
decile_bandxside=D4-9|LONG,3106,49.0,0.0103,1.09,31.9,63,0.49,0.36,1414,0.008,1664,0.012,0.12,1123,49.7,
regimexvolz=neutral|>=5,1602,49.0,-0.0068,0.94,-10.9,36,inf,inf,1004,-0.0,598,-0.017,0.09,502,50.2,
strategyxvolz=setup_follow|<2,3204,49.0,-0.0016,0.98,-5.1,57,inf,inf,1435,-0.01,1769,0.005,0.11,1635,48.6,
regimexsymbol=bull|CHZUSDT,100,49.0,0.0211,1.2,2.1,14,0.55,1.0,25,0.077,75,0.002,0.09,45,51.1,
symbolxweekday=NEARUSDT|3,100,49.0,-0.0453,0.62,-4.5,9,inf,inf,63,-0.047,37,-0.043,0.08,34,52.9,
strategyxregimexdecile_band=setup_follow|neutral|D2-3,1541,49.0,-0.0026,0.96,-4.0,39,inf,inf,931,-0.007,610,0.005,0.09,753,49.8,
atrpxweekend=NA|True,994,49.0,0.004,1.04,4.0,2,2.15,0.5,994,0.004,0,,0.07,0,,
volzxweekend=NA|True,994,49.0,0.004,1.04,4.0,2,2.15,0.5,994,0.004,0,,0.07,0,,
imbxsymbol=>=0.5|ICPUSDT,447,49.0,-0.0187,0.86,-8.4,51,inf,inf,264,-0.009,179,-0.034,0.11,152,47.4,
symbol=DOTUSDT,645,49.0,-0.0096,0.93,-6.2,58,inf,inf,285,0.01,360,-0.025,0.11,267,49.4,
sessionxsymbol=None|DOTUSDT,645,49.0,-0.0096,0.93,-6.2,58,inf,inf,285,0.01,360,-0.025,0.11,267,49.4,
symbolxv3=QNTUSDT|Y,347,49.0,0.0067,1.05,2.3,55,0.78,1.0,151,0.011,194,0.003,0.12,168,50.0,
atrpxsymbol=mid|RUNEUSDT,198,49.0,-0.0016,0.99,-0.3,36,inf,inf,106,0.012,92,-0.018,0.13,91,48.4,
atrpxsymbol=mid|QNTUSDT,198,49.0,0.0111,1.09,2.2,39,0.82,1.0,79,0.027,119,0.001,0.1,103,49.5,
breadthxsymbol=2-3|XRPUSDT,394,49.0,-0.0102,0.91,-4.0,40,inf,inf,130,0.007,264,-0.018,0.1,251,45.8,
atrpxsymbol=mid|SUIUSDT,49,49.0,0.0036,1.03,0.2,6,8.24,1.0,0,,49,0.004,0.14,22,50.0,
symbolxweekday=TRUMPUSDT|1,49,49.0,-0.025,0.74,-1.2,1,inf,inf,0,,49,-0.025,0.02,15,46.7,
atrpxspread=mid|>=5,1613,49.0,-0.002,0.98,-3.3,49,inf,inf,704,0.009,909,-0.011,0.09,917,49.3,
hour_bandxsym_state=6-11|bear,537,49.0,0.0009,1.01,0.5,35,2.49,4.07,257,-0.007,280,0.008,0.08,354,48.6,
breadthxspread=1|2-5,1168,49.0,0.0087,1.08,10.2,49,0.35,0.34,434,0.009,734,0.009,0.1,771,49.8,Y
regimexsymbol=neutral|WLDUSDT,584,49.0,-0.0094,0.92,-5.5,37,inf,inf,396,-0.019,188,0.011,0.08,229,49.8,
breadthxfund=2-3|pos,1456,49.0,-0.0027,0.98,-4.0,41,inf,inf,299,-0.003,1157,-0.003,0.09,909,48.8,
sym_statexsymbol=bull|RUNEUSDT,194,49.0,0.007,1.06,1.4,20,0.58,1.0,70,0.037,124,-0.01,0.1,99,49.5,
strategyxsidexregime=nony_momentum|LONG|neutral,821,49.0,-0.0244,0.7,-20.0,32,inf,inf,585,-0.026,236,-0.021,0.05,245,51.0,
fundxweekday=pos|2,915,49.0,-0.0153,0.86,-14.0,9,inf,inf,301,-0.005,614,-0.02,0.07,400,49.8,
breadthxsymbol=>=4|RENDERUSDT,96,49.0,0.0014,1.02,0.1,23,4.63,1.0,30,-0.003,66,0.003,0.08,42,47.6,
concxsymbol=0-1|RUNEUSDT,96,49.0,0.0092,1.09,0.9,21,1.28,1.0,36,0.041,60,-0.01,0.1,96,49.0,
fundxsymbol=neg|QNTUSDT,96,49.0,0.0064,1.05,0.6,22,1.61,1.0,78,0.004,18,0.018,0.09,40,50.0,
spreadxsymbol=>=5|RENDERUSDT,288,49.0,0.0055,1.05,1.6,46,0.74,1.0,82,0.026,206,-0.003,0.1,178,48.9,
concxstrategy=>=6|setup_follow,1720,49.0,-0.0013,0.98,-2.2,23,inf,inf,1720,-0.001,0,,0.11,0,,
hour_bandxv3=18-23|Y,2627,49.0,0.0017,1.01,4.4,61,1.4,1.07,1201,0.004,1381,-0.003,0.12,1244,50.2,
symbolxv3=NEARUSDT|Y,382,49.0,-0.0047,0.96,-1.8,60,inf,inf,189,0.002,189,-0.01,0.07,190,48.4,
hour_bandxstrategy=6-11|setup_fade,1383,49.0,0.0031,1.02,4.3,62,1.43,1.91,659,0.006,722,0.0,0.11,642,51.4,
concxsymbol=>=6|RUNEUSDT,143,49.0,0.0263,1.27,3.8,22,0.36,1.0,143,0.026,0,,0.1,0,,
symbol=RUNEUSDT,380,48.9,0.0012,1.01,0.4,51,3.06,1.0,191,0.016,187,-0.017,0.12,176,48.9,
sessionxsymbol=None|RUNEUSDT,380,48.9,0.0012,1.01,0.4,51,3.06,1.0,191,0.016,187,-0.017,0.12,176,48.9,
symbolxvolz=UNIUSDT|<2,380,48.9,-0.002,0.98,-0.8,49,inf,inf,155,-0.01,225,0.003,0.09,177,48.0,
vsxweekday=Y|5,237,48.9,-0.0043,0.97,-1.0,9,inf,inf,85,0.013,152,-0.014,0.11,98,46.9,
concxsymbol=2-3|FETUSDT,235,48.9,-0.0116,0.89,-2.7,39,inf,inf,61,-0.012,174,-0.012,0.07,90,47.8,
regimexsymbol=bull|PENGUUSDT,141,48.9,-0.0099,0.89,-1.4,8,inf,inf,0,,141,-0.01,0.06,26,53.8,
symbolxv3=SUIUSDT|N,141,48.9,-0.0155,0.84,-2.2,8,inf,inf,0,,141,-0.016,0.06,26,46.2,
symbolxvs=SUIUSDT|N,188,48.9,-0.0068,0.93,-1.3,8,inf,inf,0,,188,-0.007,0.07,54,48.1,
symbolxweekday=ZECUSDT|6,282,48.9,-0.0104,0.88,-2.9,9,inf,inf,114,0.009,168,-0.024,0.06,110,46.4,
volzxweekday=>=5|5,329,48.9,-0.0047,0.96,-1.6,8,inf,inf,137,-0.02,192,0.006,0.11,148,48.0,
adxxconc=<20|2-3,985,48.9,-0.0077,0.93,-7.6,9,inf,inf,550,-0.015,435,0.002,0.09,401,50.4,
spreadxweekend=>=5|True,607,48.9,0.0025,1.02,1.5,14,1.24,1.75,134,0.015,473,-0.001,0.08,330,47.3,
strategyxweekday=setup_follow|0,650,48.9,-0.0082,0.9,-5.3,9,inf,inf,304,-0.013,346,-0.004,0.12,287,48.8,
sidexvolz=SHORT|<2,7770,48.9,-0.014,0.89,-108.4,57,inf,inf,3221,0.005,4549,-0.027,0.08,3457,49.5,
strategyxsym_state=ny_flush_buy_4h|neutral,323,48.9,-0.0364,0.81,-11.8,37,inf,inf,128,0.04,195,-0.087,0.0,78,48.7,
imbxspread=>=0.5|>=5,2028,48.9,-0.0046,0.96,-9.3,49,inf,inf,825,0.002,1203,-0.009,0.08,1057,49.0,
strategyxregimexadx=setup_follow|bull|>=30,1014,48.9,0.0014,1.02,1.4,12,3.59,1.81,47,-0.036,967,0.003,0.12,594,47.6,
imbxweekday=<0.5|5,1380,48.9,0.0036,1.03,5.0,9,1.0,0.8,540,0.006,840,0.002,0.1,559,46.0,
symbolxweekday=XLMUSDT|3,92,48.9,-0.0281,0.8,-2.6,9,inf,inf,65,-0.027,27,-0.031,0.1,21,52.4,
symbolxweekend=UNIUSDT|True,229,48.9,0.0204,1.21,4.7,18,0.38,1.0,83,-0.002,146,0.033,0.07,93,49.5,
regimexsymbol=neutral|NEARUSDT,366,48.9,0.0039,1.04,1.4,35,1.22,1.0,240,0.007,126,-0.001,0.07,156,49.4,
adxxsymbol=>=30|PENGUUSDT,137,48.9,-0.0052,0.94,-0.7,8,inf,inf,0,,137,-0.005,0.06,24,54.2,
fundxsymbol=pos|CHZUSDT,137,48.9,-0.0019,0.98,-0.3,25,inf,inf,28,0.017,109,-0.007,0.09,62,50.0,
decile_bandxweekday=D4-9|5,728,48.9,-0.0007,0.99,-0.5,9,inf,inf,303,0.004,425,-0.004,0.12,290,46.9,
regimexvs=bear|Y,317,48.9,-0.0155,0.88,-4.9,17,inf,inf,215,-0.022,102,-0.002,0.11,82,48.8,
breadthxside=>=4|SHORT,4119,48.9,-0.0156,0.88,-64.3,42,inf,inf,893,0.016,3226,-0.024,0.1,1455,49.5,
atrpxsymbol=hi|WLDUSDT,724,48.9,-0.0121,0.89,-8.7,50,inf,inf,388,-0.019,336,-0.004,0.06,185,48.1,
fundxside=NA|SHORT,362,48.9,-0.0181,0.89,-6.5,7,inf,inf,197,-0.101,37,0.105,0.09,44,65.9,
strategyxregimexdecile_band=setup_fade|neutral|D2-3,1538,48.9,0.0085,1.05,13.1,39,0.65,0.73,927,0.027,611,-0.019,0.1,754,48.9,
breadthxsymbol=2-3|HYPEUSDT,45,48.9,-0.0035,0.96,-0.2,8,inf,inf,0,,45,-0.004,0.02,24,54.2,
concxsymbol=2-3|RUNEUSDT,135,48.9,-0.0288,0.82,-3.9,25,inf,inf,8,-0.168,127,-0.02,0.13,80,48.8,
hour_bandxsymbol=0-5|FETUSDT,180,48.9,-0.0018,0.98,-0.3,39,inf,inf,97,-0.011,83,0.009,0.07,77,48.1,
hour_bandxsymbol=0-5|ICPUSDT,135,48.9,-0.0175,0.88,-2.4,40,inf,inf,73,-0.025,62,-0.009,0.15,60,46.7,
strategyxvolz=london_burst_fade|2-5,405,48.9,0.0361,1.22,14.6,44,0.33,0.28,185,0.084,220,-0.004,0.18,102,50.0,
symbolxvs=DASHUSDT|Y,45,48.9,-0.0287,0.75,-1.3,15,inf,inf,20,-0.031,25,-0.026,0.04,23,52.2,
symbolxweekday=HYPEUSDT|2,45,48.9,-0.0155,0.81,-0.7,1,inf,inf,0,,45,-0.016,0.02,19,52.6,
hour_bandxspread=0-5|>=5,583,48.9,0.0078,1.07,4.6,46,0.43,0.48,246,0.017,337,0.001,0.08,295,48.5,
adxxsymbol=20-30|XRPUSDT,716,48.9,0.0022,1.02,1.5,39,1.51,1.0,321,0.013,395,-0.007,0.11,368,45.9,
symbolxvs=UNIUSDT|N,671,48.9,-0.0038,0.97,-2.5,61,inf,inf,301,-0.005,364,-0.001,0.09,258,49.2,
hour_bandxstrategy=12-17|london_burst_fade,894,48.9,0.008,1.04,7.1,53,0.98,1.84,484,0.019,376,-0.014,0.17,256,50.8,
spreadxstrategy=>=5|setup_fade,757,48.9,-0.0019,0.99,-1.5,49,inf,inf,275,0.03,482,-0.02,0.09,473,49.0,
strategyxweekdayxhour_band=setup_follow|1|18-23,178,48.9,-0.0162,0.81,-2.9,9,inf,inf,61,-0.002,95,-0.014,0.1,87,49.4,
decile_bandxv3=D2-3|Y,6670,48.9,-0.0054,0.96,-36.3,63,inf,inf,3215,0.0,3395,-0.012,0.1,3247,49.1,
strategyxvolz=setup_fade|2-5,1242,48.9,-0.0093,0.95,-11.6,56,inf,inf,468,-0.001,774,-0.014,0.12,641,48.4,
concxweekday=>=6|5,1197,48.9,-0.0007,0.99,-0.9,3,inf,inf,1197,-0.001,0,,0.08,0,,
strategyxweekdayxhour_band=setup_follow|4|6-11,221,48.9,-0.0126,0.84,-2.8,9,inf,inf,104,-0.006,117,-0.018,0.1,110,44.5,
concxsymbol=>=6|WLDUSDT,573,48.9,-0.0127,0.89,-7.3,22,inf,inf,573,-0.013,0,,0.06,0,,
adxxspread=>=30|>=5,616,48.9,-0.0117,0.9,-7.2,14,inf,inf,30,0.052,586,-0.015,0.09,304,47.4,
cascxsymbol=Y|FILUSDT,88,48.9,-0.0288,0.75,-2.5,4,inf,inf,0,,88,-0.029,0.06,37,45.9,
concxside=NA|SHORT,352,48.9,-0.0188,0.88,-6.6,7,inf,inf,187,-0.107,37,0.105,0.09,44,65.9,
fundxstrategy=NA|setup_fade,88,48.9,-0.0088,0.95,-0.8,2,inf,inf,46,-0.118,0,,0.09,0,,
imbxsymbol=>=0.5|QNTUSDT,264,48.9,0.0098,1.08,2.6,48,0.7,1.0,101,0.02,161,0.003,0.12,126,49.2,
mktbxside=NA|SHORT,352,48.9,-0.0188,0.88,-6.6,7,inf,inf,187,-0.107,37,0.105,0.09,44,65.9,
regimexside=NA|SHORT,352,48.9,-0.0188,0.88,-6.6,7,inf,inf,187,-0.107,37,0.105,0.09,44,65.9,
symbolxvs=RUNEUSDT|N,352,48.9,0.0036,1.03,1.3,51,1.07,1.0,177,0.016,173,-0.012,0.12,164,49.4,
symbolxweekday=UNIUSDT|0,88,48.9,-0.0325,0.74,-2.9,8,inf,inf,50,-0.05,38,-0.009,0.09,23,52.2,
concxsymbol=2-3|ARBUSDT,219,48.9,-0.0184,0.87,-4.0,39,inf,inf,37,0.007,182,-0.024,0.12,70,51.4,
hour_bandxsymbol=0-5|FILUSDT,219,48.9,-0.0249,0.79,-5.4,48,inf,inf,113,0.002,106,-0.053,0.05,70,47.1,
cascxspread=N|>=5,2311,48.9,-0.0036,0.97,-8.3,49,inf,inf,944,0.006,1367,-0.01,0.08,1186,49.0,
hour_bandxweekday=18-23|5,741,48.9,-0.0107,0.89,-8.0,9,inf,inf,336,-0.017,405,-0.005,0.07,298,50.0,
adxxv3=<20|N,870,48.9,-0.0123,0.88,-10.7,7,inf,inf,632,-0.014,238,-0.009,0.07,419,48.9,
sidexweekday=SHORT|4,1990,48.8,0.0012,1.01,2.4,9,5.17,1.54,963,0.019,1027,-0.016,0.1,798,49.6,
breadthxweekday=1|5,991,48.8,0.0077,1.07,7.6,7,0.58,0.38,291,0.012,700,0.006,0.1,672,49.0,
decile_bandxsymbol=D2-3|UNIUSDT,430,48.8,-0.0116,0.9,-5.0,59,inf,inf,184,-0.011,240,-0.012,0.08,169,47.3,
fundxstrategy=NA|ny_burst_fade,43,48.8,0.03,1.27,1.3,2,2.11,0.58,20,0.136,0,,0.09,0,,
imbxsymbol=<0.5|CHZUSDT,43,48.8,0.0189,1.17,0.8,11,0.73,1.0,26,0.01,17,0.032,0.07,14,50.0,
mktbxsymbol=>=60|ENAUSDT,43,48.8,0.0232,1.35,1.0,2,0.87,1.0,0,,43,0.023,0.05,19,36.8,
symbolxv3=BCHUSDT|Y,43,48.8,0.0167,1.15,0.7,6,0.92,1.0,0,,43,0.017,0.12,20,50.0,
adxxstrategy=<20|burst_follow,385,48.8,-0.0171,0.76,-6.6,7,inf,inf,265,-0.03,120,0.012,0.04,196,51.5,
strategyxregimexadx=burst_follow|neutral|<20,385,48.8,-0.0171,0.76,-6.6,7,inf,inf,265,-0.03,120,0.012,0.04,196,51.5,
regimexweekday=neutral|0,2296,48.8,-0.0131,0.89,-30.0,7,inf,inf,1655,-0.011,641,-0.017,0.09,741,50.2,
mktbxsymbol=<30|RUNEUSDT,338,48.8,0.0035,1.03,1.2,48,1.14,1.0,187,0.021,151,-0.018,0.11,156,49.4,
strategyxsymbol=setup_follow|ADAUSDT,211,48.8,0.0093,1.15,2.0,59,0.47,1.0,109,0.01,99,0.007,0.1,95,45.3,
strategyxweekdayxregime=setup_follow|5|bear,211,48.8,-0.0059,0.92,-1.2,3,inf,inf,78,0.009,133,-0.015,0.11,104,47.1,
breadthxsymbol=2-3|XLMUSDT,84,48.8,-0.0347,0.75,-2.9,26,inf,inf,42,-0.056,42,-0.014,0.13,39,48.7,
concxweekday=0-1|5,840,48.8,-0.002,0.98,-1.7,6,inf,inf,151,0.012,689,-0.005,0.1,840,48.8,
oidxsymbol=<-0.5|ARBUSDT,84,48.8,0.0301,1.34,2.5,24,0.74,1.0,36,-0.01,48,0.06,0.12,24,54.2,
regimexsymbol=neutral|ICPUSDT,252,48.8,-0.0014,0.99,-0.4,36,inf,inf,154,-0.002,98,-0.001,0.12,110,47.3,
symbolxweekday=CHZUSDT|0,84,48.8,0.005,1.04,0.4,9,1.69,1.0,53,-0.001,31,0.015,0.13,27,48.1,
symbolxweekend=CHZUSDT|False,377,48.8,0.0023,1.02,0.9,43,1.3,1.0,232,0.01,141,-0.016,0.1,131,48.9,
hour_bandxspread=12-17|>=5,586,48.8,-0.0058,0.95,-3.4,47,inf,inf,225,0.009,361,-0.015,0.08,312,48.7,
fundxstrategy=pos|setup_follow,1750,48.8,-0.0006,0.99,-1.0,61,inf,inf,621,-0.001,1129,-0.0,0.11,859,48.0,
v3xweekday=Y|5,1664,48.8,0.002,1.02,3.3,9,1.67,1.19,718,0.008,946,-0.003,0.11,803,48.1,
volzxvs=2-5|Y,416,48.8,-0.0097,0.94,-4.0,44,inf,inf,137,-0.021,279,-0.004,0.15,224,50.0,
hour_bandxsymbol=6-11|ADAUSDT,291,48.8,-0.009,0.92,-2.6,49,inf,inf,141,-0.012,150,-0.006,0.07,98,50.0,
symbolxweekend=TRUMPUSDT|True,166,48.8,0.0046,1.06,0.8,4,2.76,1.0,0,,166,0.005,0.05,116,51.7,
strategyxsymbol=setup_follow|ARBUSDT,207,48.8,-0.0185,0.78,-3.8,59,inf,inf,97,-0.041,110,0.001,0.11,101,51.5,
symbolxvolz=QNTUSDT|<2,207,48.8,0.0201,1.17,4.2,44,0.44,1.0,92,0.009,115,0.029,0.11,97,50.5,
concxspread=2-3|>=5,1158,48.8,-0.0101,0.91,-11.7,40,inf,inf,327,-0.001,831,-0.014,0.08,453,48.1,
regimexsymbol=bear|XRPUSDT,412,48.8,-0.0166,0.86,-6.8,21,inf,inf,282,-0.017,130,-0.015,0.09,106,48.1,
strategyxsym_state=setup_fade|neutral,2468,48.8,-0.0039,0.98,-9.6,48,inf,inf,938,0.02,1530,-0.019,0.11,1411,50.7,
symbol=PENGUUSDT,164,48.8,-0.021,0.8,-3.5,10,inf,inf,0,,164,-0.021,0.07,36,52.8,
cascxsymbol=N|PENGUUSDT,164,48.8,-0.021,0.8,-3.5,10,inf,inf,0,,164,-0.021,0.07,36,52.8,
fundxsymbol=flat|PENGUUSDT,164,48.8,-0.021,0.8,-3.5,10,inf,inf,0,,164,-0.021,0.07,36,52.8,
sessionxsymbol=None|PENGUUSDT,164,48.8,-0.021,0.8,-3.5,10,inf,inf,0,,164,-0.021,0.07,36,52.8,
spreadxv3=2-5|Y,1927,48.8,-0.0005,1.0,-0.9,49,inf,inf,641,0.003,1286,-0.002,0.1,1166,48.7,
strategyxsymbol=late_fade|1000PEPEUSDT,41,48.8,-0.0093,0.84,-0.4,22,inf,inf,17,-0.017,24,-0.004,0.1,11,45.5,
symbolxweekday=UNIUSDT|3,82,48.8,0.0232,1.2,1.9,8,0.54,1.0,51,0.021,31,0.026,0.15,27,51.9,
symbolxweekday=DOTUSDT|4,123,48.8,-0.0135,0.91,-1.7,9,inf,inf,61,0.022,62,-0.049,0.11,49,51.0,
atrpxspread=mid|2-5,1597,48.8,-0.0059,0.95,-9.3,49,inf,inf,690,-0.003,907,-0.008,0.1,892,48.7,
cascxsymbol=N|UNIUSDT,613,48.8,-0.0052,0.96,-3.2,54,inf,inf,301,-0.005,304,-0.003,0.1,244,49.2,
fundxsymbol=pos|UNIUSDT,367,48.8,0.0074,1.07,2.7,39,0.66,1.0,120,0.017,247,0.003,0.1,140,49.3,
breadthxsymbol=>=4|SUIUSDT,162,48.8,-0.0028,0.97,-0.5,8,inf,inf,0,,162,-0.003,0.07,40,50.0,
atrpxweekday=mid|2,2184,48.8,-0.0093,0.92,-20.3,8,inf,inf,1198,0.003,986,-0.024,0.09,858,49.1,
spreadxweekday=2-5|2,523,48.8,0.0012,1.01,0.6,7,4.28,2.35,210,0.013,313,-0.007,0.07,243,49.0,
symbolxvolz=UNIUSDT|2-5,201,48.8,-0.0116,0.9,-2.3,44,inf,inf,75,-0.021,126,-0.006,0.1,77,50.6,
concxstrategy=NA|nony_momentum,80,48.8,0.0219,1.27,1.8,2,2.45,0.28,44,0.098,0,,0.25,0,,
fundxstrategy=NA|nony_momentum,80,48.8,0.0219,1.27,1.8,2,2.45,0.28,44,0.098,0,,0.25,0,,
fundxsymbol=flat|FETUSDT,160,48.8,-0.014,0.88,-2.2,41,inf,inf,79,-0.009,81,-0.019,0.08,63,47.6,
hour_bandxweekday=12-17|0,1120,48.8,-0.0229,0.82,-25.6,8,inf,inf,633,-0.022,487,-0.023,0.1,337,48.1,
mktbxstrategy=NA|nony_momentum,80,48.8,0.0219,1.27,1.8,2,2.45,0.28,44,0.098,0,,0.25,0,,
regimexstrategy=NA|nony_momentum,80,48.8,0.0219,1.27,1.8,2,2.45,0.28,44,0.098,0,,0.25,0,,
strategyxregimexadx=nony_momentum|NA|NA,80,48.8,0.0219,1.27,1.8,2,2.45,0.28,44,0.098,0,,0.25,0,,
strategyxregimexbreadth=nony_momentum|NA|NA,80,48.8,0.0219,1.27,1.8,2,2.45,0.28,44,0.098,0,,0.25,0,,
strategyxregimextrig=nony_momentum|NA|burst,80,48.8,0.0219,1.27,1.8,2,2.45,0.28,44,0.098,0,,0.25,0,,
atrpxfund=lo|pos,398,48.7,-0.0094,0.93,-3.7,43,inf,inf,110,0.015,288,-0.019,0.13,269,48.7,
breadthxspread=>=4|>=5,835,48.7,-0.0115,0.9,-9.6,37,inf,inf,303,0.004,532,-0.02,0.08,272,48.2,
oidxsymbol=NA|DOTUSDT,119,48.7,0.024,1.24,2.9,15,0.43,1.0,117,0.023,2,0.106,0.11,2,50.0,
symbolxvolz=SUIUSDT|<2,119,48.7,-0.0108,0.89,-1.3,8,inf,inf,0,,119,-0.011,0.08,45,48.9,
oidxweekday=>0.5|2,550,48.7,0.011,1.11,6.0,7,0.49,0.31,223,0.021,327,0.004,0.08,235,49.4,
cascxvs=N|Y,1139,48.7,-0.011,0.92,-12.5,61,inf,inf,597,-0.004,511,-0.022,0.12,430,49.1,
spread=>=5,2389,48.7,-0.0041,0.96,-9.7,49,inf,inf,944,0.006,1445,-0.011,0.08,1229,48.7,
sessionxspread=None|>=5,2389,48.7,-0.0041,0.96,-9.7,49,inf,inf,944,0.006,1445,-0.011,0.08,1229,48.7,
adxxsymbol=20-30|HYPEUSDT,39,48.7,-0.0404,0.64,-1.6,3,inf,inf,0,,39,-0.04,0.08,20,50.0,
concxstrategy=NA|ny_burst_fade,39,48.7,0.0272,1.23,1.1,2,2.35,0.48,16,0.155,0,,0.1,0,,
concxsymbol=0-1|QNTUSDT,117,48.7,0.0217,1.22,2.5,32,0.68,1.0,30,0.026,87,0.02,0.09,117,48.7,
concxvs=NA|Y,39,48.7,0.0344,1.44,1.3,2,0.91,0.88,8,0.015,0,,0.05,0,,
decile_bandxsymbol=D4-9|PUMPUSDT,39,48.7,0.0001,1.0,0.0,8,123.46,1.0,0,,39,0.0,0.13,12,41.7,
fundxvs=NA|Y,39,48.7,0.0344,1.44,1.3,2,0.91,0.88,8,0.015,0,,0.05,0,,
mktbxstrategy=NA|ny_burst_fade,39,48.7,0.0272,1.23,1.1,2,2.35,0.48,16,0.155,0,,0.1,0,,
mktbxvs=NA|Y,39,48.7,0.0344,1.44,1.3,2,0.91,0.88,8,0.015,0,,0.05,0,,
oidxsymbol=>0.5|ICPUSDT,39,48.7,0.0071,1.05,0.3,14,4.09,1.0,13,0.173,26,-0.076,0.13,34,47.1,
regimexstrategy=NA|ny_burst_fade,39,48.7,0.0272,1.23,1.1,2,2.35,0.48,16,0.155,0,,0.1,0,,
regimexvs=NA|Y,39,48.7,0.0344,1.44,1.3,2,0.91,0.88,8,0.015,0,,0.05,0,,
sym_statexsymbol=neutral|HYPEUSDT,39,48.7,-0.0404,0.64,-1.6,3,inf,inf,0,,39,-0.04,0.08,20,50.0,
symbolxvolz=DOTUSDT|<2,390,48.7,-0.013,0.9,-5.1,50,inf,inf,174,0.003,216,-0.026,0.11,169,49.7,
symbolxvolz=TRUMPUSDT|>=5,39,48.7,0.0077,1.06,0.3,7,3.04,1.0,0,,39,0.008,0.05,25,52.0,
symbolxweekday=BNBUSDT|4,156,48.7,-0.0184,0.87,-2.9,9,inf,inf,73,-0.009,83,-0.027,0.1,32,46.9,
strategyxweekdayxhour_band=setup_fade|2|12-17,195,48.7,-0.0452,0.81,-8.8,9,inf,inf,95,-0.059,100,-0.032,0.13,73,42.5,
strategyxregimexadx=ny_burst_fade|NA|NA,39,48.7,0.0272,1.23,1.1,2,2.35,0.48,16,0.155,0,,0.1,0,,
strategyxregimexbreadth=ny_burst_fade|NA|NA,39,48.7,0.0272,1.23,1.1,2,2.35,0.48,16,0.155,0,,0.1,0,,
strategyxregimexbreadth=late_fade|neutral|1,39,48.7,-0.0281,0.63,-1.1,17,inf,inf,17,-0.048,22,-0.013,0.1,26,53.8,
strategyxregimextrig=ny_burst_fade|NA|burst,39,48.7,0.0272,1.23,1.1,2,2.35,0.48,16,0.155,0,,0.1,0,,
oidxstrategy=NA|london_burst_fade,544,48.7,-0.0037,0.98,-2.0,17,inf,inf,495,-0.017,5,0.144,0.14,1,0.0,
hour_bandxside=6-11|SHORT,3258,48.7,-0.013,0.9,-42.5,63,inf,inf,1489,0.007,1757,-0.032,0.09,1294,49.2,
spreadxweekday=>=5|0,349,48.7,-0.0044,0.96,-1.5,7,inf,inf,173,-0.015,176,0.006,0.09,182,50.5,
adxxsymbol=>=30|ZECUSDT,620,48.7,-0.0032,0.97,-2.0,14,inf,inf,31,-0.015,589,-0.003,0.06,341,46.0,
cascxstrategy=N|late_fade,657,48.7,0.0148,1.29,9.7,53,0.8,0.18,331,0.015,323,0.014,0.17,186,44.6,
hour_bandxsymbol=6-11|DOTUSDT,154,48.7,0.0104,1.08,1.6,38,0.56,1.0,61,0.048,93,-0.015,0.09,69,50.7,
symbolxvs=FETUSDT|N,577,48.7,-0.0077,0.93,-4.4,63,inf,inf,292,-0.003,276,-0.012,0.07,217,47.9,
atrpxspread=hi|>=5,729,48.7,-0.0085,0.92,-6.2,41,inf,inf,222,-0.005,507,-0.01,0.07,283,48.1,
decile_bandxside=D2-3|SHORT,8644,48.7,-0.0143,0.89,-124.0,63,inf,inf,4039,0.0,4504,-0.03,0.08,3420,48.9,
mktbxvs=<30|Y,1185,48.7,-0.0049,0.96,-5.9,57,inf,inf,609,-0.007,576,-0.003,0.12,500,49.6,
adxxstrategy=NA|setup_follow,1146,48.7,-0.0014,0.98,-1.6,15,inf,inf,1105,0.0,0,,0.11,0,,
breadthxstrategy=NA|setup_follow,1146,48.7,-0.0014,0.98,-1.6,15,inf,inf,1105,0.0,0,,0.11,0,,
spreadxstrategy=NA|setup_follow,1146,48.7,-0.0014,0.98,-1.6,15,inf,inf,1105,0.0,0,,0.11,0,,
strategyxsym_state=setup_follow|NA,1146,48.7,-0.0014,0.98,-1.6,15,inf,inf,1105,0.0,0,,0.11,0,,
atrpxsymbol=mid|RENDERUSDT,267,48.7,0.0118,1.11,3.2,50,0.42,1.0,124,0.033,143,-0.007,0.1,135,48.9,
regimexspread=neutral|2-5,1335,48.7,-0.0073,0.94,-9.7,32,inf,inf,582,-0.004,753,-0.009,0.1,793,49.1,
symbolxvolz=FILUSDT|<2,419,48.7,-0.0203,0.83,-8.5,54,inf,inf,179,0.001,240,-0.037,0.09,171,47.4,
spreadxweekday=2-5|6,571,48.7,-0.0027,0.97,-1.6,7,inf,inf,62,-0.032,509,0.001,0.09,308,48.4,
decile_bandxsymbol=D4-9|NMRUSDT,152,48.7,-0.0161,0.89,-2.4,40,inf,inf,77,-0.001,70,-0.041,0.13,68,45.6,
hour_bandxsymbol=0-5|UNIUSDT,228,48.7,-0.002,0.98,-0.5,48,inf,inf,107,0.021,121,-0.022,0.1,92,45.7,
regimexsym_state=neutral|bear,1173,48.7,0.001,1.01,1.2,30,3.24,2.67,559,0.007,614,-0.005,0.11,748,49.1,
hour_bandxside=12-17|SHORT,3139,48.7,-0.0211,0.84,-66.1,61,inf,inf,1569,-0.013,1486,-0.031,0.1,1118,48.3,
adxxsymbol=NA|DOTUSDT,113,48.7,0.0178,1.17,2.0,12,0.61,1.0,113,0.018,0,,0.11,0,,
breadthxsymbol=NA|DOTUSDT,113,48.7,0.0178,1.17,2.0,12,0.61,1.0,113,0.018,0,,0.11,0,,
decile_bandxsymbol=D2-3|PENGUUSDT,113,48.7,-0.0168,0.82,-1.9,10,inf,inf,0,,113,-0.017,0.04,22,54.5,
spreadxsymbol=NA|DOTUSDT,113,48.7,0.0178,1.17,2.0,12,0.61,1.0,113,0.018,0,,0.11,0,,
sym_statexsymbol=NA|DOTUSDT,113,48.7,0.0178,1.17,2.0,12,0.61,1.0,113,0.018,0,,0.11,0,,
strategyxweekdayxhour_band=burst_follow|5|18-23,226,48.7,-0.0162,0.77,-3.7,8,inf,inf,98,-0.036,128,-0.001,0.03,74,51.4,
adxxsymbol=NA|ADAUSDT,376,48.7,0.0011,1.01,0.4,19,3.96,1.0,357,0.001,7,-0.014,0.06,8,50.0,
breadthxsymbol=NA|ADAUSDT,376,48.7,0.0011,1.01,0.4,19,3.96,1.0,357,0.001,7,-0.014,0.06,8,50.0,
oidxsymbol=NA|ADAUSDT,376,48.7,0.0011,1.01,0.4,19,3.96,1.0,357,0.001,7,-0.014,0.06,8,50.0,
spreadxsymbol=NA|ADAUSDT,376,48.7,0.0011,1.01,0.4,19,3.96,1.0,357,0.001,7,-0.014,0.06,8,50.0,
sym_statexsymbol=NA|ADAUSDT,376,48.7,0.0011,1.01,0.4,19,3.96,1.0,357,0.001,7,-0.014,0.06,8,50.0,
concxvs=0-1|Y,413,48.7,0.0213,1.17,8.8,38,0.75,0.52,56,-0.015,357,0.027,0.13,412,48.8,
decile_bandxstrategy=D4-9|setup_follow,1650,48.7,-0.0053,0.93,-8.7,63,inf,inf,742,-0.001,898,-0.008,0.12,715,47.1,
strategyxweekdayxhour_band=asia_burst_fade|6|0-5,300,48.7,0.0056,1.04,1.7,8,1.16,1.49,125,0.024,175,-0.007,0.09,100,47.0,
strategyxsidexregime=setup_fade|SHORT|bear,859,48.7,-0.025,0.87,-21.5,21,inf,inf,413,-0.028,446,-0.022,0.09,399,48.4,
oidxstrategy=NA|setup_follow,1157,48.7,-0.0015,0.98,-1.7,20,inf,inf,1109,0.0,7,0.022,0.11,7,57.1,Y
breadthxcasc=2-3|Y,596,48.7,-0.0123,0.88,-7.3,16,inf,inf,11,-0.023,585,-0.012,0.08,435,46.7,
sidexsymbol=SHORT|UNIUSDT,335,48.7,-0.0283,0.81,-9.5,61,inf,inf,159,-0.023,172,-0.028,0.08,133,47.4,
spreadxweekend=>=5|False,1782,48.7,-0.0063,0.94,-11.2,35,inf,inf,810,0.005,972,-0.016,0.08,899,49.3,
breadthxstrategy=>=4|v65_strict_long,37,48.6,0.047,1.31,1.7,9,1.23,1.08,0,,37,0.047,0.16,37,48.6,
breadthxstrategy=>=4|v65_strict_ny_long,37,48.6,0.047,1.31,1.7,9,1.23,1.08,0,,37,0.047,0.16,37,48.6,
breadthxsymbol=1|FILUSDT,185,48.6,0.0013,1.01,0.2,40,4.43,1.0,81,0.001,104,0.001,0.1,114,50.0,
breadthxsymbol=2-3|DASHUSDT,74,48.6,-0.0361,0.74,-2.7,22,inf,inf,40,-0.034,34,-0.039,0.08,39,48.7,
breadthxvs=1|Y,407,48.6,0.0079,1.07,3.2,44,0.56,0.5,143,0.001,264,0.011,0.12,267,49.1,
decile_bandxsymbol=D10|DASHUSDT,74,48.6,0.0089,1.08,0.7,23,1.47,1.0,51,0.019,23,-0.014,0.15,11,45.5,
regimexsymbol=bull|RENDERUSDT,111,48.6,-0.0006,0.99,-0.1,15,inf,inf,16,0.047,95,-0.009,0.14,59,45.8,
symbolxvs=XLMUSDT|Y,37,48.6,-0.0413,0.75,-1.5,14,inf,inf,15,-0.083,22,-0.013,0.19,11,54.5,
symbolxvolz=CHZUSDT|<2,294,48.6,0.0117,1.11,3.4,44,0.34,1.0,165,0.025,129,-0.005,0.07,114,49.1,
spreadxweekday=>=5|4,403,48.6,0.0004,1.0,0.2,7,18.31,10.41,174,0.019,229,-0.014,0.08,198,47.5,
symbolxweekday=XRPUSDT|2,329,48.6,0.0046,1.05,1.5,9,0.9,1.0,177,0.011,152,-0.003,0.07,118,46.6,
adxxatrp=<20|hi,292,48.6,0.0016,1.02,0.5,10,2.48,2.0,172,0.003,120,0.0,0.04,138,52.2,
breadthxsymbol=1|QNTUSDT,146,48.6,0.0238,1.19,3.5,33,0.33,1.0,54,0.029,92,0.021,0.14,93,50.5,Y
strategyxsidexregime=setup_fade|SHORT|bull,948,48.6,-0.0228,0.88,-21.6,20,inf,inf,255,0.011,693,-0.035,0.09,444,49.5,
oidxspread=mid|>=5,1604,48.6,0.0029,1.03,4.7,49,0.57,1.05,642,0.018,962,-0.007,0.08,869,48.8,
oidxweekday=<-0.5|0,652,48.6,-0.0404,0.63,-26.4,7,inf,inf,217,-0.052,435,-0.035,0.04,252,54.0,
imbxsymbol=>=0.5|FETUSDT,543,48.6,-0.0088,0.92,-4.8,57,inf,inf,280,-0.005,254,-0.013,0.07,223,48.9,
adxxspread=20-30|2-5,1773,48.6,-0.0048,0.96,-8.6,39,inf,inf,834,0.001,939,-0.01,0.09,966,48.9,
symbolxv3=DOTUSDT|Y,434,48.6,-0.0073,0.94,-3.2,55,inf,inf,180,0.021,254,-0.027,0.12,239,49.4,
decile_bandxspread=D10|>=5,325,48.6,0.002,1.02,0.7,43,2.1,4.11,148,0.007,177,-0.002,0.09,106,50.9,
atrpxsymbol=mid|DOTUSDT,397,48.6,-0.0101,0.93,-4.0,52,inf,inf,187,0.012,210,-0.03,0.13,181,50.3,
adxxsymbol=20-30|DOTUSDT,288,48.6,-0.0225,0.84,-6.5,34,inf,inf,119,0.016,169,-0.05,0.12,146,50.7,
decile_bandxsymbol=D10|ARBUSDT,72,48.6,-0.0198,0.85,-1.4,23,inf,inf,40,-0.012,32,-0.03,0.11,17,41.2,
oidxsymbol=mid|AVAXUSDT,72,48.6,-0.0553,0.68,-4.0,8,inf,inf,0,,72,-0.055,0.15,29,48.3,
symbolxvs=DOTUSDT|Y,72,48.6,-0.0282,0.8,-2.0,23,inf,inf,44,-0.041,28,-0.009,0.08,27,48.1,
adxxdecile_band=<20|D2-3,1078,48.6,-0.0096,0.91,-10.3,11,inf,inf,580,-0.006,498,-0.014,0.08,689,49.3,
strategyxsymbol=asia_burst_fade|ETHUSDT,574,48.6,-0.0054,0.97,-3.1,55,inf,inf,348,0.01,226,-0.029,0.11,244,45.5,
breadthxsymbol=1|UNIUSDT,251,48.6,0.0072,1.06,1.8,39,0.71,1.0,86,0.005,165,0.008,0.12,167,49.1,
hour_bandxvs=18-23|Y,535,48.6,0.0217,1.19,11.6,55,0.48,0.29,241,0.002,282,0.035,0.12,228,52.6,
symbolxvolz=NEARUSDT|>=5,107,48.6,0.0001,1.0,0.0,29,120.59,1.0,64,0.003,43,-0.004,0.07,28,39.3,
adxxsymbol=20-30|FILUSDT,356,48.6,-0.028,0.79,-10.0,35,inf,inf,164,-0.025,192,-0.03,0.09,176,49.4,
hour_bandxweekday=6-11|2,1068,48.6,0.0082,1.08,8.7,9,0.49,0.26,658,0.012,410,0.003,0.09,374,50.0,
hour_bandxspread=18-23|2-5,852,48.6,-0.0052,0.95,-4.5,47,inf,inf,268,-0.004,584,-0.006,0.07,409,48.9,
symbolxweekend=FETUSDT|False,461,48.6,-0.004,0.96,-1.9,45,inf,inf,247,-0.007,205,0.0,0.08,183,48.6,
symbol=FETUSDT,638,48.6,-0.007,0.94,-4.5,63,inf,inf,312,-0.005,317,-0.009,0.08,260,48.5,
cascxsymbol=N|FETUSDT,638,48.6,-0.007,0.94,-4.5,63,inf,inf,312,-0.005,317,-0.009,0.08,260,48.5,
sessionxsymbol=None|FETUSDT,638,48.6,-0.007,0.94,-4.5,63,inf,inf,312,-0.005,317,-0.009,0.08,260,48.5,
fundxspread=neg|>=5,850,48.6,0.001,1.01,0.9,45,2.31,3.78,494,0.006,356,-0.006,0.08,405,48.6,
symbolxweekend=FETUSDT|True,177,48.6,-0.0148,0.87,-2.6,18,inf,inf,65,0.003,112,-0.025,0.08,77,48.1,
symbolxv3=FILUSDT|Y,424,48.6,-0.0037,0.97,-1.6,60,inf,inf,227,0.011,195,-0.022,0.11,186,49.5,
fundxspread=pos|>=5,811,48.6,-0.0048,0.96,-3.9,48,inf,inf,200,0.0,611,-0.007,0.08,407,48.9,
mktbxspread=<30|>=5,2207,48.6,-0.0045,0.96,-10.0,47,inf,inf,944,0.006,1263,-0.013,0.08,1148,48.9,
atrpxsymbol=hi|PENGUUSDT,140,48.6,-0.0163,0.82,-2.3,10,inf,inf,0,,140,-0.016,0.06,24,54.2,
decile_bandxsymbol=D4-9|DOTUSDT,140,48.6,-0.0027,0.98,-0.4,41,inf,inf,58,0.017,82,-0.017,0.1,59,50.8,
decile_bandxsymbol=D4-9|LINKUSDT,35,48.6,-0.0333,0.75,-1.2,8,inf,inf,0,,35,-0.033,0.11,6,66.7,
imbxsymbol=<0.5|DASHUSDT,70,48.6,-0.043,0.71,-3.0,16,inf,inf,50,-0.076,20,0.039,0.11,8,50.0,
regimexsymbol=bear|UNIUSDT,140,48.6,0.0041,1.03,0.6,18,2.2,1.0,67,-0.015,73,0.022,0.11,59,47.5,
sym_statexsymbol=bear|XRPUSDT,280,48.6,-0.0006,0.99,-0.2,16,inf,inf,55,-0.008,225,0.001,0.1,173,46.8,
sym_statexweekday=bear|3,280,48.6,-0.0225,0.82,-6.3,6,inf,inf,168,-0.035,112,-0.004,0.08,182,47.3,
symbolxvolz=DOTUSDT|2-5,140,48.6,-0.0036,0.97,-0.5,40,inf,inf,51,0.049,89,-0.034,0.11,74,48.6,
symbolxweekday=RUNEUSDT|3,70,48.6,0.0058,1.05,0.4,6,1.2,1.0,18,0.052,52,-0.01,0.11,36,50.0,
strategyxweekdayxhour_band=setup_follow|6|12-17,210,48.6,0.0108,1.17,2.3,8,0.73,0.42,60,0.006,150,0.013,0.15,103,53.4,
decile_bandxhour_band=D10|6-11,873,48.6,0.0164,1.15,14.3,60,0.3,0.16,428,0.01,440,0.023,0.11,269,51.7,Y
atrpxhour_band=NA|6-11,663,48.6,0.0103,1.1,6.8,10,1.01,0.35,627,0.011,6,-0.088,0.09,7,57.1,
hour_bandxvolz=6-11|NA,663,48.6,0.0103,1.1,6.8,10,1.01,0.35,627,0.011,6,-0.088,0.09,7,57.1,
strategyxweekday=setup_follow|1,729,48.6,-0.0113,0.85,-8.2,9,inf,inf,324,-0.007,364,-0.011,0.08,331,47.1,
strategyxregimexbreadth=setup_fade|bull|>=4,657,48.6,-0.0263,0.87,-17.2,19,inf,inf,56,-0.15,601,-0.015,0.11,360,51.1,
adxxsymbol=NA|WLDUSDT,484,48.6,-0.0166,0.86,-8.0,18,inf,inf,464,-0.017,2,-0.009,0.07,4,50.0,
breadthxsymbol=NA|WLDUSDT,484,48.6,-0.0166,0.86,-8.0,18,inf,inf,464,-0.017,2,-0.009,0.07,4,50.0,
oidxsymbol=NA|WLDUSDT,484,48.6,-0.0166,0.86,-8.0,18,inf,inf,464,-0.017,2,-0.009,0.07,4,50.0,
spreadxsymbol=NA|WLDUSDT,484,48.6,-0.0166,0.86,-8.0,18,inf,inf,464,-0.017,2,-0.009,0.07,4,50.0,
sym_statexsymbol=NA|WLDUSDT,484,48.6,-0.0166,0.86,-8.0,18,inf,inf,464,-0.017,2,-0.009,0.07,4,50.0,
oidxweekday=>0.5|1,587,48.6,0.01,1.1,5.9,7,0.38,0.38,247,0.013,340,0.008,0.09,244,46.3,
imbxsymbol=<0.5|DOTUSDT,103,48.5,-0.0157,0.88,-1.6,14,inf,inf,50,-0.019,53,-0.012,0.07,27,55.6,
adxxvs=NA|Y,377,48.5,-0.0022,0.98,-0.8,14,inf,inf,346,-0.006,0,,0.11,0,,
breadthxvs=NA|Y,377,48.5,-0.0022,0.98,-0.8,14,inf,inf,346,-0.006,0,,0.11,0,,
spreadxvs=NA|Y,377,48.5,-0.0022,0.98,-0.8,14,inf,inf,346,-0.006,0,,0.11,0,,
sym_statexvs=NA|Y,377,48.5,-0.0022,0.98,-0.8,14,inf,inf,346,-0.006,0,,0.11,0,,
concxsymbol=0-1|FETUSDT,171,48.5,-0.0204,0.86,-3.5,35,inf,inf,28,-0.097,143,-0.006,0.12,170,48.8,
sym_statexsymbol=bull|TAOUSDT,171,48.5,-0.0041,0.96,-0.7,11,inf,inf,0,,171,-0.004,0.08,60,46.7,
atrpxstrategy=NA|late_fade,68,48.5,0.011,1.23,0.7,6,0.48,1.15,65,0.01,0,,0.12,0,,
fundxsymbol=neg|DASHUSDT,68,48.5,0.0312,1.4,2.1,15,0.41,1.0,58,0.018,10,0.109,0.01,35,51.4,
hour_bandxsymbol=6-11|NEARUSDT,204,48.5,-0.0065,0.93,-1.3,48,inf,inf,115,0.005,89,-0.022,0.03,70,52.9,
strategyxsymbol=setup_fade|DOTUSDT,204,48.5,-0.0142,0.92,-2.9,54,inf,inf,83,0.089,121,-0.085,0.13,115,47.8,
strategyxvolz=late_fade|NA,68,48.5,0.011,1.23,0.7,6,0.48,1.15,65,0.01,0,,0.12,0,,
symbolxweekday=ICPUSDT|4,68,48.5,0.0057,1.05,0.4,9,2.1,1.0,44,0.026,24,-0.032,0.13,27,51.9,
strategyxsidexregime=setup_fade|LONG|neutral,713,48.5,0.0259,1.15,18.5,38,0.4,0.4,405,0.019,308,0.035,0.16,321,48.6,Y
imbxstrategy=>=0.5|setup_follow,3697,48.5,0.0008,1.01,2.8,63,2.18,1.5,1730,-0.005,1926,0.007,0.12,1737,48.5,
sidexstrategy=LONG|setup_follow,3697,48.5,0.0008,1.01,2.8,63,2.18,1.5,1730,-0.005,1926,0.007,0.12,1737,48.5,
adxxvolz=<20|<2,1152,48.5,-0.0092,0.92,-10.6,11,inf,inf,603,-0.006,549,-0.013,0.08,726,49.0,
symbolxv3=DASHUSDT|Y,406,48.5,-0.0053,0.96,-2.1,57,inf,inf,210,-0.006,196,-0.005,0.09,180,48.9,
fundxweekday=neg|0,944,48.5,-0.0153,0.87,-14.4,9,inf,inf,662,-0.015,282,-0.015,0.09,258,50.4,
hour_bandxsymbol=18-23|ZECUSDT,404,48.5,-0.0016,0.98,-0.7,51,inf,inf,207,0.009,192,-0.013,0.1,152,48.7,
symbolxweekday=TAOUSDT|5,101,48.5,0.019,1.18,1.9,9,0.69,1.0,40,0.027,61,0.014,0.13,39,48.7,
adxxstrategy=NA|london_burst_fade,538,48.5,-0.0055,0.97,-3.0,15,inf,inf,494,-0.018,0,,0.14,0,,
breadthxstrategy=NA|london_burst_fade,538,48.5,-0.0055,0.97,-3.0,15,inf,inf,494,-0.018,0,,0.14,0,,
spreadxstrategy=NA|london_burst_fade,538,48.5,-0.0055,0.97,-3.0,15,inf,inf,494,-0.018,0,,0.14,0,,
strategyxsym_state=london_burst_fade|NA,538,48.5,-0.0055,0.97,-3.0,15,inf,inf,494,-0.018,0,,0.14,0,,
symbol=CHZUSDT,503,48.5,0.0037,1.03,1.8,58,0.63,1.0,290,0.007,209,-0.004,0.1,169,49.1,
cascxsymbol=N|CHZUSDT,503,48.5,0.0037,1.03,1.8,58,0.63,1.0,290,0.007,209,-0.004,0.1,169,49.1,
sessionxsymbol=None|CHZUSDT,503,48.5,0.0037,1.03,1.8,58,0.63,1.0,290,0.007,209,-0.004,0.1,169,49.1,
atrpxsymbol=hi|DOGEUSDT,134,48.5,0.0059,1.08,0.8,9,1.4,1.0,0,,134,0.006,0.05,19,47.4,
sym_statexsymbol=neutral|ICPUSDT,268,48.5,-0.0081,0.94,-2.2,37,inf,inf,116,0.01,152,-0.022,0.12,130,47.7,
vsxweekday=Y|3,167,48.5,-0.0189,0.87,-3.2,9,inf,inf,92,-0.011,75,-0.028,0.13,89,46.1,
strategyxweekend=setup_fade|True,1536,48.5,-0.0066,0.96,-10.1,18,inf,inf,612,0.022,924,-0.026,0.11,741,49.3,
breadthxoid=2-3|>0.5,934,48.5,0.0037,1.03,3.5,42,0.52,0.74,311,0.003,623,0.004,0.09,574,48.4,
regimexstrategy=neutral|setup_follow,2495,48.5,-0.0046,0.94,-11.6,40,inf,inf,1420,-0.006,1075,-0.003,0.11,1199,48.1,
strategyxregimextrig=setup_follow|neutral|bar,2495,48.5,-0.0046,0.94,-11.6,40,inf,inf,1420,-0.006,1075,-0.003,0.11,1199,48.1,
adxxstrategy=20-30|follow_3h_all,33,48.5,0.0031,1.03,0.1,13,7.61,7.64,8,0.131,25,-0.038,0.0,19,57.9,
atrpxstrategy=NA|setup_fade,495,48.5,0.0057,1.03,2.8,7,3.42,1.01,453,-0.004,0,,0.12,0,,
breadthxsymbol=2-3|RUNEUSDT,66,48.5,-0.0034,0.97,-0.2,21,inf,inf,32,0.024,34,-0.029,0.11,36,50.0,
sidexsymbol=LONG|XRPUSDT,1188,48.5,-0.0011,0.99,-1.3,63,inf,inf,541,-0.005,632,0.003,0.09,464,50.0,
strategyxsymbol=setup_fade|LINKUSDT,33,48.5,-0.0425,0.77,-1.4,9,inf,inf,0,,33,-0.042,0.03,15,53.3,
strategyxvolz=setup_fade|NA,495,48.5,0.0057,1.03,2.8,7,3.42,1.01,453,-0.004,0,,0.12,0,,
symbolxvs=BNBUSDT|Y,33,48.5,-0.0172,0.91,-0.6,11,inf,inf,13,0.017,20,-0.039,0.18,15,46.7,
symbolxweekday=DASHUSDT|4,66,48.5,0.018,1.18,1.2,8,0.71,1.0,37,0.014,29,0.024,0.08,32,53.1,
strategyxweekdayxhour_band=london_burst_fade|6|12-17,99,48.5,0.0738,1.75,7.3,7,0.95,0.44,27,-0.004,72,0.103,0.16,33,60.6,
strategyxregimexbreadth=london_burst_fade|bear|>=4,33,48.5,0.0746,1.39,2.5,4,1.64,0.46,22,0.178,11,-0.132,0.27,8,50.0,
imbxsymbol=>=0.5|CHZUSDT,460,48.5,0.0022,1.02,1.0,53,1.11,1.0,264,0.006,192,-0.007,0.11,155,49.0,
hour=22,1473,48.5,-0.0063,0.93,-9.3,59,inf,inf,745,-0.01,718,-0.003,0.08,533,48.8,
atrpxstrategy=mid|london_burst_fade,815,48.5,0.0056,1.03,4.6,47,1.69,1.52,461,0.022,354,-0.015,0.16,277,48.4,
strategyxsymbol=setup_fade|XLMUSDT,163,48.5,-0.042,0.81,-6.9,58,inf,inf,74,-0.021,89,-0.059,0.1,77,50.6,
breadthxspread=1|>=5,1073,48.5,0.0014,1.01,1.5,49,1.4,2.23,413,0.015,660,-0.007,0.09,698,48.6,
fundxsymbol=neg|TAOUSDT,130,48.5,0.0092,1.09,1.2,20,1.19,1.0,116,0.018,14,-0.067,0.08,17,35.3,
hour_bandxsymbol=6-11|CHZUSDT,130,48.5,-0.0178,0.86,-2.3,36,inf,inf,67,-0.014,63,-0.022,0.08,46,47.8,
strategyxvolz=asia_burst_fade|>=5,291,48.5,0.0278,1.17,8.1,43,1.18,0.3,146,-0.01,145,0.066,0.15,82,46.3,
hour=8,1420,48.5,0.0018,1.02,2.6,60,2.45,1.52,646,0.004,774,-0.0,0.11,471,49.0,
strategyxregimexbreadth=setup_follow|neutral|1,1282,48.4,-0.0097,0.87,-12.5,33,inf,inf,536,-0.019,746,-0.003,0.09,845,48.4,
symbolxweekday=XLMUSDT|2,128,48.4,0.0199,1.19,2.5,9,0.71,1.0,82,0.032,46,-0.002,0.12,29,48.3,
strategyxweekdayxregime=setup_follow|4|neutral,448,48.4,-0.0079,0.89,-3.5,6,inf,inf,331,-0.006,117,-0.012,0.09,232,47.8,
strategyxweekdayxregime=nony_momentum|4|neutral,128,48.4,-0.0348,0.64,-4.5,6,inf,inf,108,-0.039,20,-0.012,0.06,48,45.8,
cascxsymbol=N|DOTUSDT,543,48.4,-0.0145,0.89,-7.9,52,inf,inf,260,0.008,283,-0.035,0.11,228,49.6,
oidxvolz=>0.5|>=5,543,48.4,-0.0005,1.0,-0.3,48,inf,inf,188,-0.016,355,0.007,0.12,243,52.7,
spreadxweekday=>=5|1,351,48.4,0.002,1.02,0.7,7,3.29,2.72,164,0.022,187,-0.015,0.07,163,49.7,
strategyxregimexdecile_band=ny_flush_buy_4h|neutral|D2-3,223,48.4,-0.0035,0.98,-0.8,26,inf,inf,157,0.055,66,-0.143,0.0,61,47.5,
adxxsymbol=>=30|RENDERUSDT,95,48.4,-0.0142,0.9,-1.4,13,inf,inf,2,-0.154,93,-0.011,0.15,57,45.6,
imbxsymbol=<0.5|FETUSDT,95,48.4,0.0029,1.02,0.3,13,2.58,1.0,32,-0.008,63,0.008,0.11,37,45.9,
concxspread=0-1|2-5,1043,48.4,0.0032,1.03,3.3,40,0.87,1.15,226,0.009,817,0.002,0.08,1043,48.4,
sidexweekday=SHORT|2,1919,48.4,-0.035,0.77,-67.2,9,inf,inf,1073,-0.007,846,-0.071,0.07,654,47.4,
symbolxvolz=TAOUSDT|<2,345,48.4,0.0025,1.02,0.8,52,1.47,1.0,138,0.002,207,0.003,0.06,132,48.5,
strategyxweekdayxhour_band=setup_follow|4|0-5,188,48.4,0.0159,1.28,3.0,9,0.65,0.32,113,0.018,75,0.012,0.12,92,43.5,
fundxstrategy=neg|setup_fade,1283,48.4,0.0013,1.01,1.6,60,4.17,5.15,747,0.016,536,-0.019,0.11,634,50.3,
adxxweekday=NA|5,965,48.4,-0.0029,0.97,-2.8,2,inf,inf,965,-0.003,0,,0.07,0,,
breadthxweekday=NA|5,965,48.4,-0.0029,0.97,-2.8,2,inf,inf,965,-0.003,0,,0.07,0,,
spreadxweekday=NA|5,965,48.4,-0.0029,0.97,-2.8,2,inf,inf,965,-0.003,0,,0.07,0,,
sym_statexweekday=NA|5,965,48.4,-0.0029,0.97,-2.8,2,inf,inf,965,-0.003,0,,0.07,0,,
adxxstrategy=<20|setup_fade,403,48.4,0.0039,1.02,1.6,11,2.91,2.68,119,0.052,284,-0.016,0.11,275,49.8,
atrpxsymbol=NA|DOTUSDT,31,48.4,-0.0068,0.93,-0.2,6,inf,inf,31,-0.007,0,,0.1,0,,
decile_bandxsymbol=D2-3|FETUSDT,372,48.4,-0.003,0.97,-1.1,59,inf,inf,189,0.002,176,-0.008,0.07,152,46.7,
oidxstrategy=mid|v65_strict_long,31,48.4,0.064,1.43,2.0,9,1.03,0.65,1,-0.622,30,0.087,0.16,29,48.3,
oidxstrategy=mid|v65_strict_ny_long,31,48.4,0.064,1.43,2.0,9,1.03,0.65,1,-0.622,30,0.087,0.16,29,48.3,
sidexsymbol=LONG|SUIUSDT,124,48.4,-0.0287,0.66,-3.6,8,inf,inf,0,,124,-0.029,0.05,36,38.9,
strategyxsymbol=setup_follow|BNBUSDT,186,48.4,-0.0024,0.97,-0.5,52,inf,inf,103,0.016,82,-0.028,0.1,78,42.3,
symbolxvolz=DOTUSDT|NA,31,48.4,-0.0068,0.93,-0.2,6,inf,inf,31,-0.007,0,,0.1,0,,
symbolxweekday=DOTUSDT|2,93,48.4,0.015,1.16,1.4,9,0.7,1.0,54,0.024,39,0.003,0.09,31,45.2,
symbolxweekday=CHZUSDT|6,62,48.4,0.004,1.04,0.2,7,2.25,1.0,30,0.019,32,-0.01,0.08,9,55.6,
strategyxregimexadx=setup_fade|neutral|<20,403,48.4,0.0039,1.02,1.6,11,2.91,2.68,119,0.052,284,-0.016,0.11,275,49.8,
strategyxdecile_bandximb=setup_fade|D4-9|<0.5,589,48.4,0.0361,1.2,21.3,58,0.34,0.18,265,0.004,324,0.062,0.18,254,53.5,Y
strategyxregimexbreadth=v65_strict_long|bull|>=4,31,48.4,0.0517,1.32,1.6,7,1.34,0.7,0,,31,0.052,0.16,31,48.4,
strategyxregimexbreadth=v65_strict_ny_long|bull|>=4,31,48.4,0.0517,1.32,1.6,7,1.34,0.7,0,,31,0.052,0.16,31,48.4,
strategyxweekdayxregime=ny_flush_buy_4h|0|bull,31,48.4,-0.0577,0.58,-1.8,1,inf,inf,0,,31,-0.058,0.0,6,66.7,
concxside=2-3|SHORT,5235,48.4,-0.0182,0.86,-95.4,43,inf,inf,793,0.032,4442,-0.027,0.1,2095,49.5,
atrpxsym_state=lo|bear,339,48.4,0.0078,1.06,2.7,24,0.71,0.45,71,0.023,268,0.004,0.14,265,47.9,
sym_statexvolz=bear|>=5,339,48.4,-0.0051,0.96,-1.7,34,inf,inf,166,-0.006,173,-0.004,0.08,176,51.1,
strategyxweekdayxhour_band=burst_follow|3|6-11,277,48.4,-0.032,0.64,-8.9,7,inf,inf,118,-0.029,159,-0.034,0.06,80,53.8,
decile_bandxsymbol=D4-9|ADAUSDT,246,48.4,-0.0006,1.0,-0.1,48,inf,inf,125,0.005,119,-0.006,0.11,81,49.4,
mktbxsymbol=<30|DOTUSDT,583,48.4,-0.0114,0.91,-6.6,56,inf,inf,282,0.012,301,-0.033,0.11,241,49.4,
oidxsymbol=mid|QNTUSDT,184,48.4,0.0016,1.01,0.3,40,3.08,1.0,54,0.011,130,-0.002,0.09,119,48.7,
symbolxvolz=NMRUSDT|<2,184,48.4,-0.0099,0.93,-1.8,37,inf,inf,90,-0.001,94,-0.018,0.14,94,47.9,
strategyxvolz=setup_follow|>=5,337,48.4,-0.007,0.91,-2.3,55,inf,inf,130,0.028,207,-0.029,0.11,183,41.5,
sym_statexvs=bull|Y,337,48.4,0.0046,1.04,1.6,28,4.33,1.88,20,0.039,317,0.002,0.11,250,48.0,
sym_statexsymbol=bull|DOGEUSDT,153,48.4,-0.0018,0.98,-0.3,6,inf,inf,0,,153,-0.002,0.05,29,55.2,
symbolxvs=CHZUSDT|N,459,48.4,0.0079,1.07,3.6,58,0.32,1.0,262,0.011,195,0.003,0.1,157,49.0,Y
sym_statexsymbol=neutral|UNIUSDT,244,48.4,-0.01,0.92,-2.4,27,inf,inf,126,-0.015,118,-0.005,0.1,118,50.0,
regimexspread=bull|>=5,790,48.4,-0.0134,0.89,-10.6,21,inf,inf,196,-0.001,594,-0.018,0.08,329,47.4,
strategyxsymbol=burst_follow|DOTUSDT,91,48.4,-0.0255,0.71,-2.3,35,inf,inf,42,-0.01,49,-0.039,0.07,10,70.0,
symbolxvolz=CHZUSDT|2-5,91,48.4,0.0035,1.02,0.3,31,1.85,1.0,44,-0.001,47,0.008,0.16,34,50.0,
adxxfund=<20|neg,635,48.3,-0.0175,0.85,-11.1,10,inf,inf,437,-0.016,198,-0.022,0.09,334,48.2,
fundxsymbol=neg|CHZUSDT,302,48.3,0.0127,1.11,3.8,40,0.3,1.0,222,0.016,80,0.004,0.12,77,49.4,Y
oidxstrategy=>0.5|asia_burst_fade,453,48.3,0.0244,1.16,11.1,37,0.7,0.39,96,0.017,357,0.027,0.12,213,50.7,
sym_statexsymbol=neutral|DOTUSDT,302,48.3,-0.0204,0.85,-6.2,32,inf,inf,139,0.005,163,-0.042,0.12,137,49.6,
sidexsymbol=SHORT|WLDUSDT,511,48.3,-0.0094,0.93,-4.8,63,inf,inf,301,0.004,203,-0.028,0.09,164,49.4,
sidexsym_state=SHORT|bull,4024,48.3,-0.015,0.87,-60.4,48,inf,inf,550,0.042,3474,-0.024,0.08,1891,48.8,
adxxsymbol=<20|1000PEPEUSDT,60,48.3,0.0231,1.24,1.4,8,0.64,1.0,40,0.008,20,0.052,0.1,34,47.1,
concxsymbol=NA|XRPUSDT,60,48.3,0.0201,1.22,1.2,6,0.91,1.0,31,0.047,4,-0.115,0.1,6,50.0,
mktbxsymbol=NA|XRPUSDT,60,48.3,0.0201,1.22,1.2,6,0.91,1.0,31,0.047,4,-0.115,0.1,6,50.0,
regimexsymbol=NA|XRPUSDT,60,48.3,0.0201,1.22,1.2,6,0.91,1.0,31,0.047,4,-0.115,0.1,6,50.0,
symbolxv3=HYPEUSDT|Y,60,48.3,0.0119,1.13,0.7,9,1.15,1.0,0,,60,0.012,0.05,27,48.1,
symbolxweekday=NMRUSDT|2,60,48.3,-0.0085,0.94,-0.5,9,inf,inf,28,-0.021,32,0.002,0.12,26,46.2,
symbolxweekday=TRUMPUSDT|5,60,48.3,-0.0011,0.99,-0.1,2,inf,inf,0,,60,-0.001,0.02,46,52.2,
strategyxdecile_bandximb=setup_fade|D2-3|<0.5,869,48.3,0.0041,1.02,3.5,60,1.49,2.34,433,0.004,436,0.004,0.12,418,47.4,
strategyxweekday=asia_burst_fade|5,329,48.3,0.034,1.23,11.2,8,1.51,0.21,101,-0.064,228,0.077,0.15,115,46.1,
atrpxstrategy=mid|setup_fade,3228,48.3,-0.0116,0.94,-37.4,57,inf,inf,1500,0.001,1728,-0.022,0.11,1618,49.2,
concxstrategy=>=6|london_burst_fade,745,48.3,0.0003,1.0,0.2,22,48.97,23.32,745,0.0,0,,0.15,0,,
oidxvs=mid|Y,596,48.3,-0.0011,0.99,-0.7,45,inf,inf,177,-0.01,419,0.003,0.12,344,48.0,
atrpxsymbol=hi|DASHUSDT,178,48.3,-0.0044,0.96,-0.8,23,inf,inf,61,-0.001,117,-0.006,0.07,42,54.8,
decile_bandxsymbol=D4-9|ARBUSDT,178,48.3,0.0035,1.03,0.6,44,1.5,1.0,79,0.011,99,-0.003,0.1,67,52.2,
symbolxweekday=1000PEPEUSDT|2,178,48.3,-0.0299,0.78,-5.3,9,inf,inf,117,-0.005,61,-0.078,0.09,38,47.4,
breadthxsymbol=1|NEARUSDT,296,48.3,-0.0009,0.99,-0.3,45,inf,inf,118,0.019,178,-0.014,0.07,184,46.7,
strategyxregimexadx=setup_fade|bear|NA,503,48.3,-0.0082,0.96,-4.1,8,inf,inf,503,-0.008,0,,0.12,0,,
strategyxregimexbreadth=setup_fade|bear|NA,503,48.3,-0.0082,0.96,-4.1,8,inf,inf,503,-0.008,0,,0.12,0,,
symbolxweekday=UNIUSDT|6,118,48.3,0.0305,1.28,3.6,9,0.5,1.0,30,-0.002,88,0.042,0.11,57,50.9,
vs=Y,1385,48.3,-0.0046,0.97,-6.3,61,inf,inf,617,-0.007,737,-0.005,0.12,612,48.7,
sessionxvs=None|Y,1385,48.3,-0.0046,0.97,-6.3,61,inf,inf,617,-0.007,737,-0.005,0.12,612,48.7,
v3xvs=Y|Y,1385,48.3,-0.0046,0.97,-6.3,61,inf,inf,617,-0.007,737,-0.005,0.12,612,48.7,
oidxvs=NA|Y,383,48.3,-0.0027,0.98,-1.0,15,inf,inf,346,-0.006,6,-0.029,0.1,4,25.0,
mktbxstrategy=30-60|setup_fade,294,48.3,-0.0269,0.85,-7.9,4,inf,inf,0,,294,-0.027,0.08,164,47.6,
spreadxsym_state=>=5|neutral,1373,48.3,-0.0015,0.99,-2.0,47,inf,inf,630,0.009,743,-0.01,0.07,664,48.6,
sidexv3=LONG|Y,5706,48.3,0.0057,1.05,32.7,63,0.65,0.27,2640,-0.002,3024,0.013,0.13,2665,48.8,
adxximb=<20|>=0.5,1280,48.3,-0.0119,0.89,-15.2,11,inf,inf,721,-0.011,559,-0.013,0.09,708,48.7,
atrpxsymbol=mid|HYPEUSDT,116,48.3,-0.0274,0.77,-3.2,8,inf,inf,0,,116,-0.027,0.08,41,43.9,
breadthxvs=>=4|Y,435,48.3,-0.0074,0.95,-3.2,25,inf,inf,66,-0.03,369,-0.003,0.15,255,50.2,
concxstrategy=NA|setup_fade,87,48.3,-0.0124,0.93,-1.1,2,inf,inf,45,-0.128,0,,0.09,0,,
concxsymbol=0-1|NEARUSDT,174,48.3,0.0022,1.02,0.4,35,2.12,1.0,52,0.013,122,-0.003,0.06,174,48.3,
mktbxstrategy=NA|setup_fade,87,48.3,-0.0124,0.93,-1.1,2,inf,inf,45,-0.128,0,,0.09,0,,
regimexstrategy=NA|setup_fade,87,48.3,-0.0124,0.93,-1.1,2,inf,inf,45,-0.128,0,,0.09,0,,
regimexsymbol=bull|TAOUSDT,232,48.3,-0.0135,0.89,-3.1,17,inf,inf,53,-0.013,179,-0.014,0.09,69,46.4,
sym_statexvs=bear|Y,174,48.3,-0.0229,0.85,-4.0,23,inf,inf,78,-0.036,96,-0.013,0.13,102,48.0,
strategyxregimexadx=setup_fade|NA|NA,87,48.3,-0.0124,0.93,-1.1,2,inf,inf,45,-0.128,0,,0.09,0,,
strategyxregimexbreadth=setup_fade|NA|NA,87,48.3,-0.0124,0.93,-1.1,2,inf,inf,45,-0.128,0,,0.09,0,,
strategyxregimextrig=setup_fade|NA|bar,87,48.3,-0.0124,0.93,-1.1,2,inf,inf,45,-0.128,0,,0.09,0,,
oidxsymbol=mid|CHZUSDT,259,48.3,0.0192,1.17,5.0,40,0.24,1.0,106,0.036,153,0.008,0.1,124,49.2,Y
oidxweekday=NA|5,978,48.3,-0.0036,0.97,-3.5,4,inf,inf,965,-0.003,13,-0.055,0.07,6,50.0,
concxsymbol=>=6|ICPUSDT,201,48.3,-0.0111,0.91,-2.2,23,inf,inf,201,-0.011,0,,0.12,0,,
imbxsymbol=>=0.5|SUIUSDT,172,48.3,-0.0047,0.95,-0.8,8,inf,inf,0,,172,-0.005,0.06,56,48.2,
atrpxdecile_band=lo|D4-9,429,48.3,-0.0075,0.95,-3.2,45,inf,inf,182,-0.013,247,-0.003,0.14,228,47.8,
atrpxstrategy=lo|setup_follow,715,48.3,-0.0107,0.87,-7.6,53,inf,inf,278,-0.029,437,0.001,0.14,403,46.9,
concxsymbol=2-3|PENGUUSDT,143,48.3,-0.0247,0.76,-3.5,10,inf,inf,0,,143,-0.025,0.06,15,53.3,
breadthxsymbol=1|ADAUSDT,228,48.2,-0.0005,1.0,-0.1,39,inf,inf,83,0.004,145,-0.003,0.1,150,47.3,
imbxsymbol=<0.5|FILUSDT,114,48.2,-0.0239,0.81,-2.7,22,inf,inf,55,-0.029,59,-0.02,0.1,27,48.1,
symbolxv3=RENDERUSDT|Y,342,48.2,0.009,1.08,3.1,59,0.63,1.0,160,0.026,176,-0.008,0.1,162,48.1,
strategyxregimexadx=setup_follow|neutral|20-30,1536,48.2,-0.0081,0.89,-12.4,31,inf,inf,743,-0.007,793,-0.009,0.11,926,47.3,
breadthxsymbol=1|TAOUSDT,199,48.2,0.0155,1.14,3.1,39,0.91,1.0,59,-0.0,140,0.022,0.09,136,50.0,
strategyxsymbol=burst_follow|ENAUSDT,398,48.2,-0.0108,0.84,-4.3,52,inf,inf,101,-0.002,293,-0.014,0.05,158,43.0,
strategyxvolz=nony_momentum|>=5,284,48.2,-0.0041,0.94,-1.2,40,inf,inf,162,0.002,122,-0.013,0.07,76,57.9,
strategyxweekday=asia_pump_short_4h|4,85,48.2,-0.0181,0.93,-1.5,8,inf,inf,36,0.151,49,-0.142,0.0,34,52.9,
sym_statexsymbol=neutral|RUNEUSDT,85,48.2,-0.0207,0.84,-1.8,16,inf,inf,36,-0.017,49,-0.023,0.08,65,47.7,
mktbxsymbol=<30|FETUSDT,593,48.2,-0.0064,0.95,-3.8,59,inf,inf,301,-0.003,292,-0.01,0.08,250,48.8,
adxxsymbol=>=30|FETUSDT,141,48.2,-0.0015,0.99,-0.2,14,inf,inf,2,0.122,139,-0.003,0.09,78,47.4,
symbolxweekday=ZECUSDT|1,338,48.2,0.0052,1.05,1.8,9,0.7,1.0,183,0.013,129,-0.005,0.09,119,50.4,
strategyxweekdayxhour_band=setup_follow|3|0-5,197,48.2,0.0006,1.01,0.1,9,14.6,8.26,110,0.016,87,-0.019,0.1,77,46.8,
spreadxsymbol=>=5|FETUSDT,477,48.2,-0.0072,0.94,-3.4,49,inf,inf,160,-0.004,317,-0.009,0.09,260,48.5,
atrpxsymbol=NA|RENDERUSDT,56,48.2,0.0035,1.04,0.2,6,2.26,1.0,50,-0.005,0,,0.04,0,,
symbolxvolz=RENDERUSDT|NA,56,48.2,0.0035,1.04,0.2,6,2.26,1.0,50,-0.005,0,,0.04,0,,
symbolxweekend=DOTUSDT|True,168,48.2,-0.0109,0.9,-1.8,16,inf,inf,30,0.024,138,-0.018,0.08,71,49.3,
sym_statexweekday=bear|5,251,48.2,0.0235,1.24,5.9,5,0.31,0.34,82,0.025,169,0.023,0.12,201,47.8,
strategyxweekday=setup_fade|3,780,48.2,-0.0257,0.87,-20.0,9,inf,inf,429,-0.032,351,-0.018,0.11,380,51.3,
sym_statexweekday=neutral|0,1587,48.2,-0.0131,0.89,-20.8,7,inf,inf,802,-0.017,785,-0.009,0.09,729,49.4,
mktbxsymbol=30-60|ETHUSDT,222,48.2,-0.0075,0.92,-1.7,4,inf,inf,0,,222,-0.007,0.08,141,48.2,
adxxsymbol=20-30|QNTUSDT,166,48.2,0.0069,1.06,1.1,32,1.0,1.0,72,0.033,94,-0.013,0.1,90,50.0,
concxsymbol=0-1|ZECUSDT,415,48.2,-0.0109,0.9,-4.5,39,inf,inf,78,0.001,337,-0.014,0.06,415,48.2,
decile_bandxsymbol=D4-9|RUNEUSDT,83,48.2,-0.0091,0.92,-0.8,31,inf,inf,35,0.018,48,-0.029,0.1,44,50.0,
hour_bandxsymbol=6-11|1000LUNCUSDT,83,48.2,-0.0397,0.67,-3.3,28,inf,inf,52,-0.055,31,-0.015,0.06,26,46.2,
imbxsymbol=<0.5|ADAUSDT,332,48.2,0.0006,1.01,0.2,43,8.19,1.0,208,0.02,124,-0.032,0.1,72,47.2,
spreadxstrategy=2-5|setup_follow,913,48.2,0.0013,1.02,1.2,49,1.19,1.5,319,0.003,594,0.0,0.11,548,46.9,
strategyxweekdayxregime=burst_follow|1|NA,83,48.2,-0.0137,0.8,-1.1,1,inf,inf,0,,0,,0.04,0,,
mktbxsymbol=<30|CHZUSDT,469,48.2,0.0011,1.01,0.5,55,2.3,1.0,285,0.007,184,-0.008,0.1,159,49.1,
regimexsymbol=neutral|FETUSDT,303,48.2,0.0113,1.11,3.4,38,0.47,1.0,200,0.008,103,0.017,0.06,98,46.9,
atrpxsymbol=lo|XRPUSDT,413,48.2,-0.0016,0.99,-0.7,42,inf,inf,170,0.001,243,-0.004,0.12,229,45.9,
imbxsym_state=<0.5|bear,440,48.2,0.0055,1.04,2.4,28,0.78,1.39,170,0.017,270,-0.002,0.12,287,47.7,
imbxsymbol=<0.5|ARBUSDT,220,48.2,0.0259,1.22,5.7,27,0.35,1.0,99,0.021,121,0.03,0.11,93,50.5,Y
strategyxweekdayxhour_band=nony_momentum|6|18-23,110,48.2,-0.0643,0.45,-7.1,7,inf,inf,16,-0.003,94,-0.075,0.04,33,51.5,
hour_bandxsymbol=6-11|UNIUSDT,191,48.2,-0.0013,0.99,-0.2,38,inf,inf,89,-0.013,102,0.009,0.12,82,47.6,
atrpxsymbol=mid|FILUSDT,409,48.2,-0.0241,0.82,-9.9,53,inf,inf,226,-0.014,183,-0.037,0.09,166,49.4,
symbolxweekend=RUNEUSDT|False,272,48.2,-0.0038,0.97,-1.0,37,inf,inf,138,-0.001,132,-0.011,0.11,124,49.2,
sidexweekday=SHORT|5,1686,48.2,-0.0025,0.98,-4.1,9,inf,inf,704,0.015,982,-0.015,0.09,692,44.9,
symbol=ICPUSDT,540,48.1,-0.0148,0.89,-8.0,62,inf,inf,279,-0.008,257,-0.023,0.12,224,46.0,
breadthxmktb=1|30-60,189,48.1,0.0001,1.0,0.0,4,108.38,80.4,0,,189,0.0,0.07,127,48.0,
breadthxsymbol=>=4|DASHUSDT,162,48.1,0.0005,1.0,0.1,24,7.45,1.0,46,0.02,116,-0.007,0.07,41,53.7,
hour_bandxsymbol=0-5|DASHUSDT,135,48.1,0.002,1.02,0.3,39,3.39,1.0,69,0.009,66,-0.005,0.06,50,48.0,
regimexsymbol=bear|RENDERUSDT,108,48.1,0.0104,1.1,1.1,17,1.03,1.0,77,0.003,31,0.029,0.06,37,45.9,
sessionxsymbol=None|ICPUSDT,540,48.1,-0.0148,0.89,-8.0,62,inf,inf,279,-0.008,257,-0.023,0.12,224,46.0,
sidexsymbol=SHORT|RENDERUSDT,189,48.1,0.0145,1.1,2.7,60,0.72,1.0,89,0.038,97,-0.015,0.11,86,50.0,
strategyxsymbol=nony_momentum|ENAUSDT,81,48.1,-0.0166,0.76,-1.3,30,inf,inf,36,-0.036,45,-0.001,0.05,31,58.1,
symbolxvolz=SUIUSDT|2-5,54,48.1,-0.0075,0.92,-0.4,8,inf,inf,0,,54,-0.008,0.04,11,54.5,
symbolxvolz=PENGUUSDT|2-5,54,48.1,-0.0272,0.79,-1.5,7,inf,inf,0,,54,-0.027,0.15,11,45.5,
symbolxweekday=QNTUSDT|5,54,48.1,-0.0035,0.97,-0.2,8,inf,inf,12,0.014,42,-0.009,0.09,26,46.2,
strategyxdecile_bandximb=late_fade|D2-3|>=0.5,351,48.1,0.0118,1.25,4.1,45,0.69,0.34,165,0.026,184,-0.001,0.13,111,42.3,
strategyxweekdayxregime=london_burst_fade|5|bull,108,48.1,-0.001,0.99,-0.1,2,inf,inf,0,,108,-0.001,0.05,53,39.6,
breadthxstrategy=2-3|setup_fade,833,48.1,-0.0215,0.88,-17.9,42,inf,inf,324,0.017,509,-0.046,0.09,463,49.9,
fundxsymbol=flat|UNIUSDT,241,48.1,-0.0152,0.88,-3.7,43,inf,inf,147,-0.018,94,-0.012,0.09,97,49.5,
sym_statexsymbol=bear|CHZUSDT,160,48.1,0.0022,1.02,0.4,19,2.36,1.0,117,0.017,43,-0.039,0.12,65,47.7,
strategyxv3=late_fade|N,773,48.1,0.012,1.24,9.3,53,0.96,0.16,335,0.014,435,0.01,0.16,243,45.3,
imbxstrategy=<0.5|setup_fade,1598,48.1,0.0166,1.1,26.5,61,0.45,0.36,762,0.003,836,0.029,0.15,733,50.3,
sidexstrategy=LONG|setup_fade,1598,48.1,0.0166,1.1,26.5,61,0.45,0.36,762,0.003,836,0.029,0.15,733,50.3,
regimexside=neutral|LONG,6791,48.1,-0.012,0.89,-81.2,40,inf,inf,4444,-0.011,2347,-0.015,0.08,2446,48.3,
hour_bandxsymbol=6-11|XLMUSDT,133,48.1,-0.0144,0.89,-1.9,36,inf,inf,68,0.012,65,-0.042,0.13,41,48.8,
strategyxregimexadx=nony_momentum|bull|20-30,133,48.1,-0.0001,1.0,-0.0,9,inf,inf,125,0.004,8,-0.062,0.08,13,38.5,
hour_bandxvs=12-17|Y,850,48.1,-0.0211,0.85,-17.9,57,inf,inf,376,-0.012,455,-0.029,0.11,384,46.4,
concxsymbol=>=6|FETUSDT,212,48.1,0.0125,1.13,2.6,21,0.61,1.0,212,0.012,0,,0.05,0,,
adxxsymbol=>=30|TAOUSDT,185,48.1,-0.0081,0.93,-1.5,13,inf,inf,2,0.122,183,-0.01,0.07,67,46.3,
hour_bandxstrategy=18-23|setup_fade,1241,48.1,0.0028,1.02,3.5,61,1.55,1.62,579,0.022,639,-0.021,0.11,584,48.6,
adxxstrategy=NA|fade_3h_london,79,48.1,0.1272,2.03,10.0,13,0.48,0.32,79,0.127,0,,0.0,0,,
breadthxstrategy=NA|fade_3h_london,79,48.1,0.1272,2.03,10.0,13,0.48,0.32,79,0.127,0,,0.0,0,,
oidxstrategy=NA|fade_3h_london,79,48.1,0.1272,2.03,10.0,13,0.48,0.32,79,0.127,0,,0.0,0,,
spreadxstrategy=NA|fade_3h_london,79,48.1,0.1272,2.03,10.0,13,0.48,0.32,79,0.127,0,,0.0,0,,
strategyxsym_state=fade_3h_london|NA,79,48.1,0.1272,2.03,10.0,13,0.48,0.32,79,0.127,0,,0.0,0,,
symbolxvs=PENGUUSDT|N,158,48.1,-0.0181,0.82,-2.9,10,inf,inf,0,,158,-0.018,0.06,33,51.5,
oidxstrategy=<-0.5|late_fade,210,48.1,0.0169,1.36,3.5,28,1.19,0.22,58,0.009,152,0.02,0.18,72,45.8,
concxsymbol=2-3|QNTUSDT,131,48.1,0.0004,1.0,0.1,31,17.27,1.0,20,0.062,111,-0.011,0.11,51,52.9,
sym_statexvs=neutral|Y,497,48.1,-0.0061,0.95,-3.0,42,inf,inf,173,0.0,324,-0.01,0.13,260,49.6,
strategyxweekdayxhour_band=setup_fade|3|18-23,183,48.1,-0.0034,0.98,-0.6,9,inf,inf,105,-0.014,78,0.011,0.11,98,49.0,
oidxstrategy=mid|late_fade,339,48.1,0.0069,1.12,2.3,39,1.83,0.34,114,0.019,225,0.001,0.18,142,45.1,
adxxsymbol=<20|ARBUSDT,52,48.1,0.0116,1.15,0.6,9,1.23,1.0,27,0.01,25,0.014,0.08,27,55.6,
adxxsymbol=>=30|ICPUSDT,104,48.1,-0.0324,0.78,-3.4,13,inf,inf,8,0.039,96,-0.038,0.12,54,42.6,
atrpxsymbol=lo|QNTUSDT,104,48.1,-0.004,0.97,-0.4,30,inf,inf,44,-0.005,60,-0.003,0.14,53,49.1,
fundxstrategy=flat|fade_3h_late,52,48.1,0.0636,1.41,3.3,17,0.9,0.59,40,0.115,12,-0.107,0.0,8,37.5,
fundxsymbol=flat|SUIUSDT,52,48.1,-0.0131,0.9,-0.7,3,inf,inf,0,,52,-0.013,0.12,21,52.4,
hour_bandxsymbol=12-17|RUNEUSDT,104,48.1,0.004,1.03,0.4,34,2.09,1.0,49,0.009,53,-0.011,0.12,43,48.8,
oidxsymbol=>0.5|FILUSDT,104,48.1,0.0114,1.1,1.2,22,0.88,1.0,36,0.026,68,0.004,0.09,38,52.6,
symbolxweekday=RUNEUSDT|1,52,48.1,-0.016,0.87,-0.8,8,inf,inf,34,-0.026,16,-0.032,0.08,18,44.4,
strategyxdecile_bandximb=london_burst_fade|D2-3|<0.5,620,48.1,0.0109,1.07,6.8,52,1.05,1.2,292,0.003,327,0.018,0.14,200,47.5,
strategyxweekdayxregime=setup_fade|2|neutral,258,48.1,-0.0495,0.77,-12.8,4,inf,inf,86,0.001,172,-0.075,0.11,120,45.0,
adxxoid=<20|<-0.5,283,48.1,-0.002,0.98,-0.6,10,inf,inf,179,-0.01,104,0.011,0.06,124,50.8,
adxxbreadth=<20|>=4,539,48.1,-0.0166,0.84,-8.9,7,inf,inf,452,-0.019,87,-0.004,0.09,175,48.6,
adxxvs=<20|Y,77,48.1,0.0477,1.57,3.7,6,0.49,0.56,21,0.043,56,0.049,0.09,52,50.0,
concxstrategy=NA|asia_burst_fade,77,48.1,-0.1124,0.62,-8.7,1,inf,inf,77,-0.112,0,,0.17,0,,
fundxstrategy=NA|asia_burst_fade,77,48.1,-0.1124,0.62,-8.7,1,inf,inf,77,-0.112,0,,0.17,0,,
mktbxstrategy=NA|asia_burst_fade,77,48.1,-0.1124,0.62,-8.7,1,inf,inf,77,-0.112,0,,0.17,0,,
regimexstrategy=NA|asia_burst_fade,77,48.1,-0.1124,0.62,-8.7,1,inf,inf,77,-0.112,0,,0.17,0,,
strategyxregimexadx=asia_burst_fade|NA|NA,77,48.1,-0.1124,0.62,-8.7,1,inf,inf,77,-0.112,0,,0.17,0,,
strategyxdecile_bandximb=nony_momentum|D2-3|<0.5,77,48.1,0.0096,1.17,0.7,36,0.59,0.8,42,0.005,35,0.015,0.1,38,50.0,
strategyxregimexbreadth=asia_burst_fade|NA|NA,77,48.1,-0.1124,0.62,-8.7,1,inf,inf,77,-0.112,0,,0.17,0,,
strategyxweekdayxregime=asia_burst_fade|2|NA,77,48.1,-0.1124,0.62,-8.7,1,inf,inf,77,-0.112,0,,0.17,0,,
strategyxregimextrig=asia_burst_fade|NA|burst,77,48.1,-0.1124,0.62,-8.7,1,inf,inf,77,-0.112,0,,0.17,0,,
strategyxsym_state=setup_follow|bull,972,48.0,-0.0058,0.92,-5.6,45,inf,inf,140,-0.024,832,-0.003,0.1,583,45.8,
decile_bandxsymbol=D2-3|DASHUSDT,331,48.0,-0.0116,0.9,-3.9,52,inf,inf,165,-0.017,166,-0.006,0.09,141,48.9,
mktbxsymbol=<30|UNIUSDT,662,48.0,-0.008,0.93,-5.3,58,inf,inf,316,-0.007,346,-0.009,0.1,262,48.5,
fundxsymbol=pos|DOTUSDT,229,48.0,-0.0222,0.84,-5.1,25,inf,inf,59,-0.006,170,-0.028,0.1,91,49.5,
decile_bandxsymbol=D4-9|QNTUSDT,127,48.0,0.0134,1.11,1.7,37,0.69,1.0,58,0.014,69,0.013,0.11,48,50.0,
fundxside=pos|SHORT,4154,48.0,-0.0236,0.82,-98.0,62,inf,inf,1204,0.004,2950,-0.035,0.08,1741,47.8,
decile_bandxsym_state=D10|bear,329,48.0,-0.0032,0.97,-1.0,33,inf,inf,141,-0.007,188,-0.001,0.1,166,50.6,
sidexsymbol=LONG|NMRUSDT,177,48.0,0.0103,1.11,1.8,51,0.9,1.0,88,0.006,84,0.022,0.17,80,46.2,
imbxsymbol=>=0.5|RUNEUSDT,202,48.0,-0.0189,0.86,-3.8,36,inf,inf,96,0.006,104,-0.047,0.11,92,46.7,
spreadxsym_state=>=5|bull,479,48.0,-0.008,0.93,-3.9,26,inf,inf,12,-0.007,467,-0.008,0.09,274,46.4,
breadthxside=2-3|SHORT,2293,48.0,-0.0165,0.87,-37.8,43,inf,inf,884,0.003,1409,-0.029,0.08,1350,48.0,
concxsymbol=>=6|DOTUSDT,175,48.0,0.0114,1.11,2.0,20,0.62,1.0,175,0.011,0,,0.08,0,,
regimexsymbol=bull|RUNEUSDT,150,48.0,0.0014,1.01,0.2,14,3.68,1.0,30,0.048,120,-0.01,0.1,75,48.0,
sidexsymbol=SHORT|FILUSDT,325,48.0,-0.0133,0.91,-4.3,62,inf,inf,166,0.014,155,-0.046,0.1,115,46.1,
strategyxsymbol=london_burst_fade|TRUMPUSDT,50,48.0,0.0771,1.73,3.9,8,0.55,1.0,0,,50,0.077,0.16,24,45.8,
symbolxweekday=ENAUSDT|2,150,48.0,0.0278,1.28,4.2,9,0.3,1.0,90,0.035,60,0.017,0.13,44,45.5,
concxspread=>=6|2-5,521,48.0,0.0052,1.05,2.7,10,0.57,0.66,521,0.005,0,,0.07,0,,
strategyxdecile_bandximb=nony_momentum|D4-9|>=0.5,223,48.0,-0.0171,0.75,-3.8,44,inf,inf,115,-0.01,103,-0.026,0.04,66,53.0,
sym_statexsymbol=neutral|RENDERUSDT,173,48.0,0.0123,1.12,2.1,34,0.46,1.0,62,0.035,111,-0.0,0.09,106,48.1,
decile_bandxstrategy=D2-3|setup_fade,3213,48.0,-0.0117,0.93,-37.5,63,inf,inf,1564,0.005,1619,-0.03,0.1,1575,48.1,
symbolxweekday=TAOUSDT|2,98,48.0,-0.0036,0.97,-0.4,9,inf,inf,60,0.012,38,-0.028,0.1,28,50.0,
fundxsymbol=neg|ICPUSDT,171,48.0,-0.0025,0.98,-0.4,34,inf,inf,123,-0.005,48,0.003,0.15,54,44.4,
atrpxsymbol=mid|CHZUSDT,365,47.9,0.0021,1.02,0.8,48,1.5,1.0,191,0.019,174,-0.017,0.1,155,49.0,
hour_bandxspread=6-11|>=5,584,47.9,-0.0136,0.89,-8.0,46,inf,inf,218,-0.011,366,-0.015,0.08,306,50.0,
regimexweekday=bear|5,803,47.9,-0.0073,0.94,-5.9,3,inf,inf,477,-0.01,326,-0.004,0.09,264,48.9,
regimexsym_state=bull|bear,267,47.9,-0.0031,0.97,-0.8,12,inf,inf,186,-0.003,81,-0.003,0.07,109,45.9,
strategyxregimexdecile_band=burst_follow|bull|D10,388,47.9,-0.0244,0.73,-9.5,21,inf,inf,74,-0.041,314,-0.021,0.06,78,42.3,
regimexspread=neutral|>=5,1183,47.9,-0.0014,0.99,-1.7,32,inf,inf,622,0.01,561,-0.014,0.08,622,48.9,
regimexsymbol=bull|FETUSDT,169,47.9,-0.0148,0.88,-2.5,18,inf,inf,32,-0.04,137,-0.009,0.09,82,47.6,
decile_bandxsymbol=D2-3|FILUSDT,434,47.9,-0.0302,0.75,-13.1,59,inf,inf,198,-0.019,227,-0.041,0.07,169,46.2,
mktbxsymbol=<30|ICPUSDT,482,47.9,-0.0086,0.93,-4.1,59,inf,inf,272,-0.004,210,-0.014,0.13,195,46.7,
strategyxregimexdecile_band=setup_follow|neutral|D4-9,770,47.9,-0.0044,0.94,-3.4,40,inf,inf,397,-0.003,373,-0.006,0.13,365,47.1,
regimexstrategy=neutral|london_burst_fade,720,47.9,0.0044,1.03,3.2,30,2.3,1.33,516,0.003,204,0.009,0.15,278,46.8,
strategyxregimextrig=london_burst_fade|neutral|burst,720,47.9,0.0044,1.03,3.2,30,2.3,1.33,516,0.003,204,0.009,0.15,278,46.8,
concxspread=>=6|>=5,455,47.9,0.0153,1.15,7.0,10,0.37,0.36,455,0.015,0,,0.07,0,,
adxxsymbol=NA|UNIUSDT,167,47.9,-0.0011,0.99,-0.2,17,inf,inf,157,-0.0,2,0.333,0.12,4,75.0,
breadthxsymbol=NA|UNIUSDT,167,47.9,-0.0011,0.99,-0.2,17,inf,inf,157,-0.0,2,0.333,0.12,4,75.0,
oidxsymbol=NA|UNIUSDT,167,47.9,-0.0011,0.99,-0.2,17,inf,inf,157,-0.0,2,0.333,0.12,4,75.0,
spreadxsymbol=NA|UNIUSDT,167,47.9,-0.0011,0.99,-0.2,17,inf,inf,157,-0.0,2,0.333,0.12,4,75.0,
sym_statexsymbol=NA|UNIUSDT,167,47.9,-0.0011,0.99,-0.2,17,inf,inf,157,-0.0,2,0.333,0.12,4,75.0,
symbolxvolz=ADAUSDT|2-5,261,47.9,-0.0182,0.86,-4.7,43,inf,inf,105,0.01,156,-0.037,0.1,78,46.2,
spreadxsymbol=>=5|NMRUSDT,71,47.9,0.0074,1.06,0.5,20,1.8,1.0,14,0.05,57,-0.003,0.07,56,46.4,
strategyxweekdayxregime=asia_burst_fade|1|neutral,213,47.9,0.0445,1.34,9.5,5,1.11,0.54,115,-0.035,98,0.138,0.14,84,51.2,
adxxsymbol=NA|ARBUSDT,165,47.9,0.0091,1.08,1.5,12,0.71,1.0,165,0.009,0,,0.08,0,,
breadthxsymbol=NA|ARBUSDT,165,47.9,0.0091,1.08,1.5,12,0.71,1.0,165,0.009,0,,0.08,0,,
oidxsymbol=NA|ARBUSDT,165,47.9,0.0091,1.08,1.5,12,0.71,1.0,165,0.009,0,,0.08,0,,
spreadxsymbol=NA|ARBUSDT,165,47.9,0.0091,1.08,1.5,12,0.71,1.0,165,0.009,0,,0.08,0,,
spreadxweekday=>=5|3,330,47.9,-0.0152,0.87,-5.0,7,inf,inf,147,-0.018,183,-0.013,0.1,179,49.2,
sym_statexsymbol=NA|ARBUSDT,165,47.9,0.0091,1.08,1.5,12,0.71,1.0,165,0.009,0,,0.08,0,,
hour_bandxvolz=0-5|>=5,821,47.9,-0.007,0.94,-5.8,51,inf,inf,394,-0.015,427,0.0,0.09,271,49.4,
hour_bandxsymbol=18-23|QNTUSDT,117,47.9,0.0089,1.07,1.0,32,1.34,1.0,56,-0.015,59,0.029,0.13,54,51.9,
concxstrategy=2-3|late_fade,418,47.8,0.0184,1.37,7.7,23,1.13,0.15,84,0.046,334,0.012,0.19,118,41.5,
symbolxweekday=XRPUSDT|5,232,47.8,-0.0132,0.89,-3.1,9,inf,inf,95,-0.038,137,0.004,0.09,87,48.3,
regimexweekday=neutral|2,1202,47.8,-0.0201,0.85,-24.2,4,inf,inf,711,-0.004,491,-0.044,0.1,352,50.3,
atrpxsymbol=NA|FILUSDT,69,47.8,0.0352,1.49,2.4,7,0.32,1.0,58,0.039,0,,0.06,0,,
concxstrategy=0-1|v65_strict_long,46,47.8,0.0467,1.29,2.1,12,1.07,0.95,1,-0.622,45,0.062,0.2,46,47.8,
concxstrategy=0-1|v65_strict_ny_long,46,47.8,0.0467,1.29,2.1,12,1.07,0.95,1,-0.622,45,0.062,0.2,46,47.8,
decile_bandxsymbol=D4-9|CHZUSDT,138,47.8,0.0077,1.06,1.1,37,0.56,1.0,56,0.027,82,-0.005,0.09,55,50.9,
decile_bandxvs=D2-3|Y,690,47.8,-0.0083,0.93,-5.8,59,inf,inf,307,-0.012,367,-0.009,0.09,316,47.8,
symbolxvolz=FILUSDT|NA,69,47.8,0.0352,1.49,2.4,7,0.32,1.0,58,0.039,0,,0.06,0,,
symbolxweekday=RUNEUSDT|2,46,47.8,-0.036,0.77,-1.7,8,inf,inf,32,-0.023,14,-0.065,0.15,18,50.0,
symbolxweekday=QNTUSDT|3,69,47.8,0.0555,1.66,3.8,9,0.3,1.0,38,0.067,31,0.041,0.09,36,52.8,
symbolxweekday=TAOUSDT|0,92,47.8,-0.0262,0.77,-2.4,9,inf,inf,48,-0.042,44,-0.009,0.04,26,42.3,
strategyxregimexdecile_band=setup_fade|bear|D4-9,414,47.8,0.0093,1.05,3.8,21,1.11,1.13,225,0.021,189,-0.005,0.13,145,46.9,
strategyxregimexbreadth=asia_pump_short_4h|neutral|2-3,46,47.8,-0.0932,0.61,-4.3,17,inf,inf,31,-0.181,15,0.088,0.0,20,50.0,
strategyxweekdayxregime=late_fade|4|bull,46,47.8,-0.0031,0.93,-0.1,2,inf,inf,0,,46,-0.003,0.04,19,36.8,
strategyxdecile_bandximb=setup_fade|D2-3|>=0.5,2344,47.8,-0.0175,0.9,-41.1,63,inf,inf,1131,0.005,1183,-0.043,0.09,1157,48.4,
symbolxv3=ADAUSDT|Y,458,47.8,-0.0058,0.95,-2.7,59,inf,inf,241,-0.004,211,-0.008,0.09,197,47.7,
strategy=late_fade,797,47.8,0.011,1.22,8.7,53,1.02,0.17,345,0.015,449,0.008,0.16,252,44.8,
hour_bandxstrategy=18-23|late_fade,797,47.8,0.011,1.22,8.7,53,1.02,0.17,345,0.015,449,0.008,0.16,252,44.8,
sessionxstrategy=None|late_fade,797,47.8,0.011,1.22,8.7,53,1.02,0.17,345,0.015,449,0.008,0.16,252,44.8,
strategyxvs=late_fade|N,797,47.8,0.011,1.22,8.7,53,1.02,0.17,345,0.015,449,0.008,0.16,252,44.8,
strategyxsymbol=setup_follow|TAOUSDT,182,47.8,-0.0071,0.9,-1.3,58,inf,inf,78,-0.017,103,-0.002,0.08,98,45.9,
atrpxsymbol=NA|XRPUSDT,272,47.8,-0.0039,0.96,-1.1,11,inf,inf,243,-0.003,4,-0.115,0.07,6,50.0,
symbolxvolz=XRPUSDT|NA,272,47.8,-0.0039,0.96,-1.1,11,inf,inf,243,-0.003,4,-0.115,0.07,6,50.0,
spreadxvolz=>=5|>=5,362,47.8,-0.0142,0.86,-5.1,44,inf,inf,156,0.0,206,-0.025,0.06,138,48.6,
concxsymbol=0-1|DASHUSDT,113,47.8,0.0238,1.31,2.7,29,0.23,1.0,33,0.032,80,0.021,0.04,113,47.8,Y
symbolxweekday=FETUSDT|5,90,47.8,-0.0177,0.87,-1.6,9,inf,inf,31,0.009,59,-0.032,0.09,37,48.6,
strategyxweekdayxhour_band=nony_momentum|4|0-5,90,47.8,0.0012,1.02,0.1,7,5.47,10.15,44,0.018,46,-0.015,0.1,32,53.1,
symbol=DASHUSDT,538,47.8,-0.0065,0.94,-3.5,58,inf,inf,277,-0.008,261,-0.005,0.09,196,49.0,
sessionxsymbol=None|DASHUSDT,538,47.8,-0.0065,0.94,-3.5,58,inf,inf,277,-0.008,261,-0.005,0.09,196,49.0,
decile_bandxstrategy=D4-9|nony_momentum,224,47.8,-0.018,0.74,-4.0,44,inf,inf,115,-0.01,104,-0.028,0.04,67,52.2,
imbxside=>=0.5|SHORT,7049,47.8,-0.0127,0.92,-89.4,63,inf,inf,3402,-0.002,3547,-0.026,0.1,2714,48.7,
adxxsymbol=<20|ENAUSDT,67,47.8,0.0115,1.09,0.8,8,1.09,1.0,36,-0.011,31,0.038,0.13,26,46.2,
breadthxstrategy=2-3|london_burst_fade,402,47.8,0.0128,1.08,5.1,37,0.89,0.88,163,0.044,239,-0.008,0.14,227,45.8,
concxstrategy=0-1|late_fade,134,47.8,-0.0037,0.93,-0.5,30,inf,inf,19,-0.011,115,-0.002,0.12,134,47.8,
hour_bandxsymbol=18-23|1000PEPEUSDT,268,47.8,-0.0192,0.83,-5.2,48,inf,inf,126,0.013,142,-0.048,0.11,94,47.9,
sidexsymbol=SHORT|AAVEUSDT,67,47.8,0.0078,1.06,0.5,10,3.74,1.0,0,,67,0.008,0.09,20,55.0,
strategyxweekdayxhour_band=asia_pump_short_4h|4|0-5,67,47.8,-0.016,0.93,-1.1,8,inf,inf,30,0.064,37,-0.081,0.0,27,48.1,
strategyxweekday=london_burst_fade|6,245,47.8,0.0479,1.4,11.7,8,0.94,0.24,84,-0.015,161,0.081,0.15,83,53.0,
atrpxstrategy=lo|asia_burst_fade,266,47.7,0.0138,1.08,3.7,38,0.96,1.26,113,-0.011,153,0.032,0.15,161,48.4,
regimexsymbol=neutral|QNTUSDT,155,47.7,-0.0001,1.0,-0.0,31,inf,inf,87,0.002,68,-0.002,0.1,74,48.6,
strategyxweekdayxregime=setup_fade|0|bear,199,47.7,-0.0198,0.9,-3.9,3,inf,inf,75,0.002,124,-0.033,0.11,90,46.7,
adxxstrategy=>=30|v65_strict_long,44,47.7,0.0413,1.25,1.8,7,1.27,0.71,0,,44,0.041,0.16,42,47.6,
adxxstrategy=>=30|v65_strict_ny_long,44,47.7,0.0413,1.25,1.8,7,1.27,0.71,0,,44,0.041,0.16,42,47.6,
adxxsymbol=<20|XLMUSDT,44,47.7,-0.0313,0.73,-1.4,8,inf,inf,22,-0.068,22,0.006,0.07,14,42.9,
decile_bandxsymbol=D10|UNIUSDT,88,47.7,0.0072,1.05,0.6,29,2.67,1.0,52,0.015,36,-0.004,0.12,16,56.2,
hour_bandxsymbol=0-5|ARBUSDT,176,47.7,0.0015,1.01,0.3,38,7.8,1.0,101,0.019,75,-0.023,0.07,53,52.8,
regimexstrategy=bull|v65_strict_long,44,47.7,0.0413,1.25,1.8,7,1.27,0.71,0,,44,0.041,0.16,42,47.6,
regimexstrategy=bull|v65_strict_ny_long,44,47.7,0.0413,1.25,1.8,7,1.27,0.71,0,,44,0.041,0.16,42,47.6,
symbolxweekday=ARBUSDT|2,88,47.7,-0.0227,0.82,-2.0,8,inf,inf,35,-0.003,53,-0.036,0.08,39,46.2,
symbolxweekend=QNTUSDT|True,88,47.7,0.0039,1.03,0.3,15,1.66,1.0,18,0.047,70,-0.007,0.09,42,47.6,
vsxweekday=Y|0,176,47.7,-0.0355,0.74,-6.2,8,inf,inf,101,-0.045,75,-0.023,0.11,65,47.7,
strategyxregimexadx=v65_strict_long|bull|>=30,44,47.7,0.0413,1.25,1.8,7,1.27,0.71,0,,44,0.041,0.16,42,47.6,
strategyxregimexadx=v65_strict_ny_long|bull|>=30,44,47.7,0.0413,1.25,1.8,7,1.27,0.71,0,,44,0.041,0.16,42,47.6,
strategyxsidexregime=v65_strict_long|LONG|bull,44,47.7,0.0413,1.25,1.8,7,1.27,0.71,0,,44,0.041,0.16,42,47.6,
strategyxsidexregime=v65_strict_ny_long|LONG|bull,44,47.7,0.0413,1.25,1.8,7,1.27,0.71,0,,44,0.041,0.16,42,47.6,
strategyxregimextrig=v65_strict_long|bull|bar,44,47.7,0.0413,1.25,1.8,7,1.27,0.71,0,,44,0.041,0.16,42,47.6,
strategyxregimextrig=v65_strict_ny_long|bull|bar,44,47.7,0.0413,1.25,1.8,7,1.27,0.71,0,,44,0.041,0.16,42,47.6,
symbolxvolz=RENDERUSDT|<2,218,47.7,0.0205,1.18,4.5,46,0.43,1.0,98,0.039,120,0.005,0.12,106,48.1,
decile_bandxspread=D4-9|>=5,629,47.7,-0.0016,0.99,-1.0,47,inf,inf,201,0.01,428,-0.007,0.09,359,49.0,
strategyxsymbol=setup_fade|UNIUSDT,195,47.7,-0.0176,0.9,-3.4,57,inf,inf,89,-0.017,103,-0.018,0.1,98,51.0,
regimexside=bull|SHORT,4630,47.7,-0.023,0.82,-106.6,22,inf,inf,889,0.011,3741,-0.031,0.08,1867,47.2,
adxxsymbol=20-30|UNIUSDT,344,47.7,-0.0026,0.98,-0.9,37,inf,inf,134,-0.008,210,0.001,0.1,196,47.4,
spreadxv3=>=5|Y,1546,47.7,-0.0058,0.95,-8.9,49,inf,inf,565,0.006,981,-0.013,0.09,963,48.2,
symbolxvs=DASHUSDT|N,493,47.7,-0.0045,0.96,-2.2,58,inf,inf,257,-0.007,236,-0.002,0.1,173,48.6,
strategyxsymbol=london_burst_fade|WLDUSDT,107,47.7,-0.0027,0.99,-0.3,41,inf,inf,67,0.013,36,-0.032,0.15,16,31.2,
symbolxweekday=NEARUSDT|5,107,47.7,-0.0088,0.93,-0.9,9,inf,inf,52,0.027,55,-0.043,0.1,40,47.5,
mktbxside=30-60|SHORT,1089,47.7,-0.0459,0.66,-50.0,4,inf,inf,0,,1089,-0.046,0.04,470,47.0,
atrpxside=hi|SHORT,3819,47.7,-0.0172,0.84,-65.7,57,inf,inf,998,-0.016,2821,-0.018,0.07,1392,48.1,
decile_bandxvs=D10|Y,128,47.7,-0.0089,0.94,-1.1,37,inf,inf,58,0.007,68,-0.024,0.16,44,43.2,
fundxstrategy=flat|late_fade,384,47.7,0.0124,1.25,4.7,50,0.72,0.18,205,0.014,179,0.01,0.16,125,47.2,
regimexsymbol=bull|NMRUSDT,128,47.7,-0.007,0.95,-0.9,17,inf,inf,32,-0.049,96,0.007,0.09,72,44.4,
cascxstrategy=Y|setup_follow,405,47.7,-0.0077,0.9,-3.1,36,inf,inf,53,0.031,352,-0.014,0.09,250,47.6,
spreadxsymbol=<2|PENGUUSDT,149,47.7,-0.0158,0.85,-2.4,10,inf,inf,0,,149,-0.016,0.07,32,50.0,
fundxsymbol=flat|WLDUSDT,468,47.6,-0.0246,0.79,-11.5,45,inf,inf,343,-0.029,125,-0.013,0.07,81,43.2,
imbxsymbol=>=0.5|DASHUSDT,468,47.6,-0.0011,0.99,-0.5,53,inf,inf,227,0.006,241,-0.008,0.09,188,48.9,
imbxspread=<0.5|>=5,361,47.6,-0.0011,0.99,-0.4,33,inf,inf,119,0.034,242,-0.019,0.09,172,47.1,
concxsymbol=2-3|DASHUSDT,233,47.6,-0.0131,0.89,-3.1,36,inf,inf,52,-0.004,181,-0.016,0.09,83,50.6,
concxstrategy=2-3|setup_fade,1885,47.6,-0.0175,0.91,-33.0,42,inf,inf,367,0.013,1518,-0.025,0.12,900,48.8,
breadthxmktb=2-3|>=60,63,47.6,-0.0003,1.0,-0.0,2,inf,inf,0,,63,-0.0,0.03,30,36.7,
concxhour_band=NA|6-11,147,47.6,0.0337,1.31,5.0,5,0.85,0.42,111,0.047,6,-0.088,0.11,7,57.1,
decile_bandxsymbol=D4-9|PENGUUSDT,42,47.6,-0.0367,0.7,-1.5,8,inf,inf,0,,42,-0.037,0.1,12,50.0,
fundxhour_band=NA|6-11,147,47.6,0.0337,1.31,5.0,5,0.85,0.42,111,0.047,6,-0.088,0.11,7,57.1,
fundxsymbol=NA|XRPUSDT,63,47.6,0.0201,1.22,1.3,6,0.92,1.0,34,0.044,4,-0.115,0.1,6,50.0,
hour_bandxmktb=6-11|NA,147,47.6,0.0337,1.31,5.0,5,0.85,0.42,111,0.047,6,-0.088,0.11,7,57.1,
hour_bandxregime=6-11|NA,147,47.6,0.0337,1.31,5.0,5,0.85,0.42,111,0.047,6,-0.088,0.11,7,57.1,
hour_bandxsymbol=6-11|ICPUSDT,105,47.6,-0.0194,0.83,-2.0,30,inf,inf,60,0.008,45,-0.056,0.1,38,47.4,
oidxsymbol=mid|DOGEUSDT,147,47.6,0.0053,1.05,0.8,9,2.49,1.0,0,,147,0.005,0.1,35,57.1,
regimexstrategy=bear|london_burst_fade,336,47.6,-0.0036,0.98,-1.2,14,inf,inf,287,-0.011,49,0.037,0.15,46,47.8,
spreadxstrategy=>=5|london_burst_fade,84,47.6,-0.0255,0.87,-2.1,28,inf,inf,42,0.099,42,-0.15,0.14,28,39.3,
symbolxweekday=WLDUSDT|2,231,47.6,-0.0029,0.98,-0.7,9,inf,inf,166,-0.014,65,0.025,0.09,67,50.7,
symbolxweekday=RENDERUSDT|5,42,47.6,0.025,1.35,1.0,8,0.59,1.0,14,0.016,28,0.03,0.07,20,45.0,
symbolxweekday=RUNEUSDT|6,42,47.6,-0.0099,0.94,-0.4,7,inf,inf,13,0.143,29,-0.078,0.17,25,44.0,
symbolxweekend=CHZUSDT|True,126,47.6,0.0077,1.07,1.0,15,1.2,1.0,58,-0.009,68,0.022,0.11,38,50.0,
strategyxweekdayxhour_band=london_burst_fade|5|12-17,63,47.6,-0.0546,0.68,-3.4,8,inf,inf,35,-0.056,28,-0.052,0.08,25,32.0,
strategyxweekdayxhour_band=setup_follow|1|0-5,189,47.6,-0.0169,0.77,-3.2,8,inf,inf,81,-0.032,108,-0.006,0.04,80,47.5,
strategyxregimexbreadth=london_burst_fade|neutral|1,126,47.6,-0.0137,0.93,-1.7,21,inf,inf,67,-0.072,59,0.053,0.18,92,45.7,
strategyxregimextrig=london_burst_fade|bear|burst,336,47.6,-0.0036,0.98,-1.2,14,inf,inf,287,-0.011,49,0.037,0.15,46,47.8,
strategyxsidexregime=asia_burst_fade|LONG|bull,500,47.6,-0.0001,1.0,-0.0,16,inf,inf,50,-0.109,450,0.012,0.12,221,46.6,
concxsymbol=>=6|DASHUSDT,187,47.6,-0.0186,0.86,-3.5,23,inf,inf,187,-0.019,0,,0.12,0,,
atrpxweekday=NA|5,477,47.6,-0.0097,0.91,-4.6,1,inf,inf,477,-0.01,0,,0.06,0,,
volzxweekday=NA|5,477,47.6,-0.0097,0.91,-4.6,1,inf,inf,477,-0.01,0,,0.06,0,,
sidexsymbol=SHORT|1000PEPEUSDT,622,47.6,-0.016,0.87,-10.0,62,inf,inf,314,-0.004,302,-0.032,0.09,211,49.8,
regimexsymbol=bear|ICPUSDT,145,47.6,-0.0059,0.95,-0.9,18,inf,inf,86,-0.012,59,0.004,0.12,56,46.4,
adxxsymbol=<20|SOLUSDT,124,47.6,-0.0197,0.82,-2.4,10,inf,inf,59,-0.048,65,0.006,0.08,76,42.1,
adxxsymbol=>=30|RUNEUSDT,124,47.6,-0.0049,0.96,-0.6,11,inf,inf,4,0.05,120,-0.007,0.11,77,48.1,
symbolxweekday=UNIUSDT|4,124,47.6,-0.0317,0.79,-3.9,9,inf,inf,59,-0.01,65,-0.051,0.13,55,47.3,
strategy=fade_3h_london,103,47.6,0.099,1.69,10.2,19,0.47,0.36,82,0.122,21,0.009,0.0,14,57.1,
imbxstrategy=<0.5|fade_3h_london,103,47.6,0.099,1.69,10.2,19,0.47,0.36,82,0.122,21,0.009,0.0,14,57.1,
sessionxstrategy=None|fade_3h_london,103,47.6,0.099,1.69,10.2,19,0.47,0.36,82,0.122,21,0.009,0.0,14,57.1,
sidexstrategy=LONG|fade_3h_london,103,47.6,0.099,1.69,10.2,19,0.47,0.36,82,0.122,21,0.009,0.0,14,57.1,
strategyxvs=fade_3h_london|N,103,47.6,0.099,1.69,10.2,19,0.47,0.36,82,0.122,21,0.009,0.0,14,57.1,
atrpxsymbol=mid|AVAXUSDT,82,47.6,-0.0677,0.59,-5.6,10,inf,inf,0,,82,-0.068,0.11,30,46.7,
strategyxsymbol=london_burst_fade|ETHUSDT,471,47.6,0.0198,1.11,9.3,53,0.34,1.0,276,0.006,188,0.035,0.18,198,45.5,Y
atrpxoid=lo|<-0.5,122,47.5,-0.0045,0.97,-0.5,26,inf,inf,38,-0.008,84,-0.003,0.11,79,50.6,
cascxsymbol=Y|ZECUSDT,366,47.5,-0.0091,0.9,-3.3,6,inf,inf,0,,366,-0.009,0.06,227,44.9,
decile_bandxsymbol=D10|CHZUSDT,61,47.5,-0.0158,0.88,-1.0,22,inf,inf,45,-0.007,16,-0.041,0.11,10,40.0,
symbolxvs=FETUSDT|Y,61,47.5,-0.0007,1.0,-0.0,20,inf,inf,20,-0.032,41,0.015,0.11,43,51.2,
strategyxweekdayxregime=late_fade|3|bull,61,47.5,0.0049,1.1,0.3,3,4.02,1.76,35,0.034,26,-0.035,0.11,17,47.1,
spreadxsymbol=>=5|CHZUSDT,364,47.5,0.0046,1.04,1.7,44,0.69,1.0,155,0.016,209,-0.004,0.1,169,49.1,
concxvs=2-3|Y,465,47.5,-0.0239,0.84,-11.1,37,inf,inf,85,0.024,380,-0.035,0.13,200,48.5,
strategyxregimexdecile_band=setup_fade|bull|D10,101,47.5,-0.0196,0.9,-2.0,18,inf,inf,27,0.004,74,-0.028,0.15,40,60.0,
atrpxsymbol=hi|ARBUSDT,242,47.5,0.0014,1.01,0.3,33,5.71,1.0,149,0.0,93,0.003,0.07,47,46.8,
concxstrategy=>=6|late_fade,242,47.5,0.006,1.12,1.5,22,2.51,0.67,242,0.006,0,,0.12,0,,
fundxsymbol=neg|TRUMPUSDT,141,47.5,-0.0182,0.79,-2.6,8,inf,inf,0,,141,-0.018,0.03,76,50.0,
concxstrategy=0-1|setup_follow,1570,47.5,-0.0072,0.9,-11.3,40,inf,inf,333,-0.018,1237,-0.004,0.1,1570,47.5,
hour_bandxsymbol=12-17|QNTUSDT,80,47.5,-0.0082,0.93,-0.7,27,inf,inf,36,0.055,44,-0.06,0.07,42,47.6,
hour_bandxsymbol=18-23|DOTUSDT,160,47.5,-0.029,0.78,-4.6,38,inf,inf,72,-0.023,88,-0.034,0.11,57,50.9,
imbxsymbol=>=0.5|PENGUUSDT,120,47.5,-0.0186,0.83,-2.2,10,inf,inf,0,,120,-0.019,0.07,25,48.0,
sidexsym_state=SHORT|bear,1017,47.5,-0.0199,0.87,-20.2,40,inf,inf,459,-0.018,558,-0.022,0.1,643,47.9,
symbolxweekend=SUIUSDT|False,139,47.5,-0.0087,0.92,-1.2,5,inf,inf,0,,139,-0.009,0.09,35,48.6,
spreadxstrategy=>=5|setup_follow,754,47.5,-0.0026,0.96,-2.0,49,inf,inf,276,-0.012,478,0.003,0.09,476,48.1,
atrpxsymbol=mid|ICPUSDT,337,47.5,-0.02,0.86,-6.7,53,inf,inf,172,-0.015,165,-0.026,0.16,163,44.8,
strategyxsymbol=setup_fade|FILUSDT,198,47.5,-0.0035,0.98,-0.7,59,inf,inf,109,0.023,88,-0.038,0.12,89,50.6,
strategyxweekdayxhour_band=burst_follow|5|0-5,257,47.5,-0.0369,0.61,-9.5,8,inf,inf,67,0.039,190,-0.064,0.09,81,46.9,
strategyxweekdayxhour_band=setup_follow|6|0-5,177,47.5,-0.0105,0.84,-1.9,9,inf,inf,68,-0.042,109,0.009,0.07,100,45.0,
strategyxsymbol=setup_follow|ENAUSDT,196,47.4,-0.0116,0.84,-2.3,53,inf,inf,117,-0.021,79,0.002,0.1,70,50.0,
concxsymbol=>=6|UNIUSDT,234,47.4,-0.007,0.94,-1.6,23,inf,inf,234,-0.007,0,,0.1,0,,
imbxstrategy=<0.5|nony_momentum,78,47.4,0.0066,1.11,0.5,36,0.85,1.14,42,0.005,36,0.008,0.1,39,48.7,
sidexstrategy=SHORT|nony_momentum,78,47.4,0.0066,1.11,0.5,36,0.85,1.14,42,0.005,36,0.008,0.1,39,48.7,
sym_statexsymbol=bull|FETUSDT,78,47.4,0.0078,1.06,0.6,7,1.63,1.0,0,,78,0.008,0.1,37,45.9,
atrpxsymbol=hi|UNIUSDT,350,47.4,0.0041,1.04,1.4,35,1.26,1.0,111,0.003,239,0.005,0.09,140,47.9,
strategyxregimexbreadth=setup_fade|bear|1,601,47.4,-0.0248,0.87,-14.9,14,inf,inf,90,-0.072,511,-0.016,0.1,442,48.2,
imbxsymbol=<0.5|UNIUSDT,232,47.4,0.0127,1.1,2.9,37,0.74,1.0,116,0.024,116,0.001,0.13,88,47.7,
adxxvs=20-30|Y,578,47.4,-0.0223,0.85,-12.9,32,inf,inf,243,-0.012,335,-0.03,0.13,298,47.0,
regimexstrategy=neutral|ny_flush_buy_4h,346,47.4,-0.0559,0.72,-19.3,26,inf,inf,233,0.026,113,-0.225,0.0,76,44.7,
strategyxsidexregime=ny_flush_buy_4h|LONG|neutral,346,47.4,-0.0559,0.72,-19.3,26,inf,inf,233,0.026,113,-0.225,0.0,76,44.7,
strategyxregimextrig=ny_flush_buy_4h|neutral|burst,346,47.4,-0.0559,0.72,-19.3,26,inf,inf,233,0.026,113,-0.225,0.0,76,44.7,
oidxvs=>0.5|Y,249,47.4,-0.0253,0.83,-6.3,38,inf,inf,53,0.013,196,-0.035,0.1,163,46.6,
regimexsymbol=neutral|CHZUSDT,287,47.4,0.0046,1.04,1.3,35,0.66,1.0,192,0.013,95,-0.011,0.11,102,49.0,
strategyxregimexdecile_band=asia_burst_fade|bull|D2-3,878,47.4,-0.0165,0.9,-14.5,16,inf,inf,158,-0.026,720,-0.014,0.09,323,45.5,
spreadxvolz=>=5|2-5,591,47.4,-0.0172,0.87,-10.1,48,inf,inf,210,0.001,381,-0.027,0.11,311,48.6,
breadthxsymbol=>=4|RUNEUSDT,114,47.4,-0.0192,0.85,-2.2,23,inf,inf,28,-0.003,86,-0.024,0.11,63,47.6,
cascxsymbol=Y|RENDERUSDT,38,47.4,-0.0116,0.91,-0.4,3,inf,inf,0,,38,-0.012,0.11,20,45.0,
hour_bandxsymbol=12-17|PUMPUSDT,57,47.4,-0.0429,0.62,-2.4,9,inf,inf,0,,57,-0.043,0.07,10,40.0,
symbolxv3=PENGUUSDT|N,114,47.4,-0.0325,0.67,-3.7,10,inf,inf,0,,114,-0.033,0.04,15,60.0,
symbolxweekday=DASHUSDT|3,76,47.4,-0.0146,0.88,-1.1,9,inf,inf,46,-0.019,30,-0.009,0.09,31,45.2,
strategyxsidexregime=asia_burst_fade|LONG|bear,171,47.4,0.009,1.05,1.5,12,1.49,0.79,116,-0.031,55,0.093,0.12,73,52.1,
cascxstrategy=N|london_burst_fade,1706,47.4,-0.0005,1.0,-0.8,54,inf,inf,947,0.005,715,-0.016,0.15,514,46.7,
adxxweekday=<20|0,718,47.4,-0.0241,0.8,-17.3,3,inf,inf,366,-0.031,352,-0.017,0.09,422,49.5,
concxsym_state=>=6|bear,264,47.3,0.0007,1.01,0.2,10,4.58,9.42,264,0.001,0,,0.11,0,,
strategyxregimexbreadth=asia_burst_fade|bull|>=4,773,47.3,-0.0077,0.95,-6.0,15,inf,inf,68,-0.028,705,-0.006,0.1,228,46.5,
regimexvs=neutral|Y,581,47.3,-0.0047,0.97,-2.7,32,inf,inf,330,0.004,251,-0.016,0.13,240,47.1,
symbolxweekday=FILUSDT|6,131,47.3,-0.0227,0.81,-3.0,8,inf,inf,39,0.04,92,-0.049,0.1,42,54.8,
strategyxregimexbreadth=nony_momentum|neutral|>=4,355,47.3,-0.0449,0.55,-15.9,18,inf,inf,204,-0.042,151,-0.049,0.05,114,45.6,
atrpxsymbol=mid|DASHUSDT,279,47.3,-0.0059,0.95,-1.6,46,inf,inf,157,-0.003,122,-0.01,0.08,131,48.1,
decile_bandxsymbol=D10|FETUSDT,93,47.3,-0.0143,0.89,-1.3,29,inf,inf,53,-0.029,40,0.006,0.09,25,52.0,
symbolxvolz=RUNEUSDT|2-5,93,47.3,-0.0238,0.85,-2.2,23,inf,inf,38,0.021,55,-0.054,0.15,47,46.8,
regimexsymbol=neutral|DOTUSDT,315,47.3,-0.01,0.92,-3.1,33,inf,inf,180,0.022,135,-0.052,0.1,132,48.5,
strategyxweekdayxregime=setup_follow|2|bear,148,47.3,-0.0074,0.9,-1.1,3,inf,inf,84,0.013,64,-0.034,0.12,101,49.5,
sidexsymbol=SHORT|BNBUSDT,406,47.3,-0.0532,0.64,-21.6,59,inf,inf,203,-0.034,199,-0.072,0.09,118,50.8,
strategyxweekday=setup_follow|5,774,47.3,-0.0084,0.89,-6.5,9,inf,inf,339,0.001,435,-0.016,0.11,373,44.8,
fundxsymbol=pos|FETUSDT,184,47.3,-0.0048,0.96,-0.9,33,inf,inf,46,-0.012,138,-0.003,0.09,75,48.0,
strategyxweekdayxhour_band=setup_follow|4|12-17,184,47.3,-0.0013,0.98,-0.2,9,inf,inf,112,0.007,72,-0.013,0.08,86,47.7,
decile_bandxsymbol=D10|WLDUSDT,239,47.3,-0.015,0.87,-3.6,47,inf,inf,166,-0.01,73,-0.026,0.08,55,52.7,
atrpxvs=mid|Y,698,47.3,-0.0162,0.89,-11.3,54,inf,inf,283,-0.016,415,-0.017,0.15,344,47.4,
fundxsymbol=flat|CHZUSDT,55,47.3,-0.0441,0.68,-2.4,14,inf,inf,35,-0.058,20,-0.02,0.07,30,46.7,
oidxsymbol=<-0.5|QNTUSDT,55,47.3,-0.0125,0.91,-0.7,19,inf,inf,10,0.035,45,-0.023,0.15,31,51.6,
symbolxweekday=ZECUSDT|3,275,47.3,-0.0062,0.94,-1.7,9,inf,inf,163,-0.015,112,0.007,0.07,93,51.6,
vsxweekday=Y|1,201,47.3,0.0135,1.13,2.7,9,0.67,0.44,79,-0.007,91,0.023,0.06,81,46.9,
concxsymbol=0-1|FILUSDT,146,47.3,-0.0168,0.88,-2.5,34,inf,inf,45,-0.004,101,-0.022,0.1,146,47.3,
strategyxweekdayxhour_band=london_burst_fade|6|6-11,146,47.3,0.0303,1.23,4.4,7,0.92,0.51,57,-0.02,89,0.063,0.14,50,48.0,
strategyxweekdayxhour_band=burst_follow|1|0-5,290,47.2,-0.0159,0.78,-4.6,7,inf,inf,140,-0.001,150,-0.029,0.05,91,46.2,
adxxsymbol=20-30|CHZUSDT,235,47.2,0.0067,1.06,1.6,34,0.73,1.0,119,0.016,116,-0.003,0.09,103,48.5,
symbolxweekend=FILUSDT|True,235,47.2,-0.0157,0.86,-3.7,17,inf,inf,76,0.028,159,-0.037,0.08,79,50.6,
strategyxregimexadx=setup_follow|neutral|NA,559,47.2,-0.0011,0.98,-0.6,8,inf,inf,559,-0.001,0,,0.11,0,,
strategyxregimexbreadth=setup_follow|neutral|NA,559,47.2,-0.0011,0.98,-0.6,8,inf,inf,559,-0.001,0,,0.11,0,,
mktbxv3=>=60|Y,36,47.2,0.0612,1.57,2.2,2,0.52,0.28,0,,36,0.061,0.14,33,48.5,
spreadxsymbol=2-5|ICPUSDT,396,47.2,-0.0113,0.91,-4.5,48,inf,inf,139,0.01,257,-0.023,0.12,224,46.0,
symbolxweekday=NMRUSDT|0,36,47.2,-0.0339,0.81,-1.2,6,inf,inf,23,-0.055,13,0.003,0.22,15,46.7,
strategyxweekdayxhour_band=setup_fade|1|6-11,180,47.2,-0.0037,0.98,-0.7,9,inf,inf,97,-0.011,81,0.001,0.07,84,50.0,
regimexstrategy=bull|asia_burst_fade,1150,47.2,-0.0068,0.96,-7.8,16,inf,inf,204,-0.003,946,-0.008,0.1,401,45.1,
strategyxregimextrig=asia_burst_fade|bull|burst,1150,47.2,-0.0068,0.96,-7.8,16,inf,inf,204,-0.003,946,-0.008,0.1,401,45.1,
volzxvs=<2|Y,678,47.2,-0.0017,0.99,-1.1,51,inf,inf,279,-0.003,399,-0.001,0.1,334,47.9,
mktbxstrategy=<30|fade_3h_late,89,47.2,0.0651,1.56,5.8,16,0.82,0.29,73,0.075,16,0.02,0.0,9,77.8,
fundxstrategy=flat|fade_3h_london,53,47.2,0.0591,1.44,3.1,16,0.56,0.4,50,0.044,3,0.304,0.0,2,50.0,
imbxvs=>=0.5|Y,880,47.2,-0.0161,0.88,-14.2,56,inf,inf,398,-0.012,454,-0.024,0.11,382,46.1,
decile_bandxsymbol=D4-9|ICPUSDT,123,47.2,-0.0154,0.9,-1.9,42,inf,inf,61,0.002,62,-0.032,0.15,54,46.3,
strategyxregimexadx=setup_fade|bear|20-30,685,47.2,-0.0194,0.9,-13.3,14,inf,inf,146,-0.072,539,-0.005,0.1,492,48.4,
adxxside=>=30|SHORT,3780,47.1,-0.0257,0.8,-97.0,14,inf,inf,130,0.038,3650,-0.028,0.08,1750,46.8,
concxsymbol=2-3|RENDERUSDT,140,47.1,-0.0232,0.81,-3.2,32,inf,inf,40,0.001,100,-0.033,0.1,59,45.8,
strategyxvs=burst_follow|Y,70,47.1,-0.0894,0.35,-6.3,33,inf,inf,31,-0.02,38,-0.146,0.04,17,70.6,
strategyxsidexregime=setup_follow|LONG|neutral,1801,47.1,-0.0055,0.92,-9.9,39,inf,inf,1022,-0.011,779,0.001,0.11,888,47.1,
regimexstrategy=bear|setup_fade,1258,47.1,-0.0189,0.9,-23.8,21,inf,inf,649,-0.023,609,-0.015,0.1,544,47.4,
strategyxregimextrig=setup_fade|bear|bar,1258,47.1,-0.0189,0.9,-23.8,21,inf,inf,649,-0.023,609,-0.015,0.1,544,47.4,
oidxstrategy=<-0.5|setup_fade,401,47.1,-0.0175,0.91,-7.0,48,inf,inf,127,-0.077,274,0.01,0.11,264,48.5,
oidxstrategy=>0.5|asia_pump_short_4h,87,47.1,-0.1052,0.59,-9.2,24,inf,inf,10,0.063,77,-0.127,0.0,36,47.2,
sidexspread=SHORT|>=5,1059,47.1,-0.0057,0.96,-6.0,49,inf,inf,413,0.019,646,-0.022,0.09,570,47.4,
symbolxweekday=FILUSDT|5,104,47.1,-0.0069,0.93,-0.7,9,inf,inf,37,0.016,67,-0.019,0.06,37,45.9,
symbolxweekend=RENDERUSDT|True,104,47.1,0.0076,1.09,0.8,16,0.78,1.0,31,0.015,73,0.004,0.07,46,45.7,
strategyxweekdayxhour_band=ny_flush_buy_4h|4|12-17,104,47.1,-0.015,0.89,-1.6,8,inf,inf,44,0.114,60,-0.11,0.0,25,60.0,
adxxside=<20|LONG,953,47.1,-0.0222,0.79,-21.1,11,inf,inf,513,-0.058,440,0.02,0.08,538,49.1,
imbxside=<0.5|LONG,4215,47.1,0.0109,1.07,46.1,63,0.46,0.33,2009,-0.003,2194,0.023,0.14,1613,48.7,
cascxregime=Y|neutral,344,47.1,-0.0019,0.98,-0.7,22,inf,inf,86,0.019,258,-0.009,0.1,201,48.3,
regimexsymbol=neutral|UNIUSDT,361,47.1,-0.0083,0.93,-3.0,34,inf,inf,194,-0.013,167,-0.002,0.09,150,49.3,
strategyxweekdayxregime=setup_follow|5|neutral,359,47.1,-0.0075,0.89,-2.7,6,inf,inf,261,-0.001,98,-0.024,0.1,149,45.6,
oidxspread=>0.5|>=5,393,47.1,-0.0189,0.84,-7.4,43,inf,inf,156,-0.018,237,-0.019,0.09,200,48.0,
adxxsymbol=<20|ADAUSDT,51,47.1,-0.0076,0.92,-0.4,9,inf,inf,27,0.008,24,-0.025,0.1,25,44.0,
adxxsymbol=<20|RENDERUSDT,34,47.1,-0.0436,0.69,-1.5,9,inf,inf,16,-0.036,18,-0.05,0.12,20,55.0,
breadthxstrategy=2-3|asia_burst_fade,544,47.1,0.0031,1.02,1.7,41,2.6,3.44,203,0.012,341,-0.002,0.12,348,48.3,
breadthxsymbol=2-3|QNTUSDT,51,47.1,0.012,1.12,0.6,15,0.74,1.0,12,0.021,39,0.009,0.02,31,48.4,
breadthxsymbol=2-3|RENDERUSDT,68,47.1,-0.0285,0.82,-1.9,23,inf,inf,18,0.035,50,-0.051,0.15,47,42.6,
concxstrategy=0-1|ny_flush_buy_4h,102,47.1,-0.0389,0.79,-4.0,30,inf,inf,22,0.029,80,-0.058,0.0,102,47.1,
concxsymbol=2-3|DOTUSDT,306,47.1,-0.0254,0.82,-7.8,38,inf,inf,72,0.011,234,-0.037,0.1,108,42.6,
decile_bandxsymbol=D10|QNTUSDT,34,47.1,-0.032,0.73,-1.1,12,inf,inf,10,0.013,24,-0.051,0.12,17,41.2,
oidxsymbol=>0.5|CHZUSDT,51,47.1,-0.0432,0.69,-2.2,16,inf,inf,25,-0.038,26,-0.049,0.12,24,50.0,
spreadxsymbol=2-5|DASHUSDT,408,47.1,0.0012,1.01,0.5,45,2.22,1.0,153,0.012,255,-0.005,0.07,195,49.2,
strategyxsymbol=ny_flush_buy_4h|ENAUSDT,34,47.1,-0.0744,0.64,-2.5,26,inf,inf,11,0.079,23,-0.148,0.0,9,11.1,
symbolxvolz=WLDUSDT|>=5,170,47.1,-0.0045,0.96,-0.8,43,inf,inf,104,0.0,66,-0.012,0.07,59,49.2,
symbolxweekday=FETUSDT|2,102,47.1,-0.0245,0.78,-2.5,9,inf,inf,62,-0.015,40,-0.04,0.08,40,50.0,
symbolxweekday=QNTUSDT|6,34,47.1,0.0156,1.17,0.5,7,0.91,1.0,6,0.113,28,-0.005,0.09,16,50.0,
symbolxweekend=PENGUUSDT|False,102,47.1,-0.0097,0.9,-1.0,6,inf,inf,0,,102,-0.01,0.08,15,46.7,
strategyxregimexdecile_band=setup_fade|bear|D10,102,47.1,-0.0034,0.98,-0.3,20,inf,inf,52,-0.022,50,0.016,0.13,42,54.8,
strategyxweekdayxregime=asia_burst_fade|1|bull,153,47.1,-0.0032,0.98,-0.5,2,inf,inf,33,0.205,120,-0.06,0.1,44,45.5,
strategyxweekend=asia_burst_fade|True,712,47.1,0.0106,1.07,7.6,16,2.23,0.41,259,-0.035,453,0.037,0.12,247,45.7,
sidexvs=LONG|Y,725,47.0,0.0289,1.28,20.9,61,0.77,0.29,301,0.002,409,0.05,0.16,355,47.9,
breadthxsymbol=1|FETUSDT,219,47.0,-0.0152,0.88,-3.3,38,inf,inf,76,-0.008,143,-0.019,0.09,147,49.0,
concxsymbol=0-1|NMRUSDT,100,47.0,-0.0192,0.88,-1.9,26,inf,inf,21,-0.003,79,-0.024,0.16,100,47.0,
spreadxsymbol=2-5|NMRUSDT,100,47.0,-0.0285,0.8,-2.8,26,inf,inf,33,-0.051,67,-0.017,0.11,53,43.4,
symbolxweekday=ADAUSDT|5,183,47.0,0.0183,1.16,3.4,9,0.54,1.0,85,0.003,98,0.031,0.08,56,37.5,
breadthxvs=2-3|Y,166,47.0,-0.0328,0.72,-5.5,32,inf,inf,62,-0.003,104,-0.051,0.07,90,43.3,
cascxstrategy=N|fade_3h_london,83,47.0,0.1141,1.9,9.5,16,0.39,0.33,78,0.111,5,0.166,0.0,3,66.7,Y
cascxstrategy=N|fade_3h_late,83,47.0,0.0599,1.52,5.0,15,0.96,0.28,69,0.062,14,0.047,0.0,7,85.7,
strategyxsidexregime=setup_fade|SHORT|NA,83,47.0,-0.0316,0.83,-2.6,2,inf,inf,41,-0.178,0,,0.08,0,,
regimexsymbol=bull|ICPUSDT,132,47.0,-0.0447,0.7,-5.9,18,inf,inf,32,0.004,100,-0.06,0.12,58,43.1,
strategyxweekdayxhour_band=ny_flush_buy_4h|1|18-23,66,47.0,-0.0865,0.55,-5.7,8,inf,inf,21,-0.051,45,-0.103,0.0,15,46.7,
decile_bandxsymbol=D2-3|RENDERUSDT,247,47.0,-0.0019,0.98,-0.5,51,inf,inf,127,0.029,116,-0.037,0.09,112,46.4,
strategyxweekday=setup_fade|6,756,47.0,-0.0292,0.84,-22.1,9,inf,inf,272,0.032,484,-0.063,0.11,361,47.1,
decile_bandxsymbol=D10|DOTUSDT,115,47.0,-0.0063,0.95,-0.7,31,inf,inf,62,0.013,53,-0.029,0.13,28,42.9,
oidxsymbol=mid|FETUSDT,345,47.0,-0.0113,0.91,-3.9,47,inf,inf,130,-0.0,215,-0.018,0.09,190,46.8,
oidxsymbol=mid|PENGUUSDT,49,46.9,-0.0437,0.66,-2.1,9,inf,inf,0,,49,-0.044,0.08,13,38.5,
symbolxv3=DOGEUSDT|Y,49,46.9,-0.0388,0.72,-1.9,9,inf,inf,0,,49,-0.039,0.1,20,55.0,
symbolxvolz=FETUSDT|2-5,147,46.9,0.0137,1.12,2.0,36,0.38,1.0,58,0.033,89,0.001,0.07,72,47.2,Y
strategyxregimexadx=ny_flush_buy_4h|neutral|20-30,196,46.9,-0.0771,0.66,-15.1,18,inf,inf,95,0.078,101,-0.223,0.0,61,50.8,
strategyxregimexdecile_band=setup_fade|bull|D2-3,880,46.9,-0.0288,0.85,-25.3,22,inf,inf,242,0.013,638,-0.045,0.1,464,47.8,
strategyxsidexregime=asia_burst_fade|SHORT|bull,650,46.9,-0.0119,0.92,-7.7,16,inf,inf,154,0.032,496,-0.026,0.08,180,43.3,
hour=20,812,46.9,-0.02,0.85,-16.2,61,inf,inf,337,0.027,468,-0.057,0.09,350,48.3,
strategyxregimexadx=london_burst_fade|bear|NA,243,46.9,-0.0344,0.83,-8.4,7,inf,inf,243,-0.034,0,,0.13,0,,
strategyxregimexbreadth=london_burst_fade|bear|NA,243,46.9,-0.0344,0.83,-8.4,7,inf,inf,243,-0.034,0,,0.13,0,,
hour_bandxsymbol=0-5|CHZUSDT,113,46.9,0.0158,1.15,1.8,30,0.35,1.0,70,0.018,43,0.012,0.09,29,48.3,Y
strategyxweekdayxregime=setup_follow|2|bull,290,46.9,-0.0025,0.97,-0.7,6,inf,inf,149,-0.012,141,0.008,0.13,96,49.0,
adxxsymbol=>=30|NMRUSDT,96,46.9,0.0005,1.0,0.0,11,13.25,1.0,2,-0.208,94,0.005,0.1,70,44.3,
breadthxsymbol=2-3|DOTUSDT,96,46.9,-0.0302,0.79,-2.9,28,inf,inf,40,-0.012,56,-0.043,0.1,48,47.9,
breadthxsymbol=>=4|PENGUUSDT,128,46.9,-0.0276,0.72,-3.5,10,inf,inf,0,,128,-0.028,0.06,17,47.1,
decile_bandxsymbol=D10|DOGEUSDT,32,46.9,-0.0332,0.68,-1.1,5,inf,inf,0,,32,-0.033,0.03,6,83.3,
hour_bandxsymbol=0-5|PENGUUSDT,64,46.9,-0.0123,0.86,-0.8,9,inf,inf,0,,64,-0.012,0.02,11,45.5,
sym_statexsymbol=bear|FILUSDT,224,46.9,-0.0321,0.77,-7.2,21,inf,inf,116,-0.033,108,-0.031,0.09,111,49.5,
symbolxvs=QNTUSDT|Y,32,46.9,-0.0052,0.97,-0.2,13,inf,inf,16,-0.009,16,-0.002,0.19,12,50.0,
symbolxweekday=CHZUSDT|5,64,46.9,0.0113,1.08,0.7,8,1.61,1.0,28,-0.038,36,0.05,0.14,29,48.3,
symbolxweekday=PUMPUSDT|2,32,46.9,-0.0107,0.87,-0.3,1,inf,inf,0,,32,-0.011,0.0,14,42.9,
strategyxregimexbreadth=ny_flush_buy_4h|neutral|1,32,46.9,-0.0648,0.62,-2.1,16,inf,inf,13,0.026,19,-0.127,0.0,18,50.0,
fundxvs=flat|Y,527,46.9,-0.0104,0.92,-5.5,54,inf,inf,257,-0.013,270,-0.008,0.12,217,45.6,
strategyxsymbol=late_fade|ETHUSDT,143,46.9,-0.0109,0.82,-1.6,51,inf,inf,74,0.008,67,-0.031,0.11,62,41.9,
strategyxweekdayxhour_band=setup_follow|0|6-11,190,46.8,-0.0304,0.68,-5.8,8,inf,inf,96,-0.033,94,-0.027,0.09,73,46.6,
strategyxsym_state=setup_fade|bear,677,46.8,-0.0168,0.91,-11.4,39,inf,inf,295,-0.034,382,-0.004,0.11,467,47.1,
atrpxsymbol=mid|FETUSDT,346,46.8,-0.0205,0.84,-7.1,49,inf,inf,176,-0.02,170,-0.021,0.09,175,47.4,
fundxstrategy=neg|london_burst_fade,361,46.8,0.0291,1.18,10.5,44,0.41,0.36,261,0.048,100,-0.019,0.16,100,39.0,
strategyxregimexadx=setup_fade|bull|20-30,408,46.8,-0.0363,0.82,-14.8,12,inf,inf,322,-0.017,86,-0.108,0.1,105,54.3,
strategyxweekend=london_burst_fade|False,1694,46.8,-0.0052,0.97,-8.9,38,inf,inf,835,0.018,815,-0.037,0.15,511,47.6,
concxweekend=4-5|False,47,46.8,-0.0014,0.99,-0.1,4,inf,inf,47,-0.001,0,,0.13,0,,
sym_statexsymbol=bull|NMRUSDT,94,46.8,0.0069,1.07,0.6,11,0.74,1.0,22,-0.0,72,0.009,0.09,57,43.9,
strategyxregimexdecile_band=ny_flush_buy_4h|neutral|D4-9,47,46.8,-0.1276,0.49,-6.0,16,inf,inf,33,-0.061,14,-0.285,0.0,5,0.0,
oidxsymbol=<-0.5|PENGUUSDT,62,46.8,-0.0308,0.63,-1.9,10,inf,inf,0,,62,-0.031,0.02,7,71.4,
symbolxweekday=RENDERUSDT|6,62,46.8,-0.0042,0.96,-0.3,8,inf,inf,17,0.015,45,-0.011,0.06,26,46.2,
strategyxregimexdecile_band=setup_fade|bear|D2-3,742,46.8,-0.0368,0.81,-27.3,21,inf,inf,372,-0.049,370,-0.024,0.09,357,46.8,
hour_bandxsymbol=18-23|DASHUSDT,139,46.8,0.0171,1.18,2.4,34,0.27,1.0,70,0.019,69,0.015,0.09,60,48.3,Y
strategyxregimexadx=london_burst_fade|neutral|NA,216,46.8,-0.0159,0.91,-3.4,8,inf,inf,216,-0.016,0,,0.12,0,,
strategyxregimexbreadth=london_burst_fade|neutral|NA,216,46.8,-0.0159,0.91,-3.4,8,inf,inf,216,-0.016,0,,0.12,0,,
sym_statexsymbol=neutral|FETUSDT,293,46.8,-0.0055,0.95,-1.6,37,inf,inf,115,0.011,178,-0.016,0.08,158,48.7,
hour_bandxsymbol=18-23|RUNEUSDT,77,46.8,-0.0123,0.9,-0.9,25,inf,inf,46,0.027,31,-0.071,0.09,41,46.3,
sym_statexsymbol=bear|DOTUSDT,77,46.8,-0.0319,0.75,-2.5,11,inf,inf,33,0.003,44,-0.058,0.09,52,48.1,
strategyxweekdayxhour_band=setup_fade|5|12-17,231,46.8,-0.0536,0.76,-12.4,9,inf,inf,112,-0.057,119,-0.05,0.11,104,51.0,
symbolxweekday=DOTUSDT|1,92,46.7,-0.0291,0.8,-2.7,7,inf,inf,38,0.032,54,-0.072,0.14,39,48.7,
strategyxregimexdecile_band=setup_follow|neutral|D10,184,46.7,-0.0227,0.76,-4.2,36,inf,inf,92,-0.006,92,-0.04,0.15,81,37.0,
strategyxweekdayxhour_band=setup_fade|0|0-5,137,46.7,0.0027,1.01,0.4,9,10.73,5.31,63,0.087,74,-0.07,0.15,66,40.9,
sidexsymbol=SHORT|NEARUSDT,364,46.7,-0.0253,0.82,-9.2,62,inf,inf,196,-0.024,163,-0.032,0.09,127,46.5,
strategyxweekdayxhour_band=setup_follow|1|12-17,182,46.7,-0.015,0.8,-2.7,9,inf,inf,85,-0.013,80,-0.023,0.09,80,45.0,
atrpxstrategy=hi|setup_follow,818,46.7,-0.0135,0.81,-11.0,55,inf,inf,250,-0.002,568,-0.019,0.07,416,45.0,
strategyxsymbol=setup_fade|ADAUSDT,212,46.7,-0.0184,0.9,-3.9,59,inf,inf,109,-0.007,100,-0.029,0.07,94,50.0,
strategyxweekdayxregime=setup_fade|5|bear,212,46.7,-0.0107,0.94,-2.3,3,inf,inf,78,-0.024,134,-0.003,0.11,105,49.5,
cascxsymbol=N|DASHUSDT,454,46.7,-0.0085,0.93,-3.9,55,inf,inf,269,-0.01,185,-0.006,0.1,160,47.5,
strategyxregimexbreadth=asia_burst_fade|bull|2-3,242,46.7,-0.001,0.99,-0.3,15,inf,inf,61,-0.044,181,0.014,0.11,131,48.1,
oidxsymbol=mid|DASHUSDT,257,46.7,0.0101,1.1,2.6,44,0.41,1.0,111,0.022,146,0.001,0.08,147,46.3,
atrpxsymbol=hi|RUNEUSDT,75,46.7,-0.007,0.94,-0.5,11,inf,inf,12,0.029,63,-0.014,0.07,41,48.8,
cascxsymbol=Y|QNTUSDT,45,46.7,0.0129,1.11,0.6,7,3.13,1.0,0,,45,0.013,0.11,20,50.0,
concxhour_band=4-5|18-23,30,46.7,-0.0139,0.91,-0.4,3,inf,inf,30,-0.014,0,,0.13,0,,
concxsymbol=NA|1000PEPEUSDT,30,46.7,-0.0026,0.98,-0.1,2,inf,inf,16,-0.036,0,,0.17,0,,
decile_bandxsymbol=D4-9|HYPEUSDT,45,46.7,0.0043,1.05,0.2,7,5.33,1.0,0,,45,0.004,0.04,21,42.9,
hour_bandxsymbol=0-5|LINKUSDT,30,46.7,-0.0308,0.76,-0.9,8,inf,inf,0,,30,-0.031,0.07,10,60.0,
mktbxsymbol=NA|1000PEPEUSDT,30,46.7,-0.0026,0.98,-0.1,2,inf,inf,16,-0.036,0,,0.17,0,,
oidxsymbol=>0.5|UNIUSDT,150,46.7,0.0122,1.1,1.8,27,1.4,1.0,31,0.021,119,0.01,0.13,90,47.8,
regimexsymbol=NA|1000PEPEUSDT,30,46.7,-0.0026,0.98,-0.1,2,inf,inf,16,-0.036,0,,0.17,0,,
strategyxsymbol=fade_3h_asia|ETHUSDT,30,46.7,-0.0379,0.8,-1.1,12,inf,inf,30,-0.038,0,,0.0,0,,
sym_statexsymbol=bear|DASHUSDT,75,46.7,0.0187,1.23,1.4,11,0.54,1.0,49,0.001,26,0.051,0.03,62,48.4,
symbolxweekend=DASHUSDT|False,360,46.7,0.0028,1.03,1.0,42,1.06,1.0,219,0.001,141,0.006,0.08,134,47.8,
strategyxweekdayxregime=london_burst_fade|2|bear,30,46.7,0.0084,1.05,0.3,2,3.98,3.76,4,-0.189,26,0.039,0.13,24,58.3,
strategy=london_burst_fade,2137,46.7,-0.0028,0.98,-5.9,54,inf,inf,997,0.006,1096,-0.016,0.14,674,46.6,
sessionxstrategy=None|london_burst_fade,2137,46.7,-0.0028,0.98,-5.9,54,inf,inf,997,0.006,1096,-0.016,0.14,674,46.6,
strategyxvs=london_burst_fade|N,2137,46.7,-0.0028,0.98,-5.9,54,inf,inf,997,0.006,1096,-0.016,0.14,674,46.6,
atrpxspread=lo|2-5,148,46.6,0.0097,1.09,1.4,31,0.63,0.63,66,0.015,82,0.006,0.09,94,47.9,
decile_bandxsymbol=D4-9|DASHUSDT,133,46.6,-0.0024,0.98,-0.3,36,inf,inf,61,-0.008,72,0.003,0.08,44,50.0,
fundxstrategy=flat|london_burst_fade,1019,46.6,-0.0053,0.97,-5.4,51,inf,inf,560,-0.007,459,-0.003,0.15,323,46.4,
strategyxsymbol=asia_burst_fade|XRPUSDT,221,46.6,-0.0417,0.77,-9.2,48,inf,inf,97,-0.095,124,-0.0,0.08,87,49.4,
symbolxv3=FETUSDT|Y,436,46.6,-0.0115,0.91,-5.0,59,inf,inf,210,-0.014,220,-0.009,0.08,216,47.7,
adxxstrategy=>=30|asia_burst_fade,980,46.5,-0.0076,0.95,-7.4,11,inf,inf,34,-0.005,946,-0.008,0.1,401,45.1,
strategyxregimexadx=asia_burst_fade|bull|>=30,980,46.5,-0.0076,0.95,-7.4,11,inf,inf,34,-0.005,946,-0.008,0.1,401,45.1,
concxsymbol=0-1|TAOUSDT,144,46.5,0.0097,1.08,1.4,30,1.86,1.0,26,-0.062,118,0.026,0.1,144,46.5,
mktbxsymbol=30-60|ICPUSDT,43,46.5,-0.0694,0.54,-3.0,4,inf,inf,0,,43,-0.069,0.05,29,41.4,
sym_statexsymbol=bear|ICPUSDT,43,46.5,0.027,1.23,1.2,5,0.77,1.0,23,0.011,20,0.045,0.19,29,48.3,
symbolxweekday=NMRUSDT|6,43,46.5,0.0265,1.21,1.1,8,0.49,1.0,14,0.084,29,-0.002,0.19,28,46.4,
oidxstrategy=NA|asia_burst_fade,716,46.5,-0.03,0.83,-21.5,20,inf,inf,713,-0.03,3,-0.087,0.09,5,80.0,
concxmktb=0-1|>=60,71,46.5,0.0081,1.1,0.6,2,1.16,1.06,0,,71,0.008,0.07,71,46.5,
strategyxregimexdecile_band=london_burst_fade|bull|D4-9,142,46.5,0.0015,1.01,0.2,15,20.99,8.95,25,0.079,117,-0.015,0.14,42,40.5,
strategyxregimexbreadth=ny_flush_buy_4h|neutral|2-3,71,46.5,-0.1187,0.56,-8.4,18,inf,inf,41,0.016,30,-0.303,0.0,38,39.5,
oidxside=<-0.5|SHORT,1664,46.5,-0.0339,0.74,-56.4,49,inf,inf,424,-0.025,1240,-0.037,0.08,740,46.9,
decile_bandxsymbol=D2-3|ICPUSDT,338,46.4,-0.0232,0.82,-7.9,55,inf,inf,178,-0.019,156,-0.03,0.11,142,45.1,
fundxsymbol=pos|ICPUSDT,183,46.4,-0.0311,0.76,-5.7,32,inf,inf,45,-0.006,138,-0.039,0.1,101,42.6,
atrpxsymbol=NA|FETUSDT,56,46.4,-0.0167,0.85,-0.9,7,inf,inf,47,-0.018,0,,0.07,0,,
hour_bandxsymbol=12-17|CHZUSDT,112,46.4,-0.0156,0.87,-1.7,33,inf,inf,74,-0.029,38,0.011,0.1,36,50.0,
symbolxvolz=FETUSDT|NA,56,46.4,-0.0167,0.85,-0.9,7,inf,inf,47,-0.018,0,,0.07,0,,
strategyxv3=london_burst_fade|N,2029,46.4,-0.0059,0.97,-11.9,54,inf,inf,950,0.001,1035,-0.018,0.14,641,46.3,
strategyxregimexdecile_band=london_burst_fade|neutral|D2-3,446,46.4,-0.036,0.81,-16.0,30,inf,inf,324,-0.049,122,-0.002,0.11,181,48.6,
hour_bandxsymbol=6-11|DASHUSDT,125,46.4,-0.0215,0.83,-2.7,35,inf,inf,73,-0.042,52,0.007,0.12,37,45.9,
strategyxvs=setup_follow|Y,597,46.4,-0.0064,0.92,-3.8,61,inf,inf,288,0.009,295,-0.02,0.12,243,42.0,
strategyxv3=fade_3h_late|N,97,46.4,0.0335,1.24,3.2,20,1.46,0.35,71,0.083,26,-0.103,0.0,18,50.0,
symbolxvs=ADAUSDT|Y,69,46.4,0.0073,1.09,0.5,22,1.08,1.0,40,0.022,25,-0.011,0.06,22,50.0,
strategyxweekdayxregime=ny_flush_buy_4h|1|bull,69,46.4,-0.1013,0.45,-7.0,3,inf,inf,13,0.044,56,-0.135,0.0,8,50.0,
strategyxweekdayxhour_band=london_burst_fade|4|6-11,248,46.4,-0.0359,0.83,-8.9,8,inf,inf,83,0.002,165,-0.055,0.13,88,51.1,
vsxweekend=Y|True,427,46.4,-0.0134,0.9,-5.7,17,inf,inf,129,0.016,298,-0.026,0.12,205,44.9,
oidxsymbol=>0.5|NEARUSDT,110,46.4,-0.014,0.87,-1.5,20,inf,inf,52,-0.005,58,-0.022,0.05,41,48.8,
atrpxstrategy=NA|asia_burst_fade,302,46.4,-0.0542,0.72,-16.4,6,inf,inf,302,-0.054,0,,0.1,0,,
strategyxvolz=asia_burst_fade|NA,302,46.4,-0.0542,0.72,-16.4,6,inf,inf,302,-0.054,0,,0.1,0,,
strategyxweekdayxhour_band=london_burst_fade|1|12-17,192,46.4,0.0399,1.22,7.7,8,0.77,0.43,87,0.079,71,-0.033,0.2,38,39.5,
adxxstrategy=20-30|london_burst_fade,671,46.3,0.0159,1.09,10.7,28,0.72,0.56,432,0.024,239,0.001,0.17,316,44.3,
adxxstrategy=<20|asia_burst_fade,123,46.3,-0.0063,0.96,-0.8,4,inf,inf,72,0.045,51,-0.078,0.09,79,46.8,
atrpxsymbol=mid|AAVEUSDT,41,46.3,-0.0185,0.89,-0.8,8,inf,inf,0,,41,-0.018,0.15,15,40.0,
cascxsymbol=Y|RUNEUSDT,82,46.3,-0.0409,0.72,-3.4,7,inf,inf,0,,82,-0.041,0.1,55,45.5,
cascxvs=Y|Y,246,46.3,0.0251,1.19,6.2,17,0.97,0.83,20,-0.085,226,0.035,0.13,182,47.8,
hour_bandxsymbol=12-17|NMRUSDT,82,46.3,-0.0014,0.99,-0.1,30,inf,inf,38,0.031,40,-0.046,0.16,36,41.7,
hour_bandxsymbol=18-23|TRUMPUSDT,82,46.3,-0.0314,0.68,-2.6,8,inf,inf,0,,82,-0.031,0.06,40,45.0,
spreadxsymbol=<2|UNIUSDT,41,46.3,0.0027,1.02,0.1,2,6.82,1.0,0,,41,0.003,0.12,23,47.8,
strategyxregimexadx=asia_burst_fade|neutral|<20,123,46.3,-0.0063,0.96,-0.8,4,inf,inf,72,0.045,51,-0.078,0.09,79,46.8,
oidxsymbol=mid|RENDERUSDT,177,46.3,0.0075,1.07,1.3,43,0.88,1.0,57,0.043,120,-0.009,0.11,105,49.5,
sidexsymbol=LONG|CHZUSDT,272,46.3,0.0016,1.02,0.4,57,2.6,1.0,161,-0.007,109,0.019,0.1,86,46.5,
strategyxsymbol=london_burst_fade|ZECUSDT,231,46.3,-0.0197,0.88,-4.5,52,inf,inf,113,0.014,113,-0.053,0.1,88,47.7,
mktbxsymbol=<30|DASHUSDT,475,46.3,-0.0104,0.91,-5.0,56,inf,inf,272,-0.01,203,-0.011,0.09,174,47.1,
breadthxsymbol=2-3|UNIUSDT,108,46.3,-0.0124,0.89,-1.3,26,inf,inf,28,-0.034,80,-0.005,0.06,55,47.3,
regimexsymbol=neutral|TRUMPUSDT,54,46.3,-0.0223,0.75,-1.2,2,inf,inf,0,,54,-0.022,0.04,41,48.8,
symbolxweekday=RUNEUSDT|4,54,46.3,-0.0145,0.86,-0.8,8,inf,inf,26,-0.012,28,-0.017,0.07,30,50.0,
strategyxregimexbreadth=setup_follow|bull|2-3,324,46.3,-0.0139,0.82,-4.5,20,inf,inf,92,-0.047,232,-0.001,0.12,150,46.7,
spreadxstrategy=<2|london_burst_fade,1301,46.3,-0.0004,1.0,-0.6,39,inf,inf,413,0.023,888,-0.011,0.14,582,47.3,
symbolxvolz=CHZUSDT|>=5,67,46.3,-0.0112,0.91,-0.8,24,inf,inf,34,-0.006,33,-0.016,0.12,21,47.6,
symbolxweekday=APTUSDT|0,67,46.3,0.0407,1.4,2.7,8,0.5,1.0,36,0.073,31,0.004,0.07,19,47.4,
adxxstrategy=NA|asia_burst_fade,709,46.3,-0.0321,0.81,-22.8,14,inf,inf,709,-0.032,0,,0.08,0,,
breadthxstrategy=NA|asia_burst_fade,709,46.3,-0.0321,0.81,-22.8,14,inf,inf,709,-0.032,0,,0.08,0,,
spreadxstrategy=NA|asia_burst_fade,709,46.3,-0.0321,0.81,-22.8,14,inf,inf,709,-0.032,0,,0.08,0,,
strategyxsym_state=asia_burst_fade|NA,709,46.3,-0.0321,0.81,-22.8,14,inf,inf,709,-0.032,0,,0.08,0,,
strategyxweekdayxregime=setup_fade|3|bull,361,46.3,-0.0443,0.79,-16.0,5,inf,inf,167,-0.016,194,-0.069,0.11,174,48.9,
strategyxweekday=asia_burst_fade|1,387,46.3,0.0082,1.05,3.2,7,3.34,1.23,169,-0.018,218,0.029,0.12,128,49.2,
fundxsymbol=flat|QNTUSDT,80,46.2,0.0121,1.13,1.0,23,0.58,1.0,36,0.018,44,0.007,0.09,33,45.5,
fundxsymbol=flat|RUNEUSDT,80,46.2,0.0377,1.47,3.0,19,0.35,1.0,67,0.021,13,0.121,0.1,21,42.9,Y
strategyxregimexbreadth=setup_fade|neutral|2-3,413,46.2,-0.0498,0.74,-20.6,26,inf,inf,202,-0.01,211,-0.088,0.07,247,50.6,
cascxside=Y|SHORT,1877,46.2,-0.0355,0.71,-66.6,39,inf,inf,238,0.009,1639,-0.042,0.06,877,45.3,
sidexsymbol=SHORT|DOTUSDT,279,46.2,-0.019,0.89,-5.3,57,inf,inf,120,0.083,159,-0.096,0.12,131,44.3,
strategyxweekdayxhour_band=burst_follow|2|12-17,424,46.2,-0.0396,0.59,-16.8,8,inf,inf,212,-0.015,212,-0.064,0.08,116,44.8,
spreadxweekday=>=5|5,303,46.2,0.0036,1.03,1.1,7,1.75,1.49,81,0.008,222,0.002,0.08,172,44.8,
mktbxstrategy=<30|london_burst_fade,1764,46.2,-0.0044,0.98,-7.7,49,inf,inf,962,0.003,802,-0.014,0.14,566,46.1,
concxsymbol=2-3|CHZUSDT,171,46.2,0.0134,1.13,2.3,32,0.51,1.0,45,-0.008,126,0.021,0.08,60,46.7,
strategyxsymbol=setup_fade|NEARUSDT,184,46.2,-0.0197,0.88,-3.6,60,inf,inf,89,-0.01,93,-0.027,0.08,93,52.7,
strategyxweekdayxhour_band=setup_follow|3|18-23,184,46.2,0.0026,1.04,0.5,9,2.56,1.65,106,0.004,78,0.0,0.09,97,47.4,
adxxsymbol=20-30|ICPUSDT,249,46.2,-0.0003,1.0,-0.1,34,inf,inf,114,0.007,135,-0.007,0.12,146,47.3,
adxxsymbol=<20|CHZUSDT,52,46.2,-0.0179,0.87,-0.9,8,inf,inf,28,-0.003,24,-0.035,0.13,31,48.4,
concxhour_band=NA|18-23,78,46.2,0.0316,1.49,2.5,5,1.42,0.6,2,0.277,9,-0.176,0.04,11,27.3,
decile_bandxsymbol=D10|RUNEUSDT,39,46.2,-0.0046,0.97,-0.2,14,inf,inf,22,0.02,17,-0.036,0.21,15,46.7,
decile_bandxsymbol=D10|TRUMPUSDT,78,46.2,-0.0136,0.91,-1.1,9,inf,inf,0,,78,-0.014,0.04,43,48.8,
fundxhour_band=NA|18-23,78,46.2,0.0316,1.49,2.5,5,1.42,0.6,2,0.277,9,-0.176,0.04,11,27.3,
hour_bandxmktb=18-23|NA,78,46.2,0.0316,1.49,2.5,5,1.42,0.6,2,0.277,9,-0.176,0.04,11,27.3,
hour_bandxregime=18-23|NA,78,46.2,0.0316,1.49,2.5,5,1.42,0.6,2,0.277,9,-0.176,0.04,11,27.3,
symbolxv3=ICPUSDT|Y,455,46.2,-0.0173,0.87,-7.9,62,inf,inf,229,-0.01,222,-0.026,0.13,212,45.3,
symbolxv3=CHZUSDT|N,91,46.2,0.0088,1.1,0.8,16,0.96,1.0,72,0.008,19,0.011,0.09,2,0.0,
strategyxweekdayxhour_band=nony_momentum|2|6-11,117,46.2,-0.0153,0.77,-1.8,8,inf,inf,92,-0.03,25,0.039,0.06,23,73.9,
strategyxregimexadx=late_fade|bull|20-30,52,46.2,0.0043,1.08,0.2,4,5.38,1.49,52,0.004,0,,0.12,0,,
strategyxregimexadx=asia_pump_short_4h|bear|20-30,39,46.2,-0.0501,0.73,-2.0,6,inf,inf,11,0.087,28,-0.104,0.0,28,39.3,
strategyxweekday=ny_flush_buy_4h|6,115,46.1,-0.1501,0.46,-17.3,6,inf,inf,24,-0.146,91,-0.151,0.0,20,40.0,
strategyxweekdayxhour_band=setup_fade|3|6-11,230,46.1,-0.0606,0.74,-13.9,9,inf,inf,115,-0.019,115,-0.102,0.13,109,49.5,
strategyxweekdayxregime=london_burst_fade|3|bull,217,46.1,0.0234,1.14,5.1,4,1.71,0.72,50,-0.026,167,0.038,0.18,74,43.2,
oidxsymbol=mid|ICPUSDT,319,46.1,-0.0157,0.88,-5.0,46,inf,inf,116,-0.006,203,-0.021,0.13,179,45.8,
symbolxvolz=DASHUSDT|<2,306,46.1,-0.0073,0.93,-2.2,52,inf,inf,158,-0.006,148,-0.008,0.08,128,46.1,
strategyxweekdayxregime=setup_follow|5|bull,204,46.1,-0.0125,0.85,-2.6,2,inf,inf,0,,204,-0.013,0.15,120,41.7,
spreadxvs=2-5|Y,228,46.1,-0.0203,0.85,-4.6,37,inf,inf,59,0.003,169,-0.029,0.1,152,45.4,
strategyxweekday=late_fade|3,76,46.1,-0.0047,0.91,-0.4,7,inf,inf,44,0.018,32,-0.036,0.09,26,46.2,
strategyxweekdayxhour_band=late_fade|3|18-23,76,46.1,-0.0047,0.91,-0.4,7,inf,inf,44,0.018,32,-0.036,0.09,26,46.2,
strategyxweekend=london_burst_fade|True,443,46.0,0.0066,1.05,2.9,16,3.75,1.15,162,-0.055,281,0.042,0.11,163,43.6,
strategyxvolz=london_burst_fade|>=5,291,46.0,-0.0195,0.9,-5.7,44,inf,inf,156,-0.031,135,-0.006,0.16,91,44.0,
strategyxdecile_bandximb=asia_burst_fade|D2-3|<0.5,745,46.0,-0.016,0.9,-11.9,52,inf,inf,308,-0.041,437,0.001,0.1,311,46.0,
strategyxweekdayxregime=asia_burst_fade|5|bear,63,46.0,-0.0355,0.79,-2.2,2,inf,inf,51,-0.081,12,0.159,0.11,12,58.3,
strategyxdecile_bandximb=setup_follow|D4-9|>=0.5,1091,46.0,-0.0047,0.94,-5.1,63,inf,inf,485,-0.004,596,-0.004,0.14,475,46.7,
sym_statexsymbol=neutral|CHZUSDT,163,46.0,0.0072,1.07,1.2,22,0.96,1.0,38,0.013,125,0.005,0.07,81,49.4,
adxxsymbol=20-30|DASHUSDT,250,46.0,0.0003,1.0,0.1,35,14.15,1.0,121,0.024,129,-0.021,0.08,131,47.3,
spreadxsymbol=2-5|QNTUSDT,50,46.0,-0.0211,0.77,-1.1,18,inf,inf,14,-0.01,36,-0.026,0.02,33,48.5,
fundxstrategy=flat|asia_burst_fade,1209,46.0,-0.0274,0.84,-33.1,52,inf,inf,694,-0.03,515,-0.023,0.09,369,45.3,
symbolxvolz=TRUMPUSDT|2-5,87,46.0,-0.0403,0.65,-3.5,9,inf,inf,0,,87,-0.04,0.02,42,50.0,
strategyxweekday=asia_burst_fade|6,383,46.0,-0.0094,0.93,-3.6,8,inf,inf,158,-0.017,225,-0.004,0.09,132,45.5,
concxstrategy=NA|ny_burst_follow,37,45.9,-0.013,0.72,-0.5,2,inf,inf,14,-0.075,0,,0.0,0,,
mktbxstrategy=NA|ny_burst_follow,37,45.9,-0.013,0.72,-0.5,2,inf,inf,14,-0.075,0,,0.0,0,,
regimexstrategy=NA|ny_burst_follow,37,45.9,-0.013,0.72,-0.5,2,inf,inf,14,-0.075,0,,0.0,0,,
strategyxsym_state=late_fade|bear,37,45.9,0.0237,1.46,0.9,12,0.61,0.5,14,-0.006,23,0.042,0.24,15,40.0,
symbolxweekday=SUIUSDT|4,37,45.9,0.0146,1.13,0.5,1,1.0,1.0,0,,37,0.015,0.11,10,50.0,
strategyxregimexadx=ny_burst_follow|NA|NA,37,45.9,-0.013,0.72,-0.5,2,inf,inf,14,-0.075,0,,0.0,0,,
strategyxregimexbreadth=ny_burst_follow|NA|NA,37,45.9,-0.013,0.72,-0.5,2,inf,inf,14,-0.075,0,,0.0,0,,
strategyxregimextrig=ny_burst_follow|NA|burst,37,45.9,-0.013,0.72,-0.5,2,inf,inf,14,-0.075,0,,0.0,0,,
strategyxsym_state=london_burst_fade|bull,934,45.9,-0.0057,0.97,-5.4,32,inf,inf,132,0.085,802,-0.021,0.13,384,47.9,
strategyxsymbol=setup_follow|1000LUNCUSDT,172,45.9,-0.0103,0.87,-1.8,56,inf,inf,84,0.001,86,-0.02,0.13,77,41.6,
strategyxregimexdecile_band=setup_follow|bull|D4-9,442,45.9,-0.0097,0.88,-4.3,22,inf,inf,102,0.016,340,-0.017,0.12,202,41.6,
strategyxdecile_bandximb=setup_follow|D10|>=0.5,257,45.9,-0.0119,0.86,-3.1,60,inf,inf,113,-0.02,143,-0.005,0.15,105,39.0,
strategyxregimexadx=london_burst_fade|neutral|20-30,416,45.9,0.0021,1.01,0.9,21,4.91,4.88,250,0.008,166,-0.007,0.17,230,44.3,
strategyxsymbol=setup_follow|ETHUSDT,159,45.9,-0.0221,0.76,-3.5,54,inf,inf,67,0.001,92,-0.039,0.13,71,40.8,
sym_statexsymbol=neutral|SUIUSDT,61,45.9,-0.0127,0.89,-0.8,3,inf,inf,0,,61,-0.013,0.1,23,52.2,
hour_bandxsymbol=18-23|WLDUSDT,255,45.9,-0.021,0.77,-5.4,48,inf,inf,147,-0.031,103,-0.008,0.05,68,45.6,
strategyxdecile_bandximb=asia_burst_fade|D4-9|<0.5,170,45.9,0.0097,1.05,1.6,42,1.31,1.8,77,0.04,93,-0.015,0.15,57,47.4,
breadthxstrategy=1|london_burst_fade,266,45.9,-0.0021,0.99,-0.6,40,inf,inf,121,-0.023,145,0.016,0.18,171,43.3,
strategyxweekdayxregime=london_burst_fade|4|bull,157,45.9,-0.0679,0.73,-10.7,2,inf,inf,0,,157,-0.068,0.15,65,52.3,
strategyxsymbol=setup_follow|CHZUSDT,205,45.9,-0.0174,0.79,-3.6,55,inf,inf,108,-0.026,95,-0.002,0.1,83,47.0,
strategyxweekdayxregime=setup_follow|1|neutral,458,45.9,-0.0142,0.82,-6.5,7,inf,inf,198,-0.026,260,-0.005,0.1,252,46.4,
strategyxweekdayxregime=burst_follow|2|neutral,277,45.8,-0.0497,0.54,-13.8,3,inf,inf,189,-0.006,88,-0.143,0.08,56,44.6,
hour_bandxstrategy=0-5|asia_burst_fade,2055,45.8,-0.0184,0.89,-37.8,54,inf,inf,986,-0.033,1069,-0.005,0.1,640,46.4,
adxxsymbol=<20|FILUSDT,48,45.8,-0.0165,0.84,-0.8,9,inf,inf,34,-0.005,14,-0.044,0.1,21,47.6,
symbolxvs=NEARUSDT|Y,48,45.8,-0.0112,0.9,-0.5,17,inf,inf,18,0.006,30,-0.021,0.06,23,43.5,
symbolxweekday=ARBUSDT|0,96,45.8,-0.0175,0.87,-1.7,9,inf,inf,70,-0.023,26,-0.003,0.11,20,55.0,
spreadxstrategy=<2|late_fade,500,45.8,0.0059,1.11,2.9,39,2.34,0.49,141,0.015,359,0.002,0.16,211,43.6,
symbolxvolz=ICPUSDT|<2,321,45.8,-0.0283,0.8,-9.1,51,inf,inf,146,-0.033,175,-0.025,0.13,150,44.7,
strategyxweekdayxregime=nony_momentum|2|neutral,107,45.8,-0.0155,0.78,-1.7,3,inf,inf,101,-0.029,6,0.206,0.06,6,100.0,
concxsymbol=0-1|UNIUSDT,190,45.8,-0.0046,0.96,-0.9,35,inf,inf,40,-0.01,150,-0.003,0.07,190,45.8,
strategyxsymbol=setup_follow|NMRUSDT,166,45.8,0.0013,1.02,0.2,51,4.45,1.0,88,-0.012,73,0.025,0.15,72,48.6,
strategyxsymbol=nony_momentum|XRPUSDT,201,45.8,-0.0143,0.82,-2.9,48,inf,inf,97,-0.018,100,-0.006,0.07,89,49.4,
strategyxvolz=asia_burst_fade|<2,1619,45.8,-0.0181,0.89,-29.3,49,inf,inf,655,-0.016,964,-0.02,0.09,649,46.5,
strategyxweekdayxhour_band=asia_burst_fade|2|6-11,94,45.7,-0.0018,0.99,-0.2,8,inf,inf,67,0.056,27,-0.144,0.13,32,40.6,
symbolxv3=RUNEUSDT|N,35,45.7,-0.0672,0.53,-2.4,4,inf,inf,0,,35,-0.067,0.03,16,50.0,
strategyxregimexdecile_band=ny_burst_fade|NA|D2-3,35,45.7,0.0321,1.28,1.1,2,2.68,0.66,15,0.2,0,,0.11,0,,
strategyxdecile_bandximb=setup_fade|D10|<0.5,140,45.7,0.0119,1.06,1.7,47,1.31,1.53,64,-0.011,76,0.031,0.19,61,57.4,
mktbxsymbol=30-60|ZECUSDT,186,45.7,-0.0135,0.86,-2.5,4,inf,inf,0,,186,-0.014,0.06,106,44.3,
sidexsymbol=LONG|RUNEUSDT,197,45.7,-0.0016,0.99,-0.3,51,inf,inf,94,0.015,102,-0.015,0.13,91,46.2,
symbolxweekday=CHZUSDT|4,81,45.7,0.0186,1.17,1.5,9,0.75,1.0,62,0.036,19,-0.037,0.14,28,50.0,
adxxhour_band=<20|18-23,484,45.7,-0.0298,0.77,-14.4,6,inf,inf,339,-0.046,145,0.007,0.12,218,48.6,
oidxsymbol=<-0.5|DASHUSDT,92,45.7,-0.0107,0.91,-1.0,17,inf,inf,27,0.017,65,-0.022,0.09,19,57.9,
concxstrategy=2-3|asia_burst_fade,1168,45.6,-0.0089,0.94,-10.4,32,inf,inf,151,-0.034,1017,-0.005,0.1,434,48.2,
concxsymbol=0-1|ICPUSDT,160,45.6,-0.007,0.94,-1.1,33,inf,inf,28,0.022,132,-0.013,0.11,160,45.6,
strategyxweekdayxregime=setup_fade|6|neutral,353,45.6,-0.0462,0.77,-16.3,5,inf,inf,179,-0.006,174,-0.088,0.1,154,46.1,
breadthxsymbol=1|ICPUSDT,182,45.6,0.0122,1.11,2.2,36,0.4,1.0,76,0.027,106,0.001,0.13,110,47.3,
adxxsymbol=<20|DOTUSDT,79,45.6,-0.0503,0.67,-4.0,9,inf,inf,45,-0.035,34,-0.07,0.09,51,45.1,
mktbxvs=30-60|Y,158,45.6,-0.0117,0.91,-1.8,4,inf,inf,0,,158,-0.012,0.1,110,44.5,
breadthxsymbol=1|DASHUSDT,180,45.6,0.0191,1.21,3.4,36,0.26,1.0,69,0.036,111,0.009,0.07,116,47.4,Y
strategyxv3=fade_3h_london|N,90,45.6,0.0718,1.46,6.5,19,0.74,0.49,73,0.104,17,-0.065,0.0,12,50.0,
oidxstrategy=>0.5|ny_flush_buy_4h,101,45.5,-0.0222,0.86,-2.2,31,inf,inf,28,-0.04,73,-0.015,0.0,32,46.9,
strategyxvolz=late_fade|<2,527,45.5,0.0019,1.04,1.0,47,4.0,1.51,191,0.009,336,-0.002,0.13,202,44.1,
imbxstrategy=<0.5|asia_burst_fade,1063,45.5,-0.0116,0.93,-12.3,52,inf,inf,466,-0.038,597,0.009,0.12,420,46.7,
sidexstrategy=LONG|asia_burst_fade,1063,45.5,-0.0116,0.93,-12.3,52,inf,inf,466,-0.038,597,0.009,0.12,420,46.7,
fundxstrategy=pos|asia_burst_fade,862,45.5,0.0019,1.01,1.7,46,9.37,2.69,203,-0.018,659,0.008,0.11,324,46.3,
strategy=fade_3h_late,99,45.5,0.0283,1.2,2.8,20,1.7,0.41,73,0.075,26,-0.103,0.0,18,50.0,
fundxstrategy=pos|fade_3h_london,33,45.5,0.106,1.56,3.5,10,0.82,0.85,15,0.282,18,-0.041,0.0,12,58.3,
fundxsymbol=NA|1000PEPEUSDT,33,45.5,-0.0011,0.99,-0.0,2,inf,inf,19,-0.028,0,,0.15,0,,
hour_bandxstrategy=18-23|fade_3h_late,99,45.5,0.0283,1.2,2.8,20,1.7,0.41,73,0.075,26,-0.103,0.0,18,50.0,
hour_bandxsymbol=18-23|SUIUSDT,33,45.5,-0.0381,0.62,-1.3,7,inf,inf,0,,33,-0.038,0.09,7,42.9,
imbxstrategy=>=0.5|fade_3h_late,99,45.5,0.0283,1.2,2.8,20,1.7,0.41,73,0.075,26,-0.103,0.0,18,50.0,
mktbxstrategy=<30|asia_burst_fade,2156,45.5,-0.0092,0.94,-19.9,52,inf,inf,1194,-0.028,962,0.014,0.11,724,45.7,
mktbxsymbol=<30|PENGUUSDT,88,45.5,-0.0294,0.78,-2.6,7,inf,inf,0,,88,-0.029,0.09,21,47.6,
sessionxstrategy=None|fade_3h_late,99,45.5,0.0283,1.2,2.8,20,1.7,0.41,73,0.075,26,-0.103,0.0,18,50.0,
sidexstrategy=SHORT|fade_3h_late,99,45.5,0.0283,1.2,2.8,20,1.7,0.41,73,0.075,26,-0.103,0.0,18,50.0,
strategyxsym_state=v65_strict_long|bull,44,45.5,0.0231,1.14,1.0,8,2.27,1.26,0,,44,0.023,0.14,42,45.2,
strategyxsym_state=v65_strict_ny_long|bull,44,45.5,0.0231,1.14,1.0,8,2.27,1.26,0,,44,0.023,0.14,42,45.2,
strategyxsymbol=london_burst_fade|FILUSDT,33,45.5,-0.0516,0.71,-1.7,21,inf,inf,17,-0.09,13,-0.032,0.09,5,60.0,
strategyxvs=fade_3h_late|N,99,45.5,0.0283,1.2,2.8,20,1.7,0.41,73,0.075,26,-0.103,0.0,18,50.0,
symbolxv3=DASHUSDT|N,132,45.5,-0.0104,0.91,-1.4,21,inf,inf,67,-0.017,65,-0.004,0.11,16,50.0,
symbolxvs=SOLUSDT|Y,33,45.5,0.0378,1.35,1.2,15,1.57,1.0,12,-0.058,17,0.128,0.15,11,63.6,
strategyxregimexbreadth=london_burst_fade|bear|2-3,33,45.5,0.0259,1.23,0.9,5,1.33,1.87,14,0.036,19,0.018,0.09,20,35.0,
strategyxregimexbreadth=late_fade|bull|2-3,55,45.5,0.0101,1.28,0.6,14,0.9,0.73,10,0.0,45,0.012,0.09,37,48.6,
strategyxweekdayxregime=late_fade|2|bear,44,45.5,-0.0173,0.7,-0.8,3,inf,inf,24,0.006,20,-0.046,0.07,14,28.6,
strategyxweekdayxregime=asia_burst_fade|3|bear,66,45.5,-0.032,0.84,-2.1,3,inf,inf,48,-0.06,18,0.043,0.11,27,40.7,
strategyxregimexadx=london_burst_fade|bull|20-30,163,45.4,0.0155,1.11,2.5,7,3.05,0.9,138,0.022,25,-0.019,0.13,41,39.0,
hour_bandxsymbol=12-17|ICPUSDT,130,45.4,0.0004,1.0,0.0,40,13.64,1.0,63,0.021,65,-0.021,0.15,59,40.7,
strategyxweekdayxregime=setup_fade|1|bull,130,45.4,0.0054,1.04,0.7,4,5.09,2.47,43,-0.067,87,0.041,0.1,57,49.1,
spreadxvs=>=5|Y,194,45.4,-0.0186,0.85,-3.6,37,inf,inf,57,-0.009,137,-0.023,0.09,118,47.5,
adxxcasc=20-30|Y,355,45.4,-0.0165,0.87,-5.9,16,inf,inf,58,-0.021,297,-0.016,0.08,239,45.2,
oidxstrategy=mid|asia_burst_fade,1052,45.3,-0.0166,0.9,-17.5,41,inf,inf,380,-0.039,672,-0.004,0.11,497,45.3,
breadthxstrategy=>=4|london_burst_fade,931,45.3,-0.0081,0.95,-7.5,33,inf,inf,219,0.048,712,-0.025,0.13,276,49.3,
decile_bandxstrategy=D2-3|late_fade,567,45.3,0.0027,1.05,1.5,52,1.89,0.87,229,0.014,336,-0.005,0.11,193,41.5,
regimexsymbol=neutral|DASHUSDT,245,45.3,-0.0073,0.94,-1.8,36,inf,inf,151,-0.008,94,-0.007,0.09,101,46.5,
spreadxstrategy=>=5|asia_burst_fade,117,45.3,0.0181,1.13,2.1,33,0.66,0.93,54,-0.02,63,0.05,0.11,40,45.0,
sidexsymbol=SHORT|XLMUSDT,276,45.3,-0.0288,0.82,-7.9,62,inf,inf,149,-0.035,126,-0.026,0.11,83,49.4,
strategyxregimexdecile_band=setup_follow|NA|D2-3,53,45.3,-0.0022,0.96,-0.1,2,inf,inf,23,0.043,0,,0.06,0,,
fundxstrategy=pos|london_burst_fade,678,45.3,-0.0293,0.84,-19.9,42,inf,inf,141,-0.037,537,-0.027,0.11,251,49.8,
strategyxregimexbreadth=setup_fade|bear|2-3,95,45.3,-0.0275,0.85,-2.6,11,inf,inf,27,-0.078,68,-0.007,0.09,68,44.1,
strategyxdecile_bandximb=asia_burst_fade|D10|>=0.5,221,45.2,-0.0176,0.91,-3.9,42,inf,inf,129,-0.091,92,0.085,0.14,52,42.3,
breadthxsymbol=>=4|NMRUSDT,84,45.2,-0.0474,0.67,-4.0,19,inf,inf,18,-0.074,66,-0.04,0.11,53,41.5,
fundxstrategy=NA|ny_burst_follow,42,45.2,-0.0149,0.69,-0.6,2,inf,inf,19,-0.063,0,,0.0,0,,
strategyxsymbol=london_burst_fade|UNIUSDT,42,45.2,0.0188,1.1,0.8,23,2.61,1.0,15,0.019,26,0.058,0.19,17,58.8,
symbolxvs=1000PEPEUSDT|Y,42,45.2,0.0326,1.31,1.4,19,0.47,1.0,20,0.067,20,0.005,0.1,19,47.4,
strategyxweekdayxregime=asia_burst_fade|3|bull,168,45.2,-0.0084,0.95,-1.4,4,inf,inf,61,0.031,107,-0.031,0.12,72,43.1,
cascxstrategy=N|asia_burst_fade,2104,45.2,-0.0199,0.88,-41.8,55,inf,inf,1204,-0.032,900,-0.003,0.1,648,46.8,
strategyxweekdayxhour_band=setup_fade|5|18-23,135,45.2,0.0025,1.02,0.3,9,8.89,5.78,52,0.033,83,-0.017,0.12,75,40.0,
mktbxsymbol=30-60|QNTUSDT,31,45.2,0.0258,1.25,0.8,4,2.26,1.0,0,,31,0.026,0.1,14,50.0,
strategyxsymbol=london_burst_fade|XLMUSDT,31,45.2,-0.0674,0.6,-2.1,21,inf,inf,18,-0.038,12,-0.158,0.03,2,0.0,
strategyxsymbol=asia_burst_fade|FETUSDT,31,45.2,-0.0018,0.99,-0.1,17,inf,inf,14,-0.068,17,0.053,0.1,11,36.4,
strategyxsymbol=burst_follow|CHZUSDT,31,45.2,0.0077,1.12,0.2,15,1.37,1.0,25,0.012,6,-0.01,0.1,0,,
strategyxweekday=fade_3h_late|6,31,45.2,-0.0124,0.87,-0.4,4,inf,inf,14,-0.145,17,0.097,0.0,6,83.3,
strategyxweekdayxhour_band=london_burst_fade|2|6-11,186,45.2,0.0225,1.16,4.2,8,1.7,0.3,115,0.045,71,-0.014,0.12,51,41.2,
strategyxweekdayxhour_band=fade_3h_late|6|18-23,31,45.2,-0.0124,0.87,-0.4,4,inf,inf,14,-0.145,17,0.097,0.0,6,83.3,
strategyxsidexregime=late_fade|SHORT|bear,93,45.2,-0.0043,0.92,-0.4,12,inf,inf,41,-0.001,52,-0.007,0.08,36,36.1,
strategyxsym_state=asia_burst_fade|bull,1074,45.2,-0.017,0.89,-18.3,31,inf,inf,135,-0.051,939,-0.012,0.09,446,45.1,
decile_bandxstrategy=D2-3|asia_burst_fade,1925,45.1,-0.0246,0.85,-47.4,55,inf,inf,909,-0.026,1016,-0.023,0.09,657,45.8,
symbolxweekday=DOTUSDT|5,82,45.1,-0.0057,0.95,-0.5,8,inf,inf,17,0.039,65,-0.017,0.11,37,45.9,
strategyxweekdayxhour_band=setup_follow|0|18-23,164,45.1,-0.0142,0.82,-2.3,8,inf,inf,77,-0.012,87,-0.016,0.1,72,43.1,
strategyxsym_state=london_burst_fade|neutral,572,45.1,-0.0057,0.97,-3.2,36,inf,inf,314,-0.001,258,-0.011,0.15,243,44.4,
breadthxsymbol=2-3|CHZUSDT,51,45.1,-0.0115,0.89,-0.6,18,inf,inf,29,-0.001,22,-0.025,0.04,19,47.4,
strategyxdecile_bandximb=london_burst_fade|D4-9|>=0.5,153,45.1,0.0227,1.14,3.5,38,0.6,0.54,83,0.068,64,-0.024,0.17,40,42.5,
breadthxsymbol=>=4|CHZUSDT,122,45.1,0.0063,1.05,0.8,27,1.52,1.0,47,0.012,75,0.002,0.12,35,51.4,
strategyxweekdayxregime=london_burst_fade|0|neutral,122,45.1,-0.0487,0.76,-5.9,5,inf,inf,100,-0.043,22,-0.074,0.13,45,44.4,
hour_bandxstrategy=6-11|london_burst_fade,1243,45.1,-0.0105,0.94,-13.1,53,inf,inf,513,-0.006,720,-0.017,0.12,418,44.0,
strategyxregimexdecile_band=london_burst_fade|neutral|D4-9,111,45.0,0.037,1.19,4.1,23,0.51,0.65,79,0.029,32,0.056,0.24,38,47.4,
strategyxv3=asia_burst_fade|N,2538,45.0,-0.0209,0.88,-53.1,55,inf,inf,1233,-0.034,1305,-0.009,0.1,828,45.5,
sidexsymbol=LONG|DASHUSDT,302,45.0,-0.0311,0.69,-9.4,57,inf,inf,152,-0.062,150,0.0,0.09,107,49.5,
strategyxsymbol=setup_follow|QNTUSDT,171,45.0,-0.0053,0.93,-0.9,55,inf,inf,76,-0.008,94,-0.002,0.12,79,41.8,
decile_bandxstrategy=D4-9|asia_burst_fade,331,45.0,0.0058,1.04,1.9,54,0.97,1.81,152,0.01,179,0.002,0.12,96,45.8,
sym_statexsymbol=neutral|DASHUSDT,240,45.0,-0.0043,0.96,-1.0,31,inf,inf,106,0.019,134,-0.022,0.09,100,47.0,
strategyxweekdayxregime=setup_fade|1|bear,100,45.0,-0.0247,0.86,-2.5,4,inf,inf,83,-0.058,17,0.137,0.07,22,54.5,
strategy=asia_burst_fade,2625,45.0,-0.0196,0.88,-51.4,55,inf,inf,1271,-0.033,1354,-0.007,0.1,857,45.9,
sessionxstrategy=None|asia_burst_fade,2625,45.0,-0.0196,0.88,-51.4,55,inf,inf,1271,-0.033,1354,-0.007,0.1,857,45.9,
strategyxvs=asia_burst_fade|N,2625,45.0,-0.0196,0.88,-51.4,55,inf,inf,1271,-0.033,1354,-0.007,0.1,857,45.9,
decile_bandxstrategy=D2-3|london_burst_fade,1456,45.0,-0.023,0.87,-33.5,53,inf,inf,636,-0.02,785,-0.033,0.11,498,46.4,
concxstrategy=2-3|london_burst_fade,985,45.0,-0.0178,0.9,-17.6,28,inf,inf,134,0.019,851,-0.024,0.12,350,48.0,
breadthxsymbol=2-3|FETUSDT,89,44.9,0.0225,1.22,2.0,25,0.26,1.0,35,-0.005,54,0.04,0.08,52,48.1,
strategyxregimexbreadth=asia_burst_fade|neutral|2-3,227,44.9,-0.0092,0.95,-2.1,21,inf,inf,117,0.005,110,-0.024,0.14,151,45.7,
concxstrategy=0-1|london_burst_fade,325,44.9,0.0055,1.03,1.8,32,1.76,2.3,80,-0.005,245,0.009,0.15,324,45.1,
strategyxregimexbreadth=london_burst_fade|neutral|2-3,187,44.9,0.0281,1.17,5.3,21,0.87,0.53,91,0.074,96,-0.016,0.2,130,43.1,
concxsymbol=NA|WLDUSDT,49,44.9,-0.0145,0.89,-0.7,5,inf,inf,29,-0.022,2,-0.009,0.16,4,50.0,
fundxsymbol=NA|WLDUSDT,49,44.9,-0.0145,0.89,-0.7,5,inf,inf,29,-0.022,2,-0.009,0.16,4,50.0,
mktbxsymbol=NA|WLDUSDT,49,44.9,-0.0145,0.89,-0.7,5,inf,inf,29,-0.022,2,-0.009,0.16,4,50.0,
regimexsymbol=NA|WLDUSDT,49,44.9,-0.0145,0.89,-0.7,5,inf,inf,29,-0.022,2,-0.009,0.16,4,50.0,
strategyxsymbol=setup_fade|DASHUSDT,196,44.9,-0.0186,0.89,-3.6,57,inf,inf,105,-0.019,91,-0.019,0.07,86,46.5,
strategyxregimexbreadth=late_fade|neutral|2-3,49,44.9,-0.0047,0.92,-0.2,16,inf,inf,19,-0.031,30,0.012,0.14,31,48.4,
cascxspread=Y|>=5,78,44.9,-0.0183,0.85,-1.4,7,inf,inf,0,,78,-0.018,0.1,43,41.9,
oidxsymbol=>0.5|FETUSDT,78,44.9,-0.008,0.94,-0.6,18,inf,inf,17,-0.018,61,-0.005,0.1,36,50.0,
strategyxweekdayxhour_band=setup_follow|2|18-23,185,44.9,-0.0069,0.91,-1.3,9,inf,inf,102,-0.009,83,-0.004,0.15,68,45.6,
hour_bandxsymbol=12-17|SUIUSDT,58,44.8,-0.0052,0.94,-0.3,8,inf,inf,0,,58,-0.005,0.07,26,42.3,
symbolxweekday=ICPUSDT|3,58,44.8,-0.0259,0.81,-1.5,8,inf,inf,38,-0.039,20,-0.002,0.14,20,40.0,
symbolxweekday=ICPUSDT|6,87,44.8,0.0038,1.03,0.3,9,2.75,1.0,22,-0.001,65,0.006,0.11,51,41.2,
strategyxweekdayxhour_band=nony_momentum|1|0-5,116,44.8,-0.0188,0.75,-2.2,6,inf,inf,66,0.012,50,-0.059,0.05,40,35.0,
strategyxsidexregime=late_fade|LONG|bull,154,44.8,-0.0014,0.97,-0.2,14,inf,inf,6,0.011,148,-0.002,0.08,61,45.9,
strategyxweekday=asia_burst_fade|3,288,44.8,-0.0273,0.85,-7.9,8,inf,inf,163,-0.033,125,-0.02,0.11,99,42.4,
strategyxweekdayxregime=asia_burst_fade|2|bear,96,44.8,0.0081,1.04,0.8,2,1.87,2.5,71,-0.009,25,0.058,0.12,58,53.4,
strategyxregimexbreadth=setup_follow|neutral|>=4,239,44.8,-0.0412,0.64,-9.8,23,inf,inf,121,-0.011,118,-0.073,0.13,106,46.2,
oidxstrategy=mid|london_burst_fade,887,44.8,-0.0022,0.99,-2.0,40,inf,inf,331,0.034,556,-0.024,0.15,382,44.0,
strategyxsymbol=ny_flush_buy_4h|ADAUSDT,38,44.7,-0.0254,0.8,-1.0,32,inf,inf,17,0.014,21,-0.058,0.0,8,50.0,
strategyxregimexdecile_band=ny_flush_buy_4h|neutral|D10,76,44.7,-0.1653,0.42,-12.6,19,inf,inf,43,-0.013,33,-0.363,0.0,10,50.0,
adxxspread=<20|>=5,237,44.7,-0.0176,0.84,-4.2,10,inf,inf,145,-0.015,92,-0.022,0.08,135,47.4,
strategyxweekday=asia_burst_fade|2,398,44.7,-0.033,0.82,-13.2,8,inf,inf,307,-0.023,91,-0.068,0.09,112,43.8,
strategyxweekdayxregime=setup_fade|6|bull,123,44.7,-0.1066,0.54,-13.1,1,inf,inf,0,,123,-0.107,0.07,66,48.5,
symbolxweekday=ADAUSDT|3,132,44.7,-0.0209,0.82,-2.8,9,inf,inf,79,-0.022,53,-0.02,0.08,40,47.5,
strategyxweekdayxregime=asia_pump_short_4h|4|bull,47,44.7,-0.1173,0.67,-5.5,3,inf,inf,5,0.348,42,-0.173,0.0,15,33.3,
strategyxweekdayxhour_band=setup_fade|6|18-23,159,44.7,-0.0207,0.9,-3.3,8,inf,inf,63,0.063,96,-0.075,0.14,70,45.7,
cascxsymbol=Y|NMRUSDT,56,44.6,0.0197,1.2,1.1,5,0.43,1.0,0,,56,0.02,0.12,45,42.2,
spreadxstrategy=2-5|asia_burst_fade,280,44.6,0.0019,1.01,0.5,33,13.02,8.32,51,-0.006,229,0.004,0.12,118,45.8,
strategyxregimexdecile_band=asia_burst_fade|bear|D10,56,44.6,-0.0412,0.8,-2.3,12,inf,inf,35,-0.05,21,-0.027,0.12,18,44.4,
hour_bandxsymbol=18-23|RENDERUSDT,121,44.6,0.0129,1.13,1.6,34,0.35,1.0,56,0.026,61,-0.005,0.08,55,45.5,
imbxstrategy=>=0.5|asia_burst_fade,1562,44.6,-0.025,0.85,-39.1,55,inf,inf,805,-0.031,757,-0.019,0.09,437,45.1,
sidexstrategy=SHORT|asia_burst_fade,1562,44.6,-0.025,0.85,-39.1,55,inf,inf,805,-0.031,757,-0.019,0.09,437,45.1,
adxxsymbol=20-30|TRUMPUSDT,65,44.6,-0.0255,0.69,-1.7,3,inf,inf,0,,65,-0.025,0.03,50,48.0,
strategyxweekdayxregime=follow_3h_all|2|neutral,65,44.6,-0.1079,0.39,-7.0,1,inf,inf,65,-0.108,0,,0.0,0,,
strategyxdecile_bandximb=asia_burst_fade|D2-3|>=0.5,1180,44.6,-0.0301,0.82,-35.5,55,inf,inf,601,-0.019,579,-0.042,0.08,346,45.7,
cascxsymbol=Y|ICPUSDT,119,44.5,-0.0265,0.8,-3.2,12,inf,inf,15,0.014,104,-0.032,0.11,87,43.7,
regimexstrategy=bull|london_burst_fade,1002,44.5,-0.0167,0.91,-16.8,17,inf,inf,159,0.03,843,-0.025,0.12,350,46.3,
strategyxregimextrig=london_burst_fade|bull|burst,1002,44.5,-0.0167,0.91,-16.8,17,inf,inf,159,0.03,843,-0.025,0.12,350,46.3,
concxstrategy=>=6|asia_burst_fade,953,44.5,-0.0293,0.82,-27.9,22,inf,inf,953,-0.029,0,,0.08,0,,
atrpxstrategy=hi|asia_burst_fade,1066,44.5,-0.0114,0.93,-12.2,43,inf,inf,259,-0.062,807,0.005,0.09,353,51.3,
breadthxsymbol=2-3|ICPUSDT,81,44.4,-0.0433,0.72,-3.5,25,inf,inf,26,-0.051,55,-0.04,0.16,58,43.1,
oidxsymbol=<-0.5|CHZUSDT,54,44.4,-0.0205,0.82,-1.1,18,inf,inf,24,-0.015,30,-0.025,0.06,21,47.6,
spreadxsymbol=>=5|DOTUSDT,54,44.4,-0.0183,0.83,-1.0,7,inf,inf,54,-0.018,0,,0.04,0,,
sym_statexsymbol=bull|QNTUSDT,36,44.4,-0.0354,0.69,-1.3,4,inf,inf,0,,36,-0.035,0.06,22,45.5,
sym_statexsymbol=neutral|PENGUUSDT,36,44.4,-0.0799,0.55,-2.9,4,inf,inf,0,,36,-0.08,0.11,12,50.0,
symbolxvs=NMRUSDT|Y,45,44.4,0.013,1.11,0.6,13,2.03,1.0,18,-0.044,21,0.009,0.13,18,38.9,
symbolxweekday=DASHUSDT|0,72,44.4,-0.0127,0.9,-0.9,9,inf,inf,47,-0.029,25,0.019,0.1,19,42.1,
strategyxregimexadx=late_fade|bear|NA,72,44.4,-0.0008,0.99,-0.1,6,inf,inf,72,-0.001,0,,0.11,0,,
strategyxregimexbreadth=late_fade|bear|NA,72,44.4,-0.0008,0.99,-0.1,6,inf,inf,72,-0.001,0,,0.11,0,,
strategyxregimexbreadth=ny_flush_buy_4h|neutral|>=4,135,44.4,-0.0834,0.62,-11.3,15,inf,inf,71,0.038,64,-0.218,0.0,20,50.0,
spreadxstrategy=<2|asia_burst_fade,1519,44.4,-0.0206,0.88,-31.3,41,inf,inf,457,-0.039,1062,-0.012,0.1,699,45.9,
strategyxweekdayxhour_band=asia_burst_fade|2|0-5,304,44.4,-0.0427,0.78,-13.0,8,inf,inf,240,-0.045,64,-0.036,0.08,80,45.0,
atrpxstrategy=mid|asia_burst_fade,991,44.4,-0.0268,0.85,-26.5,49,inf,inf,597,-0.014,394,-0.046,0.1,343,39.1,
strategyxweekdayxhour_band=setup_follow|2|6-11,178,44.4,-0.0192,0.75,-3.4,9,inf,inf,88,-0.025,90,-0.013,0.07,89,43.8,
sidexsymbol=SHORT|FETUSDT,284,44.4,-0.0155,0.89,-4.4,63,inf,inf,136,-0.033,144,0.003,0.08,124,40.3,
strategyxvolz=london_burst_fade|<2,1195,44.4,-0.0281,0.85,-33.6,47,inf,inf,454,-0.038,741,-0.022,0.11,481,46.4,
strategyxregimexadx=london_burst_fade|bull|>=30,839,44.3,-0.023,0.87,-19.3,11,inf,inf,21,0.081,818,-0.026,0.12,309,47.2,
symbolxweekday=FETUSDT|4,97,44.3,-0.0146,0.88,-1.4,9,inf,inf,41,-0.043,56,0.006,0.05,40,47.5,
strategyxregimexadx=asia_burst_fade|bear|20-30,176,44.3,0.002,1.01,0.4,7,5.37,3.83,81,-0.033,95,0.032,0.14,132,48.5,
imbxstrategy=>=0.5|london_burst_fade,1167,44.3,-0.0333,0.82,-38.9,54,inf,inf,542,-0.015,583,-0.062,0.11,375,45.6,
sidexstrategy=SHORT|london_burst_fade,1167,44.3,-0.0333,0.82,-38.9,54,inf,inf,542,-0.015,583,-0.062,0.11,375,45.6,
adxxstrategy=>=30|london_burst_fade,840,44.3,-0.0231,0.87,-19.4,12,inf,inf,21,0.081,819,-0.026,0.12,310,47.1,
strategyxsymbol=asia_burst_fade|NEARUSDT,70,44.3,-0.0842,0.6,-5.9,34,inf,inf,39,-0.109,31,-0.053,0.07,17,52.9,
breadthxstrategy=>=4|asia_burst_fade,1073,44.3,-0.0195,0.88,-21.0,37,inf,inf,230,-0.066,843,-0.007,0.1,318,45.3,
strategyxsymbol=asia_burst_fade|FILUSDT,52,44.2,-0.0358,0.78,-1.9,24,inf,inf,23,-0.098,29,0.013,0.08,13,46.2,
symbolxweekday=RENDERUSDT|0,52,44.2,0.0296,1.33,1.5,9,1.26,1.0,22,0.06,30,0.007,0.12,31,48.4,
strategyxregimexbreadth=asia_burst_fade|bear|1,52,44.2,0.0186,1.09,1.0,7,0.59,1.68,13,-0.099,39,0.058,0.19,49,44.9,
strategyxweekend=asia_burst_fade|False,1913,44.2,-0.0308,0.83,-58.9,39,inf,inf,1012,-0.033,901,-0.029,0.1,610,45.9,
strategyxregimexadx=asia_burst_fade|neutral|NA,353,44.2,-0.0208,0.87,-7.3,7,inf,inf,353,-0.021,0,,0.08,0,,
strategyxregimexbreadth=asia_burst_fade|neutral|NA,353,44.2,-0.0208,0.87,-7.3,7,inf,inf,353,-0.021,0,,0.08,0,,
sidexsymbol=SHORT|BCHUSDT,43,44.2,-0.0178,0.87,-0.8,10,inf,inf,0,,43,-0.018,0.07,14,42.9,
strategyxsymbol=follow_3h_all|ZECUSDT,43,44.2,0.0932,1.8,4.0,17,0.43,1.0,37,0.115,6,-0.042,0.0,3,33.3,
decile_bandxstrategy=D10|asia_burst_fade,369,44.2,-0.016,0.92,-5.9,52,inf,inf,210,-0.095,159,0.088,0.15,104,46.2,
strategyxsymbol=london_burst_fade|ADAUSDT,77,44.2,-0.0122,0.93,-0.9,37,inf,inf,37,0.038,38,-0.078,0.13,14,42.9,
cascxstrategy=Y|asia_burst_fade,521,44.1,-0.0183,0.89,-9.5,19,inf,inf,67,-0.048,454,-0.014,0.09,209,43.1,
mktbxstrategy=30-60|asia_burst_fade,340,44.1,-0.0539,0.67,-18.3,3,inf,inf,0,,340,-0.054,0.05,117,49.6,
strategyxsymbol=nony_momentum|UNIUSDT,34,44.1,-0.0193,0.73,-0.7,19,inf,inf,14,-0.009,20,-0.026,0.03,11,45.5,
strategyxweekdayxhour_band=setup_follow|5|0-5,238,44.1,-0.0265,0.68,-6.3,9,inf,inf,96,-0.032,142,-0.023,0.08,112,41.1,
strategyxsidexregime=nony_momentum|SHORT|bull,34,44.1,-0.0057,0.9,-0.2,13,inf,inf,6,-0.039,28,0.001,0.09,28,50.0,
strategyxweekdayxregime=london_burst_fade|5|bear,34,44.1,-0.0675,0.62,-2.3,2,inf,inf,29,-0.089,5,0.059,0.06,5,40.0,
strategyxdecile_bandximb=asia_burst_fade|D4-9|>=0.5,161,44.1,0.0017,1.01,0.3,45,4.64,8.54,75,-0.02,86,0.02,0.09,39,43.6,
imbxsymbol=<0.5|ICPUSDT,93,44.1,0.0039,1.03,0.4,16,2.48,1.0,15,0.014,78,0.002,0.17,72,43.1,
regimexstrategy=bear|asia_burst_fade,422,44.1,-0.0312,0.83,-13.2,13,inf,inf,327,-0.049,95,0.032,0.1,132,48.5,
strategyxregimextrig=asia_burst_fade|bear|burst,422,44.1,-0.0312,0.83,-13.2,13,inf,inf,327,-0.049,95,0.032,0.1,132,48.5,
strategy=v65_strict_long,59,44.1,0.0254,1.16,1.5,15,1.53,1.36,5,-0.189,54,0.045,0.15,53,45.3,
strategy=v65_strict_ny_long,59,44.1,0.0254,1.16,1.5,15,1.53,1.36,5,-0.189,54,0.045,0.15,53,45.3,
cascxstrategy=Y|v65_strict_long,59,44.1,0.0254,1.16,1.5,15,1.53,1.36,5,-0.189,54,0.045,0.15,53,45.3,
cascxstrategy=Y|v65_strict_ny_long,59,44.1,0.0254,1.16,1.5,15,1.53,1.36,5,-0.189,54,0.045,0.15,53,45.3,
sessionxstrategy=None|v65_strict_long,59,44.1,0.0254,1.16,1.5,15,1.53,1.36,5,-0.189,54,0.045,0.15,53,45.3,
sessionxstrategy=None|v65_strict_ny_long,59,44.1,0.0254,1.16,1.5,15,1.53,1.36,5,-0.189,54,0.045,0.15,53,45.3,
sidexstrategy=LONG|v65_strict_long,59,44.1,0.0254,1.16,1.5,15,1.53,1.36,5,-0.189,54,0.045,0.15,53,45.3,
sidexstrategy=LONG|v65_strict_ny_long,59,44.1,0.0254,1.16,1.5,15,1.53,1.36,5,-0.189,54,0.045,0.15,53,45.3,
strategyxv3=v65_strict_long|Y,59,44.1,0.0254,1.16,1.5,15,1.53,1.36,5,-0.189,54,0.045,0.15,53,45.3,
strategyxv3=v65_strict_ny_long|Y,59,44.1,0.0254,1.16,1.5,15,1.53,1.36,5,-0.189,54,0.045,0.15,53,45.3,
strategyxvs=v65_strict_long|Y,59,44.1,0.0254,1.16,1.5,15,1.53,1.36,5,-0.189,54,0.045,0.15,53,45.3,
strategyxvs=v65_strict_ny_long|Y,59,44.1,0.0254,1.16,1.5,15,1.53,1.36,5,-0.189,54,0.045,0.15,53,45.3,
strategyxweekdayxregime=asia_burst_fade|4|neutral,118,44.1,-0.0433,0.78,-5.1,5,inf,inf,94,-0.038,24,-0.062,0.14,44,50.0,
strategyxsymbol=london_burst_fade|BNBUSDT,84,44.0,-0.0436,0.79,-3.7,33,inf,inf,41,0.027,40,-0.124,0.13,18,38.9,
strategyxsymbol=setup_follow|RENDERUSDT,168,44.0,-0.0046,0.94,-0.8,59,inf,inf,80,-0.017,85,0.01,0.1,81,45.7,
adxxsymbol=<20|NEARUSDT,50,44.0,-0.0071,0.92,-0.4,6,inf,inf,36,-0.024,14,0.035,0.02,33,45.5,
oidxstrategy=<-0.5|london_burst_fade,350,44.0,-0.0438,0.77,-15.3,32,inf,inf,93,-0.018,257,-0.053,0.11,136,42.6,
strategyxweekday=london_burst_fade|5,198,43.9,-0.0444,0.73,-8.8,8,inf,inf,78,-0.098,120,-0.009,0.06,80,33.8,
spreadxstrategy=2-5|london_burst_fade,214,43.9,-0.0012,0.99,-0.3,33,inf,inf,48,0.029,166,-0.01,0.12,64,43.8,
strategyxregimexadx=asia_burst_fade|bear|NA,246,43.9,-0.055,0.69,-13.5,6,inf,inf,246,-0.055,0,,0.07,0,,
strategyxregimexbreadth=asia_burst_fade|bear|NA,246,43.9,-0.055,0.69,-13.5,6,inf,inf,246,-0.055,0,,0.07,0,,
strategyxweekdayxregime=setup_follow|1|NA,41,43.9,-0.0506,0.41,-2.1,1,inf,inf,0,,0,,0.02,0,,
atrpxstrategy=lo|asia_pump_short_4h,57,43.9,-0.0911,0.63,-5.2,29,inf,inf,23,-0.081,34,-0.098,0.0,31,38.7,
mktbxsymbol=<30|SUIUSDT,114,43.9,-0.0119,0.9,-1.4,5,inf,inf,0,,114,-0.012,0.09,41,48.8,
strategyxsidexregime=setup_fade|LONG|bear,399,43.9,-0.0059,0.97,-2.4,18,inf,inf,236,-0.014,163,0.005,0.13,145,44.8,
cascxstrategy=Y|london_burst_fade,431,43.9,-0.0119,0.93,-5.1,16,inf,inf,50,0.022,381,-0.016,0.12,160,46.2,
strategyxsymbol=setup_fade|XRPUSDT,187,43.9,-0.0161,0.91,-3.0,60,inf,inf,78,-0.045,106,0.008,0.12,87,40.2,
atrpxstrategy=hi|london_burst_fade,821,43.8,-0.0293,0.83,-24.0,42,inf,inf,196,-0.034,625,-0.028,0.1,247,47.8,
strategyxregimexadx=asia_burst_fade|bull|20-30,137,43.8,-0.0521,0.74,-7.1,5,inf,inf,137,-0.052,0,,0.11,0,,
atrpxstrategy=lo|late_fade,80,43.8,-0.037,0.57,-3.0,29,inf,inf,34,-0.011,46,-0.056,0.12,46,41.3,
atrpxsymbol=lo|DASHUSDT,32,43.8,0.0262,1.22,0.8,14,0.63,1.0,10,0.012,22,0.033,0.12,23,43.5,
hour_bandxsymbol=6-11|FETUSDT,128,43.8,-0.023,0.8,-2.9,38,inf,inf,59,-0.046,69,-0.003,0.07,46,45.7,
oidxsymbol=>0.5|NMRUSDT,32,43.8,-0.0595,0.64,-1.9,12,inf,inf,13,-0.08,19,-0.046,0.12,21,42.9,
strategyxdecile_bandximb=late_fade|D10|<0.5,32,43.8,-0.0436,0.63,-1.4,21,inf,inf,17,-0.026,15,-0.064,0.25,10,60.0,
symbolxweekend=ICPUSDT|True,151,43.7,-0.0178,0.86,-2.7,18,inf,inf,48,0.003,103,-0.028,0.12,79,39.2,
strategyxv3=asia_burst_fade|Y,87,43.7,0.0201,1.11,1.7,39,0.86,1.0,38,-0.017,49,0.049,0.21,29,55.2,
decile_bandxstrategy=D2-3|ny_burst_follow,55,43.6,-0.0076,0.85,-0.4,2,inf,inf,35,-0.033,0,,0.02,0,,
strategyxsymbol=london_burst_fade|NEARUSDT,55,43.6,-0.0613,0.71,-3.4,27,inf,inf,34,-0.015,18,-0.204,0.09,10,30.0,
strategyxweekdayxregime=asia_burst_fade|2|neutral,110,43.6,-0.0073,0.96,-0.8,3,inf,inf,85,0.014,25,-0.08,0.06,23,39.1,
breadthxsymbol=2-3|FILUSDT,94,43.6,-0.0692,0.51,-6.5,28,inf,inf,36,-0.031,58,-0.093,0.06,64,40.6,
strategyxsymbol=asia_burst_fade|ADAUSDT,94,43.6,-0.0231,0.87,-2.2,35,inf,inf,56,-0.035,38,-0.006,0.11,16,31.2,
breadthxstrategy=2-3|late_fade,133,43.6,-0.003,0.95,-0.4,37,inf,inf,43,-0.027,90,0.009,0.12,96,45.8,
symbolxvs=TAOUSDT|Y,39,43.6,0.0234,1.18,0.9,13,2.26,1.0,14,-0.065,25,0.073,0.18,25,36.0,
cascxstrategy=Y|late_fade,140,43.6,-0.0068,0.86,-1.0,17,inf,inf,14,0.01,126,-0.009,0.08,66,45.5,
sym_statexsymbol=bull|ICPUSDT,85,43.5,-0.0406,0.71,-3.5,8,inf,inf,0,,85,-0.041,0.08,65,41.5,
sidexsymbol=SHORT|PENDLEUSDT,216,43.5,-0.0509,0.72,-11.0,62,inf,inf,101,-0.036,113,-0.073,0.08,96,39.6,
concxstrategy=0-1|asia_burst_fade,423,43.5,-0.0133,0.92,-5.6,32,inf,inf,86,-0.02,337,-0.012,0.13,423,43.5,
strategyxsidexregime=asia_burst_fade|SHORT|neutral,614,43.5,-0.0104,0.93,-6.4,28,inf,inf,393,-0.017,221,0.001,0.09,198,47.0,
strategyxweekdayxregime=asia_burst_fade|2|bull,115,43.5,-0.0389,0.73,-4.5,3,inf,inf,74,0.016,41,-0.138,0.04,31,29.0,
concxstrategy=>=6|fade_3h_london,76,43.4,0.083,1.64,6.3,13,0.76,0.47,76,0.083,0,,0.0,0,,
strategyxregimexdecile_band=asia_burst_fade|bull|D4-9,152,43.4,-0.0184,0.88,-2.8,16,inf,inf,22,0.015,130,-0.024,0.09,42,42.9,
hour_bandxstrategy=6-11|fade_3h_london,60,43.3,0.002,1.01,0.1,16,14.46,15.88,46,-0.046,14,0.159,0.0,10,70.0,
strategyxweekdayxhour_band=nony_momentum|3|18-23,30,43.3,-0.0166,0.75,-0.5,4,inf,inf,29,-0.02,1,0.078,0.03,3,100.0,
strategyxweekdayxregime=asia_burst_fade|6|bear,67,43.3,-0.0475,0.73,-3.2,2,inf,inf,53,-0.041,14,-0.07,0.09,12,41.7,
strategyxregimexbreadth=london_burst_fade|bull|>=4,707,43.3,-0.0185,0.9,-13.1,16,inf,inf,55,0.068,652,-0.026,0.13,212,47.2,
strategyxsymbol=asia_burst_fade|WLDUSDT,148,43.2,0.0009,1.01,0.1,40,12.98,1.0,91,-0.037,57,0.061,0.11,51,51.0,
strategyxweekdayxregime=london_burst_fade|6|neutral,111,43.2,-0.0081,0.95,-0.9,5,inf,inf,55,-0.055,56,0.038,0.14,44,54.5,
atrpxstrategy=hi|late_fade,331,43.2,0.0059,1.13,2.0,27,2.73,0.5,76,-0.015,255,0.012,0.13,100,40.0,
strategyxsymbol=setup_follow|RUNEUSDT,169,43.2,-0.0075,0.9,-1.3,51,inf,inf,95,-0.011,73,-0.0,0.11,78,47.4,
mktbxstrategy=<30|fade_3h_london,88,43.2,0.0741,1.53,6.5,16,0.73,0.47,76,0.083,12,0.017,0.0,8,50.0,
vsxweekday=Y|6,190,43.2,-0.0249,0.81,-4.7,8,inf,inf,44,0.021,146,-0.039,0.12,107,43.0,
oidxsymbol=<-0.5|RUNEUSDT,51,43.1,-0.0412,0.71,-2.1,16,inf,inf,17,-0.032,34,-0.046,0.12,27,48.1,
strategyxsymbol=setup_fade|PENDLEUSDT,204,43.1,-0.0683,0.68,-13.9,61,inf,inf,93,-0.112,109,-0.042,0.09,93,45.2,
sidexsymbol=SHORT|ARBUSDT,276,43.1,-0.0373,0.75,-10.3,59,inf,inf,142,-0.008,134,-0.068,0.09,104,40.4,
symbolxvolz=DASHUSDT|>=5,58,43.1,0.0147,1.14,0.9,18,0.68,1.0,35,-0.001,23,0.039,0.07,17,52.9,
symbolxweekday=DASHUSDT|2,65,43.1,0.0265,1.3,1.7,8,0.44,1.0,47,0.043,18,-0.017,0.08,15,46.7,
cascxsym_state=Y|bear,72,43.1,0.021,1.18,1.5,10,0.59,0.73,23,0.029,49,0.017,0.14,51,45.1,
strategyxweekdayxregime=setup_fade|4|bear,163,42.9,-0.0518,0.72,-8.4,2,inf,inf,108,-0.015,55,-0.124,0.09,38,39.5,
atrpxvs=lo|Y,35,42.9,-0.0191,0.86,-0.7,14,inf,inf,13,0.046,22,-0.058,0.14,17,41.2,
breadthxstrategy=1|late_fade,70,42.9,-0.0254,0.64,-1.8,35,inf,inf,26,-0.037,44,-0.018,0.1,47,46.8,
decile_bandxsymbol=D4-9|SUIUSDT,42,42.9,0.0298,1.4,1.3,6,0.64,1.0,0,,42,0.03,0.12,14,42.9,
oidxsymbol=<-0.5|DOTUSDT,105,42.9,-0.0322,0.77,-3.4,24,inf,inf,39,-0.064,66,-0.014,0.1,39,43.6,
strategyxsymbol=asia_burst_fade|TRUMPUSDT,63,42.9,-0.0468,0.73,-2.9,9,inf,inf,0,,63,-0.047,0.06,32,50.0,
strategyxregimexdecile_band=late_fade|bear|D2-3,112,42.9,-0.0093,0.84,-1.0,13,inf,inf,71,0.005,41,-0.034,0.08,35,28.6,
strategyxweekdayxhour_band=follow_3h_all|1|18-23,42,42.9,-0.026,0.78,-1.1,3,inf,inf,24,-0.068,18,0.03,0.0,5,40.0,
strategyxweekdayxregime=london_burst_fade|4|bear,49,42.9,-0.0067,0.96,-0.3,2,inf,inf,44,-0.001,5,-0.06,0.12,5,20.0,
strategyxweekdayxregime=setup_follow|3|neutral,264,42.8,-0.0208,0.75,-5.5,5,inf,inf,135,0.003,129,-0.045,0.09,155,39.4,
strategyxsymbol=setup_fade|ICPUSDT,222,42.8,-0.0389,0.8,-8.6,62,inf,inf,113,-0.04,107,-0.041,0.1,103,42.7,
strategyxregimexbreadth=asia_burst_fade|neutral|1,145,42.8,-0.0137,0.92,-2.0,20,inf,inf,74,-0.036,71,0.01,0.12,100,47.0,
strategyxregimexdecile_band=asia_burst_fade|neutral|D2-3,690,42.8,-0.032,0.8,-22.1,28,inf,inf,453,-0.018,237,-0.059,0.08,239,44.8,
strategyxweekdayxhour_band=asia_burst_fade|3|0-5,227,42.7,-0.0571,0.7,-13.0,8,inf,inf,121,-0.067,106,-0.046,0.08,82,39.0,
strategyxdecile_bandximb=london_burst_fade|D2-3|>=0.5,836,42.7,-0.0482,0.75,-40.3,53,inf,inf,344,-0.039,458,-0.071,0.1,298,45.6,
strategyxweekdayxhour_band=setup_follow|5|6-11,171,42.7,-0.0147,0.79,-2.5,9,inf,inf,79,0.008,92,-0.034,0.09,82,39.0,
strategyxweekend=late_fade|False,483,42.7,-0.0057,0.9,-2.7,38,inf,inf,244,0.002,236,-0.014,0.12,169,41.4,
regimexstrategy=neutral|fade_3h_late,68,42.6,0.0325,1.24,2.2,8,2.15,0.52,54,0.02,14,0.08,0.0,7,100.0,
strategyxsidexregime=fade_3h_late|SHORT|neutral,68,42.6,0.0325,1.24,2.2,8,2.15,0.52,54,0.02,14,0.08,0.0,7,100.0,
strategyxregimextrig=fade_3h_late|neutral|burst,68,42.6,0.0325,1.24,2.2,8,2.15,0.52,54,0.02,14,0.08,0.0,7,100.0,
strategyxweekdayxhour_band=setup_fade|4|18-23,237,42.6,-0.0089,0.95,-2.1,9,inf,inf,120,0.054,117,-0.073,0.12,111,46.8,
strategyxweekdayxregime=asia_burst_fade|3|neutral,54,42.6,-0.0806,0.63,-4.4,1,inf,inf,54,-0.081,0,,0.09,0,,
strategyxweekdayxregime=setup_fade|3|bear,155,42.6,-0.0985,0.59,-15.3,3,inf,inf,128,-0.085,27,-0.162,0.08,47,40.4,
strategyxdecile_bandximb=asia_burst_fade|D10|<0.5,148,42.6,-0.0136,0.93,-2.0,41,inf,inf,81,-0.101,67,0.092,0.17,52,50.0,
strategyxsym_state=asia_burst_fade|neutral,705,42.6,-0.0232,0.87,-16.4,39,inf,inf,362,-0.038,343,-0.007,0.12,328,46.6,
strategyxsidexregime=asia_burst_fade|SHORT|NA,47,42.6,-0.2184,0.46,-10.3,1,inf,inf,47,-0.218,0,,0.21,0,,
sidexsymbol=LONG|QNTUSDT,181,42.5,-0.0061,0.94,-1.1,55,inf,inf,76,-0.016,104,0.002,0.13,89,39.3,
regimexstrategy=neutral|asia_burst_fade,976,42.5,-0.0223,0.86,-21.8,28,inf,inf,663,-0.025,313,-0.016,0.1,324,45.7,
strategyxregimextrig=asia_burst_fade|neutral|burst,976,42.5,-0.0223,0.86,-21.8,28,inf,inf,663,-0.025,313,-0.016,0.1,324,45.7,
atrpxstrategy=hi|fade_3h_late,40,42.5,-0.0589,0.59,-2.4,12,inf,inf,18,-0.038,22,-0.076,0.0,12,41.7,
symbolxweekday=DOGEUSDT|1,40,42.5,-0.0627,0.51,-2.5,1,inf,inf,0,,40,-0.063,0.03,6,50.0,
strategyxregimexdecile_band=asia_burst_fade|bear|D2-3,313,42.5,-0.0476,0.74,-14.9,13,inf,inf,254,-0.062,59,0.016,0.09,95,49.5,
mktbxstrategy=30-60|london_burst_fade,212,42.5,-0.0391,0.79,-8.3,2,inf,inf,0,,212,-0.039,0.11,75,48.0,
adxxsymbol=20-30|DOGEUSDT,33,42.4,-0.0755,0.47,-2.5,3,inf,inf,0,,33,-0.076,0.12,12,41.7,
decile_bandxstrategy=D2-3|v65_strict_long,33,42.4,-0.0456,0.76,-1.5,9,inf,inf,3,-0.108,30,-0.039,0.09,28,42.9,
decile_bandxstrategy=D2-3|v65_strict_ny_long,33,42.4,-0.0456,0.76,-1.5,9,inf,inf,3,-0.108,30,-0.039,0.09,28,42.9,
strategyxvolz=v65_strict_long|<2,33,42.4,0.0187,1.12,0.6,10,1.43,1.22,3,-0.108,30,0.031,0.12,28,42.9,
strategyxvolz=v65_strict_ny_long|<2,33,42.4,0.0187,1.12,0.6,10,1.43,1.22,3,-0.108,30,0.031,0.12,28,42.9,
strategyxweekdayxregime=asia_pump_short_4h|1|neutral,33,42.4,-0.0856,0.5,-2.8,5,inf,inf,25,-0.114,8,0.005,0.0,9,44.4,
oidxstrategy=>0.5|late_fade,92,42.4,0.0067,1.15,0.6,25,0.66,1.11,20,0.012,72,0.005,0.12,38,42.1,
strategyxweekdayxregime=asia_burst_fade|5|neutral,59,42.4,-0.0324,0.79,-1.9,4,inf,inf,50,-0.046,9,0.045,0.1,26,53.8,
strategyxweekday=london_burst_fade|1,340,42.4,-0.0087,0.95,-3.0,8,inf,inf,154,0.024,142,-0.088,0.15,90,34.4,
fundxsymbol=flat|DASHUSDT,123,42.3,-0.033,0.76,-4.1,28,inf,inf,81,-0.031,42,-0.037,0.13,46,41.3,
symbolxvs=FILUSDT|Y,71,42.3,-0.0451,0.66,-3.2,21,inf,inf,38,-0.063,31,-0.029,0.08,30,40.0,
cascxconc=N|4-5,45,42.2,-0.0341,0.8,-1.5,5,inf,inf,45,-0.034,0,,0.13,0,,
strategyxweekdayxhour_band=london_burst_fade|5|6-11,135,42.2,-0.0396,0.75,-5.3,8,inf,inf,43,-0.133,92,0.004,0.04,55,34.5,
strategyxregimexdecile_band=london_burst_fade|bull|D2-3,739,42.2,-0.0374,0.8,-27.7,17,inf,inf,110,-0.0,629,-0.044,0.1,283,44.9,
symbolxweekday=ICPUSDT|5,64,42.2,-0.0472,0.7,-3.0,9,inf,inf,26,0.007,38,-0.084,0.12,28,35.7,
strategyxsymbol=london_burst_fade|SOLUSDT,249,42.2,-0.0225,0.88,-5.6,49,inf,inf,133,-0.044,113,-0.008,0.15,83,48.2,
strategyxsymbol=late_fade|SOLUSDT,83,42.2,0.0096,1.19,0.8,36,0.72,1.0,41,0.017,42,0.002,0.16,29,41.4,
strategyxweekdayxhour_band=asia_burst_fade|0|6-11,83,42.2,-0.0355,0.76,-2.9,8,inf,inf,47,0.012,36,-0.097,0.05,37,40.5,
strategyxweekdayxregime=asia_burst_fade|6|neutral,166,42.2,-0.0036,0.98,-0.6,5,inf,inf,105,-0.005,61,-0.002,0.12,75,40.0,
strategyxweekdayxhour_band=setup_fade|2|0-5,185,42.2,-0.0817,0.61,-15.1,9,inf,inf,81,-0.101,104,-0.067,0.06,87,41.4,
strategyxregimexdecile_band=asia_burst_fade|neutral|D4-9,119,42.0,-0.0065,0.96,-0.8,26,inf,inf,85,-0.019,34,0.024,0.14,35,48.6,
strategyxweekdayxregime=nony_momentum|3|neutral,50,42.0,-0.0198,0.68,-1.0,3,inf,inf,43,-0.027,7,0.023,0.0,18,38.9,
atrpxstrategy=lo|london_burst_fade,255,42.0,-0.0203,0.9,-5.2,40,inf,inf,138,-0.073,117,0.041,0.16,150,41.3,
sym_statexsymbol=bear|TAOUSDT,31,41.9,0.0129,1.1,0.4,4,2.64,1.0,8,0.064,23,-0.005,0.19,9,44.4,
hour_bandxstrategy=6-11|asia_burst_fade,570,41.9,-0.0238,0.86,-13.6,52,inf,inf,285,-0.033,285,-0.014,0.1,217,44.2,
strategyxregimexdecile_band=asia_burst_fade|neutral|D10,167,41.9,0.0065,1.04,1.1,25,5.75,1.57,125,-0.057,42,0.196,0.14,50,48.0,
sidexsymbol=SHORT|ICPUSDT,246,41.9,-0.0511,0.72,-12.6,62,inf,inf,128,-0.057,116,-0.047,0.11,104,44.2,
strategyxsidexregime=asia_burst_fade|SHORT|bear,251,41.8,-0.0586,0.7,-14.7,13,inf,inf,211,-0.06,40,-0.053,0.08,59,44.1,
adxxstrategy=20-30|asia_burst_fade,813,41.8,-0.0251,0.86,-20.4,29,inf,inf,456,-0.049,357,0.006,0.12,377,46.4,
strategyxweekdayxregime=asia_burst_fade|0|bear,67,41.8,-0.0237,0.85,-1.6,2,inf,inf,41,-0.035,26,-0.005,0.09,23,43.5,
atrpxstrategy=hi|fade_3h_london,36,41.7,0.0436,1.29,1.6,12,1.56,0.95,18,-0.046,18,0.133,0.0,12,66.7,
oidxsymbol=>0.5|SUIUSDT,48,41.7,-0.0023,0.98,-0.1,6,inf,inf,0,,48,-0.002,0.1,14,35.7,
strategyxsymbol=asia_burst_fade|PUMPUSDT,36,41.7,-0.0426,0.74,-1.5,8,inf,inf,0,,36,-0.043,0.08,15,46.7,
symbolxvs=RENDERUSDT|Y,36,41.7,-0.0062,0.94,-0.2,14,inf,inf,10,0.006,26,-0.011,0.06,18,38.9,
strategyxsym_state=late_fade|bull,286,41.6,-0.0093,0.83,-2.7,29,inf,inf,39,-0.029,247,-0.006,0.1,131,45.8,
strategyxregimexbreadth=london_burst_fade|bull|1,113,41.6,-0.0236,0.87,-2.7,17,inf,inf,46,0.024,67,-0.056,0.14,61,34.4,
strategyxsymbol=setup_fade|FETUSDT,215,41.4,-0.0162,0.91,-3.5,59,inf,inf,103,-0.045,109,0.011,0.07,109,41.3,
strategyxsymbol=setup_follow|APTUSDT,203,41.4,-0.0276,0.68,-5.6,61,inf,inf,101,-0.044,101,-0.011,0.1,86,41.9,
strategyxsymbol=asia_burst_fade|SOLUSDT,322,41.3,-0.0247,0.86,-8.0,52,inf,inf,185,-0.006,137,-0.051,0.11,100,36.0,
strategy=ny_burst_follow,63,41.3,-0.0085,0.83,-0.5,2,inf,inf,40,-0.028,0,,0.02,0,,
adxxstrategy=NA|ny_burst_follow,63,41.3,-0.0085,0.83,-0.5,2,inf,inf,40,-0.028,0,,0.02,0,,
atrpxstrategy=NA|ny_burst_follow,63,41.3,-0.0085,0.83,-0.5,2,inf,inf,40,-0.028,0,,0.02,0,,
breadthxstrategy=NA|ny_burst_follow,63,41.3,-0.0085,0.83,-0.5,2,inf,inf,40,-0.028,0,,0.02,0,,
cascxstrategy=N|ny_burst_follow,63,41.3,-0.0085,0.83,-0.5,2,inf,inf,40,-0.028,0,,0.02,0,,
hour_bandxstrategy=12-17|ny_burst_follow,63,41.3,-0.0085,0.83,-0.5,2,inf,inf,40,-0.028,0,,0.02,0,,
oidxstrategy=NA|ny_burst_follow,63,41.3,-0.0085,0.83,-0.5,2,inf,inf,40,-0.028,0,,0.02,0,,
sessionxstrategy=None|ny_burst_follow,63,41.3,-0.0085,0.83,-0.5,2,inf,inf,40,-0.028,0,,0.02,0,,
spreadxstrategy=NA|ny_burst_follow,63,41.3,-0.0085,0.83,-0.5,2,inf,inf,40,-0.028,0,,0.02,0,,
strategyxsym_state=ny_burst_follow|NA,63,41.3,-0.0085,0.83,-0.5,2,inf,inf,40,-0.028,0,,0.02,0,,
strategyxvolz=ny_burst_follow|NA,63,41.3,-0.0085,0.83,-0.5,2,inf,inf,40,-0.028,0,,0.02,0,,
strategyxweekend=ny_burst_follow|False,63,41.3,-0.0085,0.83,-0.5,2,inf,inf,40,-0.028,0,,0.02,0,,
strategyxweekdayxregime=ny_flush_buy_4h|4|bull,63,41.3,-0.0051,0.97,-0.3,2,inf,inf,0,,63,-0.005,0.0,12,66.7,
fundxstrategy=pos|late_fade,233,41.2,-0.0124,0.78,-2.9,33,inf,inf,55,-0.0,178,-0.016,0.1,75,37.3,
atrpxstrategy=mid|fade_3h_london,34,41.2,-0.0299,0.85,-1.0,12,inf,inf,31,0.039,3,-0.74,0.0,2,0.0,
mktbxsymbol=30-60|NMRUSDT,34,41.2,0.0091,1.07,0.3,4,1.56,1.0,0,,34,0.009,0.21,29,41.4,
strategyxsymbol=asia_burst_fade|ZECUSDT,260,41.2,-0.021,0.85,-5.5,51,inf,inf,132,-0.049,128,0.008,0.08,83,39.8,
adxxstrategy=<20|nony_momentum,146,41.1,-0.0659,0.41,-9.6,6,inf,inf,122,-0.087,24,0.041,0.02,59,44.1,
strategyxregimexadx=nony_momentum|neutral|<20,146,41.1,-0.0659,0.41,-9.6,6,inf,inf,122,-0.087,24,0.041,0.02,59,44.1,
fundxstrategy=neg|asia_burst_fade,477,41.1,-0.0236,0.86,-11.3,46,inf,inf,297,-0.029,180,-0.014,0.1,164,46.3,
strategyxsym_state=follow_3h_all|neutral,39,41.0,-0.0881,0.46,-3.4,13,inf,inf,12,-0.073,27,-0.095,0.0,17,29.4,
strategyxsymbol=london_burst_fade|HYPEUSDT,39,41.0,-0.0485,0.74,-1.9,7,inf,inf,0,,39,-0.048,0.08,21,28.6,
strategyxweekdayxregime=late_fade|6|bear,39,41.0,0.0076,1.2,0.3,2,1.2,1.69,23,0.016,16,-0.004,0.1,7,28.6,
strategyxv3=ny_burst_follow|N,61,41.0,-0.0092,0.82,-0.6,2,inf,inf,39,-0.031,0,,0.02,0,,
strategyxvs=ny_burst_follow|N,61,41.0,-0.0092,0.82,-0.6,2,inf,inf,39,-0.031,0,,0.02,0,,
strategyxweekend=fade_3h_london|False,61,41.0,0.0109,1.06,0.7,13,5.58,3.64,49,0.043,12,-0.12,0.0,8,37.5,
strategyxsymbol=late_fade|WLDUSDT,44,40.9,0.0081,1.19,0.4,28,0.99,1.0,26,-0.015,18,0.042,0.14,10,30.0,
strategyxsidexregime=asia_burst_fade|LONG|neutral,362,40.9,-0.0425,0.77,-15.4,26,inf,inf,270,-0.038,92,-0.057,0.12,126,43.7,
breadthxstrategy=1|asia_burst_fade,299,40.8,-0.0312,0.82,-9.3,41,inf,inf,129,-0.052,170,-0.016,0.11,191,42.4,
strategyxsidexregime=london_burst_fade|LONG|neutral,282,40.8,-0.0433,0.78,-12.2,29,inf,inf,169,-0.103,113,0.046,0.13,117,46.2,
strategyxweekday=late_fade|4,81,40.7,-0.0126,0.76,-1.0,8,inf,inf,21,-0.07,60,0.007,0.07,33,42.4,
strategyxweekdayxhour_band=late_fade|4|18-23,81,40.7,-0.0126,0.76,-1.0,8,inf,inf,21,-0.07,60,0.007,0.07,33,42.4,
strategyxdecile_bandximb=late_fade|D2-3|<0.5,216,40.7,-0.0122,0.77,-2.6,39,inf,inf,64,-0.015,152,-0.011,0.08,82,40.2,
regimexstrategy=bull|late_fade,275,40.7,-0.0119,0.77,-3.3,14,inf,inf,52,0.004,223,-0.016,0.07,100,41.0,
strategyxregimextrig=late_fade|bull|burst,275,40.7,-0.0119,0.77,-3.3,14,inf,inf,52,0.004,223,-0.016,0.07,100,41.0,
regimexstrategy=bear|late_fade,150,40.7,-0.0145,0.77,-2.2,13,inf,inf,92,-0.015,58,-0.014,0.09,50,36.0,
strategyxregimextrig=late_fade|bear|burst,150,40.7,-0.0145,0.77,-2.2,13,inf,inf,92,-0.015,58,-0.014,0.09,50,36.0,
concxv3=4-5|Y,32,40.6,-0.0681,0.65,-2.2,5,inf,inf,32,-0.068,0,,0.12,0,,
strategyxsymbol=asia_burst_fade|DOTUSDT,32,40.6,-0.0258,0.86,-0.8,17,inf,inf,11,-0.11,21,0.018,0.06,7,28.6,
strategyxregimexbreadth=late_fade|bull|>=4,197,40.6,-0.0152,0.72,-3.0,12,inf,inf,34,0.01,163,-0.021,0.07,50,38.0,
imbxstrategy=<0.5|late_fade,274,40.5,-0.0178,0.71,-4.9,44,inf,inf,93,-0.02,181,-0.016,0.1,102,42.2,
sidexstrategy=LONG|late_fade,274,40.5,-0.0178,0.71,-4.9,44,inf,inf,93,-0.02,181,-0.016,0.1,102,42.2,
strategyxweekday=ny_flush_buy_4h|0,121,40.5,-0.0649,0.67,-7.8,7,inf,inf,73,-0.051,48,-0.086,0.0,22,36.4,
adxxsymbol=<20|DASHUSDT,42,40.5,-0.0083,0.93,-0.4,7,inf,inf,26,-0.04,16,0.043,0.07,21,47.6,
atrpxspread=lo|>=5,47,40.4,-0.0044,0.97,-0.2,18,inf,inf,18,0.042,29,-0.033,0.11,29,37.9,
strategyxregimexadx=asia_burst_fade|neutral|20-30,500,40.4,-0.0273,0.84,-13.7,19,inf,inf,238,-0.053,262,-0.004,0.12,245,45.3,
mktbxstrategy=30-60|v65_strict_long,30,40.0,-0.0173,0.9,-0.5,4,inf,inf,0,,30,-0.017,0.1,28,39.3,
mktbxstrategy=30-60|v65_strict_ny_long,30,40.0,-0.0173,0.9,-0.5,4,inf,inf,0,,30,-0.017,0.1,28,39.3,
symbolxweekday=SUIUSDT|1,30,40.0,-0.0823,0.3,-2.5,1,inf,inf,0,,30,-0.082,0.0,3,66.7,
strategyxweekdayxhour_band=nony_momentum|5|18-23,45,40.0,-0.0553,0.44,-2.5,5,inf,inf,30,-0.128,15,0.09,0.02,13,84.6,
strategyxweekdayxregime=setup_fade|2|NA,45,40.0,-0.1276,0.53,-5.7,1,inf,inf,45,-0.128,0,,0.09,0,,
strategyxweekdayxregime=london_burst_fade|6|bear,30,40.0,0.0533,1.71,1.6,2,1.09,0.57,29,0.06,1,-0.137,0.13,1,0.0,
strategyxregimexdecile_band=late_fade|bull|D2-3,231,39.8,-0.0127,0.74,-2.9,14,inf,inf,38,0.003,193,-0.016,0.06,84,38.1,
strategyxregimexdecile_band=nony_momentum|neutral|D4-9,101,39.6,-0.0542,0.44,-5.5,22,inf,inf,68,-0.009,33,-0.147,0.02,25,36.0,
regimexstrategy=neutral|fade_3h_london,48,39.6,0.0379,1.28,1.8,8,1.18,1.27,47,0.014,1,1.172,0.0,1,100.0,
strategyxsidexregime=fade_3h_london|LONG|neutral,48,39.6,0.0379,1.28,1.8,8,1.18,1.27,47,0.014,1,1.172,0.0,1,100.0,
strategyxregimextrig=fade_3h_london|neutral|burst,48,39.6,0.0379,1.28,1.8,8,1.18,1.27,47,0.014,1,1.172,0.0,1,100.0,
strategyxvolz=fade_3h_london|<2,43,39.5,0.0594,1.42,2.6,13,0.55,0.58,36,-0.002,7,0.377,0.0,5,60.0,
strategyxregimexdecile_band=fade_3h_asia|neutral|D2-3,38,39.5,-0.0329,0.82,-1.3,7,inf,inf,38,-0.033,0,,0.0,0,,
adxxstrategy=>=30|late_fade,223,39.5,-0.0157,0.69,-3.5,10,inf,inf,0,,223,-0.016,0.06,100,41.0,
strategyxregimexadx=late_fade|bull|>=30,223,39.5,-0.0157,0.69,-3.5,10,inf,inf,0,,223,-0.016,0.06,100,41.0,
concxstrategy=>=6|fade_3h_late,66,39.4,0.011,1.08,0.7,11,4.89,2.46,66,0.011,0,,0.0,0,,
strategyxweekdayxregime=london_burst_fade|1|neutral,99,39.4,-0.0185,0.91,-1.8,6,inf,inf,68,0.012,31,-0.086,0.18,57,31.6,
symbolxvs=ICPUSDT|Y,51,39.2,-0.0639,0.66,-3.3,16,inf,inf,16,-0.084,35,-0.055,0.18,33,36.4,
oidxregime=NA|bull,125,39.2,-0.0113,0.88,-1.4,3,inf,inf,105,-0.015,20,0.009,0.02,6,33.3,
adxxsymbol=<20|FETUSDT,46,39.1,-0.0174,0.84,-0.8,6,inf,inf,32,-0.021,14,-0.009,0.07,22,45.5,
strategyxweekdayxhour_band=setup_fade|6|6-11,205,39.0,-0.0954,0.56,-19.6,9,inf,inf,78,-0.053,127,-0.121,0.08,87,36.8,
strategyxweekdayxhour_band=nony_momentum|4|12-17,72,38.9,-0.0656,0.46,-4.7,7,inf,inf,60,-0.092,12,0.065,0.1,21,42.9,
strategyxweekdayxhour_band=asia_burst_fade|5|6-11,67,38.8,-0.0602,0.63,-4.0,7,inf,inf,34,-0.066,33,-0.054,0.07,27,40.7,
strategyxweekday=fade_3h_asia|3,31,38.7,-0.065,0.69,-2.0,3,inf,inf,29,-0.073,2,0.047,0.0,2,50.0,
strategyxweekdayxhour_band=nony_momentum|0|18-23,75,38.7,-0.1144,0.24,-8.6,7,inf,inf,57,-0.167,18,0.051,0.04,27,63.0,
strategyxregimexadx=setup_fade|bear|>=30,70,38.6,-0.0918,0.6,-6.4,2,inf,inf,0,,70,-0.092,0.1,52,38.5,
strategyxvolz=asia_burst_fade|2-5,413,38.5,-0.0334,0.82,-13.8,48,inf,inf,168,-0.084,245,0.001,0.12,126,42.1,
atrpxstrategy=mid|fade_3h_late,39,38.5,-0.0529,0.7,-2.1,11,inf,inf,35,-0.03,4,-0.252,0.0,5,60.0,
strategyxsymbol=setup_fade|SOLUSDT,180,38.3,-0.0498,0.75,-9.0,58,inf,inf,87,-0.066,91,-0.031,0.11,88,37.5,
strategyxregimexadx=fade_3h_london|neutral|NA,47,38.3,0.0138,1.1,0.6,7,3.32,3.56,47,0.014,0,,0.0,0,,
strategyxregimexbreadth=fade_3h_london|neutral|NA,47,38.3,0.0138,1.1,0.6,7,3.32,3.56,47,0.014,0,,0.0,0,,
sidexsymbol=LONG|PENGUUSDT,89,38.2,-0.0326,0.65,-2.9,10,inf,inf,0,,89,-0.033,0.07,16,37.5,
strategyxweekdayxregime=nony_momentum|5|neutral,55,38.2,-0.0479,0.46,-2.6,4,inf,inf,51,-0.057,4,0.064,0.04,16,50.0,
strategyxweekday=late_fade|2,118,38.1,-0.0162,0.7,-1.9,8,inf,inf,37,-0.018,81,-0.015,0.08,34,29.4,
strategyxweekdayxhour_band=late_fade|2|18-23,118,38.1,-0.0162,0.7,-1.9,8,inf,inf,37,-0.018,81,-0.015,0.08,34,29.4,
strategyxsidexregime=london_burst_fade|SHORT|bull,535,38.1,-0.073,0.62,-39.1,17,inf,inf,66,-0.083,469,-0.072,0.08,191,44.5,
adxxregime=NA|bull,105,38.1,-0.015,0.85,-1.6,1,inf,inf,105,-0.015,0,,0.02,0,,
adxxstrategy=<20|ny_flush_buy_4h,42,38.1,-0.1581,0.33,-6.6,4,inf,inf,30,-0.125,12,-0.241,0.0,15,20.0,
breadthxregime=NA|bull,105,38.1,-0.015,0.85,-1.6,1,inf,inf,105,-0.015,0,,0.02,0,,
regimexspread=bull|NA,105,38.1,-0.015,0.85,-1.6,1,inf,inf,105,-0.015,0,,0.02,0,,
regimexsym_state=bull|NA,105,38.1,-0.015,0.85,-1.6,1,inf,inf,105,-0.015,0,,0.02,0,,
strategyxregimexadx=ny_flush_buy_4h|neutral|<20,42,38.1,-0.1581,0.33,-6.6,4,inf,inf,30,-0.125,12,-0.241,0.0,15,20.0,
sidexsymbol=SHORT|AVAXUSDT,50,38.0,-0.1551,0.39,-7.8,10,inf,inf,0,,50,-0.155,0.08,18,22.2,
strategyxvolz=fade_3h_asia|<2,50,38.0,-0.0854,0.59,-4.3,11,inf,inf,46,-0.095,4,0.028,0.0,4,50.0,
strategyxregimexdecile_band=nony_momentum|NA|D2-3,50,38.0,-0.0589,0.49,-2.9,2,inf,inf,20,-0.029,0,,0.08,0,,
strategyxregimexbreadth=asia_burst_fade|neutral|>=4,251,37.8,-0.0413,0.75,-10.4,18,inf,inf,119,-0.061,132,-0.023,0.08,73,43.8,
strategyxweekdayxhour_band=london_burst_fade|0|6-11,151,37.7,-0.0989,0.53,-14.9,7,inf,inf,66,-0.081,85,-0.113,0.07,56,48.2,
oidxstrategy=<-0.5|asia_burst_fade,404,37.6,-0.0582,0.66,-23.5,37,inf,inf,82,-0.095,322,-0.049,0.07,142,39.4,
adxxstrategy=NA|fade_3h_late,64,37.5,0.0076,1.05,0.5,10,7.3,3.68,64,0.008,0,,0.0,0,,
breadthxstrategy=NA|fade_3h_late,64,37.5,0.0076,1.05,0.5,10,7.3,3.68,64,0.008,0,,0.0,0,,
decile_bandxstrategy=D2-3|fade_3h_late,40,37.5,-0.052,0.64,-2.1,14,inf,inf,35,-0.015,5,-0.309,0.0,4,50.0,
oidxstrategy=NA|fade_3h_late,64,37.5,0.0076,1.05,0.5,10,7.3,3.68,64,0.008,0,,0.0,0,,
spreadxstrategy=NA|fade_3h_late,64,37.5,0.0076,1.05,0.5,10,7.3,3.68,64,0.008,0,,0.0,0,,
strategyxsym_state=fade_3h_late|NA,64,37.5,0.0076,1.05,0.5,10,7.3,3.68,64,0.008,0,,0.0,0,,
strategyxdecile_bandximb=fade_3h_late|D2-3|>=0.5,40,37.5,-0.052,0.64,-2.1,14,inf,inf,35,-0.015,5,-0.309,0.0,4,50.0,
strategyxweekdayxregime=follow_3h_all|1|bull,32,37.5,-0.0864,0.44,-2.8,2,inf,inf,11,-0.29,21,0.02,0.0,8,50.0,
strategyxweekdayxregime=setup_follow|0|bull,96,37.5,-0.0396,0.53,-3.8,1,inf,inf,0,,96,-0.04,0.04,61,45.9,
mktbxstrategy=30-60|late_fade,67,37.3,-0.0291,0.5,-1.9,3,inf,inf,0,,67,-0.029,0.04,33,45.5,
strategyxregimexbreadth=setup_fade|bear|>=4,59,37.3,-0.0375,0.78,-2.2,7,inf,inf,29,-0.067,30,-0.009,0.07,34,44.1,
strategyxweekend=fade_3h_late|False,43,37.2,-0.0594,0.71,-2.6,13,inf,inf,36,0.014,7,-0.436,0.0,10,40.0,
strategyxregimexadx=late_fade|bear|20-30,78,37.2,-0.0272,0.6,-2.1,7,inf,inf,20,-0.064,58,-0.014,0.08,50,36.0,
strategyxweekdayxhour_band=london_burst_fade|1|6-11,148,37.2,-0.0718,0.61,-10.6,8,inf,inf,67,-0.047,71,-0.142,0.07,52,30.8,
strategyxweekdayxregime=asia_burst_fade|0|neutral,256,37.1,-0.0722,0.58,-18.5,5,inf,inf,160,-0.02,96,-0.159,0.05,72,41.7,
decile_bandxstrategy=D2-3|fade_3h_london,46,37.0,0.1089,1.77,5.0,15,0.84,0.59,41,0.13,5,-0.062,0.0,4,25.0,
strategyxdecile_bandximb=fade_3h_london|D2-3|<0.5,46,37.0,0.1089,1.77,5.0,15,0.84,0.59,41,0.13,5,-0.062,0.0,4,25.0,
strategyxweekday=asia_burst_fade|0,442,36.9,-0.0851,0.54,-37.6,8,inf,inf,201,-0.023,241,-0.137,0.05,141,41.8,
imbxstrategy=>=0.5|v65_strict_long,38,36.8,-0.0574,0.68,-2.2,8,inf,inf,2,-0.311,36,-0.043,0.08,35,37.1,
imbxstrategy=>=0.5|v65_strict_ny_long,38,36.8,-0.0574,0.68,-2.2,8,inf,inf,2,-0.311,36,-0.043,0.08,35,37.1,
strategyxregimexdecile_band=nony_momentum|neutral|D10,152,36.8,-0.0567,0.44,-8.6,25,inf,inf,115,-0.048,37,-0.085,0.04,33,51.5,
strategyxsidexregime=london_burst_fade|SHORT|bear,133,36.8,-0.1352,0.45,-18.0,14,inf,inf,110,-0.169,23,0.024,0.08,23,43.5,
atrpxstrategy=NA|fade_3h_asia,30,36.7,-0.1716,0.32,-5.1,4,inf,inf,30,-0.172,0,,0.0,0,,
strategyxvolz=fade_3h_asia|NA,30,36.7,-0.1716,0.32,-5.1,4,inf,inf,30,-0.172,0,,0.0,0,,
strategyxweekend=v65_strict_long|True,30,36.7,-0.0013,0.99,-0.0,4,inf,inf,1,0.0,29,-0.001,0.07,27,37.0,
strategyxweekend=v65_strict_ny_long|True,30,36.7,-0.0013,0.99,-0.0,4,inf,inf,1,0.0,29,-0.001,0.07,27,37.0,
strategyxsidexregime=late_fade|LONG|neutral,63,36.5,-0.0455,0.51,-2.9,21,inf,inf,36,-0.018,27,-0.082,0.13,27,37.0,
strategyxweekday=london_burst_fade|0,299,36.5,-0.1428,0.46,-42.7,7,inf,inf,158,-0.14,141,-0.146,0.09,92,43.5,
decile_bandxstrategy=D2-3|fade_3h_asia,66,36.4,-0.0868,0.57,-5.7,15,inf,inf,62,-0.094,4,0.023,0.0,4,50.0,
strategyxdecile_bandximb=fade_3h_asia|D2-3|<0.5,66,36.4,-0.0868,0.57,-5.7,15,inf,inf,62,-0.094,4,0.023,0.0,4,50.0,
strategyxregimexbreadth=asia_burst_fade|bull|1,102,36.3,-0.0816,0.57,-8.3,15,inf,inf,42,-0.064,60,-0.094,0.06,42,28.6,
strategyxweekdayxhour_band=asia_burst_fade|6|6-11,83,36.1,-0.0637,0.66,-5.3,8,inf,inf,33,-0.171,50,0.007,0.08,32,40.6,
strategyxsymbol=setup_fade|AVAXUSDT,36,36.1,-0.2035,0.35,-7.3,10,inf,inf,0,,36,-0.203,0.06,16,25.0,
strategyxv3=fade_3h_asia|N,106,35.8,-0.1171,0.45,-12.4,17,inf,inf,98,-0.119,8,-0.097,0.0,8,50.0,
strategyxweekdayxregime=london_burst_fade|5|neutral,56,35.7,-0.114,0.5,-6.4,4,inf,inf,49,-0.104,7,-0.185,0.07,22,18.2,
strategyxweekdayxregime=ny_flush_buy_4h|0|neutral,84,35.7,-0.0817,0.63,-6.9,5,inf,inf,67,-0.067,17,-0.139,0.0,16,25.0,
strategyxweekdayxhour_band=asia_burst_fade|0|0-5,359,35.7,-0.0966,0.5,-34.7,8,inf,inf,154,-0.034,205,-0.144,0.05,104,42.3,
fundxstrategy=flat|fade_3h_asia,73,35.6,-0.1399,0.41,-10.2,16,inf,inf,69,-0.157,4,0.152,0.0,4,75.0,
strategyxsidexregime=late_fade|SHORT|bull,121,35.5,-0.0253,0.58,-3.1,14,inf,inf,46,0.003,75,-0.043,0.06,39,33.3,
hour_bandxstrategy=0-5|fade_3h_asia,93,35.5,-0.1288,0.42,-12.0,15,inf,inf,87,-0.114,6,-0.344,0.0,5,40.0,
strategyxsymbol=asia_burst_fade|BNBUSDT,62,35.5,-0.1257,0.52,-7.8,25,inf,inf,27,-0.274,35,-0.011,0.1,9,55.6,
strategyxsymbol=burst_follow|DASHUSDT,48,35.4,-0.0464,0.54,-2.2,21,inf,inf,20,-0.043,28,-0.049,0.06,7,14.3,
strategyxsymbol=late_fade|ZECUSDT,65,35.4,-0.0298,0.6,-1.9,31,inf,inf,33,-0.036,31,-0.027,0.11,23,26.1,
strategyxweekdayxhour_band=ny_flush_buy_4h|6|18-23,65,35.4,-0.276,0.33,-17.9,5,inf,inf,12,-0.121,53,-0.311,0.0,11,36.4,
regimexstrategy=bear|fade_3h_asia,34,35.3,-0.18,0.29,-6.1,5,inf,inf,34,-0.18,0,,0.0,0,,
strategyxregimexadx=fade_3h_asia|bear|NA,34,35.3,-0.18,0.29,-6.1,5,inf,inf,34,-0.18,0,,0.0,0,,
strategyxsidexregime=fade_3h_asia|LONG|bear,34,35.3,-0.18,0.29,-6.1,5,inf,inf,34,-0.18,0,,0.0,0,,
strategyxregimexbreadth=fade_3h_asia|bear|NA,34,35.3,-0.18,0.29,-6.1,5,inf,inf,34,-0.18,0,,0.0,0,,
strategyxregimextrig=fade_3h_asia|bear|burst,34,35.3,-0.18,0.29,-6.1,5,inf,inf,34,-0.18,0,,0.0,0,,
strategyxweekdayxhour_band=london_burst_fade|0|12-17,148,35.1,-0.1876,0.41,-27.8,7,inf,inf,92,-0.181,56,-0.198,0.11,36,36.1,
strategyxweekdayxregime=late_fade|2|bull,69,34.8,-0.0112,0.78,-0.8,4,inf,inf,8,-0.057,61,-0.005,0.09,20,30.0,
strategyxvolz=fade_3h_late|<2,35,34.3,-0.0556,0.74,-1.9,11,inf,inf,27,-0.008,8,-0.215,0.0,7,42.9,
strategyxweekend=fade_3h_asia|True,35,34.3,-0.2036,0.21,-7.1,6,inf,inf,30,-0.164,5,-0.444,0.0,4,25.0,
strategyxregimexdecile_band=london_burst_fade|bear|D10,70,34.3,-0.1751,0.42,-12.3,11,inf,inf,62,-0.161,8,-0.285,0.11,6,16.7,
strategyxweekdayxhour_band=ny_flush_buy_4h|0|12-17,79,34.2,-0.0906,0.54,-7.2,7,inf,inf,45,-0.079,34,-0.106,0.0,11,36.4,
strategy=fade_3h_asia,120,34.2,-0.1351,0.4,-16.2,17,inf,inf,110,-0.131,10,-0.184,0.0,9,44.4,
imbxstrategy=<0.5|fade_3h_asia,120,34.2,-0.1351,0.4,-16.2,17,inf,inf,110,-0.131,10,-0.184,0.0,9,44.4,
sessionxstrategy=None|fade_3h_asia,120,34.2,-0.1351,0.4,-16.2,17,inf,inf,110,-0.131,10,-0.184,0.0,9,44.4,
sidexstrategy=LONG|fade_3h_asia,120,34.2,-0.1351,0.4,-16.2,17,inf,inf,110,-0.131,10,-0.184,0.0,9,44.4,
strategyxvs=fade_3h_asia|N,120,34.2,-0.1351,0.4,-16.2,17,inf,inf,110,-0.131,10,-0.184,0.0,9,44.4,
strategyxregimexbreadth=late_fade|bear|>=4,41,34.1,-0.0382,0.41,-1.6,5,inf,inf,5,-0.134,36,-0.025,0.02,14,21.4,
strategyxweekend=fade_3h_asia|False,85,34.1,-0.1069,0.5,-9.1,11,inf,inf,80,-0.118,5,0.077,0.0,5,60.0,
strategyxsymbol=asia_burst_fade|UNIUSDT,47,34.0,-0.0419,0.8,-2.0,26,inf,inf,22,-0.099,25,0.008,0.15,11,27.3,
adxxstrategy=NA|fade_3h_asia,110,33.6,-0.1307,0.41,-14.4,12,inf,inf,110,-0.131,0,,0.0,0,,
breadthxstrategy=NA|fade_3h_asia,110,33.6,-0.1307,0.41,-14.4,12,inf,inf,110,-0.131,0,,0.0,0,,
concxstrategy=>=6|fade_3h_asia,110,33.6,-0.1307,0.41,-14.4,12,inf,inf,110,-0.131,0,,0.0,0,,
oidxstrategy=NA|fade_3h_asia,110,33.6,-0.1307,0.41,-14.4,12,inf,inf,110,-0.131,0,,0.0,0,,
spreadxstrategy=NA|fade_3h_asia,110,33.6,-0.1307,0.41,-14.4,12,inf,inf,110,-0.131,0,,0.0,0,,
strategyxsym_state=fade_3h_asia|NA,110,33.6,-0.1307,0.41,-14.4,12,inf,inf,110,-0.131,0,,0.0,0,,
mktbxstrategy=<30|fade_3h_asia,119,33.6,-0.1391,0.39,-16.6,16,inf,inf,110,-0.131,9,-0.242,0.0,8,37.5,
strategyxweekdayxregime=asia_burst_fade|0|bull,119,33.6,-0.1476,0.34,-17.6,1,inf,inf,0,,119,-0.148,0.02,46,41.3,
atrpxstrategy=mid|fade_3h_asia,45,33.3,-0.1631,0.35,-7.3,8,inf,inf,45,-0.163,0,,0.0,0,,
imbxstrategy=<0.5|ny_burst_follow,45,33.3,-0.0239,0.56,-1.1,2,inf,inf,35,-0.032,0,,0.0,0,,
sidexstrategy=SHORT|ny_burst_follow,45,33.3,-0.0239,0.56,-1.1,2,inf,inf,35,-0.032,0,,0.0,0,,
strategyxregimexdecile_band=setup_fade|NA|D4-9,30,33.3,-0.1178,0.58,-3.5,2,inf,inf,19,-0.234,0,,0.1,0,,
strategyxdecile_bandximb=ny_burst_follow|D2-3|<0.5,39,33.3,-0.0292,0.5,-1.1,2,inf,inf,31,-0.041,0,,0.0,0,,
strategyxsidexregime=late_fade|LONG|bear,57,33.3,-0.0312,0.57,-1.8,9,inf,inf,51,-0.025,6,-0.08,0.12,14,35.7,
strategyxweekdayxregime=london_burst_fade|1|bull,139,33.1,-0.0899,0.52,-12.5,2,inf,inf,28,-0.097,111,-0.088,0.06,33,39.4,
regimexstrategy=neutral|fade_3h_asia,76,32.9,-0.1087,0.48,-8.3,7,inf,inf,76,-0.109,0,,0.0,0,,
strategyxregimexadx=fade_3h_asia|neutral|NA,76,32.9,-0.1087,0.48,-8.3,7,inf,inf,76,-0.109,0,,0.0,0,,
strategyxsidexregime=fade_3h_asia|LONG|neutral,76,32.9,-0.1087,0.48,-8.3,7,inf,inf,76,-0.109,0,,0.0,0,,
strategyxregimexbreadth=fade_3h_asia|neutral|NA,76,32.9,-0.1087,0.48,-8.3,7,inf,inf,76,-0.109,0,,0.0,0,,
strategyxregimextrig=fade_3h_asia|neutral|burst,76,32.9,-0.1087,0.48,-8.3,7,inf,inf,76,-0.109,0,,0.0,0,,
cascxstrategy=N|fade_3h_asia,105,32.4,-0.1355,0.4,-14.2,14,inf,inf,103,-0.139,2,0.057,0.0,2,50.0,
strategyxweekday=late_fade|1,80,31.2,-0.0477,0.43,-3.8,8,inf,inf,53,-0.059,24,-0.031,0.06,32,37.5,
strategyxweekdayxhour_band=late_fade|1|18-23,80,31.2,-0.0477,0.43,-3.8,8,inf,inf,53,-0.059,24,-0.031,0.06,32,37.5,
strategyxweekdayxregime=nony_momentum|1|NA,36,30.6,-0.0708,0.34,-2.5,1,inf,inf,0,,0,,0.0,0,,
strategyxweekdayxregime=london_burst_fade|0|bull,108,30.6,-0.1789,0.33,-19.3,1,inf,inf,0,,108,-0.179,0.05,37,43.2,
strategyxweekdayxregime=london_burst_fade|0|bear,69,30.4,-0.2526,0.31,-17.4,2,inf,inf,58,-0.306,11,0.028,0.09,10,40.0,
hour_bandxstrategy=12-17|v65_strict_long,30,30.0,-0.1128,0.51,-3.4,10,inf,inf,2,-0.161,28,-0.109,0.07,26,26.9,
hour_bandxstrategy=12-17|v65_strict_ny_long,30,30.0,-0.1128,0.51,-3.4,10,inf,inf,2,-0.161,28,-0.109,0.07,26,26.9,
strategyxweekday=ny_burst_follow|2,40,30.0,-0.0277,0.59,-1.1,1,inf,inf,40,-0.028,0,,0.03,0,,
strategyxweekdayxhour_band=ny_burst_follow|2|12-17,40,30.0,-0.0277,0.59,-1.1,1,inf,inf,40,-0.028,0,,0.03,0,,
strategyxsymbol=asia_burst_fade|XLMUSDT,42,28.6,-0.0802,0.56,-3.4,22,inf,inf,29,-0.081,13,-0.079,0.1,2,0.0,
strategyxregimexbreadth=asia_burst_fade|bear|>=4,49,28.6,-0.0948,0.59,-4.6,5,inf,inf,43,-0.14,6,0.227,0.1,17,35.3,
strategyxweekdayxhour_band=asia_burst_fade|1|6-11,88,28.4,-0.0898,0.54,-7.9,7,inf,inf,25,-0.115,63,-0.08,0.08,33,33.3,
strategyxregimexadx=fade_3h_late|neutral|NA,47,27.7,-0.0779,0.58,-3.7,5,inf,inf,47,-0.078,0,,0.0,0,,
strategyxregimexbreadth=fade_3h_late|neutral|NA,47,27.7,-0.0779,0.58,-3.7,5,inf,inf,47,-0.078,0,,0.0,0,,
atrpxstrategy=hi|fade_3h_asia,37,27.0,-0.1203,0.39,-4.5,12,inf,inf,27,-0.097,10,-0.184,0.0,9,44.4,
mktbxstrategy=>=60|asia_burst_fade,52,26.9,-0.0869,0.24,-4.5,1,inf,inf,0,,52,-0.087,0.0,16,25.0,
strategyxweekdayxregime=follow_3h_all|5|bear,30,26.7,-0.1297,0.42,-3.9,1,inf,inf,30,-0.13,0,,0.0,0,,
strategyxweekdayxregime=late_fade|5|bull,30,26.7,-0.0507,0.14,-1.5,1,inf,inf,0,,30,-0.051,0.0,12,16.7,
decile_bandxstrategy=D10|fade_3h_asia,32,25.0,-0.2204,0.21,-7.1,12,inf,inf,29,-0.23,3,-0.123,0.0,2,100.0,
strategyxweekdayxhour_band=follow_3h_all|5|18-23,36,25.0,-0.2727,0.11,-9.8,3,inf,inf,29,-0.316,7,-0.092,0.0,4,25.0,
strategyxdecile_bandximb=fade_3h_asia|D10|<0.5,32,25.0,-0.2204,0.21,-7.1,12,inf,inf,29,-0.23,3,-0.123,0.0,2,100.0,
strategyxweekdayxregime=ny_flush_buy_4h|6|neutral,59,18.6,-0.4218,0.12,-24.9,4,inf,inf,24,-0.146,35,-0.611,0.0,9,33.3,
strategyxregimexadx=burst_follow|bull|NA,33,18.2,-0.0815,0.11,-2.7,1,inf,inf,33,-0.082,0,,0.0,0,,
strategyxregimexbreadth=burst_follow|bull|NA,33,18.2,-0.0815,0.11,-2.7,1,inf,inf,33,-0.082,0,,0.0,0,,
strategyxweekdayxregime=late_fade|1|neutral,31,16.1,-0.0633,0.24,-2.0,3,inf,inf,28,-0.048,3,-0.205,0.06,3,0.0,
