segment_type,dims,n,WR_net%,WR_gross%,avg_win_R,avg_loss_R,E_net,PF_net,sumR_net,max_losing_streak,maxDD_R,days,top_day_share,wilson_lo%,wilson_hi%,breakeven_WR%,p_vs_be,confidence
strat,strat=asia_burst_fade,2627,45.0,45.0,0.33,0.307,-0.0205,0.88,-53.8,24,55.0,55,inf,43.1,46.9,48.2,1.00e+00,OK
strat,strat=asia_pump_short_4h,463,57.5,57.5,0.345,0.428,0.0161,1.09,7.5,14,33.3,52,0.93,52.9,61.9,55.4,1.96e-01,OK
strat,strat=burst_follow,8379,53.3,53.3,0.122,0.141,-0.0004,0.99,-3.2,40,59.0,57,inf,52.3,54.4,53.5,6.11e-01,OK
strat,strat=fade_3h_asia,120,34.2,34.2,0.265,0.343,-0.1355,0.4,-16.3,16,18.1,17,inf,26.3,43.0,56.4,1.00e+00,OK
strat,strat=fade_3h_late,99,45.5,45.5,0.374,0.261,0.028,1.2,2.8,11,5.0,20,1.71,36.0,55.2,41.0,2.14e-01,OK
strat,strat=fade_3h_london,103,47.6,47.6,0.51,0.274,0.0987,1.69,10.2,9,2.8,19,0.47,38.2,57.1,35.0,5.69e-03,OK
strat,strat=follow_3h_all,602,58.8,58.8,0.267,0.268,0.047,1.43,28.3,16,11.0,37,0.27,54.8,62.7,50.0,9.15e-06,OK
strat,strat=late_fade,797,47.8,47.8,0.128,0.097,0.0107,1.21,8.5,22,8.2,53,1.04,44.4,51.3,43.0,3.81e-03,OK
strat,strat=london_burst_fade,2137,46.7,46.7,0.37,0.331,-0.0037,0.98,-7.9,23,39.2,54,inf,44.5,48.8,47.2,6.95e-01,OK
strat,strat=nony_momentum,1992,54.8,54.8,0.124,0.139,0.0049,1.08,9.8,30,17.9,57,0.79,52.6,56.9,52.9,4.92e-02,OK
strat,strat=ny_burst_fade,64,53.1,53.1,0.254,0.26,0.0131,1.11,0.8,6,2.4,2,2.72,41.1,64.8,50.6,3.89e-01,OK
strat,strat=ny_burst_follow,63,41.3,41.3,0.099,0.085,-0.0088,0.82,-0.6,6,1.6,2,inf,30.0,53.6,46.1,8.13e-01,OK
strat,strat=ny_flush_buy_4h,804,53.6,53.6,0.288,0.323,0.0045,1.03,3.6,30,26.6,51,2.15,50.2,57.0,52.9,3.50e-01,OK
strat,strat=setup_fade,5280,49.3,49.3,0.361,0.353,-0.001,0.99,-5.5,16,49.8,63,inf,47.9,50.6,49.4,5.89e-01,OK
strat,strat=setup_follow,5258,49.5,49.5,0.143,0.142,-0.0011,0.98,-6.0,14,28.4,63,inf,48.2,50.9,49.9,7.24e-01,OK
strat,strat=v65_strict_long,59,44.1,44.1,0.419,0.286,0.0248,1.16,1.5,9,3.4,15,1.57,32.2,56.7,40.5,3.36e-01,OK
strat,strat=v65_strict_ny_long,59,44.1,44.1,0.419,0.286,0.0248,1.16,1.5,9,3.4,15,1.57,32.2,56.7,40.5,3.36e-01,OK
session,session=asia,10400,50.3,50.3,0.226,0.235,-0.0032,0.97,-33.4,14,45.8,62,inf,49.4,51.3,51.0,9.24e-01,OK
session,session=late,2807,49.3,49.3,0.168,0.182,-0.0094,0.9,-26.4,23,38.4,61,inf,47.4,51.1,52.0,9.98e-01,OK
session,session=london,8019,50.6,50.6,0.245,0.237,0.0069,1.06,55.1,14,26.4,62,0.22,49.5,51.7,49.2,5.62e-03,OK
session,session=ny,7680,51.4,51.4,0.2,0.215,-0.0018,0.98,-14.0,37,51.9,61,inf,50.2,52.5,51.8,7.83e-01,OK
sym,sym=1000LUNCUSDT,405,52.3,52.3,0.247,0.257,0.0066,1.05,2.7,3,3.4,60,0.6,47.5,57.2,51.0,3.17e-01,OK
sym,sym=1000PEPEUSDT,1413,50.5,50.5,0.224,0.228,0.0004,1.0,0.5,5,8.8,62,5.2,47.9,53.1,50.5,4.87e-01,OK
sym,sym=AAVEUSDT,158,57.0,57.0,0.218,0.248,0.0174,1.16,2.8,4,2.1,10,0.61,49.2,64.4,53.2,1.94e-01,OK
sym,sym=ADAUSDT,1152,49.8,49.8,0.207,0.211,-0.0025,0.98,-2.9,5,8.9,63,inf,46.9,52.7,50.4,6.69e-01,OK
sym,sym=APTUSDT,597,51.1,51.1,0.252,0.223,0.0195,1.18,11.6,4,6.1,61,0.16,47.1,55.1,47.0,2.47e-02,OK
sym,sym=ARBUSDT,622,49.7,49.7,0.248,0.237,0.0037,1.03,2.3,6,4.7,60,0.86,45.8,53.6,48.9,3.66e-01,OK
sym,sym=AVAXUSDT,123,52.0,52.0,0.197,0.308,-0.0452,0.69,-5.6,3,6.5,10,inf,43.3,60.7,61.0,9.83e-01,OK
sym,sym=BCHUSDT,121,56.2,56.2,0.174,0.248,-0.0108,0.9,-1.3,4,3.8,10,inf,47.3,64.7,58.8,7.48e-01,OK
sym,sym=BNBUSDT,908,52.3,52.3,0.22,0.266,-0.0116,0.91,-10.5,6,12.8,59,inf,49.1,55.5,54.7,9.30e-01,OK
sym,sym=BTCUSDT,17,70.6,70.6,0.447,0.223,0.2503,4.82,4.3,2,0.5,5,0.52,46.9,86.7,33.3,1.84e-03,LOW-N
sym,sym=CHZUSDT,503,48.5,48.5,0.248,0.228,0.003,1.03,1.5,5,3.3,58,0.76,44.2,52.9,47.9,4.05e-01,OK
sym,sym=DASHUSDT,538,47.8,47.8,0.23,0.224,-0.0071,0.94,-3.8,5,5.7,58,inf,43.6,52.0,49.3,7.79e-01,OK
sym,sym=DOGEUSDT,250,50.4,50.4,0.205,0.202,0.0033,1.03,0.8,4,3.7,10,2.27,44.2,56.5,49.6,4.24e-01,OK
sym,sym=DOTUSDT,645,49.0,49.0,0.242,0.253,-0.0102,0.92,-6.6,7,9.9,58,inf,45.2,52.8,51.1,8.62e-01,OK
sym,sym=ENAUSDT,1243,50.4,50.4,0.219,0.204,0.009,1.09,11.2,6,5.1,61,0.29,47.6,53.1,48.2,7.07e-02,OK
sym,sym=ETHUSDT,3949,51.4,51.4,0.217,0.22,0.0042,1.04,16.6,7,9.9,63,0.33,49.8,52.9,50.4,1.17e-01,OK
sym,sym=FETUSDT,638,48.6,48.6,0.221,0.224,-0.0076,0.93,-4.8,6,6.4,63,inf,44.7,52.5,50.3,8.15e-01,OK
sym,sym=FILUSDT,787,50.1,50.1,0.215,0.241,-0.0123,0.9,-9.7,5,13.7,62,inf,46.6,53.5,52.8,9.40e-01,OK
sym,sym=GRAMUSDT,2,50.0,50.0,0.3,0.579,-0.1397,0.52,-0.3,1,0.6,1,inf,9.5,90.5,65.9,8.84e-01,LOW-N
sym,sym=HYPEUSDT,306,52.0,52.0,0.175,0.194,-0.002,0.98,-0.6,4,4.5,10,inf,46.4,57.5,52.5,5.99e-01,OK
sym,sym=ICPUSDT,540,48.1,48.1,0.24,0.252,-0.0155,0.88,-8.4,4,9.1,62,inf,44.0,52.4,51.3,9.34e-01,OK
sym,sym=LINKUSDT,138,55.1,55.1,0.201,0.262,-0.0069,0.94,-1.0,2,2.8,10,inf,46.7,63.1,56.6,6.72e-01,OK
sym,sym=NEARUSDT,875,50.4,50.4,0.197,0.213,-0.0061,0.94,-5.4,5,8.5,62,inf,47.1,53.7,51.9,8.21e-01,OK
sym,sym=NMRUSDT,343,49.6,49.6,0.284,0.278,0.0004,1.0,0.1,4,6.6,51,12.6,44.3,54.8,49.5,5.11e-01,OK
sym,sym=PENDLEUSDT,456,52.2,52.2,0.218,0.276,-0.0179,0.86,-8.2,3,10.0,62,inf,47.6,56.7,55.8,9.46e-01,OK
sym,sym=PENGUUSDT,164,48.8,48.8,0.173,0.206,-0.0213,0.8,-3.5,5,4.2,10,inf,41.2,56.4,54.4,9.36e-01,OK
sym,sym=PUMPUSDT,267,53.2,53.2,0.18,0.207,-0.0011,0.99,-0.3,4,2.8,10,inf,47.2,59.1,53.5,5.61e-01,OK
sym,sym=QNTUSDT,351,49.0,49.0,0.262,0.24,0.0058,1.05,2.0,4,3.8,55,0.88,43.8,54.2,47.8,3.51e-01,OK
sym,sym=RENDERUSDT,399,49.1,49.1,0.244,0.215,0.0107,1.1,4.3,6,4.5,60,0.45,44.2,54.0,46.8,1.89e-01,OK
sym,sym=RUNEUSDT,380,48.9,48.9,0.251,0.24,0.0004,1.0,0.1,6,4.9,51,10.02,44.0,54.0,48.9,5.09e-01,OK
sym,sym=SOLUSDT,2499,51.8,51.8,0.205,0.225,-0.0025,0.98,-6.3,7,17.8,63,inf,49.8,53.7,52.4,7.27e-01,OK
sym,sym=SUIUSDT,193,49.2,49.2,0.187,0.193,-0.0056,0.94,-1.1,6,2.9,8,inf,42.3,56.2,50.7,6.86e-01,OK
sym,sym=TAOUSDT,704,50.9,50.9,0.229,0.22,0.0083,1.08,5.8,5,6.3,62,0.48,47.2,54.5,49.0,1.74e-01,OK
sym,sym=TRUMPUSDT,419,51.8,51.8,0.183,0.192,0.0024,1.03,1.0,4,2.9,10,2.1,47.0,56.5,51.1,4.15e-01,OK
sym,sym=UNIUSDT,731,49.1,49.1,0.235,0.233,-0.0032,0.97,-2.4,6,5.7,61,inf,45.5,52.7,49.8,6.59e-01,OK
sym,sym=WLDUSDT,1269,49.9,49.9,0.216,0.226,-0.0056,0.95,-7.1,10,12.0,63,inf,47.1,52.6,51.1,8.24e-01,OK
sym,sym=XLMUSDT,637,51.0,51.0,0.222,0.244,-0.0064,0.95,-4.1,5,9.3,62,inf,47.1,54.9,52.4,7.69e-01,OK
sym,sym=XRPUSDT,2051,50.3,50.3,0.218,0.221,-0.0004,1.0,-0.9,6,8.0,63,inf,48.1,52.4,50.4,5.45e-01,OK
sym,sym=ZECUSDT,2113,50.3,50.3,0.2,0.195,0.0039,1.04,8.2,8,10.1,63,0.63,48.2,52.4,49.3,1.90e-01,OK
regime,regime=NA,771,52.5,52.5,0.27,0.238,0.0284,1.25,21.9,7,10.8,7,0.45,49.0,56.0,46.9,1.07e-03,OK
regime,regime=bear,5548,51.1,51.1,0.222,0.232,-0.0001,1.0,-0.3,13,19.3,21,inf,49.8,52.4,51.1,5.12e-01,OK
regime,regime=bull,10534,51.1,51.1,0.208,0.219,-0.0003,1.0,-3.1,37,33.7,22,inf,50.2,52.1,51.2,5.61e-01,OK
regime,regime=neutral,12053,49.7,49.7,0.223,0.227,-0.0031,0.97,-37.3,23,66.4,40,inf,48.8,50.6,50.4,9.35e-01,OK
volb,volb=hi>=0.40%,28906,50.6,50.6,0.219,0.225,-0.0007,0.99,-18.8,37,83.2,63,inf,50.0,51.2,50.7,6.93e-01,OK
rvb,rvb=2-5,5509,50.8,50.8,0.235,0.249,-0.003,0.98,-16.6,13,30.5,57,inf,49.5,52.1,51.4,8.26e-01,OK
rvb,rvb=<2,17354,50.3,50.3,0.209,0.218,-0.003,0.97,-51.9,25,64.9,57,inf,49.5,51.0,51.0,9.68e-01,OK
rvb,rvb=>=5,2951,51.7,51.7,0.233,0.241,0.0045,1.04,13.2,18,18.8,56,0.63,49.9,53.5,50.8,1.56e-01,OK
rvb,rvb=NA,3092,50.8,50.8,0.227,0.211,0.0118,1.11,36.5,8,14.7,12,0.29,49.1,52.6,48.2,1.46e-03,OK
adxb,adxb=20-30,11103,50.3,50.3,0.225,0.235,-0.0037,0.97,-40.6,23,71.7,39,inf,49.3,51.2,51.1,9.54e-01,OK
adxb,adxb=<20,1701,49.5,49.5,0.215,0.217,-0.0035,0.97,-6.0,16,23.8,11,inf,47.1,51.9,50.3,7.57e-01,OK
adxb,adxb=>=30,8626,51.4,51.4,0.207,0.219,-0.0001,1.0,-1.3,37,33.7,14,inf,50.4,52.5,51.4,5.30e-01,OK
adxb,adxb=NA,7476,50.3,50.3,0.224,0.219,0.0039,1.04,29.1,15,23.7,20,0.36,49.2,51.5,49.5,6.61e-02,OK
sprb,sprb=2-5bps,3708,50.0,50.0,0.215,0.221,-0.0029,0.97,-10.8,7,21.3,49,inf,48.4,51.6,50.7,7.96e-01,OK
sprb,sprb=<2bps,15331,51.1,51.1,0.217,0.23,-0.0017,0.98,-26.2,33,55.7,49,inf,50.3,51.9,51.5,8.30e-01,OK
sprb,sprb=>=5bps,2391,48.7,48.7,0.22,0.218,-0.0046,0.96,-10.9,12,24.7,49,inf,46.7,50.7,49.8,8.51e-01,OK
sprb,sprb=NA,7476,50.3,50.3,0.224,0.219,0.0039,1.04,29.1,15,23.7,20,0.36,49.2,51.5,49.5,6.61e-02,OK
hourb,hourb=0-5,8078,50.6,50.6,0.225,0.234,-0.0021,0.98,-16.8,14,26.7,62,inf,49.5,51.6,51.0,7.95e-01,OK
hourb,hourb=12-17,7411,51.4,51.4,0.222,0.227,0.0037,1.03,27.6,16,27.0,61,0.5,50.2,52.5,50.5,7.80e-02,OK
hourb,hourb=18-23,6274,50.4,50.4,0.195,0.206,-0.0039,0.96,-24.6,33,51.8,61,inf,49.1,51.6,51.3,9.41e-01,OK
hourb,hourb=6-11,7143,50.0,50.0,0.228,0.23,-0.0007,0.99,-5.1,14,26.6,63,inf,48.8,51.2,50.1,6.08e-01,OK
decb,decb=D10,3681,51.4,51.4,0.251,0.253,0.006,1.05,22.2,16,21.6,63,0.43,49.8,53.0,50.2,7.54e-02,OK
decb,decb=D2-3,19471,50.5,50.5,0.202,0.213,-0.0036,0.97,-70.7,25,91.7,63,inf,49.8,51.2,51.3,9.93e-01,OK
decb,decb=D4-9,5754,50.4,50.4,0.253,0.247,0.0052,1.04,29.7,13,16.0,63,0.19,49.1,51.7,49.4,6.04e-02,OK
weekday,weekday=0,4192,50.5,50.5,0.209,0.237,-0.0116,0.9,-48.5,16,52.6,9,inf,49.0,52.1,53.1,1.00e+00,OK
weekday,weekday=1,4223,50.4,50.4,0.215,0.21,0.004,1.04,16.9,37,22.1,9,0.54,48.9,51.9,49.4,1.13e-01,OK
weekday,weekday=2,4371,50.0,50.0,0.226,0.225,0.0003,1.0,1.4,16,32.0,9,7.8,48.6,51.5,50.0,4.70e-01,OK
weekday,weekday=3,3793,50.8,50.8,0.228,0.233,0.0011,1.01,4.1,8,17.6,9,2.07,49.2,52.4,50.5,3.93e-01,OK
weekday,weekday=4,4513,51.2,51.2,0.234,0.23,0.0072,1.06,32.6,18,18.5,9,0.27,49.7,52.6,49.6,1.90e-02,OK
weekday,weekday=5,3596,50.0,50.0,0.223,0.222,0.0007,1.01,2.5,14,17.3,9,3.56,48.4,51.7,49.9,4.32e-01,OK
weekday,weekday=6,4218,51.0,51.1,0.197,0.219,-0.0066,0.94,-27.7,23,41.7,9,inf,49.5,52.6,52.6,9.81e-01,OK
weekend,weekend=False,21092,50.6,50.6,0.222,0.227,0.0003,1.0,6.4,37,63.0,45,1.64,49.9,51.3,50.5,4.25e-01,OK
weekend,weekend=True,7814,50.6,50.6,0.209,0.22,-0.0032,0.97,-25.2,23,47.8,18,inf,49.5,51.7,51.3,9.10e-01,OK
side,side=LONG,16115,51.2,51.2,0.202,0.199,0.0065,1.07,104.0,88,53.0,63,0.34,50.4,52.0,49.6,2.28e-05,OK
side,side=SHORT,12791,49.8,49.8,0.24,0.257,-0.0096,0.93,-122.8,47,177.3,63,inf,48.9,50.7,51.7,1.00e+00,OK
symxstratxregime,1000LUNCUSDT|asia_burst_fade|NA,1,0.0,0.0,0.0,1.001,-1.0007,0.0,-1.0,1,1.0,1,inf,0.0,79.3,100.0,1.00,LOW-N
symxstratxregime,1000LUNCUSDT|asia_burst_fade|bull,2,50.0,50.0,0.096,0.171,-0.0371,0.56,-0.1,1,0.2,2,inf,9.5,90.5,63.9,8.70e-01,LOW-N
symxstratxregime,1000LUNCUSDT|asia_burst_fade|neutral,3,33.3,33.3,0.042,0.095,-0.0496,0.22,-0.1,2,0.2,3,inf,6.1,79.2,69.6,9.72e-01,LOW-N
symxstratxregime,1000LUNCUSDT|burst_follow|NA,1,100.0,100.0,0.3,0.0,0.2997,inf,0.3,0,0.0,1,1.0,20.7,100.0,0.0,0.00e+00,LOW-N
symxstratxregime,1000LUNCUSDT|burst_follow|bear,4,100.0,100.0,0.136,0.0,0.1363,inf,0.5,0,0.0,4,0.34,51.0,100.0,0.0,0.00e+00,LOW-N
symxstratxregime,1000LUNCUSDT|burst_follow|bull,6,83.3,83.3,0.113,0.039,0.0876,14.61,0.5,1,0.0,5,0.4,43.6,97.0,25.5,5.09e-03,LOW-N
symxstratxregime,1000LUNCUSDT|burst_follow|neutral,12,66.7,66.7,0.112,0.046,0.059,4.83,0.7,1,0.1,9,0.42,39.1,86.2,29.3,8.09e-03,LOW-N
symxstratxregime,1000LUNCUSDT|follow_3h_all|neutral,3,100.0,100.0,0.238,0.0,0.2377,inf,0.7,0,0.0,3,0.72,43.8,100.0,0.0,0.00e+00,LOW-N
symxstratxregime,1000LUNCUSDT|late_fade|bear,1,0.0,0.0,0.0,0.042,-0.0421,0.0,-0.0,1,0.0,1,inf,0.0,79.3,100.0,1.00,LOW-N
symxstratxregime,1000LUNCUSDT|late_fade|neutral,2,50.0,50.0,0.25,0.134,0.0577,1.86,0.1,1,0.1,2,2.16,9.5,90.5,35.0,5.77e-01,LOW-N
symxstratxregime,1000LUNCUSDT|london_burst_fade|bull,1,0.0,0.0,0.0,0.341,-0.3415,0.0,-0.3,1,0.3,1,inf,0.0,79.3,100.0,1.00,LOW-N
symxstratxregime,1000LUNCUSDT|london_burst_fade|neutral,2,100.0,100.0,0.182,0.0,0.1821,inf,0.4,0,0.0,2,0.51,34.2,100.0,0.0,0.00e+00,LOW-N
symxstratxregime,1000LUNCUSDT|nony_momentum|NA,1,100.0,100.0,0.3,0.0,0.2997,inf,0.3,0,0.0,1,1.0,20.7,100.0,0.0,0.00e+00,LOW-N
symxstratxregime,1000LUNCUSDT|nony_momentum|bear,1,100.0,100.0,0.05,0.0,0.0501,inf,0.1,0,0.0,1,1.0,20.7,100.0,0.0,0.00e+00,LOW-N
symxstratxregime,1000LUNCUSDT|nony_momentum|bull,3,66.7,66.7,0.102,0.039,0.0552,5.29,0.2,1,0.0,2,0.59,20.8,93.9,27.4,1.85e-01,LOW-N
symxstratxregime,1000LUNCUSDT|nony_momentum|neutral,7,57.1,57.1,0.083,0.055,0.024,2.02,0.2,1,0.1,6,0.96,25.0,84.2,39.7,2.84e-01,LOW-N
symxstratxregime,1000LUNCUSDT|ny_flush_buy_4h|bear,2,100.0,100.0,0.289,0.0,0.2893,inf,0.6,0,0.0,2,0.63,34.2,100.0,0.0,0.00e+00,LOW-N
symxstratxregime,1000LUNCUSDT|ny_flush_buy_4h|bull,3,100.0,100.0,0.467,0.0,0.467,inf,1.4,0,0.0,3,0.53,43.8,100.0,0.0,0.00e+00,LOW-N
symxstratxregime,1000LUNCUSDT|ny_flush_buy_4h|neutral,3,66.7,66.7,0.249,0.282,0.0724,1.77,0.2,1,0.3,3,2.17,20.8,93.9,53.0,5.46e-01,LOW-N
symxstratxregime,1000LUNCUSDT|setup_fade|NA,5,40.0,40.0,0.209,0.376,-0.1417,0.37,-0.7,3,1.1,2,inf,11.8,76.9,64.2,9.42e-01,LOW-N
symxstratxregime,1000LUNCUSDT|setup_fade|bear,46,56.5,56.5,0.46,0.506,0.0397,1.18,1.8,4,4.0,18,1.53,42.2,69.8,52.4,3.42e-01,OK
symxstratxregime,1000LUNCUSDT|setup_fade|bull,44,54.5,54.5,0.292,0.375,-0.0111,0.93,-0.5,3,3.1,13,inf,40.1,68.3,56.2,6.48e-01,OK
symxstratxregime,1000LUNCUSDT|setup_fade|neutral,80,50.0,50.0,0.347,0.363,-0.0081,0.96,-0.7,4,3.6,30,inf,39.3,60.7,51.1,6.24e-01,OK
symxstratxregime,1000LUNCUSDT|setup_follow|NA,5,60.0,60.0,0.116,0.084,0.0359,2.06,0.2,2,0.2,2,1.94,23.1,88.2,42.1,3.54e-01,LOW-N
symxstratxregime,1000LUNCUSDT|setup_follow|bear,44,45.5,45.5,0.169,0.203,-0.0336,0.7,-1.5,7,2.0,18,inf,31.7,59.9,54.5,9.12e-01,OK
symxstratxregime,1000LUNCUSDT|setup_follow|bull,44,45.5,45.5,0.143,0.119,0.0,1.0,0.0,7,1.1,13,234.97,31.7,59.9,45.4,5.57e-01,OK
symxstratxregime,1000LUNCUSDT|setup_follow|neutral,79,45.6,45.6,0.149,0.138,-0.007,0.91,-0.5,4,2.4,30,inf,35.0,56.5,48.0,7.06e-01,OK
symxstratxregime,1000PEPEUSDT|asia_burst_fade|NA,4,75.0,75.0,0.356,1.001,0.0169,1.07,0.1,1,1.0,1,1.0,30.1,95.4,73.8,7.17e-01,LOW-N
symxstratxregime,1000PEPEUSDT|asia_burst_fade|bear,24,62.5,62.5,0.31,0.318,0.0744,1.62,1.8,2,1.0,8,0.47,42.7,78.8,50.6,1.69e-01,LOW-N
symxstratxregime,1000PEPEUSDT|asia_burst_fade|bull,70,48.6,48.6,0.333,0.295,0.0098,1.06,0.7,6,4.7,13,3.8,37.2,60.0,47.0,4.43e-01,OK
symxstratxregime,1000PEPEUSDT|asia_burst_fade|neutral,59,44.1,44.1,0.349,0.299,-0.0134,0.92,-0.8,4,3.4,21,inf,32.2,56.7,46.1,6.72e-01,OK
symxstratxregime,1000PEPEUSDT|asia_pump_short_4h|bear,2,0.0,0.0,0.0,0.058,-0.0579,0.0,-0.1,2,0.1,2,inf,0.0,65.8,100.0,1.00,LOW-N
symxstratxregime,1000PEPEUSDT|asia_pump_short_4h|bull,11,45.5,45.5,0.484,0.659,-0.1393,0.61,-1.5,4,3.4,7,inf,21.3,72.0,57.6,8.69e-01,LOW-N
symxstratxregime,1000PEPEUSDT|asia_pump_short_4h|neutral,12,58.3,58.3,0.222,0.555,-0.1017,0.56,-1.2,3,2.1,10,inf,32.0,80.7,71.4,9.03e-01,LOW-N
symxstratxregime,1000PEPEUSDT|burst_follow|NA,10,40.0,40.0,0.191,0.284,-0.0939,0.45,-0.9,3,1.2,2,inf,16.8,68.7,59.8,9.44e-01,LOW-N
symxstratxregime,1000PEPEUSDT|burst_follow|bear,82,41.5,41.5,0.129,0.144,-0.0311,0.63,-2.6,9,2.8,14,inf,31.4,52.3,52.9,9.85e-01,OK
symxstratxregime,1000PEPEUSDT|burst_follow|bull,219,54.3,54.3,0.122,0.169,-0.0108,0.86,-2.4,9,5.8,18,inf,47.7,60.8,58.0,8.81e-01,OK
symxstratxregime,1000PEPEUSDT|burst_follow|neutral,181,48.6,48.6,0.122,0.144,-0.015,0.8,-2.7,6,3.4,29,inf,41.4,55.9,54.3,9.45e-01,OK
symxstratxregime,1000PEPEUSDT|fade_3h_asia|bear,2,0.0,0.0,0.0,0.158,-0.1584,0.0,-0.3,2,0.3,1,inf,0.0,65.8,100.0,1.00,LOW-N
symxstratxregime,1000PEPEUSDT|fade_3h_asia|neutral,3,0.0,0.0,0.0,0.145,-0.145,0.0,-0.4,3,0.4,2,inf,0.0,56.2,100.0,1.00,LOW-N
symxstratxregime,1000PEPEUSDT|fade_3h_late|bear,1,0.0,0.0,0.0,0.035,-0.0352,0.0,-0.0,1,0.0,1,inf,0.0,79.3,100.0,1.00,LOW-N
symxstratxregime,1000PEPEUSDT|fade_3h_late|neutral,4,50.0,50.0,0.38,0.077,0.1515,4.92,0.6,1,0.1,4,0.99,15.0,85.0,16.9,1.35e-01,LOW-N
symxstratxregime,1000PEPEUSDT|fade_3h_london|neutral,5,80.0,80.0,0.624,0.194,0.4606,12.85,2.3,1,0.2,3,0.89,37.6,96.4,23.7,1.29e-02,LOW-N
symxstratxregime,1000PEPEUSDT|follow_3h_all|NA,1,100.0,100.0,1.115,0.0,1.1154,inf,1.1,0,0.0,1,1.0,20.7,100.0,0.0,0.00e+00,LOW-N
symxstratxregime,1000PEPEUSDT|follow_3h_all|bear,10,70.0,70.0,0.202,0.305,0.0496,1.54,0.5,3,0.9,5,1.24,39.7,89.2,60.2,3.87e-01,LOW-N
symxstratxregime,1000PEPEUSDT|follow_3h_all|bull,1,0.0,0.0,0.0,0.158,-0.1582,0.0,-0.2,1,0.2,1,inf,0.0,79.3,100.0,1.00,LOW-N
symxstratxregime,1000PEPEUSDT|follow_3h_all|neutral,18,55.6,55.6,0.286,0.303,0.0242,1.18,0.4,3,0.9,8,1.42,33.7,75.4,51.4,4.56e-01,LOW-N
symxstratxregime,1000PEPEUSDT|late_fade|bear,9,33.3,33.3,0.139,0.073,-0.0022,0.95,-0.0,2,0.3,5,inf,12.1,64.6,34.4,6.48e-01,LOW-N
symxstratxregime,1000PEPEUSDT|late_fade|bull,16,31.2,31.2,0.069,0.103,-0.0491,0.31,-0.8,5,0.9,9,inf,14.2,55.6,59.8,9.95e-01,LOW-N
symxstratxregime,1000PEPEUSDT|late_fade|neutral,16,75.0,75.0,0.103,0.205,0.0261,1.51,0.4,2,0.5,8,1.35,50.5,89.8,66.5,3.35e-01,LOW-N
symxstratxregime,1000PEPEUSDT|london_burst_fade|NA,5,40.0,40.0,0.725,0.303,0.1086,1.6,0.5,3,0.9,2,1.97,11.8,76.9,29.4,4.60e-01,LOW-N
symxstratxregime,1000PEPEUSDT|london_burst_fade|bear,16,75.0,75.0,0.273,0.356,0.1156,2.3,1.8,1,0.8,6,0.84,50.5,89.8,56.6,1.08e-01,LOW-N
symxstratxregime,1000PEPEUSDT|london_burst_fade|bull,64,42.2,42.2,0.389,0.268,0.0089,1.06,0.6,8,4.0,11,2.29,30.9,54.4,40.8,4.60e-01,OK
symxstratxregime,1000PEPEUSDT|london_burst_fade|neutral,37,51.4,51.4,0.44,0.278,0.0906,1.67,3.4,3,1.4,16,0.27,35.9,66.6,38.7,8.13e-02,OK
symxstratxregime,1000PEPEUSDT|nony_momentum|NA,6,33.3,33.3,0.212,0.31,-0.1362,0.34,-0.8,2,1.0,2,inf,9.7,70.0,59.4,9.56e-01,LOW-N
symxstratxregime,1000PEPEUSDT|nony_momentum|bear,18,55.6,55.6,0.075,0.108,-0.0065,0.86,-0.1,3,0.6,7,inf,33.7,75.4,59.1,7.11e-01,LOW-N
symxstratxregime,1000PEPEUSDT|nony_momentum|bull,40,67.5,67.5,0.092,0.094,0.0319,2.05,1.3,4,0.3,12,0.37,52.0,79.9,50.3,2.14e-02,OK
symxstratxregime,1000PEPEUSDT|nony_momentum|neutral,32,46.9,46.9,0.096,0.151,-0.0353,0.56,-1.1,6,1.3,16,inf,30.9,63.6,61.2,9.66e-01,OK
symxstratxregime,1000PEPEUSDT|ny_burst_fade|NA,1,100.0,100.0,0.007,0.0,0.007,inf,0.0,0,0.0,1,1.0,20.7,100.0,0.0,0.00e+00,LOW-N
symxstratxregime,1000PEPEUSDT|ny_burst_fade|bear,3,100.0,100.0,0.193,0.0,0.1934,inf,0.6,0,0.0,1,1.0,43.8,100.0,0.0,0.00e+00,LOW-N
symxstratxregime,1000PEPEUSDT|ny_burst_follow|NA,1,0.0,0.0,0.0,0.003,-0.0034,0.0,-0.0,1,0.0,1,inf,0.0,79.3,100.0,1.00,LOW-N
symxstratxregime,1000PEPEUSDT|ny_burst_follow|bear,3,0.0,0.0,0.0,0.078,-0.078,0.0,-0.2,3,0.2,1,inf,0.0,56.2,100.0,1.00,LOW-N
symxstratxregime,1000PEPEUSDT|ny_flush_buy_4h|bear,5,40.0,40.0,0.324,0.452,-0.1415,0.48,-0.7,2,1.1,5,inf,11.8,76.9,58.2,8.99e-01,LOW-N
symxstratxregime,1000PEPEUSDT|ny_flush_buy_4h|bull,16,56.2,56.2,0.157,0.223,-0.0091,0.91,-0.1,4,1.0,14,inf,33.2,76.9,58.6,6.76e-01,LOW-N
symxstratxregime,1000PEPEUSDT|ny_flush_buy_4h|neutral,23,56.5,56.5,0.304,0.21,0.0803,1.88,1.8,3,0.9,18,0.34,36.8,74.4,40.9,9.55e-02,LOW-N
symxstratxregime,1000PEPEUSDT|setup_fade|NA,1,0.0,0.0,0.0,0.105,-0.1049,0.0,-0.1,1,0.1,1,inf,0.0,79.3,100.0,1.00,LOW-N
symxstratxregime,1000PEPEUSDT|setup_fade|bear,61,45.9,45.9,0.435,0.392,-0.0123,0.94,-0.8,4,4.7,18,inf,34.0,58.3,47.4,6.40e-01,OK
symxstratxregime,1000PEPEUSDT|setup_fade|bull,39,48.7,48.7,0.341,0.402,-0.0398,0.81,-1.6,6,3.5,17,inf,33.9,63.8,54.1,7.97e-01,OK
symxstratxregime,1000PEPEUSDT|setup_fade|neutral,93,54.8,54.8,0.419,0.401,0.049,1.27,4.6,4,4.0,30,0.37,44.7,64.6,48.9,1.47e-01,OK
symxstratxregime,1000PEPEUSDT|setup_follow|NA,1,100.0,100.0,0.041,0.0,0.0411,inf,0.0,0,0.0,1,1.0,20.7,100.0,0.0,0.00e+00,LOW-N
symxstratxregime,1000PEPEUSDT|setup_follow|bear,58,53.4,53.4,0.145,0.193,-0.0126,0.86,-0.7,4,2.6,18,inf,40.8,65.7,57.2,7.62e-01,OK
symxstratxregime,1000PEPEUSDT|setup_follow|bull,39,53.8,53.8,0.14,0.15,0.0062,1.09,0.2,5,1.7,17,2.11,38.6,68.4,51.7,4.59e-01,OK
symxstratxregime,1000PEPEUSDT|setup_follow|neutral,91,46.2,46.2,0.138,0.159,-0.022,0.74,-2.0,6,2.7,30,inf,36.3,56.3,53.6,9.36e-01,OK
symxstratxregime,AAVEUSDT|asia_burst_fade|bull,10,30.0,30.0,0.159,0.238,-0.119,0.29,-1.2,5,1.6,4,inf,10.8,60.3,60.0,9.88e-01,LOW-N
symxstratxregime,AAVEUSDT|asia_burst_fade|neutral,1,0.0,0.0,0.0,0.395,-0.3953,0.0,-0.4,1,0.4,1,inf,0.0,79.3,100.0,1.00,LOW-N
symxstratxregime,AAVEUSDT|asia_pump_short_4h|bull,2,50.0,50.0,0.569,0.25,0.1596,2.28,0.3,1,0.3,2,1.78,9.5,90.5,30.5,5.17e-01,LOW-N
symxstratxregime,AAVEUSDT|burst_follow|bull,48,66.7,66.7,0.113,0.137,0.0294,1.64,1.4,4,1.0,8,0.88,52.5,78.3,54.9,6.68e-02,OK
symxstratxregime,AAVEUSDT|burst_follow|neutral,3,66.7,66.7,0.174,0.657,-0.1032,0.53,-0.3,1,0.7,1,inf,20.8,93.9,79.1,8.87e-01,LOW-N
symxstratxregime,AAVEUSDT|fade_3h_london|bull,1,100.0,100.0,0.54,0.0,0.5399,inf,0.5,0,0.0,1,1.0,20.7,100.0,0.0,0.00e+00,LOW-N
symxstratxregime,AAVEUSDT|follow_3h_all|bull,1,0.0,0.0,0.0,0.059,-0.0593,0.0,-0.1,1,0.1,1,inf,0.0,79.3,100.0,1.00,LOW-N
symxstratxregime,AAVEUSDT|late_fade|bull,3,0.0,0.0,0.0,0.078,-0.0777,0.0,-0.2,3,0.2,2,inf,0.0,56.2,100.0,1.00,LOW-N
symxstratxregime,AAVEUSDT|late_fade|neutral,2,50.0,50.0,0.25,0.09,0.0797,2.76,0.2,1,0.1,1,1.0,9.5,90.5,26.6,4.61e-01,LOW-N
symxstratxregime,AAVEUSDT|london_burst_fade|bull,17,52.9,52.9,0.399,0.305,0.0679,1.47,1.2,7,2.0,5,1.42,31.0,73.8,43.3,2.87e-01,LOW-N
symxstratxregime,AAVEUSDT|nony_momentum|bull,9,100.0,100.0,0.127,0.0,0.1266,inf,1.1,0,0.0,4,0.79,70.1,100.0,0.0,0.00e+00,LOW-N
symxstratxregime,AAVEUSDT|nony_momentum|neutral,2,100.0,100.0,0.133,0.0,0.133,inf,0.3,0,0.0,2,0.59,34.2,100.0,0.0,0.00e+00,LOW-N
symxstratxregime,AAVEUSDT|ny_flush_buy_4h|bull,6,66.7,66.7,0.123,0.169,0.0259,1.46,0.2,1,0.2,5,0.86,30.0,90.3,57.8,4.99e-01,LOW-N
symxstratxregime,AAVEUSDT|setup_fade|bull,23,60.9,60.9,0.459,0.387,0.1281,1.85,2.9,5,1.5,7,0.53,40.8,77.8,45.7,1.06e-01,LOW-N
symxstratxregime,AAVEUSDT|setup_fade|neutral,3,33.3,33.3,0.114,0.672,-0.4101,0.08,-1.2,2,1.3,2,inf,6.1,79.2,85.5,9.97e-01,LOW-N
symxstratxregime,AAVEUSDT|setup_follow|bull,22,40.9,40.9,0.139,0.159,-0.0373,0.6,-0.8,4,1.4,7,inf,23.3,61.3,53.4,9.18e-01,LOW-N
symxstratxregime,AAVEUSDT|setup_follow|neutral,3,66.7,66.7,0.274,0.047,0.1671,11.75,0.5,1,0.0,2,1.09,20.8,93.9,14.5,5.73e-02,LOW-N
symxstratxregime,AAVEUSDT|v65_strict_long|bull,1,0.0,0.0,0.0,0.798,-0.7979,0.0,-0.8,1,0.8,1,inf,0.0,79.3,100.0,1.00,LOW-N
symxstratxregime,AAVEUSDT|v65_strict_ny_long|bull,1,0.0,0.0,0.0,0.798,-0.7979,0.0,-0.8,1,0.8,1,inf,0.0,79.3,100.0,1.00,LOW-N
symxstratxregime,ADAUSDT|asia_burst_fade|NA,3,33.3,33.3,0.244,0.647,-0.3502,0.19,-1.1,1,1.1,1,inf,6.1,79.2,72.6,9.79e-01,LOW-N
symxstratxregime,ADAUSDT|asia_burst_fade|bear,18,44.4,44.4,0.336,0.495,-0.1255,0.54,-2.3,7,3.8,7,inf,24.6,66.3,59.5,9.38e-01,LOW-N
symxstratxregime,ADAUSDT|asia_burst_fade|bull,36,50.0,50.0,0.388,0.312,0.038,1.24,1.4,6,3.3,12,0.7,34.5,65.5,44.6,3.12e-01,OK
symxstratxregime,ADAUSDT|asia_burst_fade|neutral,37,37.8,37.8,0.342,0.22,-0.0078,0.94,-0.3,5,2.6,17,inf,24.1,53.9,39.2,6.29e-01,OK
symxstratxregime,ADAUSDT|asia_pump_short_4h|NA,6,50.0,50.0,0.127,0.135,-0.004,0.94,-0.0,2,0.4,3,inf,18.8,81.2,51.5,6.84e-01,LOW-N
symxstratxregime,ADAUSDT|asia_pump_short_4h|bear,1,0.0,0.0,0.0,0.07,-0.0703,0.0,-0.1,1,0.1,1,inf,0.0,79.3,100.0,1.00,LOW-N
symxstratxregime,ADAUSDT|asia_pump_short_4h|bull,5,40.0,40.0,0.396,0.484,-0.1321,0.55,-0.7,3,1.5,3,inf,11.8,76.9,55.0,8.69e-01,LOW-N
symxstratxregime,ADAUSDT|asia_pump_short_4h|neutral,7,71.4,71.4,0.355,0.061,0.2361,14.62,1.7,1,0.1,7,0.4,35.9,91.8,14.6,1.08e-03,LOW-N
symxstratxregime,ADAUSDT|burst_follow|NA,7,57.1,57.1,0.139,0.264,-0.0338,0.7,-0.2,1,0.4,2,inf,25.0,84.2,65.5,8.09e-01,LOW-N
symxstratxregime,ADAUSDT|burst_follow|bear,83,60.2,60.2,0.139,0.132,0.0315,1.6,2.6,5,1.1,14,0.29,49.5,70.1,48.6,2.19e-02,OK
symxstratxregime,ADAUSDT|burst_follow|bull,108,50.0,50.0,0.115,0.13,-0.0076,0.88,-0.8,6,2.7,19,inf,40.7,59.3,53.1,7.71e-01,OK
symxstratxregime,ADAUSDT|burst_follow|neutral,118,53.4,53.4,0.096,0.141,-0.0144,0.78,-1.7,4,2.0,28,inf,44.4,62.1,59.5,9.25e-01,OK
symxstratxregime,ADAUSDT|fade_3h_asia|bear,3,33.3,33.3,0.219,0.817,-0.4717,0.13,-1.4,1,1.4,2,inf,6.1,79.2,78.8,9.91e-01,LOW-N
symxstratxregime,ADAUSDT|fade_3h_asia|neutral,3,0.0,0.0,0.0,0.247,-0.2473,0.0,-0.7,3,0.7,3,inf,0.0,56.2,100.0,1.00,LOW-N
symxstratxregime,ADAUSDT|fade_3h_late|neutral,3,33.3,33.3,0.583,0.192,0.0665,1.52,0.2,1,0.3,3,2.92,6.1,79.2,24.7,5.74e-01,LOW-N
symxstratxregime,ADAUSDT|fade_3h_london|NA,1,100.0,100.0,0.2,0.0,0.1997,inf,0.2,0,0.0,1,1.0,20.7,100.0,0.0,0.00e+00,LOW-N
symxstratxregime,ADAUSDT|fade_3h_london|bear,1,100.0,100.0,2.966,0.0,2.9664,inf,3.0,0,0.0,1,1.0,20.7,100.0,0.0,0.00e+00,LOW-N
symxstratxregime,ADAUSDT|follow_3h_all|bear,11,45.5,45.5,0.356,0.13,0.0912,2.29,1.0,4,0.3,4,0.69,21.3,72.0,26.7,1.44e-01,LOW-N
symxstratxregime,ADAUSDT|follow_3h_all|bull,4,25.0,25.0,0.071,0.223,-0.1492,0.11,-0.6,2,0.6,2,inf,4.6,69.9,75.8,9.97e-01,LOW-N
symxstratxregime,ADAUSDT|follow_3h_all|neutral,16,75.0,75.0,0.16,0.614,-0.0334,0.78,-0.5,2,1.9,7,inf,50.5,89.8,79.3,7.77e-01,LOW-N
symxstratxregime,ADAUSDT|late_fade|bear,7,28.6,28.6,0.21,0.101,-0.0124,0.83,-0.1,2,0.2,5,inf,8.2,64.1,32.6,7.22e-01,LOW-N
symxstratxregime,ADAUSDT|late_fade|bull,5,40.0,40.0,0.094,0.048,0.0089,1.31,0.0,2,0.1,3,1.91,11.8,76.9,33.8,5.48e-01,LOW-N
symxstratxregime,ADAUSDT|late_fade|neutral,17,52.9,52.9,0.179,0.079,0.0577,2.55,1.0,4,0.4,8,0.51,31.0,73.8,30.6,4.53e-02,LOW-N
symxstratxregime,ADAUSDT|london_burst_fade|NA,3,66.7,66.7,0.749,0.112,0.4623,13.4,1.4,1,0.1,2,0.54,20.8,93.9,13.0,4.62e-02,LOW-N
symxstratxregime,ADAUSDT|london_burst_fade|bear,19,31.6,31.6,0.414,0.353,-0.111,0.54,-2.1,4,2.1,9,inf,15.4,54.0,46.1,9.35e-01,LOW-N
symxstratxregime,ADAUSDT|london_burst_fade|bull,32,43.8,43.8,0.325,0.342,-0.0505,0.74,-1.6,5,2.9,13,inf,28.2,60.7,51.3,8.49e-01,OK
symxstratxregime,ADAUSDT|london_burst_fade|neutral,23,52.2,52.2,0.298,0.202,0.0587,1.61,1.4,3,1.1,13,0.78,33.0,70.8,40.4,1.75e-01,LOW-N
symxstratxregime,ADAUSDT|nony_momentum|NA,3,66.7,66.7,0.237,0.25,0.0747,1.9,0.2,1,0.3,2,1.34,20.8,93.9,51.3,5.20e-01,LOW-N
symxstratxregime,ADAUSDT|nony_momentum|bear,18,77.8,77.8,0.152,0.158,0.0833,3.37,1.5,2,0.2,7,0.4,54.8,91.0,50.9,1.88e-02,LOW-N
symxstratxregime,ADAUSDT|nony_momentum|bull,39,61.5,61.5,0.093,0.089,0.0234,1.68,0.9,3,0.5,15,0.59,45.9,75.1,48.7,7.45e-02,OK
symxstratxregime,ADAUSDT|nony_momentum|neutral,48,43.8,43.8,0.078,0.142,-0.0454,0.43,-2.2,3,2.4,18,inf,30.7,57.7,64.4,9.99e-01,OK
symxstratxregime,ADAUSDT|ny_burst_fade|NA,2,50.0,50.0,0.749,0.24,0.2546,3.12,0.5,1,0.2,1,1.0,9.5,90.5,24.3,4.26e-01,LOW-N
symxstratxregime,ADAUSDT|ny_burst_fade|bear,1,0.0,0.0,0.0,0.122,-0.1222,0.0,-0.1,1,0.1,1,inf,0.0,79.3,100.0,1.00,LOW-N
symxstratxregime,ADAUSDT|ny_burst_follow|NA,2,50.0,50.0,0.042,0.197,-0.0773,0.22,-0.2,1,0.2,1,inf,9.5,90.5,82.3,9.69e-01,LOW-N
symxstratxregime,ADAUSDT|ny_burst_follow|bear,1,100.0,100.0,0.048,0.0,0.0482,inf,0.0,0,0.0,1,1.0,20.7,100.0,0.0,0.00e+00,LOW-N
symxstratxregime,ADAUSDT|ny_flush_buy_4h|NA,2,50.0,50.0,0.347,0.076,0.1355,4.57,0.3,1,0.1,2,1.28,9.5,90.5,18.0,3.27e-01,LOW-N
symxstratxregime,ADAUSDT|ny_flush_buy_4h|bear,4,75.0,75.0,0.126,0.072,0.0762,5.22,0.3,1,0.1,4,0.49,30.1,95.4,36.5,1.41e-01,LOW-N
symxstratxregime,ADAUSDT|ny_flush_buy_4h|bull,13,38.5,38.5,0.158,0.114,-0.0095,0.87,-0.1,5,0.7,10,inf,17.7,64.5,41.9,6.99e-01,LOW-N
symxstratxregime,ADAUSDT|ny_flush_buy_4h|neutral,19,42.1,42.1,0.299,0.347,-0.0751,0.63,-1.4,3,2.1,17,inf,23.1,63.7,53.7,8.94e-01,LOW-N
symxstratxregime,ADAUSDT|setup_fade|NA,5,20.0,20.0,0.129,0.308,-0.2206,0.1,-1.1,3,1.1,2,inf,3.6,62.4,70.5,9.98e-01,LOW-N
symxstratxregime,ADAUSDT|setup_fade|bear,56,53.6,53.6,0.331,0.243,0.0647,1.57,3.6,5,2.1,18,0.42,40.7,66.0,42.3,5.88e-02,OK
symxstratxregime,ADAUSDT|setup_fade|bull,42,45.2,45.2,0.425,0.422,-0.0391,0.83,-1.6,5,3.9,15,inf,31.2,60.1,49.8,7.74e-01,OK
symxstratxregime,ADAUSDT|setup_fade|neutral,109,45.0,45.0,0.315,0.34,-0.0456,0.76,-5.0,12,10.0,37,inf,35.9,54.3,51.9,9.39e-01,OK
symxstratxregime,ADAUSDT|setup_follow|NA,5,80.0,80.0,0.097,0.052,0.0674,7.45,0.3,1,0.1,2,0.73,37.6,96.4,34.9,5.36e-02,LOW-N
symxstratxregime,ADAUSDT|setup_follow|bear,56,39.3,39.3,0.123,0.118,-0.0232,0.68,-1.3,7,2.4,18,inf,27.6,52.4,48.9,9.43e-01,OK
symxstratxregime,ADAUSDT|setup_follow|bull,41,51.2,51.2,0.161,0.139,0.0146,1.22,0.6,3,0.9,15,1.09,36.5,65.7,46.3,3.18e-01,OK
symxstratxregime,ADAUSDT|setup_follow|neutral,109,51.4,51.4,0.149,0.115,0.0206,1.37,2.2,9,1.2,37,0.41,42.1,60.6,43.6,6.20e-02,OK
symxstratxregime,APTUSDT|asia_burst_fade|NA,1,0.0,0.0,0.0,1.001,-1.0007,0.0,-1.0,1,1.0,1,inf,0.0,79.3,100.0,1.00,LOW-N
symxstratxregime,APTUSDT|asia_burst_fade|bear,5,40.0,40.0,0.431,0.358,-0.0427,0.8,-0.2,2,0.6,3,inf,11.8,76.9,45.4,7.50e-01,LOW-N
symxstratxregime,APTUSDT|asia_burst_fade|bull,10,40.0,40.0,0.617,0.319,0.0557,1.29,0.6,4,1.2,8,1.74,16.8,68.7,34.0,4.60e-01,LOW-N
symxstratxregime,APTUSDT|asia_burst_fade|neutral,12,75.0,75.0,0.23,0.208,0.1202,3.31,1.4,2,0.4,9,0.4,46.8,91.1,47.5,5.20e-02,LOW-N
symxstratxregime,APTUSDT|burst_follow|NA,4,50.0,50.0,0.262,0.089,0.0867,2.95,0.3,2,0.2,2,0.86,15.0,85.0,25.3,2.67e-01,LOW-N
symxstratxregime,APTUSDT|burst_follow|bear,12,66.7,66.7,0.158,0.242,0.0247,1.31,0.3,1,0.6,6,1.61,39.1,86.2,60.5,4.52e-01,LOW-N
symxstratxregime,APTUSDT|burst_follow|bull,31,58.1,58.1,0.162,0.183,0.0177,1.23,0.5,3,1.1,13,0.69,40.8,73.6,52.9,3.49e-01,OK
symxstratxregime,APTUSDT|burst_follow|neutral,28,50.0,50.0,0.16,0.112,0.0237,1.42,0.7,5,0.4,16,0.45,32.6,67.4,41.3,2.26e-01,LOW-N
symxstratxregime,APTUSDT|fade_3h_late|neutral,2,50.0,50.0,0.035,0.035,-0.0001,0.99,-0.0,1,0.0,2,inf,9.5,90.5,50.2,7.52e-01,LOW-N
symxstratxregime,APTUSDT|follow_3h_all|bear,2,100.0,100.0,0.127,0.0,0.1274,inf,0.3,0,0.0,2,0.68,34.2,100.0,0.0,0.00e+00,LOW-N
symxstratxregime,APTUSDT|follow_3h_all|bull,6,50.0,50.0,0.14,0.168,-0.0142,0.83,-0.1,2,0.4,5,inf,18.8,81.2,54.6,7.39e-01,LOW-N
symxstratxregime,APTUSDT|follow_3h_all|neutral,8,75.0,75.0,0.155,0.038,0.1067,12.3,0.9,1,0.0,5,0.63,40.9,92.9,19.6,1.10e-03,LOW-N
symxstratxregime,APTUSDT|late_fade|bear,2,0.0,0.0,0.0,0.097,-0.0966,0.0,-0.2,2,0.2,2,inf,0.0,65.8,100.0,1.00,LOW-N
symxstratxregime,APTUSDT|late_fade|neutral,7,71.4,71.4,0.171,0.069,0.1024,6.23,0.7,1,0.1,3,0.58,35.9,91.8,28.6,2.35e-02,LOW-N
symxstratxregime,APTUSDT|london_burst_fade|NA,3,66.7,66.7,0.221,0.564,-0.0406,0.78,-0.1,1,0.6,1,inf,20.8,93.9,71.8,8.07e-01,LOW-N
symxstratxregime,APTUSDT|london_burst_fade|bull,7,14.3,14.3,0.089,0.413,-0.341,0.04,-2.4,6,2.5,5,inf,2.6,51.3,82.3,1.00e+00,LOW-N
symxstratxregime,APTUSDT|london_burst_fade|neutral,2,0.0,0.0,0.0,0.41,-0.4099,0.0,-0.8,2,0.8,2,inf,0.0,65.8,100.0,1.00,LOW-N
symxstratxregime,APTUSDT|nony_momentum|NA,3,66.7,66.7,0.262,0.118,0.1358,4.47,0.4,1,0.1,2,0.74,20.8,93.9,30.9,2.28e-01,LOW-N
symxstratxregime,APTUSDT|nony_momentum|bear,4,75.0,75.0,0.108,0.277,0.012,1.17,0.0,1,0.3,3,3.35,30.1,95.4,71.9,6.85e-01,LOW-N
symxstratxregime,APTUSDT|nony_momentum|bull,3,66.7,66.7,0.104,0.082,0.0419,2.54,0.1,1,0.1,3,1.52,20.8,93.9,44.0,4.11e-01,LOW-N
symxstratxregime,APTUSDT|nony_momentum|neutral,11,36.4,36.4,0.117,0.118,-0.0326,0.57,-0.4,3,0.6,9,inf,15.2,64.6,50.2,8.89e-01,LOW-N
symxstratxregime,APTUSDT|ny_burst_fade|bear,1,0.0,0.0,0.0,0.351,-0.3508,0.0,-0.4,1,0.4,1,inf,0.0,79.3,100.0,1.00,LOW-N
symxstratxregime,APTUSDT|ny_burst_follow|bear,1,100.0,100.0,0.14,0.0,0.1397,inf,0.1,0,0.0,1,1.0,20.7,100.0,0.0,0.00e+00,LOW-N
symxstratxregime,APTUSDT|ny_flush_buy_4h|bear,4,75.0,75.0,0.399,0.037,0.2902,32.37,1.2,1,0.0,4,0.48,30.1,95.4,8.5,2.29e-03,LOW-N
symxstratxregime,APTUSDT|ny_flush_buy_4h|bull,9,55.6,55.6,0.108,0.373,-0.1056,0.36,-1.0,2,1.4,7,inf,26.7,81.1,77.5,9.68e-01,LOW-N
symxstratxregime,APTUSDT|ny_flush_buy_4h|neutral,8,50.0,50.0,0.317,0.397,-0.0403,0.8,-0.3,1,1.2,7,inf,21.5,78.5,55.6,7.52e-01,LOW-N
symxstratxregime,APTUSDT|setup_fade|NA,2,50.0,50.0,0.477,0.026,0.2252,18.02,0.5,1,0.0,2,1.06,9.5,90.5,5.3,1.02e-01,LOW-N
symxstratxregime,APTUSDT|setup_fade|bear,39,59.0,59.0,0.376,0.24,0.1233,2.25,4.8,3,0.9,16,0.22,43.4,72.9,39.0,9.03e-03,OK
symxstratxregime,APTUSDT|setup_fade|bull,45,42.2,42.2,0.311,0.477,-0.1445,0.48,-6.5,9,8.1,19,inf,29.0,56.7,60.6,9.96e-01,OK
symxstratxregime,APTUSDT|setup_fade|neutral,118,63.6,63.6,0.383,0.28,0.1414,2.39,16.7,4,2.6,35,0.14,54.6,71.7,42.2,2.46e-06,OK
symxstratxregime,APTUSDT|setup_follow|NA,2,50.0,50.0,0.01,0.192,-0.0909,0.05,-0.2,1,0.2,2,inf,9.5,90.5,95.1,9.98e-01,LOW-N
symxstratxregime,APTUSDT|setup_follow|bear,39,38.5,38.5,0.138,0.158,-0.044,0.55,-1.7,4,1.7,16,inf,24.9,54.1,53.3,9.78e-01,OK
symxstratxregime,APTUSDT|setup_follow|bull,45,57.8,57.8,0.181,0.122,0.0529,2.03,2.4,3,0.7,19,0.38,43.3,71.0,40.3,1.32e-02,OK
symxstratxregime,APTUSDT|setup_follow|neutral,117,35.9,35.9,0.115,0.146,-0.0527,0.44,-6.2,8,6.8,35,inf,27.8,44.9,56.1,1.00e+00,OK
symxstratxregime,APTUSDT|v65_strict_long|bull,1,100.0,100.0,0.749,0.0,0.7493,inf,0.7,0,0.0,1,1.0,20.7,100.0,0.0,0.00e+00,LOW-N
symxstratxregime,APTUSDT|v65_strict_long|neutral,1,0.0,0.0,0.0,0.186,-0.1859,0.0,-0.2,1,0.2,1,inf,0.0,79.3,100.0,1.00,LOW-N
symxstratxregime,APTUSDT|v65_strict_ny_long|bull,1,100.0,100.0,0.749,0.0,0.7493,inf,0.7,0,0.0,1,1.0,20.7,100.0,0.0,0.00e+00,LOW-N
symxstratxregime,APTUSDT|v65_strict_ny_long|neutral,1,0.0,0.0,0.0,0.186,-0.1859,0.0,-0.2,1,0.2,1,inf,0.0,79.3,100.0,1.00,LOW-N
symxstratxregime,ARBUSDT|asia_burst_fade|bear,2,50.0,50.0,0.295,0.027,0.1341,10.87,0.3,1,0.0,1,1.0,9.5,90.5,8.4,1.61e-01,LOW-N
symxstratxregime,ARBUSDT|asia_burst_fade|bull,9,44.4,44.4,0.598,0.229,0.1385,2.09,1.2,3,0.8,4,1.89,18.9,73.3,27.7,2.20e-01,LOW-N
symxstratxregime,ARBUSDT|asia_burst_fade|neutral,17,58.8,58.8,0.338,0.287,0.0803,1.68,1.4,2,1.1,10,0.76,36.0,78.4,46.0,2.06e-01,LOW-N
symxstratxregime,ARBUSDT|asia_pump_short_4h|bull,2,50.0,50.0,0.748,1.0,-0.126,0.75,-0.3,1,1.0,1,inf,9.5,90.5,57.2,8.17e-01,LOW-N
symxstratxregime,ARBUSDT|asia_pump_short_4h|neutral,5,40.0,40.0,0.381,0.577,-0.1937,0.44,-1.0,3,1.7,4,inf,11.8,76.9,60.2,9.15e-01,LOW-N
symxstratxregime,ARBUSDT|burst_follow|bear,13,53.8,53.8,0.106,0.103,0.0099,1.21,0.1,3,0.4,6,1.56,29.1,76.8,49.1,4.74e-01,LOW-N
symxstratxregime,ARBUSDT|burst_follow|bull,25,56.0,56.0,0.145,0.176,0.0041,1.05,0.1,5,1.0,11,3.67,37.1,73.3,54.7,5.32e-01,LOW-N
symxstratxregime,ARBUSDT|burst_follow|neutral,50,48.0,48.0,0.131,0.133,-0.0063,0.91,-0.3,5,1.2,17,inf,34.8,61.5,50.4,6.85e-01,OK
symxstratxregime,ARBUSDT|fade_3h_asia|neutral,4,50.0,50.0,0.684,0.173,0.2556,3.96,1.0,2,0.3,3,1.34,15.0,85.0,20.2,1.83e-01,LOW-N
symxstratxregime,ARBUSDT|fade_3h_london|neutral,2,0.0,0.0,0.0,0.149,-0.1488,0.0,-0.3,2,0.3,2,inf,0.0,65.8,100.0,1.00,LOW-N
symxstratxregime,ARBUSDT|follow_3h_all|bear,2,50.0,50.0,0.515,0.258,0.1284,1.99,0.3,1,0.3,2,2.01,9.5,90.5,33.4,5.56e-01,LOW-N
symxstratxregime,ARBUSDT|follow_3h_all|neutral,9,66.7,66.7,0.262,0.243,0.0935,2.15,0.8,2,0.6,5,0.9,35.4,87.9,48.1,2.19e-01,LOW-N
symxstratxregime,ARBUSDT|late_fade|bear,3,33.3,33.3,0.106,0.126,-0.0488,0.42,-0.1,2,0.3,2,inf,6.1,79.2,54.4,9.05e-01,LOW-N
symxstratxregime,ARBUSDT|late_fade|bull,1,0.0,0.0,0.0,0.088,-0.0879,0.0,-0.1,1,0.1,1,inf,0.0,79.3,100.0,1.00,LOW-N
symxstratxregime,ARBUSDT|late_fade|neutral,5,60.0,60.0,0.206,0.081,0.0909,3.79,0.5,1,0.1,2,0.6,23.1,88.2,28.3,1.42e-01,LOW-N
symxstratxregime,ARBUSDT|london_burst_fade|bear,1,0.0,0.0,0.0,0.901,-0.9008,0.0,-0.9,1,0.9,1,inf,0.0,79.3,100.0,1.00,LOW-N
symxstratxregime,ARBUSDT|london_burst_fade|bull,6,33.3,33.3,0.183,0.708,-0.411,0.13,-2.5,3,2.7,5,inf,9.7,70.0,79.5,9.98e-01,LOW-N
symxstratxregime,ARBUSDT|london_burst_fade|neutral,9,33.3,33.3,0.31,0.293,-0.0922,0.53,-0.8,2,0.9,7,inf,12.1,64.6,48.6,8.96e-01,LOW-N
symxstratxregime,ARBUSDT|nony_momentum|bear,5,60.0,60.0,0.2,0.113,0.075,2.66,0.4,2,0.2,3,0.54,23.1,88.2,36.0,2.52e-01,LOW-N
symxstratxregime,ARBUSDT|nony_momentum|bull,3,100.0,100.0,0.036,0.0,0.036,inf,0.1,0,0.0,2,0.66,43.8,100.0,0.0,0.00e+00,LOW-N
symxstratxregime,ARBUSDT|nony_momentum|neutral,13,30.8,30.8,0.123,0.117,-0.0429,0.47,-0.6,6,0.7,9,inf,12.7,57.6,48.6,9.43e-01,LOW-N
symxstratxregime,ARBUSDT|ny_flush_buy_4h|bear,4,50.0,50.0,0.624,0.562,0.031,1.11,0.1,2,1.1,3,6.7,15.0,85.0,47.4,6.47e-01,LOW-N
symxstratxregime,ARBUSDT|ny_flush_buy_4h|bull,3,66.7,66.7,0.169,0.061,0.0925,5.53,0.3,1,0.1,3,1.15,20.8,93.9,26.6,1.74e-01,LOW-N
symxstratxregime,ARBUSDT|ny_flush_buy_4h|neutral,11,54.5,54.5,0.207,0.441,-0.0878,0.56,-1.0,3,1.3,9,inf,28.0,78.7,68.1,8.98e-01,LOW-N
symxstratxregime,ARBUSDT|setup_fade|bear,52,48.1,48.1,0.417,0.406,-0.0101,0.95,-0.5,6,4.7,14,inf,35.1,61.3,49.3,6.24e-01,OK
symxstratxregime,ARBUSDT|setup_fade|bull,50,54.0,54.0,0.344,0.298,0.0484,1.35,2.4,4,3.5,16,0.72,40.4,67.0,46.5,1.77e-01,OK
symxstratxregime,ARBUSDT|setup_fade|neutral,109,50.5,50.5,0.375,0.279,0.0509,1.37,5.6,6,3.1,34,0.3,41.2,59.7,42.7,6.17e-02,OK
symxstratxregime,ARBUSDT|setup_follow|bear,51,51.0,51.0,0.155,0.183,-0.0103,0.89,-0.5,6,2.1,14,inf,37.7,64.1,54.0,7.18e-01,OK
symxstratxregime,ARBUSDT|setup_follow|bull,50,46.0,46.0,0.128,0.187,-0.0419,0.59,-2.1,8,3.3,16,inf,33.0,59.6,59.3,9.79e-01,OK
symxstratxregime,ARBUSDT|setup_follow|neutral,106,49.1,49.1,0.121,0.14,-0.0122,0.83,-1.3,6,1.8,34,inf,39.7,58.4,53.7,8.56e-01,OK
symxstratxregime,AVAXUSDT|asia_burst_fade|bull,4,50.0,50.0,0.132,0.277,-0.0724,0.48,-0.3,1,0.5,3,inf,15.0,85.0,67.7,8.98e-01,LOW-N
symxstratxregime,AVAXUSDT|asia_burst_fade|neutral,1,0.0,0.0,0.0,0.309,-0.309,0.0,-0.3,1,0.3,1,inf,0.0,79.3,100.0,1.00,LOW-N
symxstratxregime,AVAXUSDT|burst_follow|bull,21,57.1,57.1,0.117,0.101,0.0238,1.55,0.5,2,0.6,6,1.02,36.5,75.5,46.2,2.15e-01,LOW-N
symxstratxregime,AVAXUSDT|burst_follow|neutral,3,66.7,66.7,0.126,0.399,-0.0489,0.63,-0.1,1,0.4,1,inf,20.8,93.9,76.0,8.55e-01,LOW-N
symxstratxregime,AVAXUSDT|follow_3h_all|bull,1,0.0,0.0,0.0,0.04,-0.0404,0.0,-0.0,1,0.0,1,inf,0.0,79.3,100.0,1.00,LOW-N
symxstratxregime,AVAXUSDT|late_fade|bull,1,100.0,100.0,0.048,0.0,0.0477,inf,0.0,0,0.0,1,1.0,20.7,100.0,0.0,0.00e+00,LOW-N
symxstratxregime,AVAXUSDT|late_fade|neutral,2,100.0,100.0,0.137,0.0,0.1375,inf,0.3,0,0.0,1,1.0,34.2,100.0,0.0,0.00e+00,LOW-N
symxstratxregime,AVAXUSDT|london_burst_fade|bull,6,50.0,50.0,0.371,0.411,-0.0204,0.9,-0.1,2,0.9,4,inf,18.8,81.2,52.6,7.04e-01,LOW-N
symxstratxregime,AVAXUSDT|nony_momentum|bull,2,100.0,100.0,0.109,0.0,0.1092,inf,0.2,0,0.0,2,0.53,34.2,100.0,0.0,0.00e+00,LOW-N
symxstratxregime,AVAXUSDT|nony_momentum|neutral,2,50.0,50.0,0.127,0.399,-0.1361,0.32,-0.3,1,0.4,1,inf,9.5,90.5,75.9,9.42e-01,LOW-N
symxstratxregime,AVAXUSDT|ny_flush_buy_4h|bull,6,33.3,33.3,0.159,0.111,-0.021,0.72,-0.1,3,0.4,5,inf,9.7,70.0,41.1,7.83e-01,LOW-N
symxstratxregime,AVAXUSDT|ny_flush_buy_4h|neutral,1,0.0,0.0,0.0,1.0,-1.0003,0.0,-1.0,1,1.0,1,inf,0.0,79.3,100.0,1.00,LOW-N
symxstratxregime,AVAXUSDT|setup_fade|bull,29,37.9,37.9,0.313,0.528,-0.2091,0.36,-6.1,4,6.3,8,inf,22.7,56.0,62.8,9.98e-01,LOW-N
symxstratxregime,AVAXUSDT|setup_fade|neutral,7,28.6,28.6,0.265,0.367,-0.1861,0.29,-1.3,4,1.3,2,inf,8.2,64.1,58.0,9.75e-01,LOW-N
symxstratxregime,AVAXUSDT|setup_follow|bull,30,63.3,63.3,0.205,0.122,0.0854,2.92,2.6,2,0.4,8,0.34,45.5,78.1,37.2,3.28e-03,OK
symxstratxregime,AVAXUSDT|setup_follow|neutral,7,71.4,71.4,0.145,0.107,0.0733,3.39,0.5,2,0.2,2,0.59,35.9,91.8,42.4,1.22e-01,LOW-N
symxstratxregime,BCHUSDT|asia_burst_fade|bull,7,42.9,42.9,0.081,0.092,-0.0177,0.66,-0.1,2,0.3,5,inf,15.8,75.0,53.1,8.22e-01,LOW-N
symxstratxregime,BCHUSDT|asia_burst_fade|neutral,1,0.0,0.0,0.0,0.113,-0.1127,0.0,-0.1,1,0.1,1,inf,0.0,79.3,100.0,1.00,LOW-N
symxstratxregime,BCHUSDT|asia_pump_short_4h|bull,1,100.0,100.0,0.139,0.0,0.1389,inf,0.1,0,0.0,1,1.0,20.7,100.0,0.0,0.00e+00,LOW-N
symxstratxregime,BCHUSDT|burst_follow|bull,28,67.9,67.9,0.112,0.069,0.0537,3.43,1.5,2,0.2,7,0.36,49.3,82.1,38.1,1.36e-03,LOW-N
symxstratxregime,BCHUSDT|burst_follow|neutral,3,66.7,66.7,0.161,0.678,-0.1186,0.48,-0.4,1,0.7,1,inf,20.8,93.9,80.8,9.03e-01,LOW-N
symxstratxregime,BCHUSDT|fade_3h_late|neutral,1,0.0,0.0,0.0,0.091,-0.0906,0.0,-0.1,1,0.1,1,inf,0.0,79.3,100.0,1.00,LOW-N
symxstratxregime,BCHUSDT|fade_3h_london|bull,2,50.0,50.0,0.261,0.475,-0.1073,0.55,-0.2,1,0.5,2,inf,9.5,90.5,64.6,8.74e-01,LOW-N
symxstratxregime,BCHUSDT|follow_3h_all|bull,9,66.7,66.7,0.116,0.428,-0.0652,0.54,-0.6,2,1.1,5,inf,35.4,87.9,78.6,8.95e-01,LOW-N
symxstratxregime,BCHUSDT|follow_3h_all|neutral,2,50.0,50.0,0.09,1.0,-0.455,0.09,-0.9,1,1.0,1,inf,9.5,90.5,91.7,9.93e-01,LOW-N
symxstratxregime,BCHUSDT|late_fade|bull,3,0.0,0.0,0.0,0.168,-0.1685,0.0,-0.5,3,0.5,2,inf,0.0,56.2,100.0,1.00,LOW-N
symxstratxregime,BCHUSDT|late_fade|neutral,2,50.0,50.0,0.25,0.033,0.1085,7.62,0.2,1,0.0,1,1.0,9.5,90.5,11.6,2.19e-01,LOW-N
symxstratxregime,BCHUSDT|london_burst_fade|bull,7,42.9,42.9,0.204,0.469,-0.1809,0.33,-1.3,3,1.8,5,inf,15.8,75.0,69.7,9.70e-01,LOW-N
symxstratxregime,BCHUSDT|nony_momentum|bull,4,75.0,75.0,0.106,0.042,0.0691,7.54,0.3,1,0.0,3,0.54,30.1,95.4,28.4,7.25e-02,LOW-N
symxstratxregime,BCHUSDT|nony_momentum|neutral,2,100.0,100.0,0.042,0.0,0.0419,inf,0.1,0,0.0,2,0.53,34.2,100.0,0.0,0.00e+00,LOW-N
symxstratxregime,BCHUSDT|ny_flush_buy_4h|bull,7,85.7,85.7,0.236,0.347,0.153,4.09,1.1,1,0.3,6,0.53,48.7,97.4,59.5,1.52e-01,LOW-N
symxstratxregime,BCHUSDT|ny_flush_buy_4h|neutral,1,0.0,0.0,0.0,1.0,-1.0003,0.0,-1.0,1,1.0,1,inf,0.0,79.3,100.0,1.00,LOW-N
symxstratxregime,BCHUSDT|setup_fade|bull,19,52.6,52.6,0.433,0.206,0.1301,2.33,2.5,4,1.0,5,0.43,31.7,72.7,32.3,5.28e-02,LOW-N
symxstratxregime,BCHUSDT|setup_fade|neutral,2,50.0,50.0,0.028,1.002,-0.4868,0.03,-1.0,1,1.0,1,inf,9.5,90.5,97.3,9.99e-01,LOW-N
symxstratxregime,BCHUSDT|setup_follow|bull,18,44.4,44.4,0.076,0.183,-0.0678,0.33,-1.2,4,1.3,5,inf,24.6,66.3,70.6,9.95e-01,LOW-N
symxstratxregime,BCHUSDT|setup_follow|neutral,2,50.0,50.0,0.299,0.013,0.143,22.6,0.3,1,0.0,1,1.0,9.5,90.5,4.2,8.30e-02,LOW-N
symxstratxregime,BNBUSDT|asia_burst_fade|NA,1,0.0,0.0,0.0,1.001,-1.0007,0.0,-1.0,1,1.0,1,inf,0.0,79.3,100.0,1.00,LOW-N
symxstratxregime,BNBUSDT|asia_burst_fade|bear,9,22.2,22.2,0.284,0.455,-0.2909,0.18,-2.6,6,3.0,6,inf,6.3,54.7,61.6,9.97e-01,LOW-N
symxstratxregime,BNBUSDT|asia_burst_fade|bull,31,48.4,48.4,0.402,0.407,-0.0157,0.93,-0.5,3,2.8,8,inf,32.0,65.2,50.3,6.54e-01,OK
symxstratxregime,BNBUSDT|asia_burst_fade|neutral,21,23.8,23.8,0.367,0.35,-0.1791,0.33,-3.8,8,3.8,11,inf,10.6,45.1,48.8,9.95e-01,LOW-N
symxstratxregime,BNBUSDT|asia_pump_short_4h|bear,2,100.0,100.0,0.296,0.0,0.2961,inf,0.6,0,0.0,2,0.7,34.2,100.0,0.0,0.00e+00,LOW-N
symxstratxregime,BNBUSDT|asia_pump_short_4h|bull,6,33.3,33.3,0.501,0.644,-0.262,0.39,-1.6,3,2.3,4,inf,9.7,70.0,56.2,9.39e-01,LOW-N
symxstratxregime,BNBUSDT|asia_pump_short_4h|neutral,3,66.7,66.7,0.356,0.62,0.0308,1.15,0.1,1,0.6,2,7.72,20.8,93.9,63.5,6.98e-01,LOW-N
symxstratxregime,BNBUSDT|burst_follow|NA,6,50.0,50.0,0.153,0.092,0.0302,1.66,0.2,2,0.2,2,1.42,18.8,81.2,37.6,4.07e-01,LOW-N
symxstratxregime,BNBUSDT|burst_follow|bear,48,66.7,66.7,0.133,0.136,0.0433,1.95,2.1,4,0.5,12,0.31,52.5,78.3,50.6,1.78e-02,OK
symxstratxregime,BNBUSDT|burst_follow|bull,107,54.2,54.2,0.145,0.155,0.0079,1.11,0.8,5,2.5,14,1.37,44.8,63.3,51.6,3.28e-01,OK
symxstratxregime,BNBUSDT|burst_follow|neutral,72,59.7,59.7,0.151,0.243,-0.0076,0.92,-0.5,2,2.4,23,inf,48.2,70.3,61.6,6.79e-01,OK
symxstratxregime,BNBUSDT|fade_3h_asia|bull,1,0.0,0.0,0.0,0.518,-0.5183,0.0,-0.5,1,0.5,1,inf,0.0,79.3,100.0,1.00,LOW-N
symxstratxregime,BNBUSDT|fade_3h_asia|neutral,2,0.0,0.0,0.0,0.325,-0.3253,0.0,-0.7,2,0.7,1,inf,0.0,65.8,100.0,1.00,LOW-N
symxstratxregime,BNBUSDT|fade_3h_london|NA,1,100.0,100.0,0.158,0.0,0.1582,inf,0.2,0,0.0,1,1.0,20.7,100.0,0.0,0.00e+00,LOW-N
symxstratxregime,BNBUSDT|fade_3h_london|bear,2,50.0,50.0,0.23,0.315,-0.0424,0.73,-0.1,1,0.3,2,inf,9.5,90.5,57.8,8.22e-01,LOW-N
symxstratxregime,BNBUSDT|fade_3h_london|bull,2,50.0,50.0,0.006,0.221,-0.1076,0.03,-0.2,1,0.2,2,inf,9.5,90.5,97.4,9.99e-01,LOW-N
symxstratxregime,BNBUSDT|fade_3h_london|neutral,3,0.0,0.0,0.0,0.117,-0.1166,0.0,-0.3,3,0.3,3,inf,0.0,56.2,100.0,1.00,LOW-N
symxstratxregime,BNBUSDT|follow_3h_all|NA,1,100.0,100.0,0.613,0.0,0.6133,inf,0.6,0,0.0,1,1.0,20.7,100.0,0.0,0.00e+00,LOW-N
symxstratxregime,BNBUSDT|follow_3h_all|bear,6,83.3,83.3,0.312,0.218,0.2234,7.16,1.3,1,0.2,3,0.54,43.6,97.0,41.1,4.63e-02,LOW-N
symxstratxregime,BNBUSDT|follow_3h_all|bull,2,100.0,100.0,0.202,0.0,0.2021,inf,0.4,0,0.0,2,0.62,34.2,100.0,0.0,0.00e+00,LOW-N
symxstratxregime,BNBUSDT|follow_3h_all|neutral,8,62.5,62.5,0.14,0.479,-0.0921,0.49,-0.7,1,1.4,4,inf,30.6,86.3,77.4,9.16e-01,LOW-N
symxstratxregime,BNBUSDT|late_fade|bear,7,28.6,28.6,0.077,0.141,-0.0786,0.22,-0.6,3,0.6,4,inf,8.2,64.1,64.6,9.90e-01,LOW-N
symxstratxregime,BNBUSDT|late_fade|bull,11,45.5,45.5,0.101,0.093,-0.0048,0.91,-0.1,3,0.4,5,inf,21.3,72.0,47.9,6.77e-01,LOW-N
symxstratxregime,BNBUSDT|late_fade|neutral,5,60.0,60.0,0.25,0.152,0.0887,2.46,0.4,1,0.2,2,0.72,23.1,88.2,37.9,2.82e-01,LOW-N
symxstratxregime,BNBUSDT|london_burst_fade|NA,6,66.7,66.7,0.359,0.298,0.1399,2.41,0.8,1,0.5,2,0.78,30.0,90.3,45.4,2.62e-01,LOW-N
symxstratxregime,BNBUSDT|london_burst_fade|bear,17,41.2,41.2,0.457,0.42,-0.0586,0.76,-1.0,4,1.8,6,inf,21.6,64.0,47.9,7.86e-01,LOW-N
symxstratxregime,BNBUSDT|london_burst_fade|bull,37,37.8,37.8,0.252,0.331,-0.1105,0.46,-4.1,6,5.3,12,inf,24.1,53.9,56.8,9.93e-01,OK
symxstratxregime,BNBUSDT|london_burst_fade|neutral,24,50.0,50.0,0.439,0.4,0.0197,1.1,0.5,3,1.4,13,1.74,31.4,68.6,47.7,4.88e-01,LOW-N
symxstratxregime,BNBUSDT|nony_momentum|NA,6,50.0,50.0,0.207,0.047,0.0803,4.45,0.5,2,0.1,2,1.16,18.8,81.2,18.4,7.98e-02,LOW-N
symxstratxregime,BNBUSDT|nony_momentum|bear,9,100.0,100.0,0.145,0.0,0.1454,inf,1.3,0,0.0,6,0.54,70.1,100.0,0.0,0.00e+00,LOW-N
symxstratxregime,BNBUSDT|nony_momentum|bull,26,73.1,73.1,0.134,0.073,0.0784,4.98,2.0,3,0.2,9,0.45,53.9,86.3,35.3,9.72e-05,LOW-N
symxstratxregime,BNBUSDT|nony_momentum|neutral,25,48.0,48.0,0.132,0.21,-0.0458,0.58,-1.1,4,1.4,11,inf,30.0,66.5,61.4,9.41e-01,LOW-N
symxstratxregime,BNBUSDT|ny_burst_fade|NA,1,100.0,100.0,0.263,0.0,0.2628,inf,0.3,0,0.0,1,1.0,20.7,100.0,0.0,0.00e+00,LOW-N
symxstratxregime,BNBUSDT|ny_burst_fade|bear,1,100.0,100.0,0.035,0.0,0.0348,inf,0.0,0,0.0,1,1.0,20.7,100.0,0.0,0.00e+00,LOW-N
symxstratxregime,BNBUSDT|ny_burst_follow|NA,1,0.0,0.0,0.0,0.106,-0.1058,0.0,-0.1,1,0.1,1,inf,0.0,79.3,100.0,1.00,LOW-N
symxstratxregime,BNBUSDT|ny_burst_follow|bear,1,0.0,0.0,0.0,0.015,-0.0145,0.0,-0.0,1,0.0,1,inf,0.0,79.3,100.0,1.00,LOW-N
symxstratxregime,BNBUSDT|ny_flush_buy_4h|bear,2,100.0,100.0,0.239,0.0,0.2391,inf,0.5,0,0.0,2,0.83,34.2,100.0,0.0,0.00e+00,LOW-N
symxstratxregime,BNBUSDT|ny_flush_buy_4h|bull,9,55.6,55.6,0.223,0.401,-0.0546,0.69,-0.5,2,1.1,7,inf,26.7,81.1,64.3,8.16e-01,LOW-N
symxstratxregime,BNBUSDT|ny_flush_buy_4h|neutral,10,60.0,60.0,0.254,0.334,0.0189,1.14,0.2,2,1.2,9,2.05,31.3,83.2,56.8,5.51e-01,LOW-N
symxstratxregime,BNBUSDT|setup_fade|NA,1,0.0,0.0,0.0,0.494,-0.4939,0.0,-0.5,1,0.5,1,inf,0.0,79.3,100.0,1.00,LOW-N
symxstratxregime,BNBUSDT|setup_fade|bear,43,62.8,62.8,0.313,0.364,0.0609,1.45,2.6,2,2.5,16,0.55,47.9,75.6,53.8,1.52e-01,OK
symxstratxregime,BNBUSDT|setup_fade|bull,37,51.4,51.4,0.378,0.377,0.011,1.06,0.4,4,2.2,15,3.93,35.9,66.6,49.9,4.95e-01,OK
symxstratxregime,BNBUSDT|setup_fade|neutral,105,49.5,49.5,0.296,0.401,-0.0559,0.72,-5.9,4,8.4,29,inf,40.1,58.9,57.5,9.60e-01,OK
symxstratxregime,BNBUSDT|setup_follow|NA,1,100.0,100.0,0.197,0.0,0.1968,inf,0.2,0,0.0,1,1.0,20.7,100.0,0.0,0.00e+00,LOW-N
symxstratxregime,BNBUSDT|setup_follow|bear,42,38.1,38.1,0.137,0.132,-0.0296,0.64,-1.2,4,2.1,16,inf,25.0,53.2,49.1,9.44e-01,OK
symxstratxregime,BNBUSDT|setup_follow|bull,37,51.4,51.4,0.16,0.182,-0.0063,0.93,-0.2,6,2.3,15,inf,35.9,66.6,53.2,6.52e-01,OK
symxstratxregime,BNBUSDT|setup_follow|neutral,106,50.9,50.9,0.151,0.144,0.006,1.09,0.6,5,1.7,29,0.93,41.6,60.3,48.9,3.73e-01,OK
symxstratxregime,BNBUSDT|v65_strict_long|bull,2,50.0,50.0,0.749,0.452,0.1482,1.66,0.3,1,0.5,2,2.53,9.5,90.5,37.7,6.11e-01,LOW-N
symxstratxregime,BNBUSDT|v65_strict_ny_long|bull,2,50.0,50.0,0.749,0.452,0.1482,1.66,0.3,1,0.5,2,2.53,9.5,90.5,37.7,6.11e-01,LOW-N
symxstratxregime,BTCUSDT|asia_pump_short_4h|NA,13,76.9,76.9,0.476,0.225,0.3139,7.04,4.1,1,0.5,5,0.46,49.7,91.8,32.1,1.19e-03,LOW-N
symxstratxregime,BTCUSDT|ny_flush_buy_4h|NA,4,50.0,50.0,0.307,0.22,0.0433,1.39,0.2,2,0.4,2,1.92,15.0,85.0,41.8,5.55e-01,LOW-N
symxstratxregime,CHZUSDT|asia_burst_fade|NA,1,0.0,0.0,0.0,0.464,-0.4639,0.0,-0.5,1,0.5,1,inf,0.0,79.3,100.0,1.00,LOW-N
symxstratxregime,CHZUSDT|asia_burst_fade|bull,1,0.0,0.0,0.0,0.152,-0.1523,0.0,-0.2,1,0.2,1,inf,0.0,79.3,100.0,1.00,LOW-N
symxstratxregime,CHZUSDT|asia_burst_fade|neutral,9,55.6,55.6,0.303,0.388,-0.0044,0.97,-0.0,2,0.7,7,inf,26.7,81.1,56.2,6.49e-01,LOW-N
symxstratxregime,CHZUSDT|burst_follow|NA,1,100.0,100.0,0.185,0.0,0.185,inf,0.2,0,0.0,1,1.0,20.7,100.0,0.0,0.00e+00,LOW-N
symxstratxregime,CHZUSDT|burst_follow|bear,3,33.3,33.3,0.3,0.11,0.0265,1.36,0.1,2,0.2,2,1.54,6.1,79.2,26.9,6.09e-01,LOW-N
symxstratxregime,CHZUSDT|burst_follow|bull,1,100.0,100.0,0.061,0.0,0.0608,inf,0.1,0,0.0,1,1.0,20.7,100.0,0.0,0.00e+00,LOW-N
symxstratxregime,CHZUSDT|burst_follow|neutral,26,42.3,42.3,0.157,0.121,-0.0036,0.95,-0.1,6,1.1,11,inf,25.5,61.1,43.6,6.27e-01,LOW-N
symxstratxregime,CHZUSDT|fade_3h_late|neutral,1,0.0,0.0,0.0,0.448,-0.4477,0.0,-0.4,1,0.4,1,inf,0.0,79.3,100.0,1.00,LOW-N
symxstratxregime,CHZUSDT|follow_3h_all|bear,1,100.0,100.0,0.533,0.0,0.5325,inf,0.5,0,0.0,1,1.0,20.7,100.0,0.0,0.00e+00,LOW-N
symxstratxregime,CHZUSDT|follow_3h_all|neutral,6,66.7,66.7,0.257,0.092,0.1405,5.58,0.8,1,0.1,3,0.69,30.0,90.3,26.4,4.53e-02,LOW-N
symxstratxregime,CHZUSDT|late_fade|bear,1,100.0,100.0,0.06,0.0,0.0596,inf,0.1,0,0.0,1,1.0,20.7,100.0,0.0,0.00e+00,LOW-N
symxstratxregime,CHZUSDT|late_fade|neutral,6,33.3,33.3,0.25,0.143,-0.0121,0.87,-0.1,2,0.3,4,inf,9.7,70.0,36.4,7.07e-01,LOW-N
symxstratxregime,CHZUSDT|london_burst_fade|bear,1,0.0,0.0,0.0,0.837,-0.8368,0.0,-0.8,1,0.8,1,inf,0.0,79.3,100.0,1.00,LOW-N
symxstratxregime,CHZUSDT|london_burst_fade|neutral,5,60.0,60.0,0.362,0.046,0.1989,11.84,1.0,1,0.1,4,0.75,23.1,88.2,11.2,1.19e-02,LOW-N
symxstratxregime,CHZUSDT|nony_momentum|NA,1,100.0,100.0,0.185,0.0,0.185,inf,0.2,0,0.0,1,1.0,20.7,100.0,0.0,0.00e+00,LOW-N
symxstratxregime,CHZUSDT|nony_momentum|bear,3,33.3,33.3,0.3,0.125,0.0167,1.2,0.1,2,0.2,2,2.44,6.1,79.2,29.4,6.48e-01,LOW-N
symxstratxregime,CHZUSDT|nony_momentum|bull,1,100.0,100.0,0.061,0.0,0.0608,inf,0.1,0,0.0,1,1.0,20.7,100.0,0.0,0.00e+00,LOW-N
symxstratxregime,CHZUSDT|nony_momentum|neutral,17,41.2,41.2,0.142,0.093,0.0036,1.07,0.1,3,0.3,9,2.64,21.6,64.0,39.6,5.40e-01,LOW-N
symxstratxregime,CHZUSDT|ny_flush_buy_4h|bear,1,100.0,100.0,0.318,0.0,0.3179,inf,0.3,0,0.0,1,1.0,20.7,100.0,0.0,0.00e+00,LOW-N
symxstratxregime,CHZUSDT|ny_flush_buy_4h|neutral,5,20.0,20.0,0.044,0.147,-0.1087,0.07,-0.5,4,0.6,5,inf,3.6,62.4,77.1,9.99e-01,LOW-N
symxstratxregime,CHZUSDT|setup_fade|NA,3,100.0,100.0,0.437,0.0,0.4368,inf,1.3,0,0.0,2,0.97,43.8,100.0,0.0,0.00e+00,LOW-N
symxstratxregime,CHZUSDT|setup_fade|bear,48,43.8,43.8,0.247,0.379,-0.1048,0.51,-5.0,7,5.1,17,inf,30.7,57.7,60.5,9.94e-01,OK
symxstratxregime,CHZUSDT|setup_fade|bull,49,59.2,59.2,0.353,0.334,0.0726,1.53,3.6,3,2.3,14,0.53,45.2,71.8,48.6,9.02e-02,OK
symxstratxregime,CHZUSDT|setup_fade|neutral,107,51.4,51.4,0.398,0.333,0.0426,1.26,4.6,6,2.0,32,0.28,42.0,60.7,45.6,1.33e-01,OK
symxstratxregime,CHZUSDT|setup_follow|NA,3,0.0,0.0,0.0,0.172,-0.1722,0.0,-0.5,3,0.5,2,inf,0.0,56.2,100.0,1.00,LOW-N
symxstratxregime,CHZUSDT|setup_follow|bear,49,57.1,57.1,0.152,0.086,0.0501,2.37,2.5,5,0.4,17,0.36,43.3,70.0,36.0,2.08e-03,OK
symxstratxregime,CHZUSDT|setup_follow|bull,48,37.5,37.5,0.135,0.13,-0.0308,0.62,-1.5,7,1.8,14,inf,25.2,51.6,49.1,9.61e-01,OK
symxstratxregime,CHZUSDT|setup_follow|neutral,105,45.7,45.7,0.133,0.184,-0.0391,0.61,-4.1,7,4.7,32,inf,36.5,55.2,58.1,9.96e-01,OK
symxstratxregime,DASHUSDT|asia_burst_fade|NA,1,0.0,0.0,0.0,1.001,-1.0007,0.0,-1.0,1,1.0,1,inf,0.0,79.3,100.0,1.00,LOW-N
symxstratxregime,DASHUSDT|asia_burst_fade|bull,10,80.0,80.0,0.375,0.273,0.2453,5.49,2.5,1,0.4,4,0.65,49.0,94.3,42.1,1.76e-02,LOW-N
symxstratxregime,DASHUSDT|asia_burst_fade|neutral,7,42.9,42.9,0.372,0.201,0.045,1.39,0.3,2,0.3,4,2.33,15.8,75.0,35.0,4.68e-01,LOW-N
symxstratxregime,DASHUSDT|asia_pump_short_4h|bull,1,100.0,100.0,0.329,0.0,0.3294,inf,0.3,0,0.0,1,1.0,20.7,100.0,0.0,0.00e+00,LOW-N
symxstratxregime,DASHUSDT|burst_follow|NA,1,100.0,100.0,0.3,0.0,0.2997,inf,0.3,0,0.0,1,1.0,20.7,100.0,0.0,0.00e+00,LOW-N
symxstratxregime,DASHUSDT|burst_follow|bear,3,33.3,33.3,0.3,0.085,0.043,1.75,0.1,2,0.2,2,1.0,6.1,79.2,22.2,5.29e-01,LOW-N
symxstratxregime,DASHUSDT|burst_follow|bull,24,33.3,33.3,0.162,0.163,-0.0548,0.5,-1.3,6,1.7,8,inf,18.0,53.3,50.2,9.69e-01,LOW-N
symxstratxregime,DASHUSDT|burst_follow|neutral,20,35.0,35.0,0.103,0.159,-0.0675,0.35,-1.4,6,1.7,10,inf,18.1,56.7,60.8,9.95e-01,LOW-N
symxstratxregime,DASHUSDT|fade_3h_late|neutral,4,75.0,75.0,0.394,0.045,0.2841,26.43,1.1,1,0.0,4,0.7,30.1,95.4,10.2,3.91e-03,LOW-N
symxstratxregime,DASHUSDT|fade_3h_london|bull,1,100.0,100.0,0.158,0.0,0.1577,inf,0.2,0,0.0,1,1.0,20.7,100.0,0.0,0.00e+00,LOW-N
symxstratxregime,DASHUSDT|follow_3h_all|bear,2,100.0,100.0,0.152,0.0,0.1515,inf,0.3,0,0.0,2,0.57,34.2,100.0,0.0,0.00e+00,LOW-N
symxstratxregime,DASHUSDT|follow_3h_all|bull,4,75.0,75.0,0.14,0.1,0.0797,4.18,0.3,1,0.1,3,1.24,30.1,95.4,41.8,2.00e-01,LOW-N
symxstratxregime,DASHUSDT|follow_3h_all|neutral,7,42.9,42.9,0.061,0.303,-0.147,0.15,-1.0,2,1.0,6,inf,15.8,75.0,83.3,9.98e-01,LOW-N
symxstratxregime,DASHUSDT|late_fade|neutral,6,50.0,50.0,0.25,0.05,0.1,5.01,0.6,1,0.1,4,0.42,18.8,81.2,16.6,6.19e-02,LOW-N
symxstratxregime,DASHUSDT|london_burst_fade|bear,1,0.0,0.0,0.0,0.871,-0.8711,0.0,-0.9,1,0.9,1,inf,0.0,79.3,100.0,1.00,LOW-N
symxstratxregime,DASHUSDT|london_burst_fade|bull,5,20.0,20.0,0.75,0.39,-0.1622,0.48,-0.8,2,0.9,4,inf,3.6,62.4,34.2,8.77e-01,LOW-N
symxstratxregime,DASHUSDT|london_burst_fade|neutral,3,66.7,66.7,0.497,0.211,0.2611,4.71,0.8,1,0.2,2,0.69,20.8,93.9,29.8,2.14e-01,LOW-N
symxstratxregime,DASHUSDT|nony_momentum|NA,1,100.0,100.0,0.3,0.0,0.2997,inf,0.3,0,0.0,1,1.0,20.7,100.0,0.0,0.00e+00,LOW-N
symxstratxregime,DASHUSDT|nony_momentum|bear,2,50.0,50.0,0.3,0.171,0.0646,1.76,0.1,1,0.2,1,1.0,9.5,90.5,36.3,5.94e-01,LOW-N
symxstratxregime,DASHUSDT|nony_momentum|bull,9,44.4,44.4,0.174,0.269,-0.0722,0.52,-0.6,3,1.1,4,inf,18.9,73.3,60.7,9.09e-01,LOW-N
symxstratxregime,DASHUSDT|nony_momentum|neutral,14,35.7,35.7,0.076,0.133,-0.0587,0.32,-0.8,5,1.1,7,inf,16.3,61.2,63.8,9.92e-01,LOW-N
symxstratxregime,DASHUSDT|ny_flush_buy_4h|bear,1,100.0,100.0,0.3,0.0,0.2998,inf,0.3,0,0.0,1,1.0,20.7,100.0,0.0,0.00e+00,LOW-N
symxstratxregime,DASHUSDT|ny_flush_buy_4h|bull,7,57.1,57.1,0.175,0.347,-0.0489,0.67,-0.3,1,0.5,6,inf,25.0,84.2,66.5,8.24e-01,LOW-N
symxstratxregime,DASHUSDT|ny_flush_buy_4h|neutral,4,0.0,0.0,0.0,0.168,-0.168,0.0,-0.7,4,0.7,4,inf,0.0,49.0,100.0,1.00,LOW-N
symxstratxregime,DASHUSDT|setup_fade|NA,1,100.0,100.0,0.749,0.0,0.749,inf,0.7,0,0.0,1,1.0,20.7,100.0,0.0,0.00e+00,LOW-N
symxstratxregime,DASHUSDT|setup_fade|bear,52,38.5,38.5,0.368,0.356,-0.0776,0.65,-4.0,7,5.3,19,inf,26.5,52.0,49.2,9.54e-01,OK
symxstratxregime,DASHUSDT|setup_fade|bull,53,49.1,49.1,0.309,0.277,0.0102,1.07,0.5,4,2.1,17,3.24,36.1,62.1,47.3,4.53e-01,OK
symxstratxregime,DASHUSDT|setup_fade|neutral,90,45.6,45.6,0.356,0.321,-0.0123,0.93,-1.1,5,2.7,35,inf,35.7,55.8,47.4,6.73e-01,OK
symxstratxregime,DASHUSDT|setup_follow|NA,1,0.0,0.0,0.0,0.02,-0.0204,0.0,-0.0,1,0.0,1,inf,0.0,79.3,100.0,1.00,LOW-N
symxstratxregime,DASHUSDT|setup_follow|bear,52,59.6,59.6,0.132,0.142,0.0218,1.38,1.1,5,0.8,19,0.93,46.1,71.8,51.7,1.57e-01,OK
symxstratxregime,DASHUSDT|setup_follow|bull,53,47.2,47.2,0.109,0.114,-0.0088,0.85,-0.5,6,1.1,17,inf,34.4,60.3,51.1,7.62e-01,OK
symxstratxregime,DASHUSDT|setup_follow|neutral,90,48.9,48.9,0.137,0.127,0.002,1.03,0.2,5,1.4,35,3.36,38.8,59.0,48.1,4.83e-01,OK
symxstratxregime,DASHUSDT|v65_strict_long|bull,4,75.0,75.0,0.194,0.337,0.0616,1.73,0.2,1,0.3,2,2.37,30.1,95.4,63.4,5.35e-01,LOW-N
symxstratxregime,DASHUSDT|v65_strict_ny_long|bull,4,75.0,75.0,0.194,0.337,0.0616,1.73,0.2,1,0.3,2,2.37,30.1,95.4,63.4,5.35e-01,LOW-N
symxstratxregime,DOGEUSDT|asia_burst_fade|bull,22,45.5,45.5,0.229,0.299,-0.0586,0.64,-1.3,6,2.8,7,inf,26.9,65.3,56.6,8.97e-01,LOW-N
symxstratxregime,DOGEUSDT|asia_burst_fade|neutral,1,0.0,0.0,0.0,0.207,-0.2072,0.0,-0.2,1,0.2,1,inf,0.0,79.3,100.0,1.00,LOW-N
symxstratxregime,DOGEUSDT|asia_pump_short_4h|bull,4,75.0,75.0,0.538,0.177,0.359,9.09,1.4,1,0.2,4,0.52,30.1,95.4,24.8,4.97e-02,LOW-N
symxstratxregime,DOGEUSDT|burst_follow|bull,92,52.2,52.2,0.126,0.135,0.0013,1.02,0.1,5,1.5,8,4.51,42.1,62.1,51.7,5.05e-01,OK
symxstratxregime,DOGEUSDT|burst_follow|neutral,8,37.5,37.5,0.135,0.092,-0.0068,0.88,-0.1,4,0.4,1,inf,13.7,69.4,40.5,6.95e-01,LOW-N
symxstratxregime,DOGEUSDT|late_fade|bull,6,33.3,33.3,0.021,0.117,-0.0712,0.09,-0.4,2,0.4,3,inf,9.7,70.0,84.7,1.00e+00,LOW-N
symxstratxregime,DOGEUSDT|late_fade|neutral,4,50.0,50.0,0.148,0.044,0.052,3.38,0.2,2,0.1,1,1.0,15.0,85.0,22.8,2.26e-01,LOW-N
symxstratxregime,DOGEUSDT|london_burst_fade|bull,31,51.6,51.6,0.425,0.326,0.0616,1.39,1.9,3,1.5,6,0.65,34.8,68.0,43.4,2.29e-01,OK
symxstratxregime,DOGEUSDT|nony_momentum|bull,24,54.2,54.2,0.115,0.089,0.0217,1.53,0.5,3,0.3,7,0.55,35.1,72.1,43.6,2.00e-01,LOW-N
symxstratxregime,DOGEUSDT|nony_momentum|neutral,3,33.3,33.3,0.083,0.284,-0.1615,0.15,-0.5,2,0.6,1,inf,6.1,79.2,77.4,9.88e-01,LOW-N
symxstratxregime,DOGEUSDT|ny_flush_buy_4h|bull,12,58.3,58.3,0.31,0.328,0.044,1.32,0.5,1,1.3,7,1.92,32.0,80.7,51.4,4.27e-01,LOW-N
symxstratxregime,DOGEUSDT|ny_flush_buy_4h|neutral,1,0.0,0.0,0.0,1.0,-1.0003,0.0,-1.0,1,1.0,1,inf,0.0,79.3,100.0,1.00,LOW-N
symxstratxregime,DOGEUSDT|setup_fade|bull,15,46.7,46.7,0.314,0.452,-0.0944,0.61,-1.4,2,2.4,8,inf,24.8,69.9,59.0,8.90e-01,LOW-N
symxstratxregime,DOGEUSDT|setup_fade|neutral,6,66.7,66.7,0.161,0.227,0.0317,1.42,0.2,2,0.5,1,1.0,30.0,90.3,58.5,5.13e-01,LOW-N
symxstratxregime,DOGEUSDT|setup_follow|bull,15,53.3,53.3,0.193,0.095,0.0586,2.33,0.9,2,0.5,8,0.68,30.1,75.2,32.9,8.27e-02,LOW-N
symxstratxregime,DOGEUSDT|setup_follow|neutral,6,33.3,33.3,0.089,0.065,-0.014,0.68,-0.1,2,0.2,1,inf,9.7,70.0,42.4,8.03e-01,LOW-N
symxstratxregime,DOTUSDT|asia_burst_fade|NA,1,0.0,0.0,0.0,1.001,-1.0007,0.0,-1.0,1,1.0,1,inf,0.0,79.3,100.0,1.00,LOW-N
symxstratxregime,DOTUSDT|asia_burst_fade|bull,13,61.5,61.5,0.403,0.413,0.0892,1.56,1.2,4,1.3,6,0.95,35.5,82.3,50.6,3.06e-01,LOW-N
symxstratxregime,DOTUSDT|asia_burst_fade|neutral,18,27.8,27.8,0.358,0.215,-0.056,0.64,-1.0,5,2.0,10,inf,12.5,50.9,37.5,8.65e-01,LOW-N
symxstratxregime,DOTUSDT|asia_pump_short_4h|bull,2,0.0,0.0,0.0,0.869,-0.8689,0.0,-1.7,2,1.7,2,inf,0.0,65.8,100.0,1.00,LOW-N
symxstratxregime,DOTUSDT|asia_pump_short_4h|neutral,1,0.0,0.0,0.0,0.193,-0.193,0.0,-0.2,1,0.2,1,inf,0.0,79.3,100.0,1.00,LOW-N
symxstratxregime,DOTUSDT|burst_follow|NA,1,100.0,100.0,0.3,0.0,0.2997,inf,0.3,0,0.0,1,1.0,20.7,100.0,0.0,0.00e+00,LOW-N
symxstratxregime,DOTUSDT|burst_follow|bear,12,50.0,50.0,0.122,0.068,0.0271,1.8,0.3,2,0.3,6,0.57,25.4,74.6,35.7,2.29e-01,LOW-N
symxstratxregime,DOTUSDT|burst_follow|bull,34,44.1,44.1,0.151,0.15,-0.0171,0.8,-0.6,5,1.5,10,inf,28.9,60.5,49.8,7.98e-01,OK
symxstratxregime,DOTUSDT|burst_follow|neutral,44,50.0,50.0,0.112,0.22,-0.0543,0.51,-2.4,3,2.9,19,inf,35.8,64.2,66.3,9.92e-01,OK
symxstratxregime,DOTUSDT|fade_3h_late|neutral,3,33.3,33.3,1.17,0.054,0.3542,10.88,1.1,1,0.1,3,1.1,6.1,79.2,4.4,1.26e-01,LOW-N
symxstratxregime,DOTUSDT|fade_3h_london|neutral,1,100.0,100.0,0.618,0.0,0.6183,inf,0.6,0,0.0,1,1.0,20.7,100.0,0.0,0.00e+00,LOW-N
symxstratxregime,DOTUSDT|follow_3h_all|bear,1,100.0,100.0,0.456,0.0,0.4563,inf,0.5,0,0.0,1,1.0,20.7,100.0,0.0,0.00e+00,LOW-N
symxstratxregime,DOTUSDT|follow_3h_all|bull,2,50.0,50.0,0.127,0.155,-0.014,0.82,-0.0,1,0.2,2,inf,9.5,90.5,55.0,7.97e-01,LOW-N
symxstratxregime,DOTUSDT|follow_3h_all|neutral,10,70.0,70.0,0.145,0.436,-0.029,0.78,-0.3,2,1.0,8,inf,39.7,89.2,75.0,7.76e-01,LOW-N
symxstratxregime,DOTUSDT|late_fade|bear,2,50.0,50.0,0.051,0.047,0.002,1.08,0.0,1,0.0,2,12.85,9.5,90.5,48.0,7.29e-01,LOW-N
symxstratxregime,DOTUSDT|late_fade|bull,3,66.7,66.7,0.121,0.117,0.0416,2.07,0.1,1,0.1,2,1.93,20.8,93.9,49.1,4.87e-01,LOW-N
symxstratxregime,DOTUSDT|late_fade|neutral,7,42.9,42.9,0.174,0.031,0.0572,4.27,0.4,2,0.1,3,0.53,15.8,75.0,14.9,7.30e-02,LOW-N
symxstratxregime,DOTUSDT|london_burst_fade|bear,1,0.0,0.0,0.0,0.762,-0.7615,0.0,-0.8,1,0.8,1,inf,0.0,79.3,100.0,1.00,LOW-N
symxstratxregime,DOTUSDT|london_burst_fade|bull,7,57.1,57.1,0.377,0.524,-0.0089,0.96,-0.1,2,1.0,4,inf,25.0,84.2,58.1,6.73e-01,LOW-N
symxstratxregime,DOTUSDT|london_burst_fade|neutral,9,55.6,55.6,0.398,0.361,0.0605,1.38,0.5,2,0.9,6,1.12,26.7,81.1,47.6,4.41e-01,LOW-N
symxstratxregime,DOTUSDT|nony_momentum|NA,1,100.0,100.0,0.3,0.0,0.2997,inf,0.3,0,0.0,1,1.0,20.7,100.0,0.0,0.00e+00,LOW-N
symxstratxregime,DOTUSDT|nony_momentum|bear,3,66.7,66.7,0.178,0.148,0.0692,2.41,0.2,1,0.1,2,0.73,20.8,93.9,45.4,4.31e-01,LOW-N
symxstratxregime,DOTUSDT|nony_momentum|bull,6,66.7,66.7,0.181,0.045,0.1053,7.99,0.6,2,0.1,4,0.32,30.0,90.3,20.0,1.70e-02,LOW-N
symxstratxregime,DOTUSDT|nony_momentum|neutral,23,43.5,43.5,0.126,0.228,-0.0741,0.43,-1.7,6,1.9,13,inf,25.6,63.2,64.4,9.88e-01,LOW-N
symxstratxregime,DOTUSDT|ny_burst_fade|bear,1,0.0,0.0,0.0,0.265,-0.265,0.0,-0.3,1,0.3,1,inf,0.0,79.3,100.0,1.00,LOW-N
symxstratxregime,DOTUSDT|ny_burst_follow|bear,1,100.0,100.0,0.105,0.0,0.1053,inf,0.1,0,0.0,1,1.0,20.7,100.0,0.0,0.00e+00,LOW-N
symxstratxregime,DOTUSDT|ny_flush_buy_4h|bear,3,66.7,66.7,0.364,0.305,0.1407,2.38,0.4,1,0.3,3,1.43,20.8,93.9,45.6,4.35e-01,LOW-N
symxstratxregime,DOTUSDT|ny_flush_buy_4h|bull,5,60.0,60.0,0.109,0.288,-0.0501,0.57,-0.3,1,0.5,5,inf,23.1,88.2,72.6,8.70e-01,LOW-N
symxstratxregime,DOTUSDT|ny_flush_buy_4h|neutral,7,42.9,42.9,0.319,0.462,-0.1273,0.52,-0.9,2,1.2,7,inf,15.8,75.0,59.2,8.95e-01,LOW-N
symxstratxregime,DOTUSDT|setup_fade|bear,52,36.5,36.5,0.279,0.359,-0.126,0.45,-6.6,8,8.2,18,inf,24.8,50.1,56.3,9.99e-01,OK
symxstratxregime,DOTUSDT|setup_fade|bull,60,55.0,55.0,0.35,0.387,0.0186,1.11,1.1,4,2.4,17,1.25,42.5,66.9,52.5,3.98e-01,OK
symxstratxregime,DOTUSDT|setup_fade|neutral,92,51.1,51.1,0.399,0.366,0.025,1.14,2.3,6,5.1,29,0.66,41.0,61.1,47.8,3.00e-01,OK
symxstratxregime,DOTUSDT|setup_follow|bear,54,59.3,59.3,0.15,0.156,0.0251,1.39,1.4,4,1.5,18,0.6,46.0,71.3,51.0,1.42e-01,OK
symxstratxregime,DOTUSDT|setup_follow|bull,61,44.3,44.3,0.177,0.129,0.0066,1.09,0.4,5,1.6,17,1.41,32.5,56.7,42.1,4.15e-01,OK
symxstratxregime,DOTUSDT|setup_follow|neutral,92,46.7,46.7,0.155,0.145,-0.0046,0.94,-0.4,5,2.1,29,inf,36.9,56.9,48.3,6.55e-01,OK
symxstratxregime,DOTUSDT|v65_strict_long|bull,2,100.0,100.0,0.273,0.0,0.2727,inf,0.5,0,0.0,2,0.72,34.2,100.0,0.0,0.00e+00,LOW-N
symxstratxregime,DOTUSDT|v65_strict_long|neutral,4,25.0,25.0,0.209,0.299,-0.172,0.23,-0.7,3,0.9,3,inf,4.6,69.9,58.8,9.71e-01,LOW-N
symxstratxregime,DOTUSDT|v65_strict_ny_long|bull,2,100.0,100.0,0.273,0.0,0.2727,inf,0.5,0,0.0,2,0.72,34.2,100.0,0.0,0.00e+00,LOW-N
symxstratxregime,DOTUSDT|v65_strict_ny_long|neutral,4,25.0,25.0,0.209,0.299,-0.172,0.23,-0.7,3,0.9,3,inf,4.6,69.9,58.8,9.71e-01,LOW-N
symxstratxregime,ENAUSDT|asia_burst_fade|NA,3,66.7,66.7,0.388,0.155,0.2067,4.99,0.6,1,0.2,1,1.0,20.8,93.9,28.6,1.99e-01,LOW-N
symxstratxregime,ENAUSDT|asia_burst_fade|bear,9,55.6,55.6,0.5,0.394,0.1027,1.59,0.9,3,1.2,5,1.47,26.7,81.1,44.1,3.56e-01,LOW-N
symxstratxregime,ENAUSDT|asia_burst_fade|bull,82,53.7,53.7,0.314,0.308,0.026,1.18,2.1,7,5.0,12,1.83,42.9,64.0,49.5,2.59e-01,OK
symxstratxregime,ENAUSDT|asia_burst_fade|neutral,29,58.6,58.6,0.269,0.179,0.0835,2.13,2.4,3,0.8,17,0.37,40.7,74.5,40.0,3.27e-02,LOW-N
symxstratxregime,ENAUSDT|asia_pump_short_4h|bull,18,44.4,44.4,0.419,0.538,-0.1124,0.62,-2.0,3,3.7,9,inf,24.6,66.3,56.2,8.92e-01,LOW-N
symxstratxregime,ENAUSDT|asia_pump_short_4h|neutral,8,37.5,37.5,0.23,0.182,-0.0272,0.76,-0.2,4,0.7,8,inf,13.7,69.4,44.1,7.64e-01,LOW-N
symxstratxregime,ENAUSDT|burst_follow|NA,8,50.0,50.0,0.089,0.103,-0.0075,0.86,-0.1,2,0.3,2,inf,21.5,78.5,53.9,7.18e-01,LOW-N
symxstratxregime,ENAUSDT|burst_follow|bear,35,65.7,65.7,0.137,0.13,0.0454,2.02,1.6,4,0.5,12,0.27,49.2,79.2,48.7,3.22e-02,OK
symxstratxregime,ENAUSDT|burst_follow|bull,254,48.4,48.4,0.111,0.121,-0.0085,0.86,-2.1,6,3.3,18,inf,42.3,54.5,52.1,8.89e-01,OK
symxstratxregime,ENAUSDT|burst_follow|neutral,101,41.6,41.6,0.109,0.141,-0.0369,0.55,-3.7,4,4.6,30,inf,32.5,51.3,56.3,9.99e-01,OK
symxstratxregime,ENAUSDT|fade_3h_asia|bear,1,100.0,100.0,0.276,0.0,0.2758,inf,0.3,0,0.0,1,1.0,20.7,100.0,0.0,0.00e+00,LOW-N
symxstratxregime,ENAUSDT|fade_3h_asia|bull,1,0.0,0.0,0.0,0.042,-0.0422,0.0,-0.0,1,0.0,1,inf,0.0,79.3,100.0,1.00,LOW-N
symxstratxregime,ENAUSDT|fade_3h_asia|neutral,4,25.0,25.0,0.292,0.153,-0.042,0.63,-0.2,2,0.3,4,inf,4.6,69.9,34.4,8.15e-01,LOW-N
symxstratxregime,ENAUSDT|fade_3h_late|bear,1,100.0,100.0,0.215,0.0,0.2148,inf,0.2,0,0.0,1,1.0,20.7,100.0,0.0,0.00e+00,LOW-N
symxstratxregime,ENAUSDT|fade_3h_late|bull,2,0.0,0.0,0.0,0.345,-0.3448,0.0,-0.7,2,0.7,2,inf,0.0,65.8,100.0,1.00,LOW-N
symxstratxregime,ENAUSDT|fade_3h_late|neutral,2,50.0,50.0,0.116,0.361,-0.1222,0.32,-0.2,1,0.4,2,inf,9.5,90.5,75.6,9.40e-01,LOW-N
symxstratxregime,ENAUSDT|fade_3h_london|bull,1,0.0,0.0,0.0,0.115,-0.1155,0.0,-0.1,1,0.1,1,inf,0.0,79.3,100.0,1.00,LOW-N
symxstratxregime,ENAUSDT|fade_3h_london|neutral,1,0.0,0.0,0.0,0.07,-0.0701,0.0,-0.1,1,0.1,1,inf,0.0,79.3,100.0,1.00,LOW-N
symxstratxregime,ENAUSDT|follow_3h_all|NA,1,100.0,100.0,0.318,0.0,0.3181,inf,0.3,0,0.0,1,1.0,20.7,100.0,0.0,0.00e+00,LOW-N
symxstratxregime,ENAUSDT|follow_3h_all|bear,6,66.7,66.7,0.376,0.183,0.1897,4.11,1.1,1,0.2,5,0.41,30.0,90.3,32.7,9.44e-02,LOW-N
symxstratxregime,ENAUSDT|follow_3h_all|bull,8,62.5,62.5,0.268,0.138,0.1156,3.23,0.9,1,0.4,5,0.7,30.6,86.3,34.0,9.50e-02,LOW-N
symxstratxregime,ENAUSDT|follow_3h_all|neutral,9,55.6,55.6,0.261,0.23,0.0428,1.42,0.4,2,0.5,7,1.35,26.7,81.1,46.8,4.23e-01,LOW-N
symxstratxregime,ENAUSDT|late_fade|bear,2,0.0,0.0,0.0,0.038,-0.0382,0.0,-0.1,2,0.1,2,inf,0.0,65.8,100.0,1.00,LOW-N
symxstratxregime,ENAUSDT|late_fade|bull,18,38.9,38.9,0.098,0.077,-0.0087,0.81,-0.2,3,0.3,8,inf,20.3,61.4,43.9,7.44e-01,LOW-N
symxstratxregime,ENAUSDT|late_fade|neutral,21,71.4,71.4,0.136,0.051,0.0825,6.71,1.7,2,0.1,7,0.4,50.0,86.2,27.1,3.00e-05,LOW-N
symxstratxregime,ENAUSDT|london_burst_fade|NA,2,50.0,50.0,0.163,0.473,-0.1548,0.34,-0.3,1,0.5,2,inf,9.5,90.5,74.4,9.34e-01,LOW-N
symxstratxregime,ENAUSDT|london_burst_fade|bear,5,20.0,20.0,0.026,0.522,-0.4123,0.01,-2.1,4,2.1,3,inf,3.6,62.4,95.3,1.00e+00,LOW-N
symxstratxregime,ENAUSDT|london_burst_fade|bull,69,56.5,56.5,0.398,0.295,0.0967,1.76,6.7,5,3.4,13,0.44,44.8,67.6,42.6,1.35e-02,OK
symxstratxregime,ENAUSDT|london_burst_fade|neutral,25,68.0,68.0,0.336,0.407,0.0984,1.75,2.5,3,1.5,15,0.48,48.4,82.8,54.8,1.29e-01,LOW-N
symxstratxregime,ENAUSDT|nony_momentum|NA,2,50.0,50.0,0.062,0.011,0.0253,5.6,0.1,1,0.0,1,1.0,9.5,90.5,15.2,2.80e-01,LOW-N
symxstratxregime,ENAUSDT|nony_momentum|bear,9,77.8,77.8,0.14,0.103,0.0861,4.75,0.8,2,0.2,4,0.5,45.3,93.7,42.4,3.55e-02,LOW-N
symxstratxregime,ENAUSDT|nony_momentum|bull,41,53.7,53.7,0.112,0.116,0.0063,1.12,0.3,6,0.8,11,3.66,38.7,67.9,50.9,4.23e-01,OK
symxstratxregime,ENAUSDT|nony_momentum|neutral,29,31.0,31.0,0.081,0.159,-0.0843,0.23,-2.4,6,2.6,16,inf,17.3,49.2,66.1,1.00e+00,LOW-N
symxstratxregime,ENAUSDT|ny_burst_fade|NA,3,33.3,33.3,0.238,0.111,0.0055,1.07,0.0,2,0.2,1,1.0,6.1,79.2,31.8,6.82e-01,LOW-N
symxstratxregime,ENAUSDT|ny_burst_follow|NA,3,66.7,66.7,0.044,0.096,-0.0028,0.91,-0.0,1,0.1,1,inf,20.8,93.9,68.7,7.67e-01,LOW-N
symxstratxregime,ENAUSDT|ny_flush_buy_4h|bear,5,80.0,80.0,0.312,0.524,0.1446,2.38,0.7,1,0.5,4,0.49,37.6,96.4,62.7,3.85e-01,LOW-N
symxstratxregime,ENAUSDT|ny_flush_buy_4h|bull,14,35.7,35.7,0.144,0.239,-0.1021,0.33,-1.4,4,1.5,9,inf,16.3,61.2,62.4,9.89e-01,LOW-N
symxstratxregime,ENAUSDT|ny_flush_buy_4h|neutral,15,46.7,46.7,0.369,0.551,-0.1219,0.59,-1.8,5,4.2,14,inf,24.8,69.9,59.9,9.04e-01,LOW-N
symxstratxregime,ENAUSDT|setup_fade|NA,1,0.0,0.0,0.0,0.244,-0.2441,0.0,-0.2,1,0.2,1,inf,0.0,79.3,100.0,1.00,LOW-N
symxstratxregime,ENAUSDT|setup_fade|bear,49,42.9,42.9,0.314,0.295,-0.0342,0.8,-1.7,7,2.9,17,inf,30.0,56.7,48.5,8.24e-01,OK
symxstratxregime,ENAUSDT|setup_fade|bull,42,52.4,52.4,0.441,0.471,0.0066,1.03,0.3,7,4.3,13,6.95,37.7,66.6,51.7,5.25e-01,OK
symxstratxregime,ENAUSDT|setup_fade|neutral,108,57.4,57.4,0.361,0.284,0.0864,1.72,9.3,7,2.4,28,0.3,48.0,66.3,44.0,3.48e-03,OK
symxstratxregime,ENAUSDT|setup_follow|NA,1,100.0,100.0,0.097,0.0,0.0968,inf,0.1,0,0.0,1,1.0,20.7,100.0,0.0,0.00e+00,LOW-N
symxstratxregime,ENAUSDT|setup_follow|bear,49,55.1,55.1,0.117,0.141,0.0009,1.01,0.0,9,1.6,17,12.41,41.3,68.1,54.7,5.39e-01,OK
symxstratxregime,ENAUSDT|setup_follow|bull,39,48.7,48.7,0.183,0.163,0.0053,1.06,0.2,5,2.0,13,3.3,33.9,63.8,47.2,4.87e-01,OK
symxstratxregime,ENAUSDT|setup_follow|neutral,107,43.0,43.0,0.116,0.132,-0.0251,0.67,-2.7,10,3.1,28,inf,34.0,52.5,53.1,9.86e-01,OK
symxstratxregime,ETHUSDT|asia_burst_fade|NA,16,50.0,50.0,0.422,0.456,-0.0171,0.93,-0.3,6,3.3,1,inf,28.0,72.0,51.9,6.58e-01,LOW-N
symxstratxregime,ETHUSDT|asia_burst_fade|bear,125,49.6,49.6,0.331,0.36,-0.0171,0.91,-2.1,5,5.0,13,inf,41.0,58.2,52.1,7.40e-01,OK
symxstratxregime,ETHUSDT|asia_burst_fade|bull,183,46.4,46.4,0.301,0.291,-0.0162,0.9,-3.0,6,10.3,16,inf,39.4,53.7,49.2,7.92e-01,OK
symxstratxregime,ETHUSDT|asia_burst_fade|neutral,251,49.4,49.4,0.338,0.321,0.0042,1.03,1.1,7,5.2,28,2.54,43.3,55.5,48.8,4.44e-01,OK
symxstratxregime,ETHUSDT|asia_pump_short_4h|NA,10,60.0,60.0,0.32,0.266,0.0854,1.8,0.9,2,0.6,5,0.78,31.3,83.2,45.4,2.70e-01,LOW-N
symxstratxregime,ETHUSDT|asia_pump_short_4h|bear,13,38.5,38.5,0.428,0.429,-0.0997,0.62,-1.3,3,2.8,8,inf,17.7,64.5,50.1,8.68e-01,LOW-N
symxstratxregime,ETHUSDT|asia_pump_short_4h|bull,28,67.9,67.9,0.369,0.438,0.1093,1.78,3.1,3,1.3,15,0.45,49.3,82.1,54.3,1.05e-01,LOW-N
symxstratxregime,ETHUSDT|asia_pump_short_4h|neutral,43,44.2,44.2,0.321,0.377,-0.0684,0.67,-2.9,8,5.2,26,inf,30.4,58.9,54.0,9.25e-01,OK
symxstratxregime,ETHUSDT|burst_follow|NA,46,54.3,54.3,0.121,0.159,-0.0071,0.9,-0.3,4,1.6,2,inf,40.2,67.8,56.9,6.92e-01,OK
symxstratxregime,ETHUSDT|burst_follow|bear,356,51.7,51.7,0.128,0.147,-0.0052,0.93,-1.9,9,3.3,18,inf,46.5,56.8,53.6,7.79e-01,OK
symxstratxregime,ETHUSDT|burst_follow|bull,564,52.7,52.7,0.113,0.129,-0.0017,0.97,-1.0,7,4.8,21,inf,48.5,56.7,53.4,6.49e-01,OK
symxstratxregime,ETHUSDT|burst_follow|neutral,766,53.1,53.1,0.12,0.142,-0.003,0.95,-2.3,7,5.0,33,inf,49.6,56.6,54.3,7.51e-01,OK
symxstratxregime,ETHUSDT|fade_3h_asia|bear,10,30.0,30.0,0.293,0.308,-0.1276,0.41,-1.3,6,2.1,5,inf,10.8,60.3,51.2,9.53e-01,LOW-N
symxstratxregime,ETHUSDT|fade_3h_asia|neutral,20,55.0,55.0,0.332,0.392,0.0062,1.04,0.1,4,2.3,7,13.63,34.2,74.2,54.1,5.61e-01,LOW-N
symxstratxregime,ETHUSDT|fade_3h_late|bear,4,75.0,75.0,0.388,0.069,0.2737,16.83,1.1,1,0.1,4,0.56,30.1,95.4,15.1,1.23e-02,LOW-N
symxstratxregime,ETHUSDT|fade_3h_late|bull,2,50.0,50.0,0.235,0.666,-0.2153,0.35,-0.4,1,0.7,2,inf,9.5,90.5,73.9,9.32e-01,LOW-N
symxstratxregime,ETHUSDT|fade_3h_late|neutral,7,42.9,42.9,1.025,0.697,0.0409,1.1,0.3,2,2.2,7,7.68,15.8,75.0,40.5,5.91e-01,LOW-N
symxstratxregime,ETHUSDT|fade_3h_london|NA,1,100.0,100.0,1.525,0.0,1.525,inf,1.5,0,0.0,1,1.0,20.7,100.0,0.0,0.00e+00,LOW-N
symxstratxregime,ETHUSDT|fade_3h_london|bear,11,36.4,36.4,0.656,0.268,0.0678,1.4,0.7,2,1.3,6,1.81,15.2,64.6,29.0,4.02e-01,LOW-N
symxstratxregime,ETHUSDT|fade_3h_london|bull,3,33.3,33.3,0.046,0.686,-0.4418,0.03,-1.3,2,1.4,3,inf,6.1,79.2,93.7,1.00e+00,LOW-N
symxstratxregime,ETHUSDT|fade_3h_london|neutral,10,40.0,40.0,0.468,0.254,0.0349,1.23,0.3,3,0.8,6,3.27,16.8,68.7,35.2,4.91e-01,LOW-N
symxstratxregime,ETHUSDT|follow_3h_all|NA,1,100.0,100.0,1.289,0.0,1.2894,inf,1.3,0,0.0,1,1.0,20.7,100.0,0.0,0.00e+00,LOW-N
symxstratxregime,ETHUSDT|follow_3h_all|bear,24,62.5,62.5,0.183,0.271,0.0126,1.12,0.3,3,1.0,7,4.38,42.7,78.8,59.7,4.78e-01,LOW-N
symxstratxregime,ETHUSDT|follow_3h_all|bull,6,66.7,66.7,0.507,0.466,0.183,2.18,1.1,2,0.9,6,1.19,30.0,90.3,47.9,3.05e-01,LOW-N
symxstratxregime,ETHUSDT|follow_3h_all|neutral,40,62.5,62.5,0.287,0.489,-0.0044,0.98,-0.2,3,2.3,10,inf,47.0,75.8,63.1,5.99e-01,OK
symxstratxregime,ETHUSDT|late_fade|NA,2,50.0,50.0,0.042,0.062,-0.01,0.68,-0.0,1,0.1,1,inf,9.5,90.5,59.6,8.37e-01,LOW-N
symxstratxregime,ETHUSDT|late_fade|bear,37,48.6,48.6,0.096,0.124,-0.0169,0.73,-0.6,4,1.6,13,inf,33.4,64.1,56.4,8.66e-01,OK
symxstratxregime,ETHUSDT|late_fade|bull,40,35.0,35.0,0.101,0.093,-0.0251,0.58,-1.0,5,1.1,14,inf,22.1,50.5,48.0,9.65e-01,OK
symxstratxregime,ETHUSDT|late_fade|neutral,64,53.1,53.1,0.114,0.128,0.0004,1.01,0.0,4,1.5,23,29.07,41.1,64.8,53.0,5.41e-01,OK
symxstratxregime,ETHUSDT|london_burst_fade|NA,16,62.5,62.5,0.407,0.226,0.1698,3.01,2.7,3,1.1,2,0.54,38.6,81.5,35.7,2.62e-02,LOW-N
symxstratxregime,ETHUSDT|london_burst_fade|bear,90,57.8,57.8,0.41,0.36,0.0845,1.56,7.6,3,4.0,13,0.41,47.5,67.5,46.8,2.39e-02,OK
symxstratxregime,ETHUSDT|london_burst_fade|bull,157,43.9,43.9,0.4,0.306,0.0044,1.03,0.7,6,4.3,17,3.69,36.4,51.8,43.3,4.68e-01,OK
symxstratxregime,ETHUSDT|london_burst_fade|neutral,208,44.7,44.7,0.404,0.348,-0.0117,0.94,-2.4,7,10.0,30,inf,38.1,51.5,46.3,6.97e-01,OK
symxstratxregime,ETHUSDT|nony_momentum|NA,13,38.5,38.5,0.193,0.162,-0.0259,0.74,-0.3,4,0.8,2,inf,17.7,64.5,45.8,7.88e-01,LOW-N
symxstratxregime,ETHUSDT|nony_momentum|bear,59,49.2,49.2,0.151,0.149,-0.0015,0.98,-0.1,4,2.4,15,inf,36.8,61.6,49.7,5.82e-01,OK
symxstratxregime,ETHUSDT|nony_momentum|bull,124,55.6,55.6,0.121,0.127,0.0113,1.2,1.4,8,2.1,20,0.54,46.9,64.1,51.1,1.79e-01,OK
symxstratxregime,ETHUSDT|nony_momentum|neutral,161,54.0,54.0,0.13,0.179,-0.0119,0.86,-1.9,5,4.2,31,inf,46.3,61.6,57.9,8.57e-01,OK
symxstratxregime,ETHUSDT|ny_burst_fade|NA,10,40.0,40.0,0.254,0.236,-0.0396,0.72,-0.4,4,0.8,2,inf,16.8,68.7,48.1,7.95e-01,LOW-N
symxstratxregime,ETHUSDT|ny_burst_fade|bear,5,60.0,60.0,0.193,0.617,-0.1308,0.47,-0.7,2,1.2,1,inf,23.1,88.2,76.1,9.08e-01,LOW-N
symxstratxregime,ETHUSDT|ny_burst_follow|NA,9,44.4,44.4,0.065,0.064,-0.0063,0.82,-0.1,3,0.2,2,inf,18.9,73.3,49.4,7.33e-01,LOW-N
symxstratxregime,ETHUSDT|ny_burst_follow|bear,5,40.0,40.0,0.272,0.078,0.0619,2.32,0.3,2,0.2,1,1.0,11.8,76.9,22.3,3.10e-01,LOW-N
symxstratxregime,ETHUSDT|ny_flush_buy_4h|NA,3,66.7,66.7,0.058,0.11,0.0018,1.05,0.0,1,0.1,3,18.65,20.8,93.9,65.6,7.27e-01,LOW-N
symxstratxregime,ETHUSDT|ny_flush_buy_4h|bear,8,62.5,62.5,0.372,0.226,0.1478,2.75,1.2,2,0.5,6,0.58,30.6,86.3,37.8,1.41e-01,LOW-N
symxstratxregime,ETHUSDT|ny_flush_buy_4h|bull,29,55.2,55.2,0.483,0.271,0.1451,2.19,4.2,6,1.2,17,0.52,37.5,71.6,36.0,2.68e-02,LOW-N
symxstratxregime,ETHUSDT|ny_flush_buy_4h|neutral,42,57.1,57.1,0.298,0.311,0.0374,1.28,1.6,2,1.6,24,0.53,42.2,70.9,51.0,2.61e-01,OK
symxstratxregime,ETHUSDT|setup_fade|NA,1,100.0,100.0,0.276,0.0,0.2765,inf,0.3,0,0.0,1,1.0,20.7,100.0,0.0,0.00e+00,LOW-N
symxstratxregime,ETHUSDT|setup_fade|bear,40,57.5,57.5,0.393,0.324,0.0882,1.64,3.5,3,1.5,15,0.64,42.2,71.5,45.2,8.01e-02,OK
symxstratxregime,ETHUSDT|setup_fade|bull,35,57.1,57.1,0.377,0.418,0.0365,1.2,1.3,7,2.4,18,1.78,40.9,72.0,52.6,3.55e-01,OK
symxstratxregime,ETHUSDT|setup_fade|neutral,84,54.8,56.0,0.436,0.386,0.0643,1.37,5.4,5,2.8,29,0.42,44.1,65.0,47.0,9.27e-02,OK
symxstratxregime,ETHUSDT|setup_follow|NA,1,0.0,0.0,0.0,0.111,-0.1114,0.0,-0.1,1,0.1,1,inf,0.0,79.3,100.0,1.00,LOW-N
symxstratxregime,ETHUSDT|setup_follow|bear,39,43.6,43.6,0.12,0.198,-0.0593,0.47,-2.3,6,3.0,15,inf,29.3,59.0,62.3,9.94e-01,OK
symxstratxregime,ETHUSDT|setup_follow|bull,35,45.7,45.7,0.166,0.138,0.0012,1.02,0.0,5,0.9,18,8.13,30.5,61.8,45.3,5.47e-01,OK
symxstratxregime,ETHUSDT|setup_follow|neutral,84,47.6,47.6,0.159,0.173,-0.015,0.83,-1.3,5,2.5,29,inf,37.3,58.2,52.1,8.26e-01,OK
symxstratxregime,ETHUSDT|v65_strict_long|bull,3,100.0,100.0,0.427,0.0,0.4275,inf,1.3,0,0.0,1,1.0,43.8,100.0,0.0,0.00e+00,LOW-N
symxstratxregime,ETHUSDT|v65_strict_long|neutral,1,100.0,100.0,0.75,0.0,0.7496,inf,0.7,0,0.0,1,1.0,20.7,100.0,0.0,0.00e+00,LOW-N
symxstratxregime,ETHUSDT|v65_strict_ny_long|bull,3,100.0,100.0,0.427,0.0,0.4275,inf,1.3,0,0.0,1,1.0,43.8,100.0,0.0,0.00e+00,LOW-N
symxstratxregime,ETHUSDT|v65_strict_ny_long|neutral,1,100.0,100.0,0.75,0.0,0.7496,inf,0.7,0,0.0,1,1.0,20.7,100.0,0.0,0.00e+00,LOW-N
symxstratxregime,FETUSDT|asia_burst_fade|NA,1,0.0,0.0,0.0,1.001,-1.0007,0.0,-1.0,1,1.0,1,inf,0.0,79.3,100.0,1.00,LOW-N
symxstratxregime,FETUSDT|asia_burst_fade|bear,12,33.3,33.3,0.507,0.17,0.0556,1.49,0.7,4,0.9,5,1.33,13.8,60.9,25.1,3.55e-01,LOW-N
symxstratxregime,FETUSDT|asia_burst_fade|bull,8,62.5,62.5,0.336,0.47,0.0335,1.19,0.3,2,1.0,3,1.97,30.6,86.3,58.3,5.55e-01,LOW-N
symxstratxregime,FETUSDT|asia_burst_fade|neutral,10,50.0,50.0,0.174,0.176,-0.0008,0.99,-0.0,2,0.6,8,inf,23.7,76.3,50.2,6.29e-01,LOW-N
symxstratxregime,FETUSDT|asia_pump_short_4h|bull,3,66.7,66.7,0.309,1.0,-0.1275,0.62,-0.4,1,1.0,2,inf,20.8,93.9,76.4,8.59e-01,LOW-N
symxstratxregime,FETUSDT|burst_follow|NA,2,100.0,100.0,0.208,0.0,0.2075,inf,0.4,0,0.0,2,0.72,34.2,100.0,0.0,0.00e+00,LOW-N
symxstratxregime,FETUSDT|burst_follow|bear,18,66.7,66.7,0.089,0.361,-0.0612,0.49,-1.1,2,1.7,6,inf,43.7,83.7,80.3,9.52e-01,LOW-N
symxstratxregime,FETUSDT|burst_follow|bull,26,46.2,46.2,0.13,0.108,0.002,1.03,0.1,5,0.6,10,4.66,28.8,64.5,45.3,5.42e-01,LOW-N
symxstratxregime,FETUSDT|burst_follow|neutral,30,40.0,40.0,0.113,0.133,-0.0346,0.57,-1.0,6,1.7,14,inf,24.6,57.7,54.0,9.58e-01,OK
symxstratxregime,FETUSDT|fade_3h_late|neutral,4,50.0,50.0,0.23,0.329,-0.0494,0.7,-0.2,2,0.7,4,inf,15.0,85.0,58.8,8.07e-01,LOW-N
symxstratxregime,FETUSDT|fade_3h_london|bull,1,0.0,0.0,0.0,0.236,-0.2355,0.0,-0.2,1,0.2,1,inf,0.0,79.3,100.0,1.00,LOW-N
symxstratxregime,FETUSDT|follow_3h_all|bear,3,33.3,33.3,0.475,0.303,-0.044,0.78,-0.1,2,0.6,2,inf,6.1,79.2,39.0,7.73e-01,LOW-N
symxstratxregime,FETUSDT|follow_3h_all|neutral,9,66.7,66.7,0.348,0.213,0.1614,3.27,1.5,1,0.2,6,0.55,35.4,87.9,37.9,7.79e-02,LOW-N
symxstratxregime,FETUSDT|late_fade|bull,3,66.7,66.7,0.145,0.069,0.0736,4.21,0.2,1,0.1,2,0.82,20.8,93.9,32.2,2.44e-01,LOW-N
symxstratxregime,FETUSDT|late_fade|neutral,11,72.7,72.7,0.158,0.166,0.0693,2.53,0.8,1,0.2,6,0.44,43.4,90.3,51.3,1.32e-01,LOW-N
symxstratxregime,FETUSDT|london_burst_fade|NA,1,0.0,0.0,0.0,0.29,-0.2897,0.0,-0.3,1,0.3,1,inf,0.0,79.3,100.0,1.00,LOW-N
symxstratxregime,FETUSDT|london_burst_fade|bear,3,0.0,0.0,0.0,0.377,-0.3771,0.0,-1.1,3,1.1,3,inf,0.0,56.2,100.0,1.00,LOW-N
symxstratxregime,FETUSDT|london_burst_fade|bull,6,66.7,66.7,0.383,0.738,0.0093,1.04,0.1,1,1.0,3,3.35,30.0,90.3,65.8,6.64e-01,LOW-N
symxstratxregime,FETUSDT|london_burst_fade|neutral,6,83.3,83.3,0.211,0.051,0.1677,20.82,1.0,1,0.1,3,0.81,43.6,97.0,19.4,1.37e-03,LOW-N
symxstratxregime,FETUSDT|nony_momentum|NA,2,100.0,100.0,0.208,0.0,0.2075,inf,0.4,0,0.0,2,0.72,34.2,100.0,0.0,0.00e+00,LOW-N
symxstratxregime,FETUSDT|nony_momentum|bear,13,69.2,69.2,0.105,0.221,0.0049,1.07,0.1,2,0.6,5,4.09,42.4,87.3,67.7,5.85e-01,LOW-N
symxstratxregime,FETUSDT|nony_momentum|bull,5,60.0,60.0,0.118,0.077,0.0399,2.29,0.2,1,0.1,3,0.69,23.1,88.2,39.6,3.10e-01,LOW-N
symxstratxregime,FETUSDT|nony_momentum|neutral,20,40.0,40.0,0.069,0.119,-0.0439,0.38,-0.9,5,1.2,12,inf,21.9,61.3,63.4,9.91e-01,LOW-N
symxstratxregime,FETUSDT|ny_flush_buy_4h|bear,3,66.7,66.7,0.047,1.0,-0.3018,0.09,-0.9,1,1.0,2,inf,20.8,93.9,95.5,9.94e-01,LOW-N
symxstratxregime,FETUSDT|ny_flush_buy_4h|bull,4,25.0,25.0,0.139,0.241,-0.1464,0.19,-0.6,3,0.7,3,inf,4.6,69.9,63.5,9.82e-01,LOW-N
symxstratxregime,FETUSDT|ny_flush_buy_4h|neutral,5,60.0,60.0,0.43,0.194,0.1808,3.33,0.9,2,0.4,5,0.81,23.1,88.2,31.0,1.77e-01,LOW-N
symxstratxregime,FETUSDT|setup_fade|NA,7,28.6,28.6,0.1,0.191,-0.1082,0.21,-0.8,4,0.9,2,inf,8.2,64.1,65.7,9.92e-01,LOW-N
symxstratxregime,FETUSDT|setup_fade|bear,47,31.9,31.9,0.405,0.279,-0.0606,0.68,-2.8,6,3.8,18,inf,20.4,46.2,40.8,9.19e-01,OK
symxstratxregime,FETUSDT|setup_fade|bull,57,36.8,36.8,0.411,0.318,-0.0498,0.75,-2.8,8,3.4,16,inf,25.5,49.8,43.7,8.80e-01,OK
symxstratxregime,FETUSDT|setup_fade|neutral,104,49.0,49.0,0.366,0.3,0.0265,1.17,2.8,5,4.9,35,0.52,39.6,58.5,45.0,2.36e-01,OK
symxstratxregime,FETUSDT|setup_follow|NA,7,57.1,57.1,0.095,0.027,0.0425,4.63,0.3,2,0.0,2,0.95,25.0,84.2,22.4,4.89e-02,LOW-N
symxstratxregime,FETUSDT|setup_follow|bear,47,63.8,63.8,0.125,0.173,0.0172,1.28,0.8,2,1.0,18,0.67,49.5,76.0,58.1,2.58e-01,OK
symxstratxregime,FETUSDT|setup_follow|bull,56,55.4,55.4,0.136,0.142,0.0121,1.19,0.7,4,1.1,16,1.04,42.4,67.6,51.0,3.03e-01,OK
symxstratxregime,FETUSDT|setup_follow|neutral,104,44.2,44.2,0.134,0.132,-0.0146,0.8,-1.5,7,3.3,35,inf,35.1,53.8,49.7,8.89e-01,OK
symxstratxregime,FILUSDT|asia_burst_fade|NA,1,0.0,0.0,0.0,0.544,-0.5438,0.0,-0.5,1,0.5,1,inf,0.0,79.3,100.0,1.00,LOW-N
symxstratxregime,FILUSDT|asia_burst_fade|bear,8,25.0,25.0,0.257,0.27,-0.1384,0.32,-1.1,3,1.2,5,inf,7.1,59.1,51.3,9.70e-01,LOW-N
symxstratxregime,FILUSDT|asia_burst_fade|bull,22,45.5,45.5,0.277,0.245,-0.0077,0.94,-0.2,3,1.2,9,inf,26.9,65.3,46.9,6.36e-01,LOW-N
symxstratxregime,FILUSDT|asia_burst_fade|neutral,21,52.4,52.4,0.284,0.32,-0.0034,0.98,-0.1,4,1.5,10,inf,32.4,71.7,52.9,6.08e-01,LOW-N
symxstratxregime,FILUSDT|asia_pump_short_4h|bull,2,50.0,50.0,0.12,0.781,-0.3306,0.15,-0.7,1,0.8,2,inf,9.5,90.5,86.7,9.82e-01,LOW-N
symxstratxregime,FILUSDT|asia_pump_short_4h|neutral,1,100.0,100.0,0.127,0.0,0.127,inf,0.1,0,0.0,1,1.0,20.7,100.0,0.0,0.00e+00,LOW-N
symxstratxregime,FILUSDT|burst_follow|NA,4,50.0,50.0,0.147,0.086,0.0304,1.71,0.1,2,0.2,2,1.78,15.0,85.0,36.9,4.71e-01,LOW-N
symxstratxregime,FILUSDT|burst_follow|bear,32,53.1,53.1,0.107,0.216,-0.0445,0.56,-1.4,2,2.0,9,inf,36.4,69.1,66.9,9.65e-01,OK
symxstratxregime,FILUSDT|burst_follow|bull,64,57.8,57.8,0.141,0.161,0.0134,1.2,0.9,5,1.3,14,1.32,45.6,69.1,53.4,2.81e-01,OK
symxstratxregime,FILUSDT|burst_follow|neutral,69,47.8,47.8,0.118,0.175,-0.0352,0.62,-2.4,6,4.0,26,inf,36.5,59.4,59.8,9.84e-01,OK
symxstratxregime,FILUSDT|fade_3h_asia|neutral,1,0.0,0.0,0.0,0.15,-0.15,0.0,-0.2,1,0.2,1,inf,0.0,79.3,100.0,1.00,LOW-N
symxstratxregime,FILUSDT|fade_3h_late|bull,1,0.0,0.0,0.0,0.275,-0.2754,0.0,-0.3,1,0.3,1,inf,0.0,79.3,100.0,1.00,LOW-N
symxstratxregime,FILUSDT|fade_3h_late|neutral,4,25.0,25.0,0.03,0.204,-0.1457,0.05,-0.6,2,0.6,4,inf,4.6,69.9,87.3,1.00e+00,LOW-N
symxstratxregime,FILUSDT|fade_3h_london|neutral,1,0.0,0.0,0.0,0.194,-0.1939,0.0,-0.2,1,0.2,1,inf,0.0,79.3,100.0,1.00,LOW-N
symxstratxregime,FILUSDT|follow_3h_all|bear,6,66.7,66.7,0.295,0.056,0.1783,10.55,1.1,1,0.1,4,0.71,30.0,90.3,15.9,7.36e-03,LOW-N
symxstratxregime,FILUSDT|follow_3h_all|bull,4,50.0,50.0,0.238,0.163,0.0374,1.46,0.1,1,0.3,4,1.84,15.0,85.0,40.7,5.36e-01,LOW-N
symxstratxregime,FILUSDT|follow_3h_all|neutral,12,66.7,66.7,0.263,0.052,0.1581,10.12,1.9,2,0.1,8,0.33,39.1,86.2,16.5,1.45e-04,LOW-N
symxstratxregime,FILUSDT|late_fade|bear,3,33.3,33.3,0.083,0.018,0.0155,2.29,0.0,1,0.0,3,1.78,6.1,79.2,17.9,4.48e-01,LOW-N
symxstratxregime,FILUSDT|late_fade|bull,5,20.0,20.0,0.098,0.106,-0.0652,0.23,-0.3,3,0.4,4,inf,3.6,62.4,52.1,9.75e-01,LOW-N
symxstratxregime,FILUSDT|late_fade|neutral,13,61.5,61.5,0.113,0.089,0.0355,2.04,0.5,2,0.2,6,0.76,35.5,82.3,44.0,1.60e-01,LOW-N
symxstratxregime,FILUSDT|london_burst_fade|NA,3,66.7,66.7,0.213,0.192,0.078,2.22,0.2,1,0.2,1,1.0,20.8,93.9,47.4,4.61e-01,LOW-N
symxstratxregime,FILUSDT|london_burst_fade|bear,5,40.0,40.0,0.401,0.406,-0.0832,0.66,-0.4,3,1.2,3,inf,11.8,76.9,50.3,8.16e-01,LOW-N
symxstratxregime,FILUSDT|london_burst_fade|bull,10,50.0,50.0,0.215,0.29,-0.0373,0.74,-0.4,2,1.2,6,inf,23.7,76.3,57.4,7.87e-01,LOW-N
symxstratxregime,FILUSDT|london_burst_fade|neutral,15,40.0,40.0,0.301,0.331,-0.0782,0.61,-1.2,4,1.9,11,inf,19.8,64.3,52.4,8.89e-01,LOW-N
symxstratxregime,FILUSDT|nony_momentum|NA,4,50.0,50.0,0.147,0.086,0.0304,1.71,0.1,2,0.2,2,1.78,15.0,85.0,36.9,4.71e-01,LOW-N
symxstratxregime,FILUSDT|nony_momentum|bear,6,83.3,83.3,0.122,0.177,0.0718,3.43,0.4,1,0.2,3,0.7,43.6,97.0,59.3,2.22e-01,LOW-N
symxstratxregime,FILUSDT|nony_momentum|bull,8,50.0,50.0,0.164,0.302,-0.0688,0.54,-0.6,2,1.2,6,inf,21.5,78.5,64.7,8.91e-01,LOW-N
symxstratxregime,FILUSDT|nony_momentum|neutral,20,50.0,50.0,0.104,0.11,-0.003,0.95,-0.1,4,0.5,13,inf,29.9,70.1,51.4,6.36e-01,LOW-N
symxstratxregime,FILUSDT|ny_flush_buy_4h|bear,6,50.0,50.0,0.278,0.962,-0.3417,0.29,-2.1,1,2.4,3,inf,18.8,81.2,77.6,9.74e-01,LOW-N
symxstratxregime,FILUSDT|ny_flush_buy_4h|bull,14,78.6,78.6,0.348,0.71,0.121,1.8,1.7,1,1.0,10,0.73,52.4,92.4,67.1,2.73e-01,LOW-N
symxstratxregime,FILUSDT|ny_flush_buy_4h|neutral,12,50.0,50.0,0.317,0.73,-0.2067,0.43,-2.5,4,2.8,9,inf,25.4,74.6,69.7,9.60e-01,LOW-N
symxstratxregime,FILUSDT|setup_fade|NA,3,66.7,66.7,0.167,0.351,-0.006,0.95,-0.0,1,0.4,2,inf,20.8,93.9,67.8,7.56e-01,LOW-N
symxstratxregime,FILUSDT|setup_fade|bear,50,48.0,48.0,0.436,0.28,0.0636,1.44,3.2,4,2.4,17,0.39,34.8,61.5,39.1,1.27e-01,OK
symxstratxregime,FILUSDT|setup_fade|bull,36,47.2,47.2,0.329,0.384,-0.0472,0.77,-1.7,4,3.0,14,inf,32.0,63.0,53.8,8.32e-01,OK
symxstratxregime,FILUSDT|setup_fade|neutral,110,47.3,47.3,0.359,0.358,-0.0193,0.9,-2.1,8,6.8,34,inf,38.2,56.5,50.0,7.45e-01,OK
symxstratxregime,FILUSDT|setup_follow|NA,3,33.3,33.3,0.14,0.067,0.0016,1.04,0.0,2,0.1,2,13.29,6.1,79.2,32.6,6.93e-01,LOW-N
symxstratxregime,FILUSDT|setup_follow|bear,50,50.0,50.0,0.105,0.147,-0.021,0.71,-1.0,4,1.6,17,inf,36.6,63.4,58.4,9.09e-01,OK
symxstratxregime,FILUSDT|setup_follow|bull,37,48.6,48.6,0.156,0.125,0.0118,1.18,0.4,4,0.9,14,1.59,33.4,64.1,44.4,3.62e-01,OK
symxstratxregime,FILUSDT|setup_follow|neutral,111,52.3,52.3,0.138,0.138,0.006,1.09,0.7,3,1.9,34,1.37,43.0,61.3,50.1,3.57e-01,OK
symxstratxregime,FILUSDT|v65_strict_long|bull,3,0.0,0.0,0.0,0.251,-0.2515,0.0,-0.8,3,0.8,3,inf,0.0,56.2,100.0,1.00,LOW-N
symxstratxregime,FILUSDT|v65_strict_long|neutral,2,50.0,50.0,0.123,0.001,0.0611,116.86,0.1,1,0.0,1,1.0,9.5,90.5,0.8,1.69e-02,LOW-N
symxstratxregime,FILUSDT|v65_strict_ny_long|bull,3,0.0,0.0,0.0,0.251,-0.2515,0.0,-0.8,3,0.8,3,inf,0.0,56.2,100.0,1.00,LOW-N
symxstratxregime,FILUSDT|v65_strict_ny_long|neutral,2,50.0,50.0,0.123,0.001,0.0611,116.86,0.1,1,0.0,1,1.0,9.5,90.5,0.8,1.69e-02,LOW-N
symxstratxregime,GRAMUSDT|burst_follow|bull,1,100.0,100.0,0.3,0.0,0.2998,inf,0.3,0,0.0,1,1.0,20.7,100.0,0.0,0.00e+00,LOW-N
symxstratxregime,GRAMUSDT|london_burst_fade|bull,1,0.0,0.0,0.0,0.579,-0.5792,0.0,-0.6,1,0.6,1,inf,0.0,79.3,100.0,1.00,LOW-N
symxstratxregime,HYPEUSDT|asia_burst_fade|bull,30,60.0,60.0,0.206,0.32,-0.0042,0.97,-0.1,4,2.3,7,inf,42.3,75.4,60.8,6.13e-01,OK
symxstratxregime,HYPEUSDT|asia_burst_fade|neutral,1,0.0,0.0,0.0,0.353,-0.3534,0.0,-0.4,1,0.4,1,inf,0.0,79.3,100.0,1.00,LOW-N
symxstratxregime,HYPEUSDT|asia_pump_short_4h|bull,6,50.0,50.0,0.379,0.322,0.0283,1.18,0.2,2,0.5,4,2.65,18.8,81.2,46.0,5.78e-01,LOW-N
symxstratxregime,HYPEUSDT|burst_follow|bull,124,51.6,51.6,0.124,0.131,0.0005,1.01,0.1,5,1.3,8,11.87,42.9,60.2,51.4,5.20e-01,OK
symxstratxregime,HYPEUSDT|burst_follow|neutral,13,53.8,53.8,0.173,0.117,0.0394,1.73,0.5,3,0.5,2,1.08,29.1,76.8,40.3,2.35e-01,LOW-N
symxstratxregime,HYPEUSDT|late_fade|bull,7,28.6,28.6,0.058,0.061,-0.0273,0.38,-0.2,3,0.3,3,inf,8.2,64.1,51.6,9.47e-01,LOW-N
symxstratxregime,HYPEUSDT|late_fade|neutral,6,83.3,83.3,0.137,0.099,0.098,6.93,0.6,1,0.1,2,0.69,43.6,97.0,41.9,5.05e-02,LOW-N
symxstratxregime,HYPEUSDT|london_burst_fade|bull,37,43.2,43.2,0.328,0.318,-0.0386,0.79,-1.4,5,2.9,6,inf,28.7,59.1,49.2,8.13e-01,OK
symxstratxregime,HYPEUSDT|london_burst_fade|neutral,2,0.0,0.0,0.0,0.243,-0.2427,0.0,-0.5,2,0.5,1,inf,0.0,65.8,100.0,1.00,LOW-N
symxstratxregime,HYPEUSDT|nony_momentum|bull,17,70.6,70.6,0.111,0.096,0.0501,2.77,0.9,1,0.4,7,0.33,46.9,86.7,46.4,3.93e-02,LOW-N
symxstratxregime,HYPEUSDT|nony_momentum|neutral,4,50.0,50.0,0.13,0.336,-0.103,0.39,-0.4,2,0.7,2,inf,15.0,85.0,72.1,9.31e-01,LOW-N
symxstratxregime,HYPEUSDT|ny_flush_buy_4h|bull,10,60.0,60.0,0.25,0.23,0.0582,1.63,0.6,3,0.6,7,1.01,31.3,83.2,47.9,3.26e-01,LOW-N
symxstratxregime,HYPEUSDT|ny_flush_buy_4h|neutral,1,0.0,0.0,0.0,0.528,-0.5281,0.0,-0.5,1,0.5,1,inf,0.0,79.3,100.0,1.00,LOW-N
symxstratxregime,HYPEUSDT|setup_fade|bull,23,47.8,47.8,0.299,0.255,0.0099,1.07,0.2,4,1.8,8,5.28,29.2,67.0,46.0,5.13e-01,LOW-N
symxstratxregime,HYPEUSDT|setup_fade|neutral,1,0.0,0.0,0.0,0.345,-0.3452,0.0,-0.3,1,0.3,1,inf,0.0,79.3,100.0,1.00,LOW-N
symxstratxregime,HYPEUSDT|setup_follow|bull,23,52.2,52.2,0.112,0.111,0.0052,1.1,0.1,4,0.7,8,4.51,33.0,70.8,49.8,4.94e-01,LOW-N
symxstratxregime,HYPEUSDT|setup_follow|neutral,1,100.0,100.0,0.137,0.0,0.1368,inf,0.1,0,0.0,1,1.0,20.7,100.0,0.0,0.00e+00,LOW-N
symxstratxregime,ICPUSDT|asia_burst_fade|NA,1,0.0,0.0,0.0,1.001,-1.0007,0.0,-1.0,1,1.0,1,inf,0.0,79.3,100.0,1.00,LOW-N
symxstratxregime,ICPUSDT|asia_burst_fade|bear,2,0.0,0.0,0.0,0.181,-0.1805,0.0,-0.4,2,0.4,2,inf,0.0,65.8,100.0,1.00,LOW-N
symxstratxregime,ICPUSDT|asia_burst_fade|bull,3,33.3,33.3,0.75,0.125,0.1667,3.0,0.5,2,0.2,2,1.39,6.1,79.2,14.3,3.70e-01,LOW-N
symxstratxregime,ICPUSDT|asia_burst_fade|neutral,3,0.0,0.0,0.0,0.273,-0.273,0.0,-0.8,3,0.8,3,inf,0.0,56.2,100.0,1.00,LOW-N
symxstratxregime,ICPUSDT|burst_follow|NA,1,100.0,100.0,0.3,0.0,0.2997,inf,0.3,0,0.0,1,1.0,20.7,100.0,0.0,0.00e+00,LOW-N
symxstratxregime,ICPUSDT|burst_follow|bear,7,57.1,57.1,0.145,0.086,0.0464,2.26,0.3,1,0.2,3,0.67,25.0,84.2,37.1,2.35e-01,LOW-N
symxstratxregime,ICPUSDT|burst_follow|bull,7,85.7,85.7,0.157,1.0,-0.0082,0.94,-0.1,1,1.0,5,inf,48.7,97.4,86.4,7.56e-01,LOW-N
symxstratxregime,ICPUSDT|burst_follow|neutral,13,61.5,61.5,0.112,0.061,0.0455,2.93,0.6,2,0.2,8,0.68,35.5,82.3,35.3,4.89e-02,LOW-N
symxstratxregime,ICPUSDT|fade_3h_late|bear,1,0.0,0.0,0.0,0.139,-0.1392,0.0,-0.1,1,0.1,1,inf,0.0,79.3,100.0,1.00,LOW-N
symxstratxregime,ICPUSDT|fade_3h_late|neutral,3,33.3,33.3,0.258,0.354,-0.1501,0.36,-0.5,1,0.6,3,inf,6.1,79.2,57.9,9.25e-01,LOW-N
symxstratxregime,ICPUSDT|follow_3h_all|bear,4,100.0,100.0,0.236,0.0,0.2357,inf,0.9,0,0.0,3,0.6,51.0,100.0,0.0,0.00e+00,LOW-N
symxstratxregime,ICPUSDT|follow_3h_all|bull,2,100.0,100.0,0.066,0.0,0.0658,inf,0.1,0,0.0,2,0.89,34.2,100.0,0.0,0.00e+00,LOW-N
symxstratxregime,ICPUSDT|follow_3h_all|neutral,7,71.4,71.4,0.253,0.138,0.1411,4.59,1.0,1,0.3,6,0.61,35.9,91.8,35.3,5.75e-02,LOW-N
symxstratxregime,ICPUSDT|late_fade|bear,1,100.0,100.0,0.008,0.0,0.0081,inf,0.0,0,0.0,1,1.0,20.7,100.0,0.0,0.00e+00,LOW-N
symxstratxregime,ICPUSDT|late_fade|neutral,5,40.0,40.0,0.048,0.08,-0.0288,0.4,-0.1,2,0.2,3,inf,11.8,76.9,62.5,9.31e-01,LOW-N
symxstratxregime,ICPUSDT|london_burst_fade|bear,1,0.0,0.0,0.0,0.82,-0.8205,0.0,-0.8,1,0.8,1,inf,0.0,79.3,100.0,1.00,LOW-N
symxstratxregime,ICPUSDT|london_burst_fade|bull,2,0.0,0.0,0.0,0.245,-0.2446,0.0,-0.5,2,0.5,2,inf,0.0,65.8,100.0,1.00,LOW-N
symxstratxregime,ICPUSDT|london_burst_fade|neutral,1,0.0,0.0,0.0,0.111,-0.1112,0.0,-0.1,1,0.1,1,inf,0.0,79.3,100.0,1.00,LOW-N
symxstratxregime,ICPUSDT|nony_momentum|NA,1,100.0,100.0,0.3,0.0,0.2997,inf,0.3,0,0.0,1,1.0,20.7,100.0,0.0,0.00e+00,LOW-N
symxstratxregime,ICPUSDT|nony_momentum|bear,4,75.0,75.0,0.148,0.148,0.0737,2.99,0.3,1,0.1,2,0.74,30.1,95.4,50.1,3.14e-01,LOW-N
symxstratxregime,ICPUSDT|nony_momentum|bull,2,50.0,50.0,0.022,1.0,-0.4891,0.02,-1.0,1,1.0,1,inf,9.5,90.5,97.9,1.00e+00,LOW-N
symxstratxregime,ICPUSDT|nony_momentum|neutral,7,71.4,71.4,0.09,0.058,0.0475,3.85,0.3,1,0.1,5,0.49,35.9,91.8,39.3,9.01e-02,LOW-N
symxstratxregime,ICPUSDT|ny_flush_buy_4h|bear,1,100.0,100.0,0.365,0.0,0.3646,inf,0.4,0,0.0,1,1.0,20.7,100.0,0.0,0.00e+00,LOW-N
symxstratxregime,ICPUSDT|ny_flush_buy_4h|bull,2,50.0,50.0,0.285,0.0,0.1423,1615.22,0.3,1,0.0,2,1.0,9.5,90.5,0.1,1.24e-03,LOW-N
symxstratxregime,ICPUSDT|ny_flush_buy_4h|neutral,4,75.0,75.0,0.066,0.345,-0.0367,0.57,-0.1,1,0.3,4,inf,30.1,95.4,83.9,8.76e-01,LOW-N
symxstratxregime,ICPUSDT|setup_fade|NA,4,50.0,50.0,0.115,0.514,-0.1994,0.22,-0.8,2,1.0,2,inf,15.0,85.0,81.7,9.79e-01,LOW-N
symxstratxregime,ICPUSDT|setup_fade|bear,62,45.2,45.2,0.35,0.343,-0.0301,0.84,-1.9,7,3.6,18,inf,33.4,57.5,49.5,7.92e-01,OK
symxstratxregime,ICPUSDT|setup_fade|bull,53,34.0,34.0,0.384,0.353,-0.103,0.56,-5.5,7,5.7,17,inf,22.7,47.4,47.9,9.86e-01,OK
symxstratxregime,ICPUSDT|setup_fade|neutral,103,45.6,45.6,0.397,0.346,-0.0074,0.96,-0.8,7,3.9,36,inf,36.3,55.2,46.6,6.18e-01,OK
symxstratxregime,ICPUSDT|setup_follow|NA,4,50.0,50.0,0.205,0.047,0.0789,4.37,0.3,2,0.1,2,1.3,15.0,85.0,18.6,1.60e-01,LOW-N
symxstratxregime,ICPUSDT|setup_follow|bear,62,45.2,45.2,0.17,0.131,0.0047,1.06,0.3,5,1.1,18,2.72,33.4,57.5,43.6,4.51e-01,OK
symxstratxregime,ICPUSDT|setup_follow|bull,53,58.5,58.5,0.156,0.113,0.0441,1.94,2.3,3,0.6,17,0.34,45.1,70.7,42.1,1.18e-02,OK
symxstratxregime,ICPUSDT|setup_follow|neutral,106,49.1,49.1,0.163,0.157,-0.0002,1.0,-0.0,5,2.5,36,inf,39.7,58.4,49.1,5.43e-01,OK
symxstratxregime,ICPUSDT|v65_strict_long|bull,4,25.0,25.0,0.022,0.382,-0.2809,0.02,-1.1,3,1.1,3,inf,4.6,69.9,94.5,1.00e+00,LOW-N
symxstratxregime,ICPUSDT|v65_strict_ny_long|bull,4,25.0,25.0,0.022,0.382,-0.2809,0.02,-1.1,3,1.1,3,inf,4.6,69.9,94.5,1.00e+00,LOW-N
symxstratxregime,LINKUSDT|asia_burst_fade|bull,7,71.4,71.4,0.48,0.386,0.2328,3.11,1.6,1,0.6,4,0.83,35.9,91.8,44.6,1.47e-01,LOW-N
symxstratxregime,LINKUSDT|asia_burst_fade|neutral,1,0.0,0.0,0.0,0.127,-0.1272,0.0,-0.1,1,0.1,1,inf,0.0,79.3,100.0,1.00,LOW-N
symxstratxregime,LINKUSDT|asia_pump_short_4h|bull,1,0.0,0.0,0.0,1.0,-1.0004,0.0,-1.0,1,1.0,1,inf,0.0,79.3,100.0,1.00,LOW-N
symxstratxregime,LINKUSDT|burst_follow|bull,25,64.0,64.0,0.119,0.156,0.0199,1.36,0.5,3,0.5,6,1.06,44.5,79.8,56.7,3.01e-01,LOW-N
symxstratxregime,LINKUSDT|burst_follow|neutral,5,80.0,80.0,0.141,1.0,-0.0874,0.56,-0.4,1,1.0,1,inf,37.6,96.4,87.7,8.82e-01,LOW-N
symxstratxregime,LINKUSDT|follow_3h_all|bull,1,100.0,100.0,0.015,0.0,0.0147,inf,0.0,0,0.0,1,1.0,20.7,100.0,0.0,0.00e+00,LOW-N
symxstratxregime,LINKUSDT|late_fade|bull,2,50.0,50.0,0.064,0.005,0.0294,13.57,0.1,1,0.0,1,1.0,9.5,90.5,6.9,1.33e-01,LOW-N
symxstratxregime,LINKUSDT|late_fade|neutral,3,66.7,66.7,0.25,0.134,0.1219,3.73,0.4,1,0.1,1,1.0,20.8,93.9,34.9,2.81e-01,LOW-N
symxstratxregime,LINKUSDT|london_burst_fade|bull,10,30.0,30.0,0.339,0.306,-0.1123,0.48,-1.1,5,1.8,5,inf,10.8,60.3,47.4,9.25e-01,LOW-N
symxstratxregime,LINKUSDT|nony_momentum|bull,6,66.7,66.7,0.161,0.134,0.0627,2.41,0.4,2,0.3,4,0.82,30.0,90.3,45.4,2.62e-01,LOW-N
symxstratxregime,LINKUSDT|nony_momentum|neutral,2,50.0,50.0,0.051,0.038,0.0065,1.35,0.0,1,0.0,2,3.87,9.5,90.5,42.6,6.70e-01,LOW-N
symxstratxregime,LINKUSDT|ny_flush_buy_4h|bull,6,66.7,66.7,0.187,0.096,0.0927,3.89,0.6,1,0.2,5,0.66,30.0,90.3,34.0,1.06e-01,LOW-N
symxstratxregime,LINKUSDT|ny_flush_buy_4h|neutral,1,0.0,0.0,0.0,1.0,-1.0003,0.0,-1.0,1,1.0,1,inf,0.0,79.3,100.0,1.00,LOW-N
symxstratxregime,LINKUSDT|setup_fade|bull,30,46.7,46.7,0.314,0.325,-0.0267,0.85,-0.8,5,2.1,8,inf,30.2,63.9,50.8,7.39e-01,OK
symxstratxregime,LINKUSDT|setup_fade|neutral,3,66.7,66.7,0.184,1.002,-0.2112,0.37,-0.6,1,1.0,1,inf,20.8,93.9,84.5,9.35e-01,LOW-N
symxstratxregime,LINKUSDT|setup_follow|bull,30,53.3,53.3,0.132,0.128,0.0105,1.18,0.3,4,0.6,8,1.59,36.1,69.8,49.3,3.98e-01,OK
symxstratxregime,LINKUSDT|setup_follow|neutral,3,33.3,33.3,0.299,0.075,0.05,2.0,0.1,1,0.1,1,1.0,6.1,79.2,20.0,4.87e-01,LOW-N
symxstratxregime,LINKUSDT|v65_strict_long|bull,1,100.0,100.0,0.094,0.0,0.0936,inf,0.1,0,0.0,1,1.0,20.7,100.0,0.0,0.00e+00,LOW-N
symxstratxregime,LINKUSDT|v65_strict_ny_long|bull,1,100.0,100.0,0.094,0.0,0.0936,inf,0.1,0,0.0,1,1.0,20.7,100.0,0.0,0.00e+00,LOW-N
symxstratxregime,NEARUSDT|asia_burst_fade|NA,1,0.0,0.0,0.0,1.001,-1.0007,0.0,-1.0,1,1.0,1,inf,0.0,79.3,100.0,1.00,LOW-N
symxstratxregime,NEARUSDT|asia_burst_fade|bear,14,28.6,28.6,0.242,0.356,-0.1851,0.27,-2.6,3,2.6,7,inf,11.7,54.6,59.5,9.96e-01,LOW-N
symxstratxregime,NEARUSDT|asia_burst_fade|bull,31,54.8,54.8,0.272,0.389,-0.0267,0.85,-0.8,5,1.6,12,inf,37.8,70.8,58.9,7.41e-01,OK
symxstratxregime,NEARUSDT|asia_burst_fade|neutral,24,41.7,41.7,0.335,0.348,-0.0631,0.69,-1.5,3,2.3,15,inf,24.5,61.2,50.9,8.66e-01,LOW-N
symxstratxregime,NEARUSDT|asia_pump_short_4h|NA,1,100.0,100.0,0.121,0.0,0.1215,inf,0.1,0,0.0,1,1.0,20.7,100.0,0.0,0.00e+00,LOW-N
symxstratxregime,NEARUSDT|asia_pump_short_4h|bear,1,100.0,100.0,0.21,0.0,0.2098,inf,0.2,0,0.0,1,1.0,20.7,100.0,0.0,0.00e+00,LOW-N
symxstratxregime,NEARUSDT|asia_pump_short_4h|bull,5,80.0,80.0,0.404,1.0,0.1233,1.62,0.6,1,1.0,3,1.7,37.6,96.4,71.2,5.53e-01,LOW-N
symxstratxregime,NEARUSDT|asia_pump_short_4h|neutral,3,66.7,66.7,0.116,0.458,-0.0756,0.5,-0.2,1,0.5,3,inf,20.8,93.9,79.8,8.95e-01,LOW-N
symxstratxregime,NEARUSDT|burst_follow|NA,7,71.4,71.4,0.201,0.29,0.061,1.74,0.4,2,0.6,2,1.61,35.9,91.8,59.0,3.98e-01,LOW-N
symxstratxregime,NEARUSDT|burst_follow|bear,45,62.2,62.2,0.131,0.093,0.0466,2.33,2.1,6,0.8,12,0.31,47.6,74.9,41.5,3.98e-03,OK
symxstratxregime,NEARUSDT|burst_follow|bull,87,47.1,47.1,0.135,0.113,0.004,1.07,0.3,6,1.9,18,2.49,37.0,57.5,45.5,4.22e-01,OK
symxstratxregime,NEARUSDT|burst_follow|neutral,84,47.6,47.6,0.124,0.131,-0.0095,0.86,-0.8,3,1.5,25,inf,37.3,58.2,51.4,7.87e-01,OK
symxstratxregime,NEARUSDT|fade_3h_asia|bear,1,100.0,100.0,0.177,0.0,0.1769,inf,0.2,0,0.0,1,1.0,20.7,100.0,0.0,0.00e+00,LOW-N
symxstratxregime,NEARUSDT|fade_3h_asia|neutral,2,0.0,0.0,0.0,0.115,-0.1152,0.0,-0.2,2,0.2,2,inf,0.0,65.8,100.0,1.00,LOW-N
symxstratxregime,NEARUSDT|fade_3h_late|bear,2,50.0,50.0,0.136,0.101,0.0173,1.34,0.0,1,0.1,2,3.92,9.5,90.5,42.7,6.72e-01,LOW-N
symxstratxregime,NEARUSDT|fade_3h_late|neutral,2,0.0,0.0,0.0,0.092,-0.0924,0.0,-0.2,2,0.2,2,inf,0.0,65.8,100.0,1.00,LOW-N
symxstratxregime,NEARUSDT|fade_3h_london|bear,1,100.0,100.0,0.383,0.0,0.3831,inf,0.4,0,0.0,1,1.0,20.7,100.0,0.0,0.00e+00,LOW-N
symxstratxregime,NEARUSDT|follow_3h_all|NA,1,100.0,100.0,0.566,0.0,0.5662,inf,0.6,0,0.0,1,1.0,20.7,100.0,0.0,0.00e+00,LOW-N
symxstratxregime,NEARUSDT|follow_3h_all|bear,9,55.6,55.6,0.285,0.138,0.0969,2.58,0.9,3,0.5,5,0.84,26.7,81.1,32.6,1.34e-01,LOW-N
symxstratxregime,NEARUSDT|follow_3h_all|bull,3,33.3,33.3,0.417,0.205,0.0026,1.02,0.0,1,0.4,2,6.56,6.1,79.2,32.9,6.98e-01,LOW-N
symxstratxregime,NEARUSDT|follow_3h_all|neutral,12,66.7,66.7,0.178,0.222,0.0446,1.6,0.5,2,0.6,5,0.62,39.1,86.2,55.5,3.17e-01,LOW-N
symxstratxregime,NEARUSDT|late_fade|bear,6,33.3,33.3,0.103,0.084,-0.0219,0.61,-0.1,4,0.3,5,inf,9.7,70.0,45.0,8.37e-01,LOW-N
symxstratxregime,NEARUSDT|late_fade|bull,6,83.3,83.3,0.077,0.221,0.0275,1.75,0.2,1,0.2,3,2.02,43.6,97.0,74.1,5.13e-01,LOW-N
symxstratxregime,NEARUSDT|late_fade|neutral,10,40.0,40.0,0.171,0.053,0.0365,2.14,0.4,2,0.1,6,0.86,16.8,68.7,23.7,1.96e-01,LOW-N
symxstratxregime,NEARUSDT|london_burst_fade|NA,4,50.0,50.0,0.622,0.557,0.0327,1.12,0.1,2,1.1,2,6.12,15.0,85.0,47.2,6.45e-01,LOW-N
symxstratxregime,NEARUSDT|london_burst_fade|bear,13,38.5,38.5,0.306,0.333,-0.0873,0.57,-1.1,7,2.7,8,inf,17.7,64.5,52.1,8.97e-01,LOW-N
symxstratxregime,NEARUSDT|london_burst_fade|bull,23,34.8,34.8,0.234,0.35,-0.1467,0.36,-3.4,8,4.2,11,inf,18.8,55.1,59.9,9.96e-01,LOW-N
symxstratxregime,NEARUSDT|london_burst_fade|neutral,15,60.0,60.0,0.388,0.42,0.0648,1.39,1.0,2,0.9,6,0.71,35.7,80.2,52.0,3.60e-01,LOW-N
symxstratxregime,NEARUSDT|nony_momentum|NA,4,50.0,50.0,0.239,0.29,-0.0256,0.82,-0.1,2,0.6,2,inf,15.0,85.0,54.9,7.57e-01,LOW-N
symxstratxregime,NEARUSDT|nony_momentum|bear,9,88.9,88.9,0.153,0.209,0.113,5.87,1.0,1,0.2,5,0.29,56.5,98.0,57.7,5.37e-02,LOW-N
symxstratxregime,NEARUSDT|nony_momentum|bull,19,52.6,52.6,0.092,0.208,-0.0502,0.49,-1.0,4,1.7,9,inf,31.7,72.7,69.4,9.63e-01,LOW-N
symxstratxregime,NEARUSDT|nony_momentum|neutral,24,45.8,45.8,0.131,0.148,-0.0202,0.75,-0.5,4,1.1,12,inf,27.9,64.9,53.1,8.20e-01,LOW-N
symxstratxregime,NEARUSDT|ny_burst_fade|NA,1,0.0,0.0,0.0,0.218,-0.2183,0.0,-0.2,1,0.2,1,inf,0.0,79.3,100.0,1.00,LOW-N
symxstratxregime,NEARUSDT|ny_burst_follow|NA,1,100.0,100.0,0.087,0.0,0.0867,inf,0.1,0,0.0,1,1.0,20.7,100.0,0.0,0.00e+00,LOW-N
symxstratxregime,NEARUSDT|ny_flush_buy_4h|NA,1,100.0,100.0,0.235,0.0,0.235,inf,0.2,0,0.0,1,1.0,20.7,100.0,0.0,0.00e+00,LOW-N
symxstratxregime,NEARUSDT|ny_flush_buy_4h|bear,3,66.7,66.7,0.417,0.039,0.2647,21.28,0.8,1,0.0,3,0.58,20.8,93.9,8.6,2.09e-02,LOW-N
symxstratxregime,NEARUSDT|ny_flush_buy_4h|bull,15,73.3,73.3,0.1,0.237,0.0105,1.17,0.2,2,0.6,11,2.38,48.0,89.1,70.2,5.23e-01,LOW-N
symxstratxregime,NEARUSDT|ny_flush_buy_4h|neutral,18,50.0,50.0,0.276,0.28,-0.0022,0.98,-0.0,2,1.5,14,inf,29.0,71.0,50.4,6.06e-01,LOW-N
symxstratxregime,NEARUSDT|setup_fade|NA,6,16.7,16.7,0.155,0.414,-0.319,0.08,-1.9,5,2.1,2,inf,3.0,56.4,72.7,1.00e+00,LOW-N
symxstratxregime,NEARUSDT|setup_fade|bear,51,51.0,51.0,0.328,0.333,0.0036,1.02,0.2,5,2.2,20,6.62,37.7,64.1,50.4,5.25e-01,OK
symxstratxregime,NEARUSDT|setup_fade|bull,41,39.0,39.0,0.179,0.333,-0.133,0.34,-5.5,4,5.7,15,inf,25.7,54.3,65.0,1.00e+00,OK
symxstratxregime,NEARUSDT|setup_fade|neutral,86,48.8,48.8,0.349,0.256,0.0394,1.3,3.4,5,3.2,33,0.96,38.6,59.2,42.3,1.33e-01,OK
symxstratxregime,NEARUSDT|setup_follow|NA,6,83.3,83.3,0.166,0.063,0.1277,13.18,0.8,1,0.1,2,0.92,43.6,97.0,27.5,7.28e-03,LOW-N
symxstratxregime,NEARUSDT|setup_follow|bear,50,44.0,44.0,0.133,0.114,-0.0057,0.91,-0.3,5,1.1,20,inf,31.2,57.7,46.3,6.79e-01,OK
symxstratxregime,NEARUSDT|setup_follow|bull,41,58.5,58.5,0.131,0.068,0.0486,2.72,2.0,3,0.3,15,0.27,43.4,72.2,34.2,1.19e-03,OK
symxstratxregime,NEARUSDT|setup_follow|neutral,86,51.2,51.2,0.108,0.126,-0.0062,0.9,-0.5,10,2.9,33,inf,40.8,61.4,53.8,7.28e-01,OK
symxstratxregime,NMRUSDT|asia_burst_fade|bull,1,0.0,0.0,0.0,0.017,-0.0166,0.0,-0.0,1,0.0,1,inf,0.0,79.3,100.0,1.00,LOW-N
symxstratxregime,NMRUSDT|burst_follow|bull,1,100.0,100.0,0.006,0.0,0.0065,inf,0.0,0,0.0,1,1.0,20.7,100.0,0.0,0.00e+00,LOW-N
symxstratxregime,NMRUSDT|follow_3h_all|bull,1,100.0,100.0,0.042,0.0,0.042,inf,0.0,0,0.0,1,1.0,20.7,100.0,0.0,0.00e+00,LOW-N
symxstratxregime,NMRUSDT|nony_momentum|bull,1,100.0,100.0,0.006,0.0,0.0065,inf,0.0,0,0.0,1,1.0,20.7,100.0,0.0,0.00e+00,LOW-N
symxstratxregime,NMRUSDT|setup_fade|NA,8,62.5,62.5,0.549,0.693,0.083,1.32,0.7,2,1.7,2,3.53,30.6,86.3,55.8,4.96e-01,LOW-N
symxstratxregime,NMRUSDT|setup_fade|bear,37,51.4,51.4,0.424,0.424,0.0113,1.05,0.4,3,1.9,15,3.82,35.9,66.6,50.0,5.01e-01,OK
symxstratxregime,NMRUSDT|setup_fade|bull,57,45.6,45.6,0.367,0.367,-0.0324,0.84,-1.8,5,3.9,17,inf,33.4,58.4,50.0,7.88e-01,OK
symxstratxregime,NMRUSDT|setup_fade|neutral,63,61.9,61.9,0.349,0.558,0.0032,1.02,0.2,3,5.5,25,8.21,49.6,72.9,61.5,5.32e-01,OK
symxstratxregime,NMRUSDT|setup_follow|NA,7,42.9,42.9,0.253,0.186,0.0018,1.02,0.0,4,0.7,2,46.42,15.8,75.0,42.4,6.32e-01,LOW-N
symxstratxregime,NMRUSDT|setup_follow|bear,37,48.6,48.6,0.148,0.159,-0.01,0.88,-0.4,6,1.2,15,inf,33.4,64.1,51.9,7.13e-01,OK
symxstratxregime,NMRUSDT|setup_follow|bull,59,50.8,50.8,0.155,0.15,0.0052,1.07,0.3,4,1.1,17,2.08,38.4,63.2,49.1,4.47e-01,OK
symxstratxregime,NMRUSDT|setup_follow|neutral,63,39.7,39.7,0.187,0.118,0.0029,1.04,0.2,7,2.0,25,5.07,28.5,52.0,38.7,4.85e-01,OK
symxstratxregime,NMRUSDT|v65_strict_long|bull,4,25.0,25.0,0.749,0.162,0.0655,1.54,0.3,2,0.3,2,1.89,4.6,69.9,17.8,5.44e-01,LOW-N
symxstratxregime,NMRUSDT|v65_strict_ny_long|bull,4,25.0,25.0,0.749,0.162,0.0655,1.54,0.3,2,0.3,2,1.89,4.6,69.9,17.8,5.44e-01,LOW-N
symxstratxregime,PENDLEUSDT|asia_burst_fade|bull,3,33.3,33.3,0.031,0.279,-0.1758,0.06,-0.5,2,0.6,3,inf,6.1,79.2,90.1,9.99e-01,LOW-N
symxstratxregime,PENDLEUSDT|burst_follow|bear,2,50.0,50.0,0.094,0.064,0.0152,1.47,0.0,1,0.1,2,3.12,9.5,90.5,40.4,6.45e-01,LOW-N
symxstratxregime,PENDLEUSDT|burst_follow|bull,11,72.7,72.7,0.106,0.048,0.0639,5.93,0.7,1,0.1,7,0.43,43.4,90.3,31.0,5.39e-03,LOW-N
symxstratxregime,PENDLEUSDT|burst_follow|neutral,5,60.0,60.0,0.137,0.246,-0.0166,0.83,-0.1,2,0.5,5,inf,23.1,88.2,64.3,7.54e-01,LOW-N
symxstratxregime,PENDLEUSDT|follow_3h_all|bear,1,100.0,100.0,0.084,0.0,0.0841,inf,0.1,0,0.0,1,1.0,20.7,100.0,0.0,0.00e+00,LOW-N
symxstratxregime,PENDLEUSDT|follow_3h_all|bull,1,100.0,100.0,0.166,0.0,0.1663,inf,0.2,0,0.0,1,1.0,20.7,100.0,0.0,0.00e+00,LOW-N
symxstratxregime,PENDLEUSDT|follow_3h_all|neutral,2,100.0,100.0,0.149,0.0,0.1493,inf,0.3,0,0.0,2,0.63,34.2,100.0,0.0,0.00e+00,LOW-N
symxstratxregime,PENDLEUSDT|late_fade|bear,1,0.0,0.0,0.0,0.079,-0.0791,0.0,-0.1,1,0.1,1,inf,0.0,79.3,100.0,1.00,LOW-N
symxstratxregime,PENDLEUSDT|late_fade|bull,2,0.0,0.0,0.0,0.02,-0.02,0.0,-0.0,2,0.0,1,inf,0.0,65.8,100.0,1.00,LOW-N
symxstratxregime,PENDLEUSDT|late_fade|neutral,2,100.0,100.0,0.156,0.0,0.1558,inf,0.3,0,0.0,2,0.8,34.2,100.0,0.0,0.00e+00,LOW-N
symxstratxregime,PENDLEUSDT|london_burst_fade|bear,1,100.0,100.0,0.159,0.0,0.1589,inf,0.2,0,0.0,1,1.0,20.7,100.0,0.0,0.00e+00,LOW-N
symxstratxregime,PENDLEUSDT|london_burst_fade|bull,2,50.0,50.0,0.097,1.0,-0.452,0.1,-0.9,1,1.0,2,inf,9.5,90.5,91.2,9.92e-01,LOW-N
symxstratxregime,PENDLEUSDT|london_burst_fade|neutral,1,0.0,0.0,0.0,0.492,-0.4923,0.0,-0.5,1,0.5,1,inf,0.0,79.3,100.0,1.00,LOW-N
symxstratxregime,PENDLEUSDT|nony_momentum|bull,3,100.0,100.0,0.083,0.0,0.0832,inf,0.2,0,0.0,3,0.71,43.8,100.0,0.0,0.00e+00,LOW-N
symxstratxregime,PENDLEUSDT|nony_momentum|neutral,2,100.0,100.0,0.077,0.0,0.0771,inf,0.2,0,0.0,2,0.59,34.2,100.0,0.0,0.00e+00,LOW-N
symxstratxregime,PENDLEUSDT|ny_flush_buy_4h|bull,2,100.0,100.0,0.109,0.0,0.1091,inf,0.2,0,0.0,2,0.59,34.2,100.0,0.0,0.00e+00,LOW-N
symxstratxregime,PENDLEUSDT|ny_flush_buy_4h|neutral,3,33.3,33.3,0.35,0.29,-0.0763,0.61,-0.2,2,0.6,3,inf,6.1,79.2,45.2,8.36e-01,LOW-N
symxstratxregime,PENDLEUSDT|setup_fade|NA,4,75.0,75.0,0.478,0.713,0.1805,2.01,0.7,1,0.7,2,1.37,30.1,95.4,59.9,4.73e-01,LOW-N
symxstratxregime,PENDLEUSDT|setup_fade|bear,57,45.6,45.6,0.229,0.383,-0.1037,0.5,-5.9,5,7.1,20,inf,33.4,58.4,62.6,9.97e-01,OK
symxstratxregime,PENDLEUSDT|setup_fade|bull,47,42.6,42.6,0.391,0.363,-0.0421,0.8,-2.0,5,3.7,16,inf,29.5,56.7,48.1,8.19e-01,OK
symxstratxregime,PENDLEUSDT|setup_fade|neutral,96,40.6,40.6,0.383,0.384,-0.0724,0.68,-6.9,7,8.4,33,inf,31.3,50.6,50.1,9.75e-01,OK
symxstratxregime,PENDLEUSDT|setup_follow|NA,4,25.0,25.0,0.285,0.426,-0.248,0.22,-1.0,3,1.3,2,inf,4.6,69.9,59.9,9.74e-01,LOW-N
symxstratxregime,PENDLEUSDT|setup_follow|bear,59,55.9,55.9,0.148,0.083,0.0463,2.26,2.7,7,0.8,20,0.35,43.3,67.8,35.9,1.34e-03,OK
symxstratxregime,PENDLEUSDT|setup_follow|bull,45,57.8,57.8,0.133,0.156,0.0111,1.17,0.5,4,1.1,16,1.0,43.3,71.0,53.9,3.58e-01,OK
symxstratxregime,PENDLEUSDT|setup_follow|neutral,98,60.2,60.2,0.152,0.153,0.0308,1.5,3.0,4,1.2,33,0.24,50.3,69.3,50.1,2.89e-02,OK
symxstratxregime,PENDLEUSDT|v65_strict_long|bull,1,100.0,100.0,0.334,0.0,0.3344,inf,0.3,0,0.0,1,1.0,20.7,100.0,0.0,0.00e+00,LOW-N
symxstratxregime,PENDLEUSDT|v65_strict_ny_long|bull,1,100.0,100.0,0.334,0.0,0.3344,inf,0.3,0,0.0,1,1.0,20.7,100.0,0.0,0.00e+00,LOW-N
symxstratxregime,PENGUUSDT|asia_burst_fade|bull,19,42.1,42.1,0.235,0.293,-0.0707,0.58,-1.3,3,1.6,5,inf,23.1,63.7,55.5,9.20e-01,LOW-N
symxstratxregime,PENGUUSDT|asia_burst_fade|neutral,2,0.0,0.0,0.0,0.302,-0.3019,0.0,-0.6,2,0.6,2,inf,0.0,65.8,100.0,1.00,LOW-N
symxstratxregime,PENGUUSDT|asia_pump_short_4h|bull,3,66.7,66.7,0.252,0.248,0.0856,2.04,0.3,1,0.2,3,1.78,20.8,93.9,49.5,4.93e-01,LOW-N
symxstratxregime,PENGUUSDT|burst_follow|bull,52,51.9,51.9,0.099,0.104,0.0013,1.03,0.1,4,0.8,8,10.83,38.7,64.9,51.3,5.18e-01,OK
symxstratxregime,PENGUUSDT|burst_follow|neutral,4,50.0,50.0,0.136,0.332,-0.0978,0.41,-0.4,2,0.7,1,inf,15.0,85.0,70.9,9.23e-01,LOW-N
symxstratxregime,PENGUUSDT|late_fade|bull,6,33.3,33.3,0.04,0.061,-0.0273,0.33,-0.2,2,0.2,4,inf,9.7,70.0,60.2,9.60e-01,LOW-N
symxstratxregime,PENGUUSDT|late_fade|neutral,2,100.0,100.0,0.152,0.0,0.152,inf,0.3,0,0.0,1,1.0,34.2,100.0,0.0,0.00e+00,LOW-N
symxstratxregime,PENGUUSDT|london_burst_fade|bull,10,50.0,50.0,0.129,0.418,-0.1446,0.31,-1.4,5,2.1,5,inf,23.7,76.3,76.4,9.85e-01,LOW-N
symxstratxregime,PENGUUSDT|nony_momentum|bull,9,44.4,44.4,0.135,0.03,0.0432,3.6,0.4,2,0.1,5,0.82,18.9,73.3,18.2,6.33e-02,LOW-N
symxstratxregime,PENGUUSDT|nony_momentum|neutral,2,50.0,50.0,0.065,0.065,-0.0003,0.99,-0.0,1,0.1,2,inf,9.5,90.5,50.2,7.52e-01,LOW-N
symxstratxregime,PENGUUSDT|ny_flush_buy_4h|bull,6,50.0,50.0,0.255,0.158,0.0482,1.61,0.3,1,0.2,6,1.29,18.8,81.2,38.3,4.21e-01,LOW-N
symxstratxregime,PENGUUSDT|ny_flush_buy_4h|neutral,1,0.0,0.0,0.0,1.0,-1.0002,0.0,-1.0,1,1.0,1,inf,0.0,79.3,100.0,1.00,LOW-N
symxstratxregime,PENGUUSDT|setup_fade|bull,18,55.6,55.6,0.338,0.292,0.0583,1.45,1.0,2,1.1,6,1.01,33.7,75.4,46.3,2.90e-01,LOW-N
symxstratxregime,PENGUUSDT|setup_fade|neutral,6,66.7,66.7,0.31,0.842,-0.0736,0.74,-0.4,1,1.0,1,inf,30.0,90.3,73.1,7.99e-01,LOW-N
symxstratxregime,PENGUUSDT|setup_follow|bull,18,44.4,44.4,0.111,0.142,-0.0298,0.62,-0.5,4,0.9,6,inf,24.6,66.3,56.2,8.93e-01,LOW-N
symxstratxregime,PENGUUSDT|setup_follow|neutral,6,33.3,33.3,0.286,0.125,0.012,1.14,0.1,2,0.3,1,1.0,9.7,70.0,30.4,5.89e-01,LOW-N
symxstratxregime,PUMPUSDT|asia_burst_fade|bull,28,42.9,42.9,0.278,0.273,-0.0366,0.76,-1.0,4,2.4,6,inf,26.5,60.9,49.5,8.14e-01,LOW-N
symxstratxregime,PUMPUSDT|asia_burst_fade|neutral,8,37.5,37.5,0.317,0.294,-0.0645,0.65,-0.5,3,0.8,2,inf,13.7,69.4,48.1,8.28e-01,LOW-N
symxstratxregime,PUMPUSDT|asia_pump_short_4h|bull,6,16.7,16.7,0.316,0.424,-0.3005,0.15,-1.8,3,1.8,4,inf,3.0,56.4,57.3,9.94e-01,LOW-N
symxstratxregime,PUMPUSDT|asia_pump_short_4h|neutral,2,100.0,100.0,0.353,0.0,0.3534,inf,0.7,0,0.0,2,0.68,34.2,100.0,0.0,0.00e+00,LOW-N
symxstratxregime,PUMPUSDT|burst_follow|bull,98,60.2,60.2,0.119,0.124,0.0224,1.45,2.2,4,1.0,8,0.44,50.3,69.3,51.0,4.21e-02,OK
symxstratxregime,PUMPUSDT|burst_follow|neutral,21,66.7,66.7,0.13,0.258,0.0007,1.01,0.0,2,0.9,3,17.62,45.4,82.8,66.5,5.94e-01,LOW-N
symxstratxregime,PUMPUSDT|late_fade|bull,10,50.0,50.0,0.046,0.049,-0.0013,0.95,-0.0,2,0.2,5,inf,23.7,76.3,51.4,6.56e-01,LOW-N
symxstratxregime,PUMPUSDT|late_fade|neutral,6,50.0,50.0,0.168,0.133,0.0173,1.26,0.1,2,0.2,2,2.85,18.8,81.2,44.2,5.43e-01,LOW-N
symxstratxregime,PUMPUSDT|london_burst_fade|bull,25,44.0,44.0,0.3,0.303,-0.0378,0.78,-0.9,3,1.3,7,inf,26.7,62.9,50.3,7.96e-01,LOW-N
symxstratxregime,PUMPUSDT|london_burst_fade|neutral,3,33.3,33.3,0.226,0.098,0.01,1.15,0.0,2,0.2,1,1.0,6.1,79.2,30.3,6.61e-01,LOW-N
symxstratxregime,PUMPUSDT|nony_momentum|bull,15,60.0,60.0,0.179,0.082,0.0745,3.27,1.1,2,0.2,6,0.39,35.7,80.2,31.5,2.11e-02,LOW-N
symxstratxregime,PUMPUSDT|nony_momentum|neutral,4,50.0,50.0,0.212,0.504,-0.146,0.42,-0.6,1,0.8,2,inf,15.0,85.0,70.4,9.19e-01,LOW-N
symxstratxregime,PUMPUSDT|ny_flush_buy_4h|bull,12,50.0,50.0,0.324,0.203,0.0607,1.6,0.7,2,0.7,7,1.07,25.4,74.6,38.5,2.95e-01,LOW-N
symxstratxregime,PUMPUSDT|ny_flush_buy_4h|neutral,1,0.0,0.0,0.0,0.538,-0.5384,0.0,-0.5,1,0.5,1,inf,0.0,79.3,100.0,1.00,LOW-N
symxstratxregime,PUMPUSDT|setup_fade|bull,13,46.2,46.2,0.424,0.245,0.064,1.49,0.8,3,1.0,5,0.6,23.2,70.9,36.6,3.27e-01,LOW-N
symxstratxregime,PUMPUSDT|setup_fade|neutral,1,0.0,0.0,0.0,0.05,-0.0505,0.0,-0.1,1,0.1,1,inf,0.0,79.3,100.0,1.00,LOW-N
symxstratxregime,PUMPUSDT|setup_follow|bull,13,53.8,53.8,0.083,0.19,-0.0429,0.51,-0.6,3,0.9,5,inf,29.1,76.8,69.5,9.33e-01,LOW-N
symxstratxregime,PUMPUSDT|setup_follow|neutral,1,100.0,100.0,0.02,0.0,0.0199,inf,0.0,0,0.0,1,1.0,20.7,100.0,0.0,0.00e+00,LOW-N
symxstratxregime,QNTUSDT|asia_burst_fade|bull,1,100.0,100.0,0.11,0.0,0.1104,inf,0.1,0,0.0,1,1.0,20.7,100.0,0.0,0.00e+00,LOW-N
symxstratxregime,QNTUSDT|burst_follow|bull,1,0.0,0.0,0.0,0.044,-0.0443,0.0,-0.0,1,0.0,1,inf,0.0,79.3,100.0,1.00,LOW-N
symxstratxregime,QNTUSDT|follow_3h_all|bull,1,100.0,100.0,0.048,0.0,0.0481,inf,0.0,0,0.0,1,1.0,20.7,100.0,0.0,0.00e+00,LOW-N
symxstratxregime,QNTUSDT|nony_momentum|bull,1,0.0,0.0,0.0,0.044,-0.0443,0.0,-0.0,1,0.0,1,inf,0.0,79.3,100.0,1.00,LOW-N
symxstratxregime,QNTUSDT|setup_fade|NA,4,50.0,50.0,0.494,0.508,-0.007,0.97,-0.0,1,1.0,2,inf,15.0,85.0,50.7,6.98e-01,LOW-N
symxstratxregime,QNTUSDT|setup_fade|bear,35,54.3,54.3,0.308,0.398,-0.0152,0.92,-0.5,4,1.6,16,inf,38.2,69.5,56.4,6.67e-01,OK
symxstratxregime,QNTUSDT|setup_fade|bull,54,53.7,53.7,0.379,0.355,0.039,1.24,2.1,4,2.9,16,0.67,40.6,66.3,48.4,2.60e-01,OK
symxstratxregime,QNTUSDT|setup_fade|neutral,77,53.2,53.2,0.342,0.37,0.0089,1.05,0.7,4,3.7,31,1.81,42.2,64.0,52.0,4.59e-01,OK
symxstratxregime,QNTUSDT|setup_follow|NA,4,50.0,50.0,0.152,0.239,-0.0436,0.64,-0.2,1,0.4,2,inf,15.0,85.0,61.1,8.34e-01,LOW-N
symxstratxregime,QNTUSDT|setup_follow|bear,35,45.7,45.7,0.158,0.113,0.0107,1.17,0.4,4,0.8,16,1.21,30.5,61.8,41.8,3.78e-01,OK
symxstratxregime,QNTUSDT|setup_follow|bull,54,48.1,48.1,0.143,0.144,-0.006,0.92,-0.3,6,1.5,16,inf,35.4,61.1,50.2,6.71e-01,OK
symxstratxregime,QNTUSDT|setup_follow|neutral,78,42.3,42.3,0.152,0.131,-0.0114,0.85,-0.9,7,2.6,31,inf,32.0,53.4,46.3,7.95e-01,OK
symxstratxregime,QNTUSDT|v65_strict_long|bull,3,33.3,33.3,0.749,0.185,0.1262,2.02,0.4,2,0.4,3,1.98,6.1,79.2,19.8,4.85e-01,LOW-N
symxstratxregime,QNTUSDT|v65_strict_ny_long|bull,3,33.3,33.3,0.749,0.185,0.1262,2.02,0.4,2,0.4,3,1.98,6.1,79.2,19.8,4.85e-01,LOW-N
symxstratxregime,RENDERUSDT|asia_burst_fade|bear,1,0.0,0.0,0.0,0.099,-0.0993,0.0,-0.1,1,0.1,1,inf,0.0,79.3,100.0,1.00,LOW-N
symxstratxregime,RENDERUSDT|asia_burst_fade|bull,1,0.0,0.0,0.0,0.051,-0.051,0.0,-0.1,1,0.1,1,inf,0.0,79.3,100.0,1.00,LOW-N
symxstratxregime,RENDERUSDT|asia_burst_fade|neutral,3,33.3,33.3,0.132,0.143,-0.0511,0.46,-0.2,2,0.3,3,inf,6.1,79.2,51.9,8.89e-01,LOW-N
symxstratxregime,RENDERUSDT|burst_follow|bear,3,66.7,66.7,0.065,0.021,0.036,6.06,0.1,1,0.0,3,0.83,20.8,93.9,24.8,1.54e-01,LOW-N
symxstratxregime,RENDERUSDT|burst_follow|bull,3,100.0,100.0,0.113,0.0,0.1128,inf,0.3,0,0.0,3,0.56,43.8,100.0,0.0,0.00e+00,LOW-N
symxstratxregime,RENDERUSDT|burst_follow|neutral,12,41.7,41.7,0.124,0.08,0.005,1.11,0.1,2,0.3,9,7.63,19.3,68.0,39.2,5.40e-01,LOW-N
symxstratxregime,RENDERUSDT|fade_3h_late|neutral,2,100.0,100.0,0.119,0.0,0.1193,inf,0.2,0,0.0,2,0.72,34.2,100.0,0.0,0.00e+00,LOW-N
symxstratxregime,RENDERUSDT|follow_3h_all|bull,1,100.0,100.0,0.091,0.0,0.0915,inf,0.1,0,0.0,1,1.0,20.7,100.0,0.0,0.00e+00,LOW-N
symxstratxregime,RENDERUSDT|follow_3h_all|neutral,4,50.0,50.0,0.331,0.12,0.1057,2.76,0.4,2,0.2,4,1.4,15.0,85.0,26.6,2.88e-01,LOW-N
symxstratxregime,RENDERUSDT|late_fade|bear,1,0.0,0.0,0.0,0.076,-0.0755,0.0,-0.1,1,0.1,1,inf,0.0,79.3,100.0,1.00,LOW-N
symxstratxregime,RENDERUSDT|late_fade|bull,1,0.0,0.0,0.0,0.158,-0.1585,0.0,-0.2,1,0.2,1,inf,0.0,79.3,100.0,1.00,LOW-N
symxstratxregime,RENDERUSDT|late_fade|neutral,5,60.0,60.0,0.173,0.034,0.0899,7.56,0.4,1,0.0,3,0.5,23.1,88.2,16.6,3.49e-02,LOW-N
symxstratxregime,RENDERUSDT|london_burst_fade|bear,1,100.0,100.0,0.052,0.0,0.0519,inf,0.1,0,0.0,1,1.0,20.7,100.0,0.0,0.00e+00,LOW-N
symxstratxregime,RENDERUSDT|london_burst_fade|neutral,4,50.0,50.0,0.408,0.53,-0.0613,0.77,-0.2,1,1.0,3,inf,15.0,85.0,56.5,7.79e-01,LOW-N
symxstratxregime,RENDERUSDT|nony_momentum|bear,1,100.0,100.0,0.039,0.0,0.0392,inf,0.0,0,0.0,1,1.0,20.7,100.0,0.0,0.00e+00,LOW-N
symxstratxregime,RENDERUSDT|nony_momentum|bull,1,100.0,100.0,0.02,0.0,0.0203,inf,0.0,0,0.0,1,1.0,20.7,100.0,0.0,0.00e+00,LOW-N
symxstratxregime,RENDERUSDT|nony_momentum|neutral,10,50.0,50.0,0.124,0.096,0.014,1.29,0.1,2,0.3,7,3.23,23.7,76.3,43.6,4.60e-01,LOW-N
symxstratxregime,RENDERUSDT|ny_flush_buy_4h|bull,1,100.0,100.0,0.129,0.0,0.1287,inf,0.1,0,0.0,1,1.0,20.7,100.0,0.0,0.00e+00,LOW-N
symxstratxregime,RENDERUSDT|setup_fade|NA,7,57.1,57.1,0.26,0.337,0.0042,1.03,0.0,3,1.0,2,25.5,25.0,84.2,56.4,6.39e-01,LOW-N
symxstratxregime,RENDERUSDT|setup_fade|bear,51,51.0,51.0,0.34,0.3,0.0267,1.18,1.4,6,2.2,17,1.42,37.7,64.1,46.8,3.24e-01,OK
symxstratxregime,RENDERUSDT|setup_fade|bull,50,54.0,54.0,0.358,0.41,0.0046,1.02,0.2,4,2.6,15,3.93,40.4,67.0,53.4,5.24e-01,OK
symxstratxregime,RENDERUSDT|setup_fade|neutral,63,55.6,55.6,0.368,0.35,0.0487,1.31,3.1,4,3.3,30,0.64,43.3,67.2,48.8,1.71e-01,OK
symxstratxregime,RENDERUSDT|setup_follow|NA,7,42.9,42.9,0.134,0.105,-0.0025,0.96,-0.0,3,0.3,2,inf,15.8,75.0,43.9,6.62e-01,LOW-N
symxstratxregime,RENDERUSDT|setup_follow|bear,50,44.0,44.0,0.127,0.112,-0.0069,0.89,-0.3,6,1.1,17,inf,31.2,57.7,46.9,7.08e-01,OK
symxstratxregime,RENDERUSDT|setup_follow|bull,49,42.9,42.9,0.172,0.126,0.0017,1.02,0.1,5,0.8,15,8.27,30.0,56.7,42.3,5.23e-01,OK
symxstratxregime,RENDERUSDT|setup_follow|neutral,63,44.4,44.4,0.153,0.141,-0.0102,0.87,-0.6,6,1.9,30,inf,32.8,56.7,47.9,7.50e-01,OK
symxstratxregime,RENDERUSDT|v65_strict_long|bull,2,0.0,0.0,0.0,0.202,-0.2019,0.0,-0.4,2,0.4,2,inf,0.0,65.8,100.0,1.00,LOW-N
symxstratxregime,RENDERUSDT|v65_strict_ny_long|bull,2,0.0,0.0,0.0,0.202,-0.2019,0.0,-0.4,2,0.4,2,inf,0.0,65.8,100.0,1.00,LOW-N
symxstratxregime,RUNEUSDT|asia_burst_fade|bull,7,57.1,57.1,0.414,0.134,0.1793,4.13,1.3,2,0.3,2,0.96,25.0,84.2,24.4,6.50e-02,LOW-N
symxstratxregime,RUNEUSDT|asia_pump_short_4h|bull,2,50.0,50.0,0.57,0.667,-0.0483,0.86,-0.1,1,0.7,1,inf,9.5,90.5,53.9,7.88e-01,LOW-N
symxstratxregime,RUNEUSDT|burst_follow|bull,15,53.3,53.3,0.079,0.171,-0.0376,0.53,-0.6,3,0.7,4,inf,30.1,75.2,68.4,9.34e-01,LOW-N
symxstratxregime,RUNEUSDT|fade_3h_asia|bull,2,50.0,50.0,0.156,0.062,0.047,2.5,0.1,1,0.1,1,1.0,9.5,90.5,28.5,4.89e-01,LOW-N
symxstratxregime,RUNEUSDT|follow_3h_all|bull,4,25.0,25.0,0.201,0.35,-0.2122,0.19,-0.8,3,1.0,3,inf,4.6,69.9,63.5,9.82e-01,LOW-N
symxstratxregime,RUNEUSDT|london_burst_fade|bull,3,0.0,0.0,0.0,0.291,-0.2907,0.0,-0.9,3,0.9,1,inf,0.0,56.2,100.0,1.00,LOW-N
symxstratxregime,RUNEUSDT|nony_momentum|bull,3,66.7,66.7,0.073,0.018,0.043,8.18,0.1,1,0.0,2,1.14,20.8,93.9,19.7,1.01e-01,LOW-N
symxstratxregime,RUNEUSDT|ny_flush_buy_4h|bull,2,0.0,0.0,0.0,0.479,-0.4791,0.0,-1.0,2,1.0,2,inf,0.0,65.8,100.0,1.00,LOW-N
symxstratxregime,RUNEUSDT|setup_fade|NA,3,33.3,33.3,0.749,0.638,-0.1759,0.59,-0.5,2,1.3,2,inf,6.1,79.2,46.0,8.43e-01,LOW-N
symxstratxregime,RUNEUSDT|setup_fade|bear,37,56.8,56.8,0.318,0.405,0.0051,1.03,0.2,3,3.7,15,9.38,40.9,71.3,56.1,5.34e-01,OK
symxstratxregime,RUNEUSDT|setup_fade|bull,54,63.0,63.0,0.335,0.312,0.0957,1.83,5.2,3,1.5,14,0.47,49.6,74.6,48.2,2.05e-02,OK
symxstratxregime,RUNEUSDT|setup_fade|neutral,75,50.7,50.7,0.328,0.342,-0.0027,0.98,-0.2,5,3.5,25,inf,39.6,61.7,51.1,5.73e-01,OK
symxstratxregime,RUNEUSDT|setup_follow|NA,3,66.7,66.7,0.205,0.197,0.0706,2.07,0.2,1,0.2,2,1.93,20.8,93.9,49.1,4.87e-01,LOW-N
symxstratxregime,RUNEUSDT|setup_follow|bear,36,44.4,44.4,0.155,0.155,-0.0173,0.8,-0.6,8,1.9,15,inf,29.5,60.4,50.0,7.99e-01,OK
symxstratxregime,RUNEUSDT|setup_follow|bull,54,35.2,35.2,0.132,0.125,-0.0348,0.57,-1.9,8,1.9,14,inf,23.8,48.5,48.7,9.84e-01,OK
symxstratxregime,RUNEUSDT|setup_follow|neutral,76,47.4,47.4,0.163,0.123,0.0124,1.19,0.9,4,1.0,25,0.65,36.5,58.4,43.0,2.57e-01,OK
symxstratxregime,RUNEUSDT|v65_strict_long|bull,2,50.0,50.0,0.358,1.001,-0.3214,0.36,-0.6,1,1.0,2,inf,9.5,90.5,73.7,9.31e-01,LOW-N
symxstratxregime,RUNEUSDT|v65_strict_ny_long|bull,2,50.0,50.0,0.358,1.001,-0.3214,0.36,-0.6,1,1.0,2,inf,9.5,90.5,73.7,9.31e-01,LOW-N
symxstratxregime,SOLUSDT|asia_burst_fade|NA,12,58.3,58.3,0.398,0.305,0.1051,1.83,1.3,2,1.0,1,1.0,32.0,80.7,43.4,2.24e-01,LOW-N
symxstratxregime,SOLUSDT|asia_burst_fade|bear,66,51.5,51.5,0.295,0.31,0.0017,1.01,0.1,3,2.5,11,10.86,39.7,63.2,51.2,5.32e-01,OK
symxstratxregime,SOLUSDT|asia_burst_fade|bull,124,40.3,40.3,0.392,0.319,-0.032,0.83,-4.0,6,7.0,16,inf,32.1,49.1,44.8,8.64e-01,OK
symxstratxregime,SOLUSDT|asia_burst_fade|neutral,120,35.0,35.0,0.394,0.285,-0.0474,0.74,-5.7,12,9.8,26,inf,27.1,43.9,42.0,9.51e-01,OK
symxstratxregime,SOLUSDT|asia_pump_short_4h|NA,3,100.0,100.0,0.444,0.0,0.4438,inf,1.3,0,0.0,3,0.55,43.8,100.0,0.0,0.00e+00,LOW-N
symxstratxregime,SOLUSDT|asia_pump_short_4h|bear,8,50.0,50.0,0.216,0.256,-0.02,0.84,-0.2,2,0.5,7,inf,21.5,78.5,54.2,7.25e-01,LOW-N
symxstratxregime,SOLUSDT|asia_pump_short_4h|bull,21,66.7,66.7,0.432,0.682,0.061,1.27,1.3,4,3.4,14,1.05,45.4,82.8,61.2,3.92e-01,LOW-N
symxstratxregime,SOLUSDT|asia_pump_short_4h|neutral,23,69.6,69.6,0.224,0.441,0.0213,1.16,0.5,2,1.2,19,1.98,49.1,84.4,66.4,4.68e-01,LOW-N
symxstratxregime,SOLUSDT|burst_follow|NA,31,41.9,41.9,0.136,0.113,-0.0085,0.87,-0.3,5,0.7,2,inf,26.4,59.2,45.4,7.11e-01,OK
symxstratxregime,SOLUSDT|burst_follow|bear,207,55.6,55.6,0.12,0.139,0.0047,1.08,1.0,6,1.5,18,0.96,48.7,62.2,53.7,3.25e-01,OK
symxstratxregime,SOLUSDT|burst_follow|bull,374,59.1,59.1,0.112,0.15,0.0048,1.08,1.8,6,3.8,21,0.72,54.0,64.0,57.2,2.52e-01,OK
symxstratxregime,SOLUSDT|burst_follow|neutral,387,57.4,57.4,0.127,0.153,0.0076,1.12,2.9,5,3.1,31,0.26,52.4,62.2,54.7,1.55e-01,OK
symxstratxregime,SOLUSDT|fade_3h_asia|bear,6,83.3,83.3,0.141,0.597,0.0177,1.18,0.1,1,0.6,4,4.87,43.6,97.0,80.9,6.78e-01,LOW-N
symxstratxregime,SOLUSDT|fade_3h_asia|bull,1,0.0,0.0,0.0,1.0,-1.0001,0.0,-1.0,1,1.0,1,inf,0.0,79.3,100.0,1.00,LOW-N
symxstratxregime,SOLUSDT|fade_3h_asia|neutral,6,50.0,50.0,0.194,0.564,-0.185,0.34,-1.1,2,1.2,5,inf,18.8,81.2,74.4,9.59e-01,LOW-N
symxstratxregime,SOLUSDT|fade_3h_late|bear,4,75.0,75.0,0.433,0.199,0.2746,6.51,1.1,1,0.2,4,0.71,30.1,95.4,31.5,9.58e-02,LOW-N
symxstratxregime,SOLUSDT|fade_3h_late|bull,1,0.0,0.0,0.0,1.0,-1.0002,0.0,-1.0,1,1.0,1,inf,0.0,79.3,100.0,1.00,LOW-N
symxstratxregime,SOLUSDT|fade_3h_late|neutral,5,40.0,40.0,0.684,0.272,0.1105,1.68,0.6,3,0.8,5,2.13,11.8,76.9,28.4,4.40e-01,LOW-N
symxstratxregime,SOLUSDT|fade_3h_london|NA,1,100.0,100.0,0.86,0.0,0.86,inf,0.9,0,0.0,1,1.0,20.7,100.0,0.0,0.00e+00,LOW-N
symxstratxregime,SOLUSDT|fade_3h_london|bear,5,60.0,60.0,0.253,0.141,0.0954,2.69,0.5,1,0.2,4,0.49,23.1,88.2,35.8,2.47e-01,LOW-N
symxstratxregime,SOLUSDT|fade_3h_london|bull,2,0.0,0.0,0.0,0.87,-0.8702,0.0,-1.7,2,1.7,2,inf,0.0,65.8,100.0,1.00,LOW-N
symxstratxregime,SOLUSDT|fade_3h_london|neutral,7,28.6,28.6,0.146,0.353,-0.2103,0.17,-1.5,3,1.5,5,inf,8.2,64.1,70.7,9.97e-01,LOW-N
symxstratxregime,SOLUSDT|follow_3h_all|NA,1,100.0,100.0,0.791,0.0,0.7913,inf,0.8,0,0.0,1,1.0,20.7,100.0,0.0,0.00e+00,LOW-N
symxstratxregime,SOLUSDT|follow_3h_all|bear,19,36.8,36.8,0.315,0.217,-0.021,0.85,-0.4,6,1.5,7,inf,19.1,59.0,40.8,7.16e-01,LOW-N
symxstratxregime,SOLUSDT|follow_3h_all|bull,7,42.9,42.9,0.168,0.184,-0.0332,0.68,-0.2,3,0.7,5,inf,15.8,75.0,52.3,8.09e-01,LOW-N
symxstratxregime,SOLUSDT|follow_3h_all|neutral,30,56.7,56.7,0.241,0.394,-0.0339,0.8,-1.0,5,2.5,9,inf,39.2,72.6,62.0,7.87e-01,OK
symxstratxregime,SOLUSDT|late_fade|bear,19,31.6,31.6,0.1,0.107,-0.0418,0.43,-0.8,4,0.8,10,inf,15.4,54.0,51.7,9.77e-01,LOW-N
symxstratxregime,SOLUSDT|late_fade|bull,29,37.9,37.9,0.154,0.06,0.0212,1.57,0.6,9,0.6,12,0.83,22.7,56.0,28.0,1.62e-01,LOW-N
symxstratxregime,SOLUSDT|late_fade|neutral,35,51.4,51.4,0.153,0.106,0.027,1.52,0.9,3,0.8,14,0.6,35.6,67.0,41.0,1.40e-01,OK
symxstratxregime,SOLUSDT|london_burst_fade|NA,9,66.7,66.7,0.442,0.263,0.2067,3.36,1.9,3,0.8,2,0.59,35.4,87.9,37.3,7.25e-02,LOW-N
symxstratxregime,SOLUSDT|london_burst_fade|bear,48,41.7,41.7,0.476,0.265,0.0435,1.28,2.1,6,2.7,10,1.03,28.8,55.7,35.8,2.40e-01,OK
symxstratxregime,SOLUSDT|london_burst_fade|bull,99,42.4,42.4,0.391,0.315,-0.0156,0.91,-1.5,5,5.1,16,inf,33.2,52.3,44.6,7.05e-01,OK
symxstratxregime,SOLUSDT|london_burst_fade|neutral,93,39.8,39.8,0.35,0.379,-0.0889,0.61,-8.3,13,9.4,26,inf,30.4,49.9,52.0,9.93e-01,OK
symxstratxregime,SOLUSDT|nony_momentum|NA,7,28.6,28.6,0.241,0.152,-0.0393,0.64,-0.3,3,0.5,2,inf,8.2,64.1,38.6,8.22e-01,LOW-N
symxstratxregime,SOLUSDT|nony_momentum|bear,39,56.4,56.4,0.123,0.092,0.0292,1.73,1.1,3,0.4,11,0.32,41.0,70.7,42.8,6.00e-02,OK
symxstratxregime,SOLUSDT|nony_momentum|bull,99,64.6,64.6,0.125,0.116,0.0398,1.97,3.9,4,0.8,20,0.19,54.8,73.4,48.1,6.69e-04,OK
symxstratxregime,SOLUSDT|nony_momentum|neutral,93,53.8,53.8,0.146,0.197,-0.0126,0.86,-1.2,4,2.8,25,inf,43.7,63.5,57.4,7.95e-01,OK
symxstratxregime,SOLUSDT|ny_burst_fade|NA,9,55.6,55.6,0.257,0.202,0.053,1.59,0.5,2,0.6,2,2.28,26.7,81.1,44.0,3.55e-01,LOW-N
symxstratxregime,SOLUSDT|ny_burst_fade|bear,4,50.0,50.0,0.13,0.096,0.0169,1.35,0.1,2,0.2,1,1.0,15.0,85.0,42.5,5.68e-01,LOW-N
symxstratxregime,SOLUSDT|ny_burst_follow|NA,8,50.0,50.0,0.08,0.085,-0.0024,0.94,-0.0,3,0.3,2,inf,21.5,78.5,51.5,6.68e-01,LOW-N
symxstratxregime,SOLUSDT|ny_burst_follow|bear,5,20.0,20.0,0.069,0.068,-0.0405,0.25,-0.2,2,0.2,1,inf,3.6,62.4,49.6,9.68e-01,LOW-N
symxstratxregime,SOLUSDT|ny_flush_buy_4h|NA,4,25.0,25.0,0.261,0.153,-0.0497,0.57,-0.2,2,0.4,3,inf,4.6,69.9,37.0,8.42e-01,LOW-N
symxstratxregime,SOLUSDT|ny_flush_buy_4h|bear,8,37.5,37.5,0.318,0.279,-0.0553,0.68,-0.4,4,1.3,6,inf,13.7,69.4,46.8,8.09e-01,LOW-N
symxstratxregime,SOLUSDT|ny_flush_buy_4h|bull,26,73.1,73.1,0.435,0.206,0.2621,5.72,6.8,3,0.5,17,0.34,53.9,86.3,32.2,2.30e-05,LOW-N
symxstratxregime,SOLUSDT|ny_flush_buy_4h|neutral,31,45.2,45.2,0.273,0.287,-0.0339,0.78,-1.1,4,1.8,21,inf,29.2,62.2,51.2,8.03e-01,OK
symxstratxregime,SOLUSDT|setup_fade|NA,3,33.3,33.3,0.099,0.203,-0.1022,0.24,-0.3,2,0.4,2,inf,6.1,79.2,67.2,9.65e-01,LOW-N
symxstratxregime,SOLUSDT|setup_fade|bear,47,27.7,27.7,0.387,0.325,-0.1282,0.45,-6.0,6,6.4,18,inf,16.9,41.8,45.7,9.96e-01,OK
symxstratxregime,SOLUSDT|setup_fade|bull,37,54.1,54.1,0.418,0.402,0.0414,1.22,1.5,4,2.1,14,0.62,38.4,69.0,49.0,3.26e-01,OK
symxstratxregime,SOLUSDT|setup_fade|neutral,93,37.6,37.6,0.387,0.31,-0.0478,0.75,-4.4,9,6.8,32,inf,28.5,47.8,44.5,9.25e-01,OK
symxstratxregime,SOLUSDT|setup_follow|NA,3,66.7,66.7,0.08,0.04,0.0401,3.98,0.1,1,0.0,2,1.34,20.8,93.9,33.5,2.61e-01,LOW-N
symxstratxregime,SOLUSDT|setup_follow|bear,47,66.0,66.0,0.128,0.124,0.0423,2.01,2.0,4,0.5,18,0.31,51.7,77.8,49.1,1.49e-02,OK
symxstratxregime,SOLUSDT|setup_follow|bull,37,45.9,45.9,0.144,0.18,-0.0312,0.68,-1.2,5,1.9,14,inf,31.0,61.6,55.6,9.10e-01,OK
symxstratxregime,SOLUSDT|setup_follow|neutral,92,63.0,63.0,0.125,0.199,0.0055,1.08,0.5,4,1.9,32,1.69,52.8,72.2,61.3,4.12e-01,OK
symxstratxregime,SOLUSDT|v65_strict_long|bear,1,0.0,0.0,0.0,0.001,-0.0006,0.0,-0.0,1,0.0,1,inf,0.0,79.3,100.0,1.00,LOW-N
symxstratxregime,SOLUSDT|v65_strict_long|bull,1,100.0,100.0,0.749,0.0,0.7491,inf,0.7,0,0.0,1,1.0,20.7,100.0,0.0,0.00e+00,LOW-N
symxstratxregime,SOLUSDT|v65_strict_ny_long|bear,1,0.0,0.0,0.0,0.001,-0.0006,0.0,-0.0,1,0.0,1,inf,0.0,79.3,100.0,1.00,LOW-N
symxstratxregime,SOLUSDT|v65_strict_ny_long|bull,1,100.0,100.0,0.749,0.0,0.7491,inf,0.7,0,0.0,1,1.0,20.7,100.0,0.0,0.00e+00,LOW-N
symxstratxregime,SUIUSDT|asia_burst_fade|bull,20,30.0,30.0,0.286,0.298,-0.1228,0.41,-2.5,9,3.5,6,inf,14.5,51.9,51.0,9.83e-01,LOW-N
symxstratxregime,SUIUSDT|asia_pump_short_4h|bull,3,100.0,100.0,0.43,0.0,0.4295,inf,1.3,0,0.0,3,0.64,43.8,100.0,0.0,0.00e+00,LOW-N
symxstratxregime,SUIUSDT|burst_follow|bull,67,52.2,52.2,0.116,0.111,0.0075,1.14,0.5,4,1.3,8,0.94,40.5,63.7,48.9,3.36e-01,OK
symxstratxregime,SUIUSDT|follow_3h_all|bull,1,0.0,0.0,0.0,0.065,-0.0647,0.0,-0.1,1,0.1,1,inf,0.0,79.3,100.0,1.00,LOW-N
symxstratxregime,SUIUSDT|late_fade|bull,4,75.0,75.0,0.096,0.253,0.0083,1.13,0.0,1,0.3,3,8.3,30.1,95.4,72.6,6.98e-01,LOW-N
symxstratxregime,SUIUSDT|london_burst_fade|bull,16,43.8,43.8,0.288,0.291,-0.0376,0.77,-0.6,2,1.6,7,inf,23.1,66.8,50.2,7.79e-01,LOW-N
symxstratxregime,SUIUSDT|nony_momentum|bull,18,61.1,61.1,0.114,0.082,0.0376,2.18,0.7,2,0.3,6,0.8,38.6,79.7,41.9,7.95e-02,LOW-N
symxstratxregime,SUIUSDT|ny_flush_buy_4h|bull,12,33.3,33.3,0.19,0.296,-0.1341,0.32,-1.6,4,2.2,7,inf,13.8,60.9,60.9,9.87e-01,LOW-N
symxstratxregime,SUIUSDT|setup_fade|bull,26,57.7,57.7,0.353,0.328,0.0646,1.46,1.7,2,1.2,7,1.25,38.9,74.5,48.2,2.20e-01,LOW-N
symxstratxregime,SUIUSDT|setup_follow|bull,26,42.3,42.3,0.103,0.112,-0.0208,0.68,-0.5,4,1.1,7,inf,25.5,61.1,52.0,8.82e-01,LOW-N
symxstratxregime,TAOUSDT|asia_burst_fade|NA,1,0.0,0.0,0.0,1.001,-1.0007,0.0,-1.0,1,1.0,1,inf,0.0,79.3,100.0,1.00,LOW-N
symxstratxregime,TAOUSDT|asia_burst_fade|bear,3,66.7,66.7,0.202,0.238,0.0557,1.7,0.2,1,0.2,3,2.15,20.8,93.9,54.0,5.60e-01,LOW-N
symxstratxregime,TAOUSDT|asia_burst_fade|bull,22,63.6,63.6,0.326,0.421,0.0544,1.36,1.2,2,1.0,9,0.82,43.0,80.3,56.3,3.21e-01,LOW-N
symxstratxregime,TAOUSDT|asia_burst_fade|neutral,21,38.1,38.1,0.482,0.37,-0.0454,0.8,-1.0,7,3.1,15,inf,20.8,59.1,43.4,7.60e-01,LOW-N
symxstratxregime,TAOUSDT|asia_pump_short_4h|bear,1,100.0,100.0,0.037,0.0,0.0372,inf,0.0,0,0.0,1,1.0,20.7,100.0,0.0,0.00e+00,LOW-N
symxstratxregime,TAOUSDT|asia_pump_short_4h|bull,3,33.3,33.3,0.345,0.499,-0.2172,0.35,-0.7,1,0.7,3,inf,6.1,79.2,59.1,9.31e-01,LOW-N
symxstratxregime,TAOUSDT|asia_pump_short_4h|neutral,4,75.0,75.0,0.375,0.311,0.2037,3.62,0.8,1,0.3,4,0.91,30.1,95.4,45.3,2.46e-01,LOW-N
symxstratxregime,TAOUSDT|burst_follow|NA,2,100.0,100.0,0.185,0.0,0.1849,inf,0.4,0,0.0,2,0.81,34.2,100.0,0.0,0.00e+00,LOW-N
symxstratxregime,TAOUSDT|burst_follow|bear,16,62.5,62.5,0.132,0.107,0.0427,2.06,0.7,3,0.5,9,0.42,38.6,81.5,44.7,1.19e-01,LOW-N
symxstratxregime,TAOUSDT|burst_follow|bull,53,50.9,50.9,0.15,0.111,0.0222,1.41,1.2,4,0.8,12,0.41,37.9,63.9,42.4,1.33e-01,OK
symxstratxregime,TAOUSDT|burst_follow|neutral,64,50.0,50.0,0.153,0.186,-0.0166,0.82,-1.1,4,2.3,24,inf,38.1,61.9,54.9,8.19e-01,OK
symxstratxregime,TAOUSDT|fade_3h_asia|neutral,1,0.0,0.0,0.0,0.091,-0.0913,0.0,-0.1,1,0.1,1,inf,0.0,79.3,100.0,1.00,LOW-N
symxstratxregime,TAOUSDT|fade_3h_late|bull,1,100.0,100.0,0.005,0.0,0.0046,inf,0.0,0,0.0,1,1.0,20.7,100.0,0.0,0.00e+00,LOW-N
symxstratxregime,TAOUSDT|fade_3h_late|neutral,2,50.0,50.0,0.231,0.072,0.0792,3.19,0.2,1,0.1,2,1.46,9.5,90.5,23.8,4.20e-01,LOW-N
symxstratxregime,TAOUSDT|fade_3h_london|bull,1,0.0,0.0,0.0,0.044,-0.0439,0.0,-0.0,1,0.0,1,inf,0.0,79.3,100.0,1.00,LOW-N
symxstratxregime,TAOUSDT|follow_3h_all|bear,3,100.0,100.0,0.179,0.0,0.1786,inf,0.5,0,0.0,2,0.62,43.8,100.0,0.0,0.00e+00,LOW-N
symxstratxregime,TAOUSDT|follow_3h_all|bull,4,50.0,50.0,0.112,0.114,-0.0009,0.98,-0.0,2,0.2,3,inf,15.0,85.0,50.4,6.93e-01,LOW-N
symxstratxregime,TAOUSDT|follow_3h_all|neutral,14,57.1,57.1,0.232,0.167,0.061,1.85,0.9,4,0.5,9,0.48,32.6,78.6,41.9,1.87e-01,LOW-N
symxstratxregime,TAOUSDT|late_fade|bear,1,0.0,0.0,0.0,0.044,-0.0436,0.0,-0.0,1,0.0,1,inf,0.0,79.3,100.0,1.00,LOW-N
symxstratxregime,TAOUSDT|late_fade|bull,3,33.3,33.3,0.25,0.16,-0.0231,0.78,-0.1,2,0.3,2,inf,6.1,79.2,39.0,7.73e-01,LOW-N
symxstratxregime,TAOUSDT|late_fade|neutral,13,61.5,61.5,0.18,0.062,0.087,4.65,1.1,3,0.2,9,0.38,35.5,82.3,25.6,6.61e-03,LOW-N
symxstratxregime,TAOUSDT|london_burst_fade|bear,7,28.6,28.6,0.315,0.289,-0.1166,0.44,-0.8,5,1.4,4,inf,8.2,64.1,47.9,9.22e-01,LOW-N
symxstratxregime,TAOUSDT|london_burst_fade|bull,13,23.1,23.1,0.506,0.352,-0.1539,0.43,-2.0,4,2.7,8,inf,8.2,50.3,41.0,9.50e-01,LOW-N
symxstratxregime,TAOUSDT|london_burst_fade|neutral,9,66.7,66.7,0.329,0.27,0.1293,2.43,1.2,2,0.7,5,0.99,35.4,87.9,45.1,1.67e-01,LOW-N
symxstratxregime,TAOUSDT|nony_momentum|NA,1,100.0,100.0,0.3,0.0,0.2997,inf,0.3,0,0.0,1,1.0,20.7,100.0,0.0,0.00e+00,LOW-N
symxstratxregime,TAOUSDT|nony_momentum|bear,4,100.0,100.0,0.11,0.0,0.1099,inf,0.4,0,0.0,4,0.54,51.0,100.0,0.0,0.00e+00,LOW-N
symxstratxregime,TAOUSDT|nony_momentum|bull,13,46.2,46.2,0.153,0.106,0.0136,1.24,0.2,2,0.2,7,1.21,23.2,70.9,40.9,4.53e-01,LOW-N
symxstratxregime,TAOUSDT|nony_momentum|neutral,23,52.2,52.2,0.125,0.128,0.004,1.07,0.1,3,0.6,12,3.23,33.0,70.8,50.6,5.22e-01,LOW-N
symxstratxregime,TAOUSDT|ny_flush_buy_4h|bear,2,100.0,100.0,0.306,0.0,0.3064,inf,0.6,0,0.0,2,0.51,34.2,100.0,0.0,0.00e+00,LOW-N
symxstratxregime,TAOUSDT|ny_flush_buy_4h|bull,10,50.0,50.0,0.182,0.153,0.0147,1.19,0.1,2,0.6,8,2.65,23.7,76.3,45.6,5.12e-01,LOW-N
symxstratxregime,TAOUSDT|ny_flush_buy_4h|neutral,14,57.1,57.1,0.251,0.301,0.0145,1.11,0.2,2,1.0,12,3.28,32.6,78.6,54.5,5.31e-01,LOW-N
symxstratxregime,TAOUSDT|setup_fade|NA,2,50.0,50.0,0.108,0.697,-0.2943,0.16,-0.6,1,0.7,2,inf,9.5,90.5,86.5,9.82e-01,LOW-N
symxstratxregime,TAOUSDT|setup_fade|bear,47,57.4,57.4,0.308,0.315,0.0429,1.32,2.0,3,2.0,18,0.77,43.3,70.5,50.6,2.13e-01,OK
symxstratxregime,TAOUSDT|setup_fade|bull,52,46.2,46.2,0.303,0.405,-0.0782,0.64,-4.1,7,4.2,16,inf,33.3,59.5,57.2,9.59e-01,OK
symxstratxregime,TAOUSDT|setup_fade|neutral,82,53.7,53.7,0.382,0.265,0.0823,1.67,6.8,5,1.9,30,0.29,42.9,64.0,40.9,1.34e-02,OK
symxstratxregime,TAOUSDT|setup_follow|NA,2,50.0,50.0,0.3,0.044,0.1277,6.79,0.3,1,0.0,2,1.17,9.5,90.5,12.8,2.40e-01,LOW-N
symxstratxregime,TAOUSDT|setup_follow|bear,47,44.7,44.7,0.132,0.109,-0.0015,0.98,-0.1,5,0.8,18,inf,31.4,58.8,45.3,5.90e-01,OK
symxstratxregime,TAOUSDT|setup_follow|bull,53,52.8,52.8,0.171,0.133,0.0278,1.44,1.5,4,1.5,16,0.49,39.7,65.6,43.7,1.15e-01,OK
symxstratxregime,TAOUSDT|setup_follow|neutral,80,46.2,46.2,0.102,0.158,-0.0377,0.56,-3.0,11,3.9,30,inf,35.7,57.1,60.7,9.97e-01,OK
symxstratxregime,TAOUSDT|v65_strict_long|bear,1,0.0,0.0,0.0,0.075,-0.0754,0.0,-0.1,1,0.1,1,inf,0.0,79.3,100.0,1.00,LOW-N
symxstratxregime,TAOUSDT|v65_strict_long|bull,2,0.0,0.0,0.0,0.141,-0.1411,0.0,-0.3,2,0.3,2,inf,0.0,65.8,100.0,1.00,LOW-N
symxstratxregime,TAOUSDT|v65_strict_long|neutral,2,50.0,50.0,0.749,0.623,0.0633,1.2,0.1,1,0.6,2,5.92,9.5,90.5,45.4,7.02e-01,LOW-N
symxstratxregime,TAOUSDT|v65_strict_ny_long|bear,1,0.0,0.0,0.0,0.075,-0.0754,0.0,-0.1,1,0.1,1,inf,0.0,79.3,100.0,1.00,LOW-N
symxstratxregime,TAOUSDT|v65_strict_ny_long|bull,2,0.0,0.0,0.0,0.141,-0.1411,0.0,-0.3,2,0.3,2,inf,0.0,65.8,100.0,1.00,LOW-N
symxstratxregime,TAOUSDT|v65_strict_ny_long|neutral,2,50.0,50.0,0.749,0.623,0.0633,1.2,0.1,1,0.6,2,5.92,9.5,90.5,45.4,7.02e-01,LOW-N
symxstratxregime,TRUMPUSDT|asia_burst_fade|bull,57,43.9,43.9,0.302,0.316,-0.0448,0.75,-2.6,5,5.9,7,inf,31.8,56.7,51.1,8.90e-01,OK
symxstratxregime,TRUMPUSDT|asia_burst_fade|neutral,6,33.3,33.3,0.141,0.173,-0.0685,0.41,-0.4,3,0.6,2,inf,9.7,70.0,55.1,9.32e-01,LOW-N
symxstratxregime,TRUMPUSDT|asia_pump_short_4h|bull,12,75.0,75.0,0.22,0.694,-0.0081,0.95,-0.1,1,1.0,7,inf,46.8,91.1,75.9,6.76e-01,LOW-N
symxstratxregime,TRUMPUSDT|asia_pump_short_4h|neutral,1,100.0,100.0,0.113,0.0,0.113,inf,0.1,0,0.0,1,1.0,20.7,100.0,0.0,0.00e+00,LOW-N
symxstratxregime,TRUMPUSDT|burst_follow|bull,164,53.7,53.7,0.114,0.121,0.0049,1.09,0.8,6,1.6,8,1.35,46.0,61.1,51.6,3.25e-01,OK
symxstratxregime,TRUMPUSDT|burst_follow|neutral,16,43.8,43.8,0.091,0.071,-0.0003,0.99,-0.0,6,0.4,2,inf,23.1,66.8,44.0,6.02e-01,LOW-N
symxstratxregime,TRUMPUSDT|fade_3h_asia|bull,2,100.0,100.0,0.187,0.0,0.1868,inf,0.4,0,0.0,2,0.9,34.2,100.0,0.0,0.00e+00,LOW-N
symxstratxregime,TRUMPUSDT|fade_3h_late|bull,3,33.3,33.3,0.358,0.483,-0.2024,0.37,-0.6,2,1.0,3,inf,6.1,79.2,57.4,9.23e-01,LOW-N
symxstratxregime,TRUMPUSDT|fade_3h_late|neutral,1,100.0,100.0,0.318,0.0,0.3183,inf,0.3,0,0.0,1,1.0,20.7,100.0,0.0,0.00e+00,LOW-N
symxstratxregime,TRUMPUSDT|fade_3h_london|bull,1,100.0,100.0,1.248,0.0,1.2475,inf,1.2,0,0.0,1,1.0,20.7,100.0,0.0,0.00e+00,LOW-N
symxstratxregime,TRUMPUSDT|follow_3h_all|bull,13,53.8,53.8,0.269,0.329,-0.007,0.95,-0.1,1,0.8,7,inf,29.1,76.8,55.0,6.44e-01,LOW-N
symxstratxregime,TRUMPUSDT|follow_3h_all|neutral,1,0.0,0.0,0.0,0.318,-0.3185,0.0,-0.3,1,0.3,1,inf,0.0,79.3,100.0,1.00,LOW-N
symxstratxregime,TRUMPUSDT|late_fade|bull,13,69.2,69.2,0.091,0.099,0.0326,2.07,0.4,2,0.3,6,0.79,42.4,87.3,52.1,1.68e-01,LOW-N
symxstratxregime,TRUMPUSDT|late_fade|neutral,4,75.0,75.0,0.145,0.186,0.0625,2.34,0.3,1,0.2,1,1.0,30.1,95.4,56.1,4.10e-01,LOW-N
symxstratxregime,TRUMPUSDT|london_burst_fade|bull,46,47.8,47.8,0.38,0.203,0.0761,1.72,3.5,4,1.1,7,0.6,34.1,61.9,34.8,4.64e-02,OK
symxstratxregime,TRUMPUSDT|london_burst_fade|neutral,4,50.0,50.0,0.384,0.215,0.0845,1.79,0.3,2,0.4,1,1.0,15.0,85.0,35.9,4.53e-01,LOW-N
symxstratxregime,TRUMPUSDT|nony_momentum|bull,32,59.4,59.4,0.1,0.093,0.0219,1.58,0.7,3,0.3,7,0.52,42.3,74.5,48.1,1.35e-01,OK
symxstratxregime,TRUMPUSDT|nony_momentum|neutral,8,37.5,37.5,0.077,0.1,-0.0334,0.46,-0.3,4,0.4,2,inf,13.7,69.4,56.4,9.24e-01,LOW-N
symxstratxregime,TRUMPUSDT|ny_flush_buy_4h|bull,12,25.0,25.0,0.13,0.202,-0.1187,0.22,-1.4,7,1.5,8,inf,8.9,53.2,60.7,9.98e-01,LOW-N
symxstratxregime,TRUMPUSDT|ny_flush_buy_4h|neutral,1,0.0,0.0,0.0,1.0,-1.0002,0.0,-1.0,1,1.0,1,inf,0.0,79.3,100.0,1.00,LOW-N
symxstratxregime,TRUMPUSDT|setup_fade|bull,5,40.0,40.0,0.413,0.428,-0.0917,0.64,-0.5,2,1.1,4,inf,11.8,76.9,50.9,8.24e-01,LOW-N
symxstratxregime,TRUMPUSDT|setup_fade|neutral,4,50.0,50.0,0.281,0.24,0.0205,1.17,0.1,1,0.5,1,1.0,15.0,85.0,46.1,6.26e-01,LOW-N
symxstratxregime,TRUMPUSDT|setup_follow|bull,5,80.0,80.0,0.11,0.031,0.0818,14.24,0.4,1,0.0,4,0.73,37.6,96.4,21.9,9.53e-03,LOW-N
symxstratxregime,TRUMPUSDT|setup_follow|neutral,4,50.0,50.0,0.096,0.113,-0.0085,0.85,-0.0,2,0.2,1,inf,15.0,85.0,54.1,7.46e-01,LOW-N
symxstratxregime,TRUMPUSDT|v65_strict_long|neutral,2,50.0,50.0,0.017,0.157,-0.0698,0.11,-0.1,1,0.2,1,inf,9.5,90.5,90.0,9.90e-01,LOW-N
symxstratxregime,TRUMPUSDT|v65_strict_ny_long|neutral,2,50.0,50.0,0.017,0.157,-0.0698,0.11,-0.1,1,0.2,1,inf,9.5,90.5,90.0,9.90e-01,LOW-N
symxstratxregime,UNIUSDT|asia_burst_fade|NA,1,0.0,0.0,0.0,0.851,-0.8514,0.0,-0.9,1,0.9,1,inf,0.0,79.3,100.0,1.00,LOW-N
symxstratxregime,UNIUSDT|asia_burst_fade|bear,4,50.0,50.0,0.75,0.262,0.244,2.87,1.0,1,0.3,2,1.29,15.0,85.0,25.9,2.77e-01,LOW-N
symxstratxregime,UNIUSDT|asia_burst_fade|bull,17,35.3,35.3,0.313,0.295,-0.0805,0.58,-1.4,7,1.9,10,inf,17.3,58.7,48.5,9.10e-01,LOW-N
symxstratxregime,UNIUSDT|asia_burst_fade|neutral,25,32.0,32.0,0.532,0.294,-0.03,0.85,-0.7,6,3.2,13,inf,17.2,51.6,35.6,7.16e-01,LOW-N
symxstratxregime,UNIUSDT|asia_pump_short_4h|NA,2,50.0,50.0,0.121,0.122,-0.0001,1.0,-0.0,1,0.1,1,inf,9.5,90.5,50.0,7.50e-01,LOW-N
symxstratxregime,UNIUSDT|asia_pump_short_4h|bull,6,66.7,66.7,0.411,0.34,0.1606,2.42,1.0,2,0.7,6,0.68,30.0,90.3,45.3,2.60e-01,LOW-N
symxstratxregime,UNIUSDT|asia_pump_short_4h|neutral,5,60.0,60.0,0.497,0.617,0.0514,1.21,0.3,1,1.0,5,3.06,23.1,88.2,55.4,6.00e-01,LOW-N
symxstratxregime,UNIUSDT|burst_follow|NA,2,100.0,100.0,0.3,0.0,0.2997,inf,0.6,0,0.0,2,0.5,34.2,100.0,0.0,0.00e+00,LOW-N
symxstratxregime,UNIUSDT|burst_follow|bear,21,47.6,47.6,0.16,0.149,-0.0017,0.98,-0.0,3,0.7,11,inf,28.3,67.6,48.2,6.04e-01,LOW-N
symxstratxregime,UNIUSDT|burst_follow|bull,48,64.6,64.6,0.109,0.132,0.0237,1.51,1.1,5,0.6,15,0.61,50.4,76.6,54.8,1.10e-01,OK
symxstratxregime,UNIUSDT|burst_follow|neutral,74,44.6,44.6,0.129,0.174,-0.039,0.6,-2.9,9,3.9,19,inf,33.8,55.9,57.5,9.90e-01,OK
symxstratxregime,UNIUSDT|fade_3h_asia|neutral,3,0.0,0.0,0.0,0.309,-0.3086,0.0,-0.9,3,0.9,3,inf,0.0,56.2,100.0,1.00,LOW-N
symxstratxregime,UNIUSDT|fade_3h_late|neutral,2,50.0,50.0,0.055,0.029,0.013,1.9,0.0,1,0.0,2,2.11,9.5,90.5,34.5,5.71e-01,LOW-N
symxstratxregime,UNIUSDT|fade_3h_london|bull,1,0.0,0.0,0.0,0.533,-0.5333,0.0,-0.5,1,0.5,1,inf,0.0,79.3,100.0,1.00,LOW-N
symxstratxregime,UNIUSDT|fade_3h_london|neutral,3,33.3,33.3,1.172,0.332,0.1695,1.77,0.5,2,0.7,3,2.3,6.1,79.2,22.1,5.27e-01,LOW-N
symxstratxregime,UNIUSDT|follow_3h_all|bear,4,50.0,50.0,0.407,0.133,0.1371,3.07,0.5,1,0.2,4,0.97,15.0,85.0,24.6,2.55e-01,LOW-N
symxstratxregime,UNIUSDT|follow_3h_all|bull,4,100.0,100.0,0.19,0.0,0.1901,inf,0.8,0,0.0,4,0.35,51.0,100.0,0.0,0.00e+00,LOW-N
symxstratxregime,UNIUSDT|follow_3h_all|neutral,9,44.4,44.4,0.18,0.246,-0.0567,0.58,-0.5,2,1.0,7,inf,18.9,73.3,57.8,8.74e-01,LOW-N
symxstratxregime,UNIUSDT|late_fade|bear,1,100.0,100.0,0.167,0.0,0.1674,inf,0.2,0,0.0,1,1.0,20.7,100.0,0.0,0.00e+00,LOW-N
symxstratxregime,UNIUSDT|late_fade|bull,4,50.0,50.0,0.136,0.059,0.0384,2.3,0.2,2,0.1,3,1.77,15.0,85.0,30.3,3.54e-01,LOW-N
symxstratxregime,UNIUSDT|late_fade|neutral,7,57.1,57.1,0.082,0.105,0.0021,1.05,0.0,2,0.3,5,13.89,25.0,84.2,56.0,6.30e-01,LOW-N
symxstratxregime,UNIUSDT|london_burst_fade|NA,1,0.0,0.0,0.0,1.001,-1.0007,0.0,-1.0,1,1.0,1,inf,0.0,79.3,100.0,1.00,LOW-N
symxstratxregime,UNIUSDT|london_burst_fade|bear,6,50.0,50.0,0.332,0.417,-0.0428,0.79,-0.3,2,1.2,5,inf,18.8,81.2,55.7,7.56e-01,LOW-N
symxstratxregime,UNIUSDT|london_burst_fade|bull,14,21.4,21.4,0.293,0.282,-0.1587,0.28,-2.2,6,2.2,8,inf,7.6,47.6,49.0,9.92e-01,LOW-N
symxstratxregime,UNIUSDT|london_burst_fade|neutral,21,61.9,61.9,0.52,0.315,0.2023,2.69,4.2,2,1.0,9,0.48,40.9,79.2,37.7,2.10e-02,LOW-N
symxstratxregime,UNIUSDT|nony_momentum|NA,1,100.0,100.0,0.3,0.0,0.2997,inf,0.3,0,0.0,1,1.0,20.7,100.0,0.0,0.00e+00,LOW-N
symxstratxregime,UNIUSDT|nony_momentum|bear,6,16.7,16.7,0.096,0.119,-0.0836,0.16,-0.5,4,0.5,3,inf,3.0,56.4,55.5,9.92e-01,LOW-N
symxstratxregime,UNIUSDT|nony_momentum|bull,10,60.0,60.0,0.098,0.053,0.0376,2.77,0.4,2,0.1,5,0.63,31.3,83.2,35.2,9.69e-02,LOW-N
symxstratxregime,UNIUSDT|nony_momentum|neutral,17,41.2,41.2,0.115,0.164,-0.0493,0.49,-0.8,5,1.1,10,inf,21.6,64.0,58.9,9.57e-01,LOW-N
symxstratxregime,UNIUSDT|ny_flush_buy_4h|NA,2,100.0,100.0,0.333,0.0,0.3326,inf,0.7,0,0.0,1,1.0,34.2,100.0,0.0,0.00e+00,LOW-N
symxstratxregime,UNIUSDT|ny_flush_buy_4h|bear,2,100.0,100.0,0.287,0.0,0.2866,inf,0.6,0,0.0,2,0.55,34.2,100.0,0.0,0.00e+00,LOW-N
symxstratxregime,UNIUSDT|ny_flush_buy_4h|bull,5,60.0,60.0,0.161,0.175,0.0266,1.38,0.1,1,0.3,5,1.54,23.1,88.2,52.1,5.39e-01,LOW-N
symxstratxregime,UNIUSDT|ny_flush_buy_4h|neutral,8,50.0,50.0,0.24,0.553,-0.1566,0.43,-1.3,1,1.3,7,inf,21.5,78.5,69.7,9.40e-01,LOW-N
symxstratxregime,UNIUSDT|setup_fade|NA,6,50.0,50.0,0.476,0.157,0.1594,3.03,1.0,2,0.4,2,1.13,18.8,81.2,24.8,1.66e-01,LOW-N
symxstratxregime,UNIUSDT|setup_fade|bear,48,45.8,45.8,0.349,0.356,-0.0326,0.83,-1.6,6,2.5,15,inf,32.6,59.7,50.5,7.84e-01,OK
symxstratxregime,UNIUSDT|setup_fade|bull,49,46.9,46.9,0.317,0.313,-0.0171,0.9,-0.8,7,3.8,16,inf,33.7,60.6,49.6,6.99e-01,OK
symxstratxregime,UNIUSDT|setup_fade|neutral,92,48.9,48.9,0.325,0.357,-0.0233,0.87,-2.1,4,6.3,30,inf,38.9,59.0,52.3,7.77e-01,OK
symxstratxregime,UNIUSDT|setup_follow|NA,6,66.7,66.7,0.074,0.136,0.0036,1.08,0.0,1,0.2,2,2.19,30.0,90.3,65.0,6.46e-01,LOW-N
symxstratxregime,UNIUSDT|setup_follow|bear,48,52.1,52.1,0.153,0.14,0.0124,1.19,0.6,7,1.1,15,1.0,38.3,65.5,47.8,3.28e-01,OK
symxstratxregime,UNIUSDT|setup_follow|bull,49,49.0,49.0,0.137,0.133,-0.0005,0.99,-0.0,5,1.6,16,inf,35.6,62.5,49.2,5.67e-01,OK
symxstratxregime,UNIUSDT|setup_follow|neutral,93,50.5,50.5,0.144,0.113,0.0169,1.3,1.6,5,1.2,30,0.37,40.6,60.5,43.9,1.19e-01,OK
symxstratxregime,UNIUSDT|v65_strict_long|bull,1,100.0,100.0,0.528,0.0,0.5285,inf,0.5,0,0.0,1,1.0,20.7,100.0,0.0,0.00e+00,LOW-N
symxstratxregime,UNIUSDT|v65_strict_long|neutral,1,0.0,0.0,0.0,0.236,-0.2359,0.0,-0.2,1,0.2,1,inf,0.0,79.3,100.0,1.00,LOW-N
symxstratxregime,UNIUSDT|v65_strict_ny_long|bull,1,100.0,100.0,0.528,0.0,0.5285,inf,0.5,0,0.0,1,1.0,20.7,100.0,0.0,0.00e+00,LOW-N
symxstratxregime,UNIUSDT|v65_strict_ny_long|neutral,1,0.0,0.0,0.0,0.236,-0.2359,0.0,-0.2,1,0.2,1,inf,0.0,79.3,100.0,1.00,LOW-N
symxstratxregime,WLDUSDT|asia_burst_fade|NA,5,40.0,40.0,0.749,0.545,-0.0275,0.92,-0.1,2,1.6,1,inf,11.8,76.9,42.1,6.99e-01,LOW-N
symxstratxregime,WLDUSDT|asia_burst_fade|bear,43,46.5,46.5,0.43,0.36,0.0074,1.04,0.3,5,2.9,10,4.22,32.5,61.1,45.6,5.10e-01,OK
symxstratxregime,WLDUSDT|asia_burst_fade|bull,44,47.7,47.7,0.342,0.244,0.0356,1.28,1.6,4,2.4,13,1.07,33.8,62.1,41.7,2.52e-01,OK
symxstratxregime,WLDUSDT|asia_burst_fade|neutral,56,37.5,37.5,0.344,0.255,-0.0303,0.81,-1.7,12,4.7,18,inf,26.0,50.6,42.6,8.16e-01,OK
symxstratxregime,WLDUSDT|asia_pump_short_4h|NA,1,100.0,100.0,0.042,0.0,0.0419,inf,0.0,0,0.0,1,1.0,20.7,100.0,0.0,0.00e+00,LOW-N
symxstratxregime,WLDUSDT|asia_pump_short_4h|bear,5,60.0,60.0,0.437,0.558,0.0392,1.18,0.2,1,1.0,4,2.36,23.1,88.2,56.1,6.13e-01,LOW-N
symxstratxregime,WLDUSDT|asia_pump_short_4h|bull,6,50.0,50.0,0.348,0.681,-0.1668,0.51,-1.0,2,2.0,5,inf,18.8,81.2,66.2,8.95e-01,LOW-N
symxstratxregime,WLDUSDT|asia_pump_short_4h|neutral,10,50.0,50.0,0.322,0.295,0.0132,1.09,0.1,3,1.1,8,6.12,23.7,76.3,47.9,5.69e-01,LOW-N
symxstratxregime,WLDUSDT|burst_follow|NA,15,46.7,46.7,0.196,0.123,0.0257,1.39,0.4,3,0.6,2,0.57,24.8,69.9,38.6,3.48e-01,LOW-N
symxstratxregime,WLDUSDT|burst_follow|bear,112,51.8,51.8,0.127,0.135,0.0006,1.01,0.1,6,1.8,15,8.56,42.6,60.8,51.6,5.20e-01,OK
symxstratxregime,WLDUSDT|burst_follow|bull,136,50.7,50.7,0.119,0.143,-0.0101,0.86,-1.4,5,2.2,18,inf,42.4,59.0,54.6,8.38e-01,OK
symxstratxregime,WLDUSDT|burst_follow|neutral,169,52.1,52.1,0.106,0.147,-0.0153,0.78,-2.6,7,3.5,28,inf,44.6,59.5,58.1,9.52e-01,OK
symxstratxregime,WLDUSDT|fade_3h_asia|bear,4,25.0,25.0,0.2,0.629,-0.4217,0.11,-1.7,2,1.7,4,inf,4.6,69.9,75.9,9.97e-01,LOW-N
symxstratxregime,WLDUSDT|fade_3h_asia|neutral,7,14.3,14.3,0.046,0.302,-0.2522,0.03,-1.8,3,1.8,6,inf,2.6,51.3,86.9,1.00e+00,LOW-N
symxstratxregime,WLDUSDT|fade_3h_late|bear,2,50.0,50.0,0.425,0.048,0.1885,8.84,0.4,1,0.0,2,1.13,9.5,90.5,10.2,1.93e-01,LOW-N
symxstratxregime,WLDUSDT|fade_3h_late|neutral,4,25.0,25.0,0.033,0.175,-0.123,0.06,-0.5,3,0.5,4,inf,4.6,69.9,84.3,9.99e-01,LOW-N
symxstratxregime,WLDUSDT|fade_3h_london|bear,1,0.0,0.0,0.0,0.362,-0.3619,0.0,-0.4,1,0.4,1,inf,0.0,79.3,100.0,1.00,LOW-N
symxstratxregime,WLDUSDT|fade_3h_london|neutral,5,60.0,60.0,0.337,0.281,0.0899,1.8,0.4,1,0.5,3,1.39,23.1,88.2,45.5,4.16e-01,LOW-N
symxstratxregime,WLDUSDT|follow_3h_all|NA,1,100.0,100.0,0.753,0.0,0.7527,inf,0.8,0,0.0,1,1.0,20.7,100.0,0.0,0.00e+00,LOW-N
symxstratxregime,WLDUSDT|follow_3h_all|bear,18,61.1,61.1,0.215,0.372,-0.013,0.91,-0.2,2,1.2,6,inf,38.6,79.7,63.3,6.76e-01,LOW-N
symxstratxregime,WLDUSDT|follow_3h_all|bull,3,33.3,33.3,0.045,0.161,-0.0927,0.14,-0.3,1,0.3,2,inf,6.1,79.2,78.3,9.90e-01,LOW-N
symxstratxregime,WLDUSDT|follow_3h_all|neutral,21,52.4,52.4,0.259,0.197,0.0416,1.44,0.9,4,0.9,8,1.03,32.4,71.7,43.3,2.65e-01,LOW-N
symxstratxregime,WLDUSDT|late_fade|bear,10,50.0,50.0,0.112,0.082,0.015,1.37,0.2,4,0.4,7,1.73,23.7,76.3,42.3,4.24e-01,LOW-N
symxstratxregime,WLDUSDT|late_fade|bull,12,41.7,41.7,0.101,0.084,-0.0066,0.86,-0.1,6,0.5,8,inf,19.3,68.0,45.3,7.02e-01,LOW-N
symxstratxregime,WLDUSDT|late_fade|neutral,22,36.4,36.4,0.15,0.066,0.0127,1.3,0.3,5,0.6,13,1.27,19.7,57.0,30.5,3.47e-01,LOW-N
symxstratxregime,WLDUSDT|london_burst_fade|NA,8,37.5,37.5,0.347,0.443,-0.147,0.47,-1.2,3,2.2,2,inf,13.7,69.4,56.1,9.22e-01,LOW-N
symxstratxregime,WLDUSDT|london_burst_fade|bear,21,42.9,42.9,0.354,0.334,-0.0389,0.8,-0.8,3,2.3,8,inf,24.5,63.5,48.5,7.69e-01,LOW-N
symxstratxregime,WLDUSDT|london_burst_fade|bull,33,48.5,48.5,0.368,0.379,-0.017,0.91,-0.6,5,3.1,12,inf,32.5,64.8,50.8,6.68e-01,OK
symxstratxregime,WLDUSDT|london_burst_fade|neutral,45,51.1,51.1,0.434,0.353,0.0491,1.28,2.2,5,1.9,19,0.6,37.0,65.0,44.9,2.44e-01,OK
symxstratxregime,WLDUSDT|nony_momentum|NA,8,37.5,37.5,0.135,0.148,-0.042,0.55,-0.3,3,0.6,2,inf,13.7,69.4,52.3,8.83e-01,LOW-N
symxstratxregime,WLDUSDT|nony_momentum|bear,26,61.5,61.5,0.134,0.121,0.0358,1.77,0.9,2,0.5,9,0.48,42.5,77.6,47.5,1.08e-01,LOW-N
symxstratxregime,WLDUSDT|nony_momentum|bull,30,53.3,53.3,0.103,0.078,0.0183,1.5,0.5,5,0.3,11,0.58,36.1,69.8,43.2,1.74e-01,OK
symxstratxregime,WLDUSDT|nony_momentum|neutral,48,58.3,58.3,0.086,0.19,-0.0293,0.63,-1.4,4,1.9,20,inf,44.3,71.2,69.0,9.57e-01,OK
symxstratxregime,WLDUSDT|ny_burst_fade|NA,2,50.0,50.0,0.267,0.346,-0.0396,0.77,-0.1,1,0.3,2,inf,9.5,90.5,56.4,8.10e-01,LOW-N
symxstratxregime,WLDUSDT|ny_burst_fade|bear,3,100.0,100.0,0.394,0.0,0.3941,inf,1.2,0,0.0,1,1.0,43.8,100.0,0.0,0.00e+00,LOW-N
symxstratxregime,WLDUSDT|ny_burst_follow|NA,2,50.0,50.0,0.138,0.107,0.0152,1.28,0.0,1,0.1,2,4.54,9.5,90.5,43.8,6.84e-01,LOW-N
symxstratxregime,WLDUSDT|ny_burst_follow|bear,3,0.0,0.0,0.0,0.158,-0.1583,0.0,-0.5,3,0.5,1,inf,0.0,56.2,100.0,1.00,LOW-N
symxstratxregime,WLDUSDT|ny_flush_buy_4h|NA,3,33.3,33.3,0.005,0.135,-0.0883,0.02,-0.3,2,0.3,2,inf,6.1,79.2,96.2,1.00e+00,LOW-N
symxstratxregime,WLDUSDT|ny_flush_buy_4h|bear,5,80.0,80.0,0.329,0.439,0.1755,3.0,0.9,1,0.4,5,0.68,37.6,96.4,57.1,2.89e-01,LOW-N
symxstratxregime,WLDUSDT|ny_flush_buy_4h|bull,18,61.1,61.1,0.246,0.244,0.0559,1.59,1.0,4,1.2,15,0.87,38.6,79.7,49.7,2.33e-01,LOW-N
symxstratxregime,WLDUSDT|ny_flush_buy_4h|neutral,24,37.5,37.5,0.221,0.457,-0.2029,0.29,-4.9,5,4.9,15,inf,21.2,57.3,67.4,9.99e-01,LOW-N
symxstratxregime,WLDUSDT|setup_fade|NA,2,50.0,50.0,0.132,0.04,0.0458,3.27,0.1,1,0.0,1,1.0,9.5,90.5,23.4,4.13e-01,LOW-N
symxstratxregime,WLDUSDT|setup_fade|bear,31,41.9,41.9,0.594,0.474,-0.0261,0.91,-0.8,5,3.7,14,inf,26.4,59.2,44.4,6.73e-01,OK
symxstratxregime,WLDUSDT|setup_fade|bull,20,45.0,45.0,0.191,0.193,-0.0204,0.81,-0.4,4,1.2,12,inf,25.8,65.8,50.3,7.57e-01,LOW-N
symxstratxregime,WLDUSDT|setup_fade|neutral,88,55.7,55.7,0.354,0.376,0.0304,1.18,2.7,5,4.1,31,0.58,45.3,65.6,51.5,2.51e-01,OK
symxstratxregime,WLDUSDT|setup_follow|NA,2,50.0,50.0,0.015,0.054,-0.0191,0.29,-0.0,1,0.1,1,inf,9.5,90.5,77.8,9.51e-01,LOW-N
symxstratxregime,WLDUSDT|setup_follow|bear,30,63.3,63.3,0.148,0.252,0.0009,1.01,0.0,3,1.0,14,15.99,45.5,78.1,63.1,5.71e-01,OK
symxstratxregime,WLDUSDT|setup_follow|bull,20,55.0,55.0,0.077,0.077,0.0077,1.22,0.2,3,0.3,12,1.39,34.2,74.2,50.0,4.12e-01,LOW-N
symxstratxregime,WLDUSDT|setup_follow|neutral,85,45.9,45.9,0.175,0.138,0.0061,1.08,0.5,5,1.7,31,0.81,35.7,56.4,43.9,3.99e-01,OK
symxstratxregime,XLMUSDT|asia_burst_fade|NA,8,50.0,50.0,0.371,0.18,0.0955,2.06,0.8,3,0.4,1,1.0,21.5,78.5,32.7,2.46e-01,LOW-N
symxstratxregime,XLMUSDT|asia_burst_fade|bear,9,0.0,0.0,0.0,0.241,-0.2412,0.0,-2.2,9,2.2,4,inf,0.0,29.9,100.0,1.00,LOW-N
symxstratxregime,XLMUSDT|asia_burst_fade|bull,11,36.4,36.4,0.304,0.334,-0.1021,0.52,-1.1,3,1.5,7,inf,15.2,64.6,52.4,9.14e-01,LOW-N
symxstratxregime,XLMUSDT|asia_burst_fade|neutral,14,28.6,28.6,0.415,0.253,-0.0619,0.66,-0.9,6,2.4,10,inf,11.7,54.6,37.8,8.39e-01,LOW-N
symxstratxregime,XLMUSDT|asia_pump_short_4h|bull,2,100.0,100.0,0.444,0.0,0.4437,inf,0.9,0,0.0,2,0.86,34.2,100.0,0.0,0.00e+00,LOW-N
symxstratxregime,XLMUSDT|asia_pump_short_4h|neutral,2,50.0,50.0,0.495,0.644,-0.0748,0.77,-0.1,1,0.6,2,inf,9.5,90.5,56.6,8.11e-01,LOW-N
symxstratxregime,XLMUSDT|burst_follow|NA,12,58.3,58.3,0.115,0.154,0.0027,1.04,0.0,3,0.6,2,6.98,32.0,80.7,57.3,5.92e-01,LOW-N
symxstratxregime,XLMUSDT|burst_follow|bear,28,71.4,71.4,0.106,0.036,0.0658,7.45,1.8,2,0.1,11,0.18,52.9,84.7,25.1,3.55e-07,LOW-N
symxstratxregime,XLMUSDT|burst_follow|bull,42,50.0,50.0,0.138,0.143,-0.0023,0.97,-0.1,5,1.4,15,inf,35.5,64.5,50.8,6.03e-01,OK
symxstratxregime,XLMUSDT|burst_follow|neutral,45,53.3,53.3,0.147,0.199,-0.0145,0.84,-0.7,3,2.0,18,inf,39.1,67.1,57.5,7.65e-01,OK
symxstratxregime,XLMUSDT|fade_3h_asia|bear,2,0.0,0.0,0.0,0.338,-0.3378,0.0,-0.7,2,0.7,2,inf,0.0,65.8,100.0,1.00,LOW-N
symxstratxregime,XLMUSDT|fade_3h_asia|neutral,1,0.0,0.0,0.0,0.548,-0.5476,0.0,-0.5,1,0.5,1,inf,0.0,79.3,100.0,1.00,LOW-N
symxstratxregime,XLMUSDT|fade_3h_late|bear,1,100.0,100.0,0.567,0.0,0.5672,inf,0.6,0,0.0,1,1.0,20.7,100.0,0.0,0.00e+00,LOW-N
symxstratxregime,XLMUSDT|fade_3h_late|neutral,2,50.0,50.0,0.21,0.01,0.1002,21.66,0.2,1,0.0,2,1.05,9.5,90.5,4.4,8.63e-02,LOW-N
symxstratxregime,XLMUSDT|follow_3h_all|bear,8,37.5,37.5,0.836,0.202,0.1876,2.49,1.5,5,1.0,5,1.12,13.7,69.4,19.4,1.91e-01,LOW-N
symxstratxregime,XLMUSDT|follow_3h_all|neutral,11,54.5,54.5,0.157,0.159,0.0134,1.19,0.1,4,0.6,7,2.36,28.0,78.7,50.3,5.08e-01,LOW-N
symxstratxregime,XLMUSDT|late_fade|bear,5,80.0,80.0,0.087,0.038,0.0624,9.26,0.3,1,0.0,3,0.68,37.6,96.4,30.2,3.14e-02,LOW-N
symxstratxregime,XLMUSDT|late_fade|bull,5,60.0,60.0,0.176,0.131,0.0532,2.02,0.3,2,0.3,3,1.98,23.1,88.2,42.7,3.64e-01,LOW-N
symxstratxregime,XLMUSDT|late_fade|neutral,8,62.5,62.5,0.176,0.078,0.0811,3.79,0.6,2,0.1,5,0.56,30.6,86.3,30.6,6.25e-02,LOW-N
symxstratxregime,XLMUSDT|london_burst_fade|NA,3,33.3,33.3,0.487,0.3,-0.0377,0.81,-0.1,2,0.6,2,inf,6.1,79.2,38.1,7.63e-01,LOW-N
symxstratxregime,XLMUSDT|london_burst_fade|bear,5,20.0,20.0,0.233,0.271,-0.1703,0.21,-0.9,4,1.1,4,inf,3.6,62.4,53.8,9.79e-01,LOW-N
symxstratxregime,XLMUSDT|london_burst_fade|bull,14,50.0,50.0,0.1,0.251,-0.0753,0.4,-1.1,3,1.4,10,inf,26.8,73.2,71.4,9.77e-01,LOW-N
symxstratxregime,XLMUSDT|london_burst_fade|neutral,9,55.6,55.6,0.348,0.458,-0.0102,0.95,-0.1,2,1.4,5,inf,26.7,81.1,56.8,6.64e-01,LOW-N
symxstratxregime,XLMUSDT|nony_momentum|NA,3,66.7,66.7,0.166,0.195,0.0455,1.7,0.1,1,0.2,2,2.43,20.8,93.9,54.1,5.61e-01,LOW-N
symxstratxregime,XLMUSDT|nony_momentum|bear,6,83.3,83.3,0.115,0.0,0.0962,2177.34,0.6,1,0.0,5,0.43,43.6,97.0,0.2,3.78e-13,LOW-N
symxstratxregime,XLMUSDT|nony_momentum|bull,10,60.0,60.0,0.094,0.111,0.0121,1.27,0.1,3,0.4,6,2.02,31.3,83.2,54.1,4.81e-01,LOW-N
symxstratxregime,XLMUSDT|nony_momentum|neutral,25,48.0,48.0,0.105,0.136,-0.0204,0.71,-0.5,5,1.0,13,inf,30.0,66.5,56.5,8.55e-01,LOW-N
symxstratxregime,XLMUSDT|ny_burst_fade|NA,1,0.0,0.0,0.0,0.267,-0.2665,0.0,-0.3,1,0.3,1,inf,0.0,79.3,100.0,1.00,LOW-N
symxstratxregime,XLMUSDT|ny_burst_follow|NA,1,100.0,100.0,0.106,0.0,0.106,inf,0.1,0,0.0,1,1.0,20.7,100.0,0.0,0.00e+00,LOW-N
symxstratxregime,XLMUSDT|ny_flush_buy_4h|bear,2,100.0,100.0,0.313,0.0,0.3134,inf,0.6,0,0.0,2,0.73,34.2,100.0,0.0,0.00e+00,LOW-N
symxstratxregime,XLMUSDT|ny_flush_buy_4h|bull,5,40.0,40.0,0.121,0.357,-0.1657,0.23,-0.8,2,1.0,4,inf,11.8,76.9,74.7,9.84e-01,LOW-N
symxstratxregime,XLMUSDT|ny_flush_buy_4h|neutral,10,60.0,60.0,0.312,0.051,0.1668,9.25,1.7,2,0.1,8,0.39,31.3,83.2,14.0,9.33e-04,LOW-N
symxstratxregime,XLMUSDT|setup_fade|NA,3,100.0,100.0,0.52,0.0,0.5201,inf,1.6,0,0.0,1,1.0,43.8,100.0,0.0,0.00e+00,LOW-N
symxstratxregime,XLMUSDT|setup_fade|bear,30,43.3,43.3,0.314,0.52,-0.1586,0.46,-4.8,4,5.1,15,inf,27.4,60.8,62.3,9.89e-01,OK
symxstratxregime,XLMUSDT|setup_fade|bull,44,54.5,54.5,0.314,0.548,-0.0781,0.69,-3.4,3,3.6,17,inf,40.1,68.3,63.6,9.19e-01,OK
symxstratxregime,XLMUSDT|setup_fade|neutral,86,45.3,45.3,0.403,0.343,-0.0049,0.97,-0.4,6,2.3,33,inf,35.3,55.8,46.0,5.90e-01,OK
symxstratxregime,XLMUSDT|setup_follow|NA,3,0.0,0.0,0.0,0.201,-0.2014,0.0,-0.6,3,0.6,1,inf,0.0,56.2,100.0,1.00,LOW-N
symxstratxregime,XLMUSDT|setup_follow|bear,30,63.3,63.3,0.163,0.095,0.0681,2.95,2.0,4,0.4,15,0.23,45.5,78.1,37.0,3.01e-03,OK
symxstratxregime,XLMUSDT|setup_follow|bull,44,45.5,45.5,0.184,0.113,0.0217,1.35,1.0,4,0.6,17,0.59,31.7,59.9,38.1,1.99e-01,OK
symxstratxregime,XLMUSDT|setup_follow|neutral,87,54.0,54.0,0.14,0.161,0.002,1.03,0.2,4,1.0,33,2.67,43.6,64.1,53.3,4.93e-01,OK
symxstratxregime,XRPUSDT|asia_burst_fade|NA,6,83.3,83.3,0.114,1.001,-0.0719,0.57,-0.4,1,1.0,1,inf,43.6,97.0,89.8,8.82e-01,LOW-N
symxstratxregime,XRPUSDT|asia_burst_fade|bear,33,30.3,30.3,0.306,0.334,-0.1405,0.4,-4.6,6,5.5,12,inf,17.4,47.3,52.3,9.97e-01,OK
symxstratxregime,XRPUSDT|asia_burst_fade|bull,100,49.0,49.0,0.304,0.339,-0.0238,0.86,-2.4,7,6.7,16,inf,39.4,58.7,52.7,8.00e-01,OK
symxstratxregime,XRPUSDT|asia_burst_fade|neutral,83,48.2,48.2,0.331,0.349,-0.0217,0.88,-1.8,8,6.0,21,inf,37.8,58.8,51.4,7.55e-01,OK
symxstratxregime,XRPUSDT|asia_pump_short_4h|NA,1,100.0,100.0,0.459,0.0,0.4589,inf,0.5,0,0.0,1,1.0,20.7,100.0,0.0,0.00e+00,LOW-N
symxstratxregime,XRPUSDT|asia_pump_short_4h|bear,4,25.0,25.0,0.309,0.221,-0.0886,0.47,-0.4,2,0.4,4,inf,4.6,69.9,41.7,8.84e-01,LOW-N
symxstratxregime,XRPUSDT|asia_pump_short_4h|bull,17,58.8,58.8,0.33,0.578,-0.0441,0.81,-0.7,4,3.5,12,inf,36.0,78.4,63.7,7.52e-01,LOW-N
symxstratxregime,XRPUSDT|asia_pump_short_4h|neutral,15,66.7,66.7,0.408,0.259,0.1855,3.15,2.8,2,0.6,14,0.35,41.7,84.8,38.9,2.75e-02,LOW-N
symxstratxregime,XRPUSDT|burst_follow|NA,17,29.4,29.4,0.16,0.123,-0.0399,0.54,-0.7,7,1.0,2,inf,13.3,53.1,43.5,9.24e-01,LOW-N
symxstratxregime,XRPUSDT|burst_follow|bear,143,55.2,55.2,0.136,0.132,0.0161,1.27,2.3,6,1.2,18,0.25,47.1,63.2,49.2,8.71e-02,OK
symxstratxregime,XRPUSDT|burst_follow|bull,356,53.1,53.1,0.124,0.133,0.0035,1.06,1.2,9,5.2,21,1.71,47.9,58.2,51.7,3.23e-01,OK
symxstratxregime,XRPUSDT|burst_follow|neutral,261,50.2,50.2,0.129,0.147,-0.0085,0.88,-2.2,5,4.8,30,inf,44.2,56.2,53.2,8.53e-01,OK
symxstratxregime,XRPUSDT|fade_3h_asia|bear,2,0.0,0.0,0.0,0.242,-0.2416,0.0,-0.5,2,0.5,1,inf,0.0,65.8,100.0,1.00,LOW-N
symxstratxregime,XRPUSDT|fade_3h_asia|bull,1,0.0,0.0,0.0,1.0,-1.0001,0.0,-1.0,1,1.0,1,inf,0.0,79.3,100.0,1.00,LOW-N
symxstratxregime,XRPUSDT|fade_3h_asia|neutral,6,16.7,16.7,0.159,0.456,-0.3534,0.07,-2.1,3,2.1,4,inf,3.0,56.4,74.1,1.00e+00,LOW-N
symxstratxregime,XRPUSDT|fade_3h_late|bear,2,50.0,50.0,0.817,0.025,0.3963,33.25,0.8,1,0.0,2,1.03,9.5,90.5,2.9,5.75e-02,LOW-N
symxstratxregime,XRPUSDT|fade_3h_late|bull,2,50.0,50.0,0.21,0.704,-0.247,0.3,-0.5,1,0.7,2,inf,9.5,90.5,77.0,9.47e-01,LOW-N
symxstratxregime,XRPUSDT|fade_3h_late|neutral,5,40.0,40.0,0.512,0.149,0.1154,2.29,0.6,2,0.4,5,1.47,11.8,76.9,22.5,3.15e-01,LOW-N
symxstratxregime,XRPUSDT|fade_3h_london|NA,1,100.0,100.0,0.347,0.0,0.3473,inf,0.3,0,0.0,1,1.0,20.7,100.0,0.0,0.00e+00,LOW-N
symxstratxregime,XRPUSDT|fade_3h_london|bear,3,66.7,66.7,0.815,0.303,0.4423,5.37,1.3,1,0.3,2,0.58,20.8,93.9,27.1,1.81e-01,LOW-N
symxstratxregime,XRPUSDT|fade_3h_london|bull,5,80.0,80.0,0.438,0.257,0.2988,6.82,1.5,1,0.3,3,0.83,37.6,96.4,37.0,6.59e-02,LOW-N
symxstratxregime,XRPUSDT|fade_3h_london|neutral,2,100.0,100.0,0.239,0.0,0.2395,inf,0.5,0,0.0,2,0.87,34.2,100.0,0.0,0.00e+00,LOW-N
symxstratxregime,XRPUSDT|follow_3h_all|bear,15,40.0,40.0,0.207,0.274,-0.0815,0.5,-1.2,5,1.4,6,inf,19.8,64.3,57.0,9.43e-01,LOW-N
symxstratxregime,XRPUSDT|follow_3h_all|bull,9,66.7,66.7,0.288,0.324,0.084,1.78,0.8,1,0.6,7,1.12,35.4,87.9,52.9,3.15e-01,LOW-N
symxstratxregime,XRPUSDT|follow_3h_all|neutral,26,57.7,57.7,0.355,0.361,0.0523,1.34,1.4,4,2.1,10,0.84,38.9,74.5,50.4,2.92e-01,LOW-N
symxstratxregime,XRPUSDT|late_fade|bear,21,42.9,42.9,0.173,0.112,0.01,1.16,0.2,4,0.7,9,2.23,24.5,63.5,39.3,4.51e-01,LOW-N
symxstratxregime,XRPUSDT|late_fade|bull,30,46.7,46.7,0.062,0.091,-0.0193,0.6,-0.6,6,0.8,12,inf,30.2,63.9,59.3,9.43e-01,OK
symxstratxregime,XRPUSDT|late_fade|neutral,23,65.2,65.2,0.164,0.107,0.0695,2.87,1.6,3,0.5,9,0.38,44.9,81.2,39.5,1.14e-02,LOW-N
symxstratxregime,XRPUSDT|london_burst_fade|NA,7,85.7,85.7,0.442,0.061,0.3703,43.58,2.6,1,0.1,2,0.5,48.7,97.4,12.1,1.97e-05,LOW-N
symxstratxregime,XRPUSDT|london_burst_fade|bear,34,52.9,52.9,0.31,0.386,-0.0177,0.9,-0.6,4,2.9,10,inf,36.7,68.5,55.5,6.83e-01,OK
symxstratxregime,XRPUSDT|london_burst_fade|bull,96,50.0,50.0,0.407,0.349,0.029,1.17,2.8,6,3.9,16,0.57,40.2,59.8,46.2,2.57e-01,OK
symxstratxregime,XRPUSDT|london_burst_fade|neutral,58,50.0,50.0,0.384,0.277,0.0536,1.39,3.1,4,2.1,21,0.54,37.5,62.5,41.9,1.32e-01,OK
symxstratxregime,XRPUSDT|nony_momentum|NA,7,28.6,28.6,0.162,0.153,-0.063,0.42,-0.4,3,0.7,2,inf,8.2,64.1,48.6,9.28e-01,LOW-N
symxstratxregime,XRPUSDT|nony_momentum|bear,31,51.6,51.6,0.183,0.174,0.0099,1.12,0.3,3,1.1,13,1.63,34.8,68.0,48.8,4.48e-01,OK
symxstratxregime,XRPUSDT|nony_momentum|bull,84,50.0,50.0,0.13,0.099,0.0152,1.31,1.3,5,0.8,19,0.43,39.5,60.5,43.4,1.32e-01,OK
symxstratxregime,XRPUSDT|nony_momentum|neutral,79,40.5,40.5,0.125,0.172,-0.0519,0.49,-4.1,10,4.3,23,inf,30.4,51.5,58.0,9.99e-01,OK
symxstratxregime,XRPUSDT|ny_burst_fade|NA,4,50.0,50.0,0.479,0.267,0.1062,1.8,0.4,1,0.5,2,0.54,15.0,85.0,35.8,4.51e-01,LOW-N
symxstratxregime,XRPUSDT|ny_burst_fade|bear,4,50.0,50.0,0.175,0.46,-0.1427,0.38,-0.6,2,0.9,1,inf,15.0,85.0,72.5,9.34e-01,LOW-N
symxstratxregime,XRPUSDT|ny_burst_follow|NA,4,25.0,25.0,0.004,0.085,-0.0624,0.02,-0.2,2,0.2,2,inf,4.6,69.9,95.0,1.00e+00,LOW-N
symxstratxregime,XRPUSDT|ny_burst_follow|bear,4,50.0,50.0,0.183,0.071,0.0564,2.6,0.2,2,0.1,1,1.0,15.0,85.0,27.8,3.09e-01,LOW-N
symxstratxregime,XRPUSDT|ny_flush_buy_4h|NA,5,40.0,40.0,0.172,0.307,-0.1154,0.37,-0.6,3,0.9,3,inf,11.8,76.9,64.1,9.41e-01,LOW-N
symxstratxregime,XRPUSDT|ny_flush_buy_4h|bear,5,20.0,20.0,0.383,0.276,-0.1441,0.35,-0.7,4,1.1,4,inf,3.6,62.4,41.9,9.34e-01,LOW-N
symxstratxregime,XRPUSDT|ny_flush_buy_4h|bull,27,59.3,59.3,0.303,0.213,0.093,2.07,2.5,2,1.0,16,0.41,40.7,75.5,41.2,4.50e-02,LOW-N
symxstratxregime,XRPUSDT|ny_flush_buy_4h|neutral,30,50.0,50.0,0.377,0.486,-0.0548,0.77,-1.6,4,3.1,19,inf,33.2,66.8,56.3,8.12e-01,OK
symxstratxregime,XRPUSDT|setup_fade|NA,4,25.0,25.0,0.06,0.168,-0.1109,0.12,-0.4,2,0.4,2,inf,4.6,69.9,73.7,9.95e-01,LOW-N
symxstratxregime,XRPUSDT|setup_fade|bear,55,38.2,38.2,0.349,0.379,-0.1008,0.57,-5.5,6,5.5,16,inf,26.5,51.4,52.0,9.86e-01,OK
symxstratxregime,XRPUSDT|setup_fade|bull,35,45.7,45.7,0.49,0.317,0.0515,1.3,1.8,5,2.8,15,0.93,30.5,61.8,39.3,2.72e-01,OK
symxstratxregime,XRPUSDT|setup_fade|neutral,93,47.3,47.3,0.387,0.331,0.009,1.05,0.8,6,3.0,32,2.09,37.5,57.4,46.1,4.44e-01,OK
symxstratxregime,XRPUSDT|setup_follow|NA,4,75.0,75.0,0.066,0.025,0.0435,8.04,0.2,1,0.0,2,0.7,30.1,95.4,27.2,6.40e-02,LOW-N
symxstratxregime,XRPUSDT|setup_follow|bear,56,58.9,58.9,0.145,0.128,0.0325,1.62,1.8,4,0.6,16,0.3,45.9,70.8,47.0,4.96e-02,OK
symxstratxregime,XRPUSDT|setup_follow|bull,35,57.1,57.1,0.125,0.179,-0.0049,0.94,-0.2,5,1.7,15,inf,40.9,72.0,58.7,6.45e-01,OK
symxstratxregime,XRPUSDT|setup_follow|neutral,93,49.5,49.5,0.143,0.163,-0.0116,0.86,-1.1,5,2.3,32,inf,39.5,59.4,53.2,7.98e-01,OK
symxstratxregime,XRPUSDT|v65_strict_long|bull,4,50.0,50.0,0.567,0.377,0.095,1.5,0.4,1,0.7,2,1.01,15.0,85.0,39.9,5.24e-01,LOW-N
symxstratxregime,XRPUSDT|v65_strict_ny_long|bull,4,50.0,50.0,0.567,0.377,0.095,1.5,0.4,1,0.7,2,1.01,15.0,85.0,39.9,5.24e-01,LOW-N
symxstratxregime,ZECUSDT|asia_burst_fade|NA,8,62.5,62.5,0.451,0.306,0.1672,2.46,1.3,1,0.6,1,1.0,30.6,86.3,40.4,1.80e-01,LOW-N
symxstratxregime,ZECUSDT|asia_burst_fade|bear,35,37.1,37.1,0.305,0.209,-0.018,0.86,-0.6,8,2.0,11,inf,23.2,53.7,40.6,7.21e-01,OK
symxstratxregime,ZECUSDT|asia_burst_fade|bull,104,45.2,45.2,0.316,0.262,-0.0009,0.99,-0.1,11,4.2,16,inf,36.0,54.8,45.3,5.51e-01,OK
symxstratxregime,ZECUSDT|asia_burst_fade|neutral,113,37.2,37.2,0.258,0.241,-0.0553,0.63,-6.2,5,6.3,26,inf,28.8,46.4,48.2,9.93e-01,OK
symxstratxregime,ZECUSDT|asia_pump_short_4h|NA,7,42.9,42.9,0.504,0.092,0.1637,4.12,1.1,3,0.3,5,0.88,15.8,75.0,15.4,7.88e-02,LOW-N
symxstratxregime,ZECUSDT|asia_pump_short_4h|bear,9,66.7,66.7,0.282,0.374,0.063,1.5,0.6,2,1.1,6,0.84,35.4,87.9,57.1,4.10e-01,LOW-N
symxstratxregime,ZECUSDT|asia_pump_short_4h|bull,21,47.6,47.6,0.317,0.407,-0.0623,0.71,-1.3,6,3.5,14,inf,28.3,67.6,56.2,8.45e-01,LOW-N
symxstratxregime,ZECUSDT|asia_pump_short_4h|neutral,29,65.5,65.5,0.326,0.279,0.117,2.21,3.4,4,1.0,21,0.28,47.3,80.1,46.2,2.85e-02,LOW-N
symxstratxregime,ZECUSDT|burst_follow|NA,22,45.5,45.5,0.111,0.116,-0.0128,0.8,-0.3,6,0.8,2,inf,26.9,65.3,51.1,7.71e-01,LOW-N
symxstratxregime,ZECUSDT|burst_follow|bear,131,57.3,57.3,0.12,0.142,0.0082,1.14,1.1,4,1.5,17,1.05,48.7,65.4,54.1,2.64e-01,OK
symxstratxregime,ZECUSDT|burst_follow|bull,368,52.7,52.7,0.112,0.122,0.0013,1.02,0.5,8,4.7,21,2.41,47.6,57.8,52.2,4.35e-01,OK
symxstratxregime,ZECUSDT|burst_follow|neutral,371,54.2,54.2,0.114,0.122,0.006,1.11,2.2,6,2.3,33,0.5,49.1,59.2,51.6,1.78e-01,OK
symxstratxregime,ZECUSDT|fade_3h_asia|bear,3,0.0,0.0,0.0,0.278,-0.2783,0.0,-0.8,3,0.8,3,inf,0.0,56.2,100.0,1.00,LOW-N
symxstratxregime,ZECUSDT|fade_3h_asia|bull,2,50.0,50.0,0.295,0.039,0.1279,7.59,0.3,1,0.0,2,1.15,9.5,90.5,11.6,2.19e-01,LOW-N
symxstratxregime,ZECUSDT|fade_3h_asia|neutral,13,46.2,46.2,0.247,0.284,-0.0385,0.75,-0.5,3,1.1,7,inf,23.2,70.9,53.4,7.89e-01,LOW-N
symxstratxregime,ZECUSDT|fade_3h_late|bull,1,100.0,100.0,0.074,0.0,0.0745,inf,0.1,0,0.0,1,1.0,20.7,100.0,0.0,0.00e+00,LOW-N
symxstratxregime,ZECUSDT|fade_3h_late|neutral,5,40.0,40.0,0.094,0.225,-0.097,0.28,-0.5,2,0.6,5,inf,11.8,76.9,70.4,9.71e-01,LOW-N
symxstratxregime,ZECUSDT|fade_3h_london|NA,1,100.0,100.0,0.623,0.0,0.623,inf,0.6,0,0.0,1,1.0,20.7,100.0,0.0,0.00e+00,LOW-N
symxstratxregime,ZECUSDT|fade_3h_london|bear,3,66.7,66.7,0.116,0.037,0.0651,6.22,0.2,1,0.0,3,1.09,20.8,93.9,24.3,1.49e-01,LOW-N
symxstratxregime,ZECUSDT|fade_3h_london|bull,1,0.0,0.0,0.0,0.01,-0.01,0.0,-0.0,1,0.0,1,inf,0.0,79.3,100.0,1.00,LOW-N
symxstratxregime,ZECUSDT|fade_3h_london|neutral,8,25.0,25.0,0.241,0.168,-0.0661,0.48,-0.5,3,0.6,5,inf,7.1,59.1,41.2,9.05e-01,LOW-N
symxstratxregime,ZECUSDT|follow_3h_all|NA,1,100.0,100.0,1.216,0.0,1.2164,inf,1.2,0,0.0,1,1.0,20.7,100.0,0.0,0.00e+00,LOW-N
symxstratxregime,ZECUSDT|follow_3h_all|bear,11,63.6,63.6,0.345,0.408,0.0713,1.48,0.8,2,1.1,7,0.79,35.4,84.8,54.2,3.75e-01,LOW-N
symxstratxregime,ZECUSDT|follow_3h_all|bull,6,33.3,33.3,0.117,0.11,-0.0346,0.53,-0.2,2,0.3,4,inf,9.7,70.0,48.6,8.77e-01,LOW-N
symxstratxregime,ZECUSDT|follow_3h_all|neutral,25,36.0,36.0,0.572,0.184,0.0883,1.75,2.2,5,1.4,8,0.79,20.2,55.5,24.3,1.31e-01,LOW-N
symxstratxregime,ZECUSDT|late_fade|NA,1,100.0,100.0,0.085,0.0,0.0854,inf,0.1,0,0.0,1,1.0,20.7,100.0,0.0,0.00e+00,LOW-N
symxstratxregime,ZECUSDT|late_fade|bear,10,40.0,40.0,0.167,0.165,-0.0322,0.67,-0.3,3,0.8,6,inf,16.8,68.7,49.7,8.23e-01,LOW-N
symxstratxregime,ZECUSDT|late_fade|bull,26,30.8,30.8,0.098,0.078,-0.0239,0.56,-0.6,5,1.2,9,inf,16.5,50.0,44.4,9.47e-01,LOW-N
symxstratxregime,ZECUSDT|late_fade|neutral,28,35.7,35.7,0.133,0.135,-0.039,0.55,-1.1,5,1.4,15,inf,20.7,54.2,50.3,9.59e-01,LOW-N
symxstratxregime,ZECUSDT|london_burst_fade|NA,8,62.5,62.5,0.47,0.29,0.185,2.7,1.5,2,0.6,2,1.07,30.6,86.3,38.2,1.47e-01,LOW-N
symxstratxregime,ZECUSDT|london_burst_fade|bear,40,50.0,50.0,0.377,0.272,0.0527,1.39,2.1,3,1.5,12,1.02,35.2,64.8,41.9,1.89e-01,OK
symxstratxregime,ZECUSDT|london_burst_fade|bull,96,44.8,44.8,0.308,0.289,-0.0215,0.86,-2.1,5,5.3,15,inf,35.2,54.7,48.4,7.91e-01,OK
symxstratxregime,ZECUSDT|london_burst_fade|neutral,87,44.8,44.8,0.263,0.343,-0.0714,0.62,-6.2,7,7.5,27,inf,34.8,55.3,56.6,9.90e-01,OK
symxstratxregime,ZECUSDT|nony_momentum|NA,5,40.0,40.0,0.244,0.089,0.0439,1.82,0.2,2,0.2,2,1.21,11.8,76.9,26.8,4.05e-01,LOW-N
symxstratxregime,ZECUSDT|nony_momentum|bear,13,69.2,69.2,0.145,0.042,0.0873,7.71,1.1,3,0.1,7,0.44,42.4,87.3,22.6,4.43e-04,LOW-N
symxstratxregime,ZECUSDT|nony_momentum|bull,55,50.9,50.9,0.113,0.099,0.0087,1.18,0.5,4,0.8,14,0.94,38.1,63.6,46.8,3.17e-01,OK
symxstratxregime,ZECUSDT|nony_momentum|neutral,71,59.2,59.2,0.125,0.084,0.0399,2.17,2.8,3,0.5,21,0.19,47.5,69.8,40.1,8.94e-04,OK
symxstratxregime,ZECUSDT|ny_burst_fade|NA,5,60.0,60.0,0.264,0.25,0.0581,1.58,0.3,2,0.5,2,2.09,23.1,88.2,48.7,4.76e-01,LOW-N
symxstratxregime,ZECUSDT|ny_burst_fade|bear,2,50.0,50.0,0.083,0.174,-0.0455,0.48,-0.1,1,0.2,1,inf,9.5,90.5,67.7,8.96e-01,LOW-N
symxstratxregime,ZECUSDT|ny_burst_follow|NA,5,40.0,40.0,0.099,0.106,-0.0239,0.63,-0.1,2,0.2,2,inf,11.8,76.9,51.6,8.32e-01,LOW-N
symxstratxregime,ZECUSDT|ny_burst_follow|bear,2,50.0,50.0,0.069,0.034,0.0176,2.04,0.0,1,0.0,1,1.0,9.5,90.5,32.9,5.50e-01,LOW-N
symxstratxregime,ZECUSDT|ny_flush_buy_4h|NA,1,100.0,100.0,0.132,0.0,0.1319,inf,0.1,0,0.0,1,1.0,20.7,100.0,0.0,0.00e+00,LOW-N
symxstratxregime,ZECUSDT|ny_flush_buy_4h|bear,4,75.0,75.0,0.379,0.31,0.2069,3.67,0.8,1,0.3,4,0.6,30.1,95.4,45.0,2.41e-01,LOW-N
symxstratxregime,ZECUSDT|ny_flush_buy_4h|bull,25,68.0,68.0,0.358,0.311,0.1435,2.44,3.6,2,1.1,18,0.24,48.4,82.8,46.5,2.53e-02,LOW-N
symxstratxregime,ZECUSDT|ny_flush_buy_4h|neutral,32,37.5,37.5,0.479,0.319,-0.0196,0.9,-0.6,4,2.2,23,inf,22.9,54.7,40.0,6.75e-01,OK
symxstratxregime,ZECUSDT|setup_fade|NA,1,100.0,100.0,0.063,0.0,0.0626,inf,0.1,0,0.0,1,1.0,20.7,100.0,0.0,0.00e+00,LOW-N
symxstratxregime,ZECUSDT|setup_fade|bear,35,48.6,48.6,0.327,0.348,-0.0199,0.89,-0.7,3,2.6,14,inf,33.0,64.4,51.5,6.98e-01,OK
symxstratxregime,ZECUSDT|setup_fade|bull,47,53.2,53.2,0.405,0.309,0.0706,1.49,3.3,3,2.4,17,0.47,39.2,66.7,43.3,1.11e-01,OK
symxstratxregime,ZECUSDT|setup_fade|neutral,66,47.0,47.0,0.421,0.354,0.0102,1.05,0.7,7,5.1,32,2.23,35.4,58.8,45.7,4.62e-01,OK
symxstratxregime,ZECUSDT|setup_follow|NA,1,0.0,0.0,0.0,0.026,-0.0258,0.0,-0.0,1,0.0,1,inf,0.0,79.3,100.0,1.00,LOW-N
symxstratxregime,ZECUSDT|setup_follow|bear,34,55.9,55.9,0.144,0.196,-0.0062,0.93,-0.2,3,0.9,14,inf,39.5,71.1,57.7,6.54e-01,OK
symxstratxregime,ZECUSDT|setup_follow|bull,45,48.9,48.9,0.119,0.213,-0.051,0.53,-2.3,3,2.4,17,inf,35.0,63.0,64.3,9.88e-01,OK
symxstratxregime,ZECUSDT|setup_follow|neutral,64,56.2,56.2,0.146,0.154,0.0147,1.22,0.9,4,1.5,32,0.69,44.1,67.7,51.3,2.54e-01,OK
symxstratxregime,ZECUSDT|v65_strict_long|bull,3,33.3,33.3,0.411,0.231,-0.0171,0.89,-0.1,2,0.5,2,inf,6.1,79.2,36.0,7.38e-01,LOW-N
symxstratxregime,ZECUSDT|v65_strict_ny_long|bull,3,33.3,33.3,0.411,0.231,-0.0171,0.89,-0.1,2,0.5,2,inf,6.1,79.2,36.0,7.38e-01,LOW-N
stratxregime,asia_burst_fade|NA,77,48.1,48.1,0.38,0.569,-0.1131,0.62,-8.7,15,18.0,1,inf,37.3,59.0,60.0,9.87e-01,OK
stratxregime,asia_burst_fade|bear,422,44.1,44.1,0.34,0.325,-0.0322,0.82,-13.6,15,20.0,13,inf,39.4,48.8,48.9,9.79e-01,OK
stratxregime,asia_burst_fade|bull,1150,47.2,47.2,0.322,0.302,-0.0074,0.95,-8.5,23,44.8,16,inf,44.3,50.1,48.4,7.97e-01,OK
stratxregime,asia_burst_fade|neutral,978,42.5,42.5,0.333,0.287,-0.0235,0.86,-23.0,24,32.1,28,inf,39.5,45.7,46.3,9.92e-01,OK
stratxregime,asia_pump_short_4h|NA,44,65.9,65.9,0.367,0.175,0.1821,4.04,8.0,3,1.0,5,0.52,51.1,78.1,32.3,5.20e-06,OK
stratxregime,asia_pump_short_4h|bear,46,50.0,50.0,0.311,0.328,-0.0086,0.95,-0.4,7,3.1,8,inf,36.1,63.9,51.3,6.29e-01,OK
stratxregime,asia_pump_short_4h|bull,199,56.8,56.8,0.377,0.551,-0.024,0.9,-4.8,14,28.6,15,inf,49.8,63.5,59.4,7.93e-01,OK
stratxregime,asia_pump_short_4h|neutral,174,58.0,58.0,0.31,0.366,0.0267,1.17,4.6,5,6.4,26,0.77,50.6,65.1,54.1,1.66e-01,OK
stratxregime,burst_follow|NA,200,51.0,51.0,0.153,0.144,0.0074,1.1,1.5,10,4.1,2,1.78,44.1,57.8,48.5,2.63e-01,OK
stratxregime,burst_follow|bear,1416,55.2,55.2,0.127,0.14,0.0073,1.12,10.3,11,6.7,18,0.8,52.6,57.7,52.4,2.12e-02,OK
stratxregime,burst_follow|bull,3685,53.8,53.8,0.119,0.134,0.0021,1.03,7.9,29,33.2,21,2.16,52.1,55.4,52.9,1.57e-01,OK
stratxregime,burst_follow|neutral,3078,52.1,52.1,0.122,0.148,-0.0074,0.9,-22.9,40,41.6,34,inf,50.3,53.9,54.9,9.99e-01,OK
stratxregime,fade_3h_asia|bear,34,35.3,35.3,0.204,0.39,-0.1803,0.29,-6.1,6,7.5,5,inf,21.5,52.1,65.6,1.00e+00,OK
stratxregime,fade_3h_asia|bull,10,40.0,40.0,0.206,0.444,-0.1838,0.31,-1.8,4,2.6,5,inf,16.8,68.7,68.3,9.85e-01,LOW-N
stratxregime,fade_3h_asia|neutral,76,32.9,32.9,0.303,0.311,-0.1091,0.48,-8.3,14,8.3,7,inf,23.4,44.1,50.6,9.99e-01,OK
stratxregime,fade_3h_late|bear,18,61.1,61.1,0.42,0.088,0.2225,7.5,4.0,6,0.5,6,0.89,38.6,79.7,17.3,4.04e-05,LOW-N
stratxregime,fade_3h_late|bull,13,38.5,38.5,0.177,0.538,-0.2629,0.21,-3.4,4,3.7,6,inf,17.7,64.5,75.3,9.99e-01,LOW-N
stratxregime,fade_3h_late|neutral,68,42.6,42.6,0.391,0.235,0.0322,1.24,2.2,11,5.0,8,2.17,31.6,54.5,37.5,2.25e-01,OK
stratxregime,fade_3h_london|NA,6,100.0,100.0,0.619,0.0,0.6189,inf,3.7,0,0.0,1,1.0,61.0,100.0,0.0,0.00e+00,LOW-N
stratxregime,fade_3h_london|bear,27,51.9,51.9,0.63,0.245,0.2092,2.78,5.6,4,1.4,6,0.85,34.0,69.3,27.9,7.35e-03,LOW-N
stratxregime,fade_3h_london|bull,22,45.5,45.5,0.401,0.417,-0.0452,0.8,-1.0,5,2.5,5,inf,26.9,65.3,51.0,7.68e-01,LOW-N
stratxregime,fade_3h_london|neutral,48,39.6,39.6,0.443,0.229,0.0374,1.27,1.8,7,2.7,8,1.19,27.0,53.7,34.0,2.51e-01,OK
stratxregime,follow_3h_all|NA,8,100.0,100.0,0.833,0.0,0.8328,inf,6.7,0,0.0,1,1.0,67.6,100.0,0.0,0.00e+00,LOW-N
stratxregime,follow_3h_all|bear,166,58.4,58.4,0.281,0.244,0.0629,1.62,10.4,16,5.7,11,0.42,50.8,65.7,46.5,1.29e-03,OK
stratxregime,follow_3h_all|bull,109,56.0,56.0,0.204,0.226,0.015,1.15,1.6,10,3.6,12,1.4,46.6,64.9,52.5,2.64e-01,OK
stratxregime,follow_3h_all|neutral,319,58.9,58.9,0.257,0.295,0.0301,1.25,9.6,13,11.0,17,0.57,53.5,64.2,53.5,2.89e-02,OK
stratxregime,late_fade|NA,3,66.7,66.7,0.064,0.062,0.0218,2.06,0.1,1,0.1,1,1.0,20.8,93.9,49.3,4.90e-01,LOW-N
stratxregime,late_fade|bear,150,40.7,40.7,0.117,0.105,-0.0149,0.76,-2.2,7,4.0,13,inf,33.1,48.7,47.4,9.58e-01,OK
stratxregime,late_fade|bull,275,40.7,40.7,0.096,0.086,-0.0122,0.76,-3.3,13,5.8,14,inf,35.1,46.6,47.4,9.89e-01,OK
stratxregime,late_fade|neutral,369,55.8,55.8,0.149,0.102,0.038,1.84,14.0,21,2.6,25,0.63,50.7,60.8,40.7,3.33e-09,OK
stratxregime,london_burst_fade|NA,79,58.2,58.2,0.433,0.338,0.111,1.79,8.8,6,5.7,2,0.65,47.2,68.5,43.8,6.98e-03,OK
stratxregime,london_burst_fade|bear,336,47.6,47.6,0.378,0.352,-0.0045,0.98,-1.5,18,23.3,14,inf,42.3,53.0,48.2,6.11e-01,OK
stratxregime,london_burst_fade|bull,1002,44.5,44.5,0.358,0.319,-0.0174,0.9,-17.4,23,36.3,17,inf,41.5,47.6,47.1,9.52e-01,OK
stratxregime,london_burst_fade|neutral,720,47.9,47.9,0.373,0.337,0.0031,1.02,2.2,13,18.4,30,3.26,44.3,51.6,47.5,4.21e-01,OK
stratxregime,nony_momentum|NA,80,48.8,48.8,0.212,0.159,0.0216,1.26,1.7,11,3.5,2,2.48,38.1,59.5,42.9,1.73e-01,OK
stratxregime,nony_momentum|bear,289,61.9,61.9,0.139,0.135,0.035,1.68,10.1,14,2.1,17,0.55,56.2,67.3,49.2,8.66e-06,OK
stratxregime,nony_momentum|bull,775,58.8,58.8,0.117,0.112,0.0227,1.49,17.6,14,4.7,20,0.44,55.3,62.3,48.9,1.92e-08,OK
stratxregime,nony_momentum|neutral,848,49.2,49.2,0.118,0.159,-0.0231,0.71,-19.6,30,25.6,33,inf,45.8,52.5,57.5,1.00e+00,OK
stratxregime,ny_burst_fade|NA,39,48.7,48.7,0.293,0.227,0.0264,1.23,1.0,6,1.9,2,2.41,33.9,63.8,43.7,3.15e-01,OK
stratxregime,ny_burst_fade|bear,25,60.0,60.0,0.205,0.326,-0.0075,0.94,-0.2,2,1.6,1,inf,40.7,76.6,61.4,6.42e-01,LOW-N
stratxregime,ny_burst_follow|NA,37,45.9,45.9,0.073,0.087,-0.0134,0.72,-0.5,6,1.1,2,inf,31.0,61.6,54.3,8.82e-01,OK
stratxregime,ny_burst_follow|bear,26,34.6,34.6,0.149,0.083,-0.0024,0.96,-0.1,5,0.6,1,inf,19.4,53.8,35.7,6.16e-01,LOW-N
stratxregime,ny_flush_buy_4h|NA,25,52.0,52.0,0.209,0.19,0.0176,1.19,0.4,6,2.0,4,3.32,33.5,70.0,47.6,4.03e-01,LOW-N
stratxregime,ny_flush_buy_4h|bear,80,65.0,65.0,0.321,0.402,0.068,1.48,5.4,6,4.1,7,0.63,54.1,74.5,55.6,5.61e-02,OK
stratxregime,ny_flush_buy_4h|bull,353,57.2,57.2,0.271,0.249,0.0488,1.46,17.2,25,12.6,18,0.45,52.0,62.3,47.9,2.59e-04,OK
stratxregime,ny_flush_buy_4h|neutral,346,47.4,47.4,0.304,0.381,-0.0562,0.72,-19.5,30,31.9,26,inf,42.2,52.7,55.6,9.99e-01,OK
stratxregime,setup_fade|NA,87,48.3,48.3,0.35,0.352,-0.0134,0.93,-1.2,11,9.8,2,inf,38.1,58.6,50.2,6.78e-01,OK
stratxregime,setup_fade|bear,1258,47.1,47.1,0.356,0.356,-0.0202,0.89,-25.4,14,32.4,21,inf,44.4,49.9,50.0,9.79e-01,OK
stratxregime,setup_fade|bull,1430,49.4,49.4,0.355,0.366,-0.0098,0.95,-14.0,13,34.2,22,inf,46.8,52.0,50.7,8.54e-01,OK
stratxregime,setup_fade|neutral,2505,50.3,50.3,0.368,0.344,0.014,1.08,35.1,16,27.1,40,0.25,48.3,52.3,48.3,2.56e-02,OK
stratxregime,setup_follow|NA,86,52.3,52.3,0.133,0.137,0.0041,1.06,0.3,9,3.1,2,7.0,41.9,62.6,50.8,4.32e-01,OK
stratxregime,setup_follow|bear,1251,51.3,51.3,0.141,0.143,0.0027,1.04,3.4,12,9.8,21,0.8,48.5,54.1,50.4,2.58e-01,OK
stratxregime,setup_follow|bull,1423,49.5,49.5,0.146,0.139,0.0023,1.03,3.3,11,12.6,22,1.52,47.0,52.1,48.7,2.80e-01,OK
stratxregime,setup_follow|neutral,2498,48.5,48.5,0.142,0.144,-0.0052,0.93,-13.0,14,20.6,40,inf,46.5,50.4,50.3,9.68e-01,OK
stratxregime,v65_strict_long|bear,2,0.0,0.0,0.0,0.038,-0.038,0.0,-0.1,2,0.1,2,inf,0.0,65.8,100.0,1.00,LOW-N
stratxregime,v65_strict_long|bull,44,47.7,47.7,0.43,0.315,0.0407,1.25,1.8,9,3.1,7,1.28,33.8,62.1,42.3,2.79e-01,OK
stratxregime,v65_strict_long|neutral,13,38.5,38.5,0.37,0.262,-0.0193,0.88,-0.3,3,1.2,7,inf,17.7,64.5,41.5,6.88e-01,LOW-N
stratxregime,v65_strict_ny_long|bear,2,0.0,0.0,0.0,0.038,-0.038,0.0,-0.1,2,0.1,2,inf,0.0,65.8,100.0,1.00,LOW-N
stratxregime,v65_strict_ny_long|bull,44,47.7,47.7,0.43,0.315,0.0407,1.25,1.8,9,3.1,7,1.28,33.8,62.1,42.3,2.79e-01,OK
stratxregime,v65_strict_ny_long|neutral,13,38.5,38.5,0.37,0.262,-0.0193,0.88,-0.3,3,1.2,7,inf,17.7,64.5,41.5,6.88e-01,LOW-N
stratxvolb,asia_burst_fade|hi>=0.40%,2627,45.0,45.0,0.33,0.307,-0.0205,0.88,-53.8,24,55.0,55,inf,43.1,46.9,48.2,1.00e+00,OK
stratxvolb,asia_pump_short_4h|hi>=0.40%,463,57.5,57.5,0.345,0.428,0.0161,1.09,7.5,14,33.3,52,0.93,52.9,61.9,55.4,1.96e-01,OK
stratxvolb,burst_follow|hi>=0.40%,8379,53.3,53.3,0.122,0.141,-0.0004,0.99,-3.2,40,59.0,57,inf,52.3,54.4,53.5,6.11e-01,OK
stratxvolb,fade_3h_asia|hi>=0.40%,120,34.2,34.2,0.265,0.343,-0.1355,0.4,-16.3,16,18.1,17,inf,26.3,43.0,56.4,1.00e+00,OK
stratxvolb,fade_3h_late|hi>=0.40%,99,45.5,45.5,0.374,0.261,0.028,1.2,2.8,11,5.0,20,1.71,36.0,55.2,41.0,2.14e-01,OK
stratxvolb,fade_3h_london|hi>=0.40%,103,47.6,47.6,0.51,0.274,0.0987,1.69,10.2,9,2.8,19,0.47,38.2,57.1,35.0,5.69e-03,OK
stratxvolb,follow_3h_all|hi>=0.40%,602,58.8,58.8,0.267,0.268,0.047,1.43,28.3,16,11.0,37,0.27,54.8,62.7,50.0,9.15e-06,OK
stratxvolb,late_fade|hi>=0.40%,797,47.8,47.8,0.128,0.097,0.0107,1.21,8.5,22,8.2,53,1.04,44.4,51.3,43.0,3.81e-03,OK
stratxvolb,london_burst_fade|hi>=0.40%,2137,46.7,46.7,0.37,0.331,-0.0037,0.98,-7.9,23,39.2,54,inf,44.5,48.8,47.2,6.95e-01,OK
stratxvolb,nony_momentum|hi>=0.40%,1992,54.8,54.8,0.124,0.139,0.0049,1.08,9.8,30,17.9,57,0.79,52.6,56.9,52.9,4.92e-02,OK
stratxvolb,ny_burst_fade|hi>=0.40%,64,53.1,53.1,0.254,0.26,0.0131,1.11,0.8,6,2.4,2,2.72,41.1,64.8,50.6,3.89e-01,OK
stratxvolb,ny_burst_follow|hi>=0.40%,63,41.3,41.3,0.099,0.085,-0.0088,0.82,-0.6,6,1.6,2,inf,30.0,53.6,46.1,8.13e-01,OK
stratxvolb,ny_flush_buy_4h|hi>=0.40%,804,53.6,53.6,0.288,0.323,0.0045,1.03,3.6,30,26.6,51,2.15,50.2,57.0,52.9,3.50e-01,OK
stratxvolb,setup_fade|hi>=0.40%,5280,49.3,49.3,0.361,0.353,-0.001,0.99,-5.5,16,49.8,63,inf,47.9,50.6,49.4,5.89e-01,OK
stratxvolb,setup_follow|hi>=0.40%,5258,49.5,49.5,0.143,0.142,-0.0011,0.98,-6.0,14,28.4,63,inf,48.2,50.9,49.9,7.24e-01,OK
stratxvolb,v65_strict_long|hi>=0.40%,59,44.1,44.1,0.419,0.286,0.0248,1.16,1.5,9,3.4,15,1.57,32.2,56.7,40.5,3.36e-01,OK
stratxvolb,v65_strict_ny_long|hi>=0.40%,59,44.1,44.1,0.419,0.286,0.0248,1.16,1.5,9,3.4,15,1.57,32.2,56.7,40.5,3.36e-01,OK
stratxadxb,asia_burst_fade|20-30,813,41.8,41.8,0.373,0.313,-0.0265,0.85,-21.5,24,26.5,29,inf,38.5,45.2,45.7,9.88e-01,OK
stratxadxb,asia_burst_fade|<20,125,46.4,46.4,0.296,0.272,-0.008,0.94,-1.0,14,10.5,4,inf,37.9,55.1,47.8,6.57e-01,OK
stratxadxb,asia_burst_fade|>=30,980,46.5,46.5,0.321,0.295,-0.0081,0.95,-7.9,23,44.8,11,inf,43.4,49.7,47.8,8.03e-01,OK
stratxadxb,asia_burst_fade|NA,709,46.3,46.3,0.304,0.323,-0.0329,0.81,-23.3,17,24.3,14,inf,42.6,49.9,51.5,9.98e-01,OK
stratxadxb,asia_pump_short_4h|20-30,152,57.9,57.9,0.302,0.402,0.0054,1.03,0.8,7,9.1,26,3.1,49.9,65.5,57.1,4.58e-01,OK
stratxadxb,asia_pump_short_4h|<20,11,63.6,63.6,0.308,0.217,0.1172,2.48,1.3,2,0.4,4,0.71,35.4,84.8,41.3,1.17e-01,LOW-N
stratxadxb,asia_pump_short_4h|>=30,180,54.4,54.4,0.382,0.57,-0.0512,0.8,-9.2,14,28.6,11,inf,47.2,61.6,59.8,9.39e-01,OK
stratxadxb,asia_pump_short_4h|NA,120,60.8,60.8,0.349,0.232,0.1215,2.34,14.6,5,3.6,14,0.28,51.9,69.1,39.9,3.10e-06,OK
stratxadxb,burst_follow|20-30,2812,53.9,53.9,0.124,0.163,-0.0079,0.89,-22.3,40,40.5,34,inf,52.1,55.8,56.7,9.99e-01,OK
stratxadxb,burst_follow|<20,387,48.8,48.8,0.111,0.14,-0.0173,0.76,-6.7,11,13.0,7,inf,43.9,53.8,55.7,9.97e-01,OK
stratxadxb,burst_follow|>=30,3088,54.0,54.0,0.12,0.131,0.0043,1.07,13.3,29,24.7,13,1.27,52.3,55.8,52.3,2.89e-02,OK
stratxadxb,burst_follow|NA,2092,52.3,52.3,0.126,0.126,0.0059,1.1,12.4,25,7.5,15,0.66,50.2,54.4,49.9,1.64e-02,OK
stratxadxb,fade_3h_asia|>=30,10,40.0,40.0,0.206,0.444,-0.1838,0.31,-1.8,4,2.6,5,inf,16.8,68.7,68.3,9.85e-01,LOW-N
stratxadxb,fade_3h_asia|NA,110,33.6,33.6,0.271,0.335,-0.1311,0.41,-14.4,16,15.8,12,inf,25.5,42.9,55.3,1.00e+00,OK
stratxadxb,fade_3h_late|20-30,17,64.7,64.7,0.167,0.103,0.0715,2.97,1.2,2,0.3,4,0.86,41.3,82.7,38.2,2.42e-02,LOW-N
stratxadxb,fade_3h_late|<20,7,100.0,100.0,0.678,0.0,0.6784,inf,4.7,0,0.0,1,1.0,64.6,100.0,0.0,0.00e+00,LOW-N
stratxadxb,fade_3h_late|>=30,11,27.3,27.3,0.214,0.538,-0.3325,0.15,-3.7,4,3.7,5,inf,9.7,56.6,71.5,1.00e+00,LOW-N
stratxadxb,fade_3h_late|NA,64,37.5,37.5,0.401,0.229,0.0073,1.05,0.5,11,5.0,10,7.62,26.7,49.7,36.3,4.70e-01,OK
stratxadxb,fade_3h_london|20-30,4,50.0,50.0,0.609,0.037,0.2864,16.66,1.1,2,0.1,3,1.02,15.0,85.0,5.7,1.78e-02,LOW-N
stratxadxb,fade_3h_london|>=30,20,45.0,45.0,0.44,0.451,-0.0498,0.8,-1.0,5,2.5,4,inf,25.8,65.8,50.6,7.65e-01,LOW-N
stratxadxb,fade_3h_london|NA,79,48.1,48.1,0.521,0.238,0.1267,2.02,10.0,9,2.8,13,0.48,37.4,58.9,31.4,1.42e-03,OK
stratxadxb,follow_3h_all|20-30,33,48.5,48.5,0.232,0.213,0.0029,1.03,0.1,8,2.5,13,8.17,32.5,64.8,47.8,5.38e-01,OK
stratxadxb,follow_3h_all|<20,10,20.0,20.0,0.235,0.449,-0.3124,0.13,-3.1,5,3.5,2,inf,5.7,51.0,65.7,1.00e+00,LOW-N
stratxadxb,follow_3h_all|>=30,95,63.2,63.2,0.201,0.196,0.0548,1.76,5.2,5,2.2,9,0.44,53.1,72.2,49.3,4.64e-03,OK
stratxadxb,follow_3h_all|NA,464,59.5,59.5,0.284,0.278,0.0563,1.5,26.1,16,11.0,14,0.29,55.0,63.9,49.5,9.30e-06,OK
stratxadxb,late_fade|20-30,344,49.4,49.4,0.142,0.114,0.0126,1.22,4.3,21,6.7,27,2.04,44.2,54.7,44.5,3.71e-02,OK
stratxadxb,late_fade|<20,74,60.8,60.8,0.176,0.084,0.0745,3.27,5.5,7,0.7,2,1.03,49.4,71.1,32.2,3.89e-07,OK
stratxadxb,late_fade|>=30,223,39.5,39.5,0.088,0.084,-0.0159,0.69,-3.5,13,4.1,10,inf,33.3,46.0,48.7,9.98e-01,OK
stratxadxb,late_fade|NA,156,50.0,50.0,0.114,0.085,0.0141,1.33,2.2,22,3.0,14,1.65,42.2,57.8,42.9,4.45e-02,OK
stratxadxb,london_burst_fade|20-30,671,46.3,46.3,0.399,0.318,0.0145,1.09,9.8,10,19.0,28,0.79,42.6,50.1,44.3,1.54e-01,OK
stratxadxb,london_burst_fade|<20,88,60.2,60.2,0.302,0.296,0.0643,1.55,5.7,3,1.8,6,0.66,49.8,69.8,49.5,2.78e-02,OK
stratxadxb,london_burst_fade|>=30,840,44.3,44.3,0.36,0.328,-0.0237,0.87,-19.9,23,36.3,12,inf,41.0,47.7,47.7,9.79e-01,OK
stratxadxb,london_burst_fade|NA,538,48.5,48.5,0.365,0.356,-0.0064,0.97,-3.4,18,25.8,15,inf,44.3,52.7,49.4,6.76e-01,OK
stratxadxb,nony_momentum|20-30,656,54.0,54.0,0.13,0.164,-0.0052,0.93,-3.4,30,11.1,34,inf,50.1,57.7,55.7,8.28e-01,OK
stratxadxb,nony_momentum|<20,146,41.1,41.1,0.11,0.189,-0.0662,0.4,-9.7,14,12.8,6,inf,33.4,49.2,63.3,1.00e+00,OK
stratxadxb,nony_momentum|>=30,619,62.8,62.8,0.115,0.108,0.032,1.8,19.8,10,4.7,13,0.39,59.0,66.6,48.5,4.67e-13,OK
stratxadxb,nony_momentum|NA,571,50.4,50.4,0.132,0.124,0.0054,1.09,3.1,19,6.1,15,1.81,46.3,54.5,48.3,1.68e-01,OK
stratxadxb,ny_burst_fade|NA,64,53.1,53.1,0.254,0.26,0.0131,1.11,0.8,6,2.4,2,2.72,41.1,64.8,50.6,3.89e-01,OK
stratxadxb,ny_burst_follow|NA,63,41.3,41.3,0.099,0.085,-0.0088,0.82,-0.6,6,1.6,2,inf,30.0,53.6,46.1,8.13e-01,OK
stratxadxb,ny_flush_buy_4h|20-30,325,54.2,54.2,0.336,0.387,0.005,1.03,1.6,30,22.4,29,3.51,48.7,59.5,53.5,4.23e-01,OK
stratxadxb,ny_flush_buy_4h|<20,42,38.1,38.1,0.208,0.384,-0.1585,0.33,-6.7,16,8.6,4,inf,25.0,53.2,64.9,1.00e+00,OK
stratxadxb,ny_flush_buy_4h|>=30,298,55.7,55.7,0.243,0.267,0.0169,1.14,5.0,25,12.6,12,1.55,50.0,61.2,52.4,1.38e-01,OK
stratxadxb,ny_flush_buy_4h|NA,139,52.5,52.5,0.292,0.268,0.0261,1.21,3.6,16,9.3,12,0.74,44.3,60.6,47.9,1.55e-01,OK
stratxadxb,setup_fade|20-30,2631,49.0,49.0,0.363,0.35,-0.0009,0.99,-2.5,16,39.8,38,inf,47.1,50.9,49.1,5.62e-01,OK
stratxadxb,setup_fade|<20,406,48.5,48.5,0.361,0.333,0.0036,1.02,1.5,10,9.0,11,3.1,43.7,53.4,48.0,4.36e-01,OK
stratxadxb,setup_fade|>=30,1090,49.6,49.6,0.359,0.362,-0.0043,0.98,-4.7,14,29.7,14,inf,46.7,52.6,50.2,6.63e-01,OK
stratxadxb,setup_fade|NA,1153,49.8,49.8,0.361,0.357,0.0002,1.0,0.2,12,22.0,15,45.89,46.9,52.7,49.8,5.05e-01,OK
stratxadxb,setup_follow|20-30,2625,49.5,49.5,0.143,0.147,-0.0032,0.96,-8.4,14,21.6,38,inf,47.6,51.4,50.6,8.75e-01,OK
stratxadxb,setup_follow|<20,403,51.1,51.1,0.139,0.14,0.0025,1.04,1.0,9,4.6,11,2.61,46.2,56.0,50.2,3.79e-01,OK
stratxadxb,setup_follow|>=30,1084,49.7,49.7,0.143,0.135,0.0032,1.05,3.5,11,6.8,14,1.44,46.8,52.7,48.6,2.33e-01,OK
stratxadxb,setup_follow|NA,1146,48.7,48.7,0.143,0.139,-0.0018,0.97,-2.1,10,9.8,15,inf,45.8,51.6,49.3,6.79e-01,OK
stratxadxb,v65_strict_long|20-30,10,30.0,30.0,0.297,0.234,-0.075,0.54,-0.8,3,1.1,5,inf,10.8,60.3,44.1,8.90e-01,LOW-N
stratxadxb,v65_strict_long|<20,1,100.0,100.0,0.749,0.0,0.7493,inf,0.7,0,0.0,1,1.0,20.7,100.0,0.0,0.00e+00,LOW-N
stratxadxb,v65_strict_long|>=30,44,47.7,47.7,0.43,0.315,0.0407,1.25,1.8,9,3.1,7,1.28,33.8,62.1,42.3,2.79e-01,OK
stratxadxb,v65_strict_long|NA,4,25.0,25.0,0.209,0.178,-0.0814,0.39,-0.3,2,0.5,3,inf,4.6,69.9,46.0,9.15e-01,LOW-N
stratxadxb,v65_strict_ny_long|20-30,10,30.0,30.0,0.297,0.234,-0.075,0.54,-0.8,3,1.1,5,inf,10.8,60.3,44.1,8.90e-01,LOW-N
stratxadxb,v65_strict_ny_long|<20,1,100.0,100.0,0.749,0.0,0.7493,inf,0.7,0,0.0,1,1.0,20.7,100.0,0.0,0.00e+00,LOW-N
stratxadxb,v65_strict_ny_long|>=30,44,47.7,47.7,0.43,0.315,0.0407,1.25,1.8,9,3.1,7,1.28,33.8,62.1,42.3,2.79e-01,OK
stratxadxb,v65_strict_ny_long|NA,4,25.0,25.0,0.209,0.178,-0.0814,0.39,-0.3,2,0.5,3,inf,4.6,69.9,46.0,9.15e-01,LOW-N
stratxdecb,asia_burst_fade|D10,369,44.2,44.2,0.414,0.358,-0.0169,0.92,-6.2,17,20.2,52,inf,39.2,49.3,46.4,8.14e-01,OK
stratxdecb,asia_burst_fade|D2-3,1927,45.1,45.1,0.31,0.301,-0.0255,0.85,-49.2,24,54.5,55,inf,42.9,47.4,49.3,1.00e+00,OK
stratxdecb,asia_burst_fade|D4-9,331,45.0,45.0,0.357,0.284,0.0049,1.03,1.6,8,7.6,54,1.13,39.7,50.4,44.2,4.09e-01,OK
stratxdecb,asia_pump_short_4h|D10,108,53.7,53.7,0.373,0.375,0.0267,1.15,2.9,7,7.0,36,0.72,44.3,62.8,50.1,2.60e-01,OK
stratxdecb,asia_pump_short_4h|D2-3,257,58.4,58.4,0.332,0.449,0.0065,1.03,1.7,18,21.0,51,2.29,52.3,64.2,57.5,4.19e-01,OK
stratxdecb,asia_pump_short_4h|D4-9,98,59.2,59.2,0.35,0.434,0.0298,1.17,2.9,6,6.1,36,0.79,49.3,68.4,55.4,2.57e-01,OK
stratxdecb,burst_follow|D10,1163,52.8,52.8,0.147,0.163,0.0004,1.0,0.4,28,19.3,55,16.33,49.9,55.6,52.7,4.79e-01,OK
stratxdecb,burst_follow|D2-3,6221,53.5,53.5,0.117,0.133,0.0011,1.02,7.0,27,36.8,57,1.94,52.3,54.8,53.1,2.42e-01,OK
stratxdecb,burst_follow|D4-9,995,52.7,52.7,0.126,0.163,-0.0108,0.86,-10.7,16,11.6,56,inf,49.6,55.7,56.4,9.92e-01,OK
stratxdecb,fade_3h_asia|D10,32,25.0,25.0,0.239,0.374,-0.2207,0.21,-7.1,11,7.6,12,inf,13.3,42.1,61.0,1.00e+00,OK
stratxdecb,fade_3h_asia|D2-3,66,36.4,36.4,0.315,0.317,-0.0872,0.57,-5.8,9,9.0,15,inf,25.8,48.4,50.2,9.91e-01,OK
stratxdecb,fade_3h_asia|D4-9,22,40.9,40.9,0.154,0.371,-0.1563,0.29,-3.4,4,3.9,9,inf,23.3,61.3,70.7,9.99e-01,LOW-N
stratxdecb,fade_3h_late|D10,37,54.1,54.1,0.549,0.311,0.1537,2.07,5.7,6,2.5,11,0.78,38.4,69.0,36.2,1.99e-02,OK
stratxdecb,fade_3h_late|D2-3,40,37.5,37.5,0.242,0.229,-0.0523,0.63,-2.1,13,4.5,14,inf,24.2,53.0,48.6,9.42e-01,OK
stratxdecb,fade_3h_late|D4-9,22,45.5,45.5,0.224,0.255,-0.0375,0.73,-0.8,4,2.4,11,inf,26.9,65.3,53.3,8.29e-01,LOW-N
stratxdecb,fade_3h_london|D10,33,60.6,60.6,0.431,0.274,0.153,2.42,5.1,2,1.0,12,0.53,43.7,75.3,38.9,9.41e-03,OK
stratxdecb,fade_3h_london|D2-3,46,37.0,37.0,0.674,0.223,0.1084,1.77,5.0,9,2.4,15,0.84,24.5,51.4,24.9,4.65e-02,OK
stratxdecb,fade_3h_london|D4-9,24,50.0,50.0,0.408,0.398,0.0052,1.03,0.1,5,3.5,14,16.4,31.4,68.6,49.4,5.56e-01,LOW-N
stratxdecb,follow_3h_all|D10,170,61.8,61.8,0.28,0.325,0.0485,1.39,8.2,7,5.1,30,0.58,54.3,68.7,53.7,2.11e-02,OK
stratxdecb,follow_3h_all|D2-3,316,57.3,57.3,0.267,0.262,0.0407,1.36,12.9,13,7.4,25,0.38,51.8,62.6,49.6,3.63e-03,OK
stratxdecb,follow_3h_all|D4-9,116,58.6,58.6,0.25,0.204,0.062,1.73,7.2,6,2.5,31,0.24,49.5,67.2,45.0,2.17e-03,OK
stratxdecb,late_fade|D10,115,54.8,54.8,0.161,0.134,0.0278,1.46,3.2,15,2.3,36,0.74,45.7,63.6,45.4,2.67e-02,OK
stratxdecb,late_fade|D2-3,567,45.3,45.3,0.113,0.089,0.0024,1.05,1.3,14,6.2,52,2.12,41.3,49.4,44.1,3.00e-01,OK
stratxdecb,late_fade|D4-9,115,53.0,53.0,0.155,0.102,0.0344,1.72,4.0,7,2.1,32,1.09,44.0,61.9,39.7,2.58e-03,OK
stratxdecb,london_burst_fade|D10,362,50.8,50.8,0.402,0.342,0.036,1.21,13.0,16,13.6,52,0.67,45.7,55.9,46.0,3.63e-02,OK
stratxdecb,london_burst_fade|D2-3,1456,45.0,45.0,0.349,0.329,-0.0239,0.87,-34.8,20,54.0,53,inf,42.4,47.6,48.5,9.97e-01,OK
stratxdecb,london_burst_fade|D4-9,319,49.5,49.5,0.421,0.327,0.0435,1.26,13.9,9,7.0,50,0.33,44.1,55.0,43.7,2.12e-02,OK
stratxdecb,nony_momentum|D10,319,49.8,49.8,0.148,0.154,-0.0033,0.96,-1.1,21,10.8,45,inf,44.4,55.3,50.9,6.73e-01,OK
stratxdecb,nony_momentum|D2-3,1449,56.9,56.9,0.122,0.138,0.0103,1.17,15.0,14,11.1,57,0.48,54.4,59.5,53.0,1.27e-03,OK
stratxdecb,nony_momentum|D4-9,224,47.8,47.8,0.104,0.13,-0.0183,0.73,-4.1,11,5.5,44,inf,41.3,54.3,55.6,9.92e-01,OK
stratxdecb,ny_burst_fade|D10,2,100.0,100.0,0.114,0.0,0.114,inf,0.2,0,0.0,2,0.97,34.2,100.0,0.0,0.00e+00,LOW-N
stratxdecb,ny_burst_fade|D2-3,55,50.9,50.9,0.276,0.247,0.0193,1.16,1.1,7,1.9,2,2.79,38.1,63.6,47.2,3.39e-01,OK
stratxdecb,ny_burst_fade|D4-9,7,57.1,57.1,0.171,0.379,-0.0645,0.6,-0.5,1,0.9,2,inf,25.0,84.2,68.9,8.59e-01,LOW-N
stratxdecb,ny_burst_follow|D10,2,0.0,0.0,0.0,0.046,-0.0462,0.0,-0.1,2,0.1,2,inf,0.0,65.8,100.0,1.00,LOW-N
stratxdecb,ny_burst_follow|D2-3,55,43.6,43.6,0.098,0.089,-0.0079,0.84,-0.4,8,1.7,2,inf,31.4,56.7,47.8,7.76e-01,OK
stratxdecb,ny_burst_follow|D4-9,6,33.3,33.3,0.123,0.069,-0.0053,0.89,-0.0,3,0.3,2,inf,9.7,70.0,36.1,7.01e-01,LOW-N
stratxdecb,ny_flush_buy_4h|D10,178,57.3,57.3,0.267,0.451,-0.0399,0.79,-7.1,23,15.1,38,inf,50.0,64.3,62.9,9.45e-01,OK
stratxdecb,ny_flush_buy_4h|D2-3,521,53.0,53.0,0.296,0.274,0.0278,1.22,14.5,11,7.8,48,0.38,48.7,57.2,48.1,1.45e-02,OK
stratxdecb,ny_flush_buy_4h|D4-9,105,50.5,50.5,0.287,0.365,-0.0357,0.8,-3.8,8,5.9,36,inf,41.1,59.9,55.9,8.90e-01,OK
stratxdecb,setup_fade|D10,394,50.8,50.8,0.4,0.362,0.0247,1.14,9.7,8,6.9,62,0.5,45.8,55.7,47.5,1.08e-01,OK
stratxdecb,setup_fade|D2-3,3215,48.0,48.0,0.341,0.339,-0.0128,0.93,-41.0,14,62.2,63,inf,46.2,49.7,49.8,9.84e-01,OK
stratxdecb,setup_fade|D4-9,1671,51.4,51.4,0.389,0.379,0.0155,1.08,25.8,10,22.0,63,0.28,49.0,53.8,49.4,5.26e-02,OK
stratxdecb,setup_follow|D10,393,49.6,49.6,0.152,0.169,-0.0099,0.88,-3.9,9,7.4,62,inf,44.7,54.5,52.7,8.98e-01,OK
stratxdecb,setup_follow|D2-3,3214,49.9,49.9,0.138,0.133,0.0023,1.03,7.3,13,15.8,63,0.66,48.2,51.6,49.1,1.77e-01,OK
stratxdecb,setup_follow|D4-9,1651,48.7,48.7,0.149,0.153,-0.0057,0.93,-9.4,20,18.8,63,inf,46.3,51.1,50.6,9.40e-01,OK
stratxdecb,v65_strict_long|D10,2,0.0,0.0,0.0,0.219,-0.219,0.0,-0.4,2,0.4,2,inf,0.0,65.8,100.0,1.00,LOW-N
stratxdecb,v65_strict_long|D2-3,33,42.4,42.4,0.343,0.333,-0.0463,0.76,-1.5,6,3.3,9,inf,27.2,59.2,49.3,8.32e-01,OK
stratxdecb,v65_strict_long|D4-9,24,50.0,50.0,0.508,0.222,0.1428,2.29,3.4,3,0.6,9,0.56,31.4,68.6,30.4,3.49e-02,LOW-N
stratxdecb,v65_strict_ny_long|D10,2,0.0,0.0,0.0,0.219,-0.219,0.0,-0.4,2,0.4,2,inf,0.0,65.8,100.0,1.00,LOW-N
stratxdecb,v65_strict_ny_long|D2-3,33,42.4,42.4,0.343,0.333,-0.0463,0.76,-1.5,6,3.3,9,inf,27.2,59.2,49.3,8.32e-01,OK
stratxdecb,v65_strict_ny_long|D4-9,24,50.0,50.0,0.508,0.222,0.1428,2.29,3.4,3,0.6,9,0.56,31.4,68.6,30.4,3.49e-02,LOW-N
stratxweekday,asia_burst_fade|0,444,36.9,36.9,0.267,0.292,-0.0857,0.53,-38.0,24,39.6,8,inf,32.6,41.5,52.3,1.00e+00,OK
stratxweekday,asia_burst_fade|1,387,46.3,46.3,0.347,0.285,0.0072,1.05,2.8,14,9.7,7,3.76,41.3,51.2,45.1,3.45e-01,OK
stratxweekday,asia_burst_fade|2,398,44.7,44.7,0.347,0.342,-0.034,0.82,-13.5,17,18.0,8,inf,39.9,49.6,49.7,9.78e-01,OK
stratxweekday,asia_burst_fade|3,288,44.8,44.8,0.351,0.336,-0.0283,0.85,-8.1,10,12.5,8,inf,39.2,50.6,48.9,9.28e-01,OK
stratxweekday,asia_burst_fade|4,398,49.5,49.5,0.339,0.352,-0.0095,0.95,-3.8,13,21.2,8,inf,44.6,54.4,50.9,7.26e-01,OK
stratxweekday,asia_burst_fade|5,329,48.3,48.3,0.373,0.285,0.0332,1.23,10.9,21,9.7,8,1.54,43.0,53.7,43.3,3.70e-02,OK
stratxweekday,asia_burst_fade|6,383,46.0,46.0,0.29,0.266,-0.0104,0.93,-4.0,12,7.0,8,inf,41.0,51.0,47.8,7.84e-01,OK
stratxweekday,asia_pump_short_4h|0,64,70.3,70.3,0.32,0.366,0.1161,2.07,7.4,7,3.5,8,0.48,58.2,80.1,53.4,4.34e-03,OK
stratxweekday,asia_pump_short_4h|1,77,53.2,53.2,0.275,0.288,0.0115,1.09,0.9,7,4.7,8,3.16,42.2,64.0,51.2,4.04e-01,OK
stratxweekday,asia_pump_short_4h|2,53,50.9,50.9,0.317,0.253,0.0373,1.3,2.0,6,3.6,8,1.5,37.9,63.9,44.4,2.06e-01,OK
stratxweekday,asia_pump_short_4h|3,73,68.5,68.5,0.303,0.546,0.036,1.21,2.6,5,4.7,8,0.97,57.1,78.0,64.3,2.66e-01,OK
stratxweekday,asia_pump_short_4h|4,85,48.2,48.2,0.488,0.49,-0.0184,0.93,-1.6,14,16.2,8,inf,37.9,58.7,50.1,6.76e-01,OK
stratxweekday,asia_pump_short_4h|5,57,57.9,57.9,0.44,0.589,0.0066,1.03,0.4,13,11.7,6,5.89,45.0,69.8,57.3,5.17e-01,OK
stratxweekday,asia_pump_short_4h|6,54,53.7,53.7,0.269,0.483,-0.0788,0.65,-4.3,8,6.8,6,inf,40.6,66.3,64.2,9.58e-01,OK
stratxweekday,burst_follow|0,1256,56.4,56.4,0.129,0.131,0.0159,1.28,19.9,14,14.3,8,0.85,53.7,59.2,50.4,9.03e-06,OK
stratxweekday,burst_follow|1,1225,54.2,54.2,0.121,0.135,0.004,1.06,4.8,29,7.6,8,0.86,51.4,57.0,52.7,1.45e-01,OK
stratxweekday,burst_follow|2,1339,50.6,50.6,0.124,0.155,-0.014,0.82,-18.8,25,26.6,8,inf,47.9,53.2,55.6,1.00e+00,OK
stratxweekday,burst_follow|3,1072,53.5,53.5,0.124,0.138,0.0017,1.03,1.8,11,7.3,8,1.42,50.5,56.4,52.8,3.45e-01,OK
stratxweekday,burst_follow|4,1371,53.3,53.3,0.132,0.134,0.0075,1.12,10.2,19,6.5,9,0.76,50.7,55.9,50.5,2.00e-02,OK
stratxweekday,burst_follow|5,924,50.6,50.6,0.115,0.146,-0.0136,0.81,-12.5,25,18.8,8,inf,47.4,53.9,55.9,9.99e-01,OK
stratxweekday,burst_follow|6,1192,54.2,54.2,0.109,0.145,-0.0073,0.89,-8.8,40,17.1,8,inf,51.4,57.0,57.1,9.80e-01,OK
stratxweekday,fade_3h_asia|0,13,15.4,15.4,0.061,0.494,-0.409,0.02,-5.3,6,5.3,2,inf,4.3,42.2,89.0,1.00e+00,LOW-N
stratxweekday,fade_3h_asia|1,15,33.3,33.3,0.132,0.205,-0.0926,0.32,-1.4,4,1.4,2,inf,15.2,58.3,60.8,9.92e-01,LOW-N
stratxweekday,fade_3h_asia|2,6,0.0,0.0,0.0,0.461,-0.4609,0.0,-2.8,6,2.8,1,inf,0.0,39.0,100.0,1.00,LOW-N
stratxweekday,fade_3h_asia|3,31,38.7,38.7,0.37,0.34,-0.0653,0.69,-2.0,8,4.5,3,inf,23.7,56.2,47.9,8.86e-01,OK
stratxweekday,fade_3h_asia|4,20,50.0,50.0,0.372,0.134,0.1189,2.78,2.4,5,0.9,3,0.88,29.9,70.1,26.5,2.07e-02,LOW-N
stratxweekday,fade_3h_asia|5,21,28.6,28.6,0.104,0.344,-0.2156,0.12,-4.5,5,4.7,3,inf,13.8,50.0,76.7,1.00e+00,LOW-N
stratxweekday,fade_3h_asia|6,14,42.9,42.9,0.216,0.489,-0.1865,0.33,-2.6,4,3.4,3,inf,21.4,67.4,69.3,9.90e-01,LOW-N
stratxweekday,fade_3h_late|0,18,61.1,61.1,0.508,0.56,0.0927,1.43,1.7,4,2.0,5,2.85,38.6,79.7,52.4,3.10e-01,LOW-N
stratxweekday,fade_3h_late|1,14,21.4,21.4,0.181,0.249,-0.1567,0.2,-2.2,9,2.2,2,inf,7.6,47.6,57.9,9.99e-01,LOW-N
stratxweekday,fade_3h_late|2,6,0.0,0.0,0.0,0.097,-0.0969,0.0,-0.6,6,0.6,2,inf,0.0,39.0,100.0,1.00,LOW-N
stratxweekday,fade_3h_late|3,4,50.0,50.0,0.12,0.833,-0.3567,0.14,-1.4,1,1.4,3,inf,15.0,85.0,87.4,9.93e-01,LOW-N
stratxweekday,fade_3h_late|4,1,0.0,0.0,0.0,0.035,-0.0352,0.0,-0.0,1,0.0,1,inf,0.0,79.3,100.0,1.00,LOW-N
stratxweekday,fade_3h_late|5,25,60.0,60.0,0.527,0.217,0.2294,3.64,5.7,7,2.0,3,0.62,40.7,76.6,29.2,1.30e-03,LOW-N
stratxweekday,fade_3h_late|6,31,45.2,45.2,0.183,0.174,-0.0126,0.87,-0.4,7,2.4,4,inf,29.2,62.2,48.7,7.16e-01,OK
stratxweekday,fade_3h_london|0,11,27.3,27.3,0.498,0.414,-0.1651,0.45,-1.8,5,1.9,3,inf,9.7,56.6,45.4,9.38e-01,LOW-N
stratxweekday,fade_3h_london|1,8,37.5,37.5,0.356,0.144,0.0433,1.48,0.3,4,0.7,2,0.88,13.7,69.4,28.8,4.18e-01,LOW-N
stratxweekday,fade_3h_london|2,10,70.0,70.0,0.537,0.227,0.3077,5.51,3.1,3,0.7,3,1.21,39.7,89.2,29.8,1.01e-02,LOW-N
stratxweekday,fade_3h_london|3,10,30.0,30.0,0.474,0.136,0.0472,1.5,0.5,6,0.7,3,2.16,10.8,60.3,22.3,3.91e-01,LOW-N
stratxweekday,fade_3h_london|4,22,40.9,40.9,0.398,0.386,-0.0653,0.71,-1.4,6,2.8,2,inf,23.3,61.3,49.2,8.40e-01,LOW-N
stratxweekday,fade_3h_london|5,16,37.5,37.5,1.186,0.172,0.3376,4.15,5.4,3,0.7,2,0.88,18.5,61.4,12.6,1.05e-02,LOW-N
stratxweekday,fade_3h_london|6,26,69.2,69.2,0.363,0.302,0.1583,2.7,4.1,2,2.0,4,0.52,50.0,83.5,45.4,1.24e-02,LOW-N
stratxweekday,follow_3h_all|0,131,58.8,58.8,0.274,0.287,0.043,1.36,5.6,9,4.0,5,0.78,50.2,66.8,51.1,4.75e-02,OK
stratxweekday,follow_3h_all|1,93,57.0,57.0,0.321,0.245,0.0777,1.74,7.2,12,3.9,6,0.38,46.8,66.6,43.3,5.32e-03,OK
stratxweekday,follow_3h_all|2,95,57.9,57.9,0.265,0.323,0.0174,1.13,1.7,13,9.1,5,4.6,47.8,67.3,54.9,3.17e-01,OK
stratxweekday,follow_3h_all|3,37,75.7,75.7,0.331,0.185,0.2051,5.55,7.6,2,0.7,5,0.59,59.9,86.6,35.9,9.61e-07,OK
stratxweekday,follow_3h_all|4,52,65.4,65.4,0.288,0.204,0.1179,2.67,6.1,3,1.5,6,0.68,51.8,76.8,41.4,4.18e-04,OK
stratxweekday,follow_3h_all|5,90,50.0,50.0,0.198,0.324,-0.063,0.61,-5.7,12,7.2,4,inf,39.9,60.1,62.1,9.93e-01,OK
stratxweekday,follow_3h_all|6,104,59.6,59.6,0.226,0.196,0.0552,1.7,5.7,9,3.0,6,0.73,50.0,68.5,46.5,4.98e-03,OK
stratxweekday,late_fade|0,128,53.1,53.1,0.155,0.103,0.0339,1.7,4.3,8,1.5,7,1.31,44.5,61.6,40.0,1.79e-03,OK
stratxweekday,late_fade|1,80,31.2,31.2,0.117,0.123,-0.0481,0.43,-3.8,17,4.6,8,inf,22.2,42.1,51.3,1.00e+00,OK
stratxweekday,late_fade|2,118,38.1,38.1,0.1,0.088,-0.0165,0.7,-1.9,13,2.7,8,inf,29.9,47.1,46.9,9.78e-01,OK
stratxweekday,late_fade|3,76,46.1,46.1,0.104,0.098,-0.0051,0.9,-0.4,6,2.2,7,inf,35.3,57.2,48.6,7.10e-01,OK
stratxweekday,late_fade|4,81,40.7,40.7,0.1,0.09,-0.0129,0.76,-1.0,9,1.5,8,inf,30.7,51.6,47.5,9.09e-01,OK
stratxweekday,late_fade|5,101,59.4,59.4,0.109,0.086,0.0297,1.85,3.0,11,1.7,8,1.21,49.7,68.5,44.2,1.53e-03,OK
stratxweekday,late_fade|6,213,54.0,54.0,0.15,0.09,0.0394,1.95,8.4,21,2.6,7,1.06,47.3,60.6,37.6,8.66e-07,OK
stratxweekday,london_burst_fade|0,299,36.5,36.5,0.331,0.416,-0.1436,0.46,-42.9,23,42.9,7,inf,31.2,42.1,55.7,1.00e+00,OK
stratxweekday,london_burst_fade|1,340,42.4,42.4,0.403,0.313,-0.0096,0.95,-3.3,21,18.0,8,inf,37.2,47.7,43.7,7.10e-01,OK
stratxweekday,london_burst_fade|2,323,51.1,51.1,0.392,0.281,0.0625,1.45,20.2,13,6.9,8,0.38,45.7,56.5,41.8,4.76e-04,OK
stratxweekday,london_burst_fade|3,342,52.3,52.3,0.39,0.314,0.0543,1.36,18.6,12,8.6,7,0.58,47.0,57.6,44.6,2.52e-03,OK
stratxweekday,london_burst_fade|4,390,50.3,50.3,0.388,0.407,-0.0075,0.96,-2.9,16,20.8,8,inf,45.3,55.2,51.2,6.63e-01,OK
stratxweekday,london_burst_fade|5,198,43.9,43.9,0.267,0.291,-0.0456,0.72,-9.0,9,9.3,8,inf,37.2,50.9,52.1,9.91e-01,OK
stratxweekday,london_burst_fade|6,245,47.8,47.8,0.351,0.231,0.0469,1.39,11.5,10,6.1,8,0.95,41.6,54.0,39.7,6.25e-03,OK
stratxweekday,nony_momentum|0,389,58.9,58.9,0.131,0.141,0.0192,1.33,7.5,14,10.2,8,1.04,53.9,63.6,51.8,2.99e-03,OK
stratxweekday,nony_momentum|1,328,56.1,56.1,0.125,0.123,0.0166,1.31,5.4,14,4.6,8,0.61,50.7,61.4,49.4,8.87e-03,OK
stratxweekday,nony_momentum|2,320,54.1,54.1,0.134,0.13,0.0127,1.21,4.1,22,6.1,8,0.97,48.6,59.4,49.3,4.79e-02,OK
stratxweekday,nony_momentum|3,201,51.7,51.7,0.118,0.126,-0.0,1.0,-0.0,12,3.8,8,inf,44.9,58.6,51.7,5.29e-01,OK
stratxweekday,nony_momentum|4,256,51.6,51.6,0.133,0.157,-0.0071,0.91,-1.8,15,6.4,9,inf,45.5,57.6,54.0,8.03e-01,OK
stratxweekday,nony_momentum|5,200,55.0,55.0,0.104,0.162,-0.0157,0.78,-3.1,14,7.0,8,inf,48.1,61.7,60.9,9.63e-01,OK
stratxweekday,nony_momentum|6,298,53.4,53.4,0.113,0.145,-0.0073,0.89,-2.2,30,10.9,8,inf,47.7,58.9,56.2,8.53e-01,OK
stratxweekday,ny_burst_fade|1,23,39.1,39.1,0.122,0.182,-0.0629,0.43,-1.4,6,1.9,1,inf,22.2,59.2,59.8,9.87e-01,LOW-N
stratxweekday,ny_burst_fade|2,41,61.0,61.0,0.302,0.329,0.0557,1.43,2.3,5,2.4,1,1.0,45.7,74.3,52.1,1.64e-01,OK
stratxweekday,ny_burst_follow|1,23,60.9,60.9,0.072,0.05,0.0245,2.26,0.6,3,0.3,1,1.0,40.8,77.8,40.7,4.09e-02,LOW-N
stratxweekday,ny_burst_follow|2,40,30.0,30.0,0.131,0.096,-0.028,0.58,-1.1,6,1.6,1,inf,18.1,45.4,42.3,9.61e-01,OK
stratxweekday,ny_flush_buy_4h|0,121,40.5,40.5,0.319,0.327,-0.0652,0.66,-7.9,18,15.2,7,inf,32.2,49.4,50.6,9.90e-01,OK
stratxweekday,ny_flush_buy_4h|1,140,53.6,53.6,0.23,0.324,-0.0269,0.82,-3.8,12,11.2,8,inf,45.3,61.6,58.4,8.94e-01,OK
stratxweekday,ny_flush_buy_4h|2,131,64.1,64.1,0.336,0.245,0.1274,2.45,16.7,6,4.1,8,0.47,55.6,71.8,42.2,3.47e-07,OK
stratxweekday,ny_flush_buy_4h|3,88,50.0,50.0,0.256,0.182,0.037,1.41,3.3,7,2.9,7,0.44,39.8,60.2,41.6,6.80e-02,OK
stratxweekday,ny_flush_buy_4h|4,154,55.8,55.8,0.298,0.265,0.0492,1.42,7.6,25,8.4,8,0.79,48.0,63.5,47.1,1.82e-02,OK
stratxweekday,ny_flush_buy_4h|5,55,72.7,72.7,0.285,0.421,0.0924,1.8,5.1,5,2.3,7,0.63,59.8,82.7,59.6,3.07e-02,OK
stratxweekday,ny_flush_buy_4h|6,115,46.1,46.1,0.278,0.517,-0.1505,0.46,-17.3,30,22.4,6,inf,37.3,55.2,65.0,1.00e+00,OK
stratxweekday,setup_fade|0,651,50.7,50.7,0.378,0.361,0.0139,1.08,9.0,11,14.7,9,1.12,46.9,54.5,48.8,1.79e-01,OK
stratxweekday,setup_fade|1,731,50.8,50.8,0.359,0.311,0.029,1.19,21.2,10,8.6,9,0.37,47.1,54.4,46.4,1.06e-02,OK
stratxweekday,setup_fade|2,745,49.5,49.5,0.358,0.393,-0.0212,0.89,-15.8,13,20.3,9,inf,46.0,53.1,52.4,9.43e-01,OK
stratxweekday,setup_fade|3,780,48.2,48.2,0.356,0.383,-0.0267,0.87,-20.9,12,21.6,9,inf,44.7,51.7,51.8,9.80e-01,OK
stratxweekday,setup_fade|4,837,49.1,49.1,0.377,0.332,0.0157,1.09,13.1,12,10.0,9,0.61,45.7,52.5,46.9,1.06e-01,OK
stratxweekday,setup_fade|5,780,50.0,50.0,0.362,0.334,0.014,1.08,10.9,8,14.1,9,0.56,46.5,53.5,48.0,1.38e-01,OK
stratxweekday,setup_fade|6,756,46.8,47.0,0.339,0.356,-0.0305,0.84,-23.1,16,38.2,9,inf,43.3,50.4,51.2,9.93e-01,OK
stratxweekday,setup_follow|0,653,48.9,48.9,0.145,0.156,-0.0088,0.89,-5.8,11,8.5,9,inf,45.0,52.7,51.8,9.39e-01,OK
stratxweekday,setup_follow|1,729,48.6,48.6,0.128,0.144,-0.0117,0.84,-8.5,14,8.8,9,inf,44.9,52.2,52.9,9.91e-01,OK
stratxweekday,setup_follow|2,740,49.2,49.2,0.154,0.143,0.0029,1.04,2.2,11,8.2,9,1.7,45.6,52.8,48.2,3.09e-01,OK
stratxweekday,setup_follow|3,779,49.7,49.7,0.154,0.144,0.0041,1.06,3.2,10,9.5,9,1.37,46.2,53.2,48.3,2.32e-01,OK
stratxweekday,setup_follow|4,830,50.2,50.2,0.137,0.134,0.0021,1.03,1.8,12,5.5,9,2.14,46.8,53.6,49.5,3.37e-01,OK
stratxweekday,setup_follow|5,774,47.3,47.3,0.14,0.142,-0.009,0.88,-6.9,7,12.2,9,inf,43.8,50.8,50.5,9.65e-01,OK
stratxweekday,setup_follow|6,753,52.6,52.6,0.141,0.134,0.0108,1.17,8.1,12,6.1,9,0.61,49.0,56.1,48.7,1.69e-02,OK
stratxweekday,v65_strict_long|0,7,28.6,28.6,0.386,0.372,-0.1555,0.41,-1.1,4,1.7,2,inf,8.2,64.1,49.1,9.31e-01,LOW-N
stratxweekday,v65_strict_long|1,5,40.0,40.0,0.421,0.594,-0.1881,0.47,-0.9,2,1.2,4,inf,11.8,76.9,58.5,9.01e-01,LOW-N
stratxweekday,v65_strict_long|2,3,100.0,100.0,0.628,0.0,0.6275,inf,1.9,0,0.0,1,1.0,43.8,100.0,0.0,0.00e+00,LOW-N
stratxweekday,v65_strict_long|3,6,33.3,33.3,0.45,0.302,-0.0511,0.75,-0.3,2,0.7,2,inf,9.7,70.0,40.1,7.69e-01,LOW-N
stratxweekday,v65_strict_long|4,8,75.0,75.0,0.442,0.339,0.2467,3.91,2.0,1,0.5,2,1.16,40.9,92.9,43.4,7.45e-02,LOW-N
stratxweekday,v65_strict_long|5,13,53.8,53.8,0.314,0.124,0.1121,2.97,1.5,2,0.2,1,1.0,29.1,76.8,28.2,4.60e-02,LOW-N
stratxweekday,v65_strict_long|6,17,23.5,23.5,0.41,0.243,-0.0891,0.52,-1.5,8,2.4,3,inf,9.6,47.3,37.2,9.26e-01,LOW-N
stratxweekday,v65_strict_ny_long|0,7,28.6,28.6,0.386,0.372,-0.1555,0.41,-1.1,4,1.7,2,inf,8.2,64.1,49.1,9.31e-01,LOW-N
stratxweekday,v65_strict_ny_long|1,5,40.0,40.0,0.421,0.594,-0.1881,0.47,-0.9,2,1.2,4,inf,11.8,76.9,58.5,9.01e-01,LOW-N
stratxweekday,v65_strict_ny_long|2,3,100.0,100.0,0.628,0.0,0.6275,inf,1.9,0,0.0,1,1.0,43.8,100.0,0.0,0.00e+00,LOW-N
stratxweekday,v65_strict_ny_long|3,6,33.3,33.3,0.45,0.302,-0.0511,0.75,-0.3,2,0.7,2,inf,9.7,70.0,40.1,7.69e-01,LOW-N
stratxweekday,v65_strict_ny_long|4,8,75.0,75.0,0.442,0.339,0.2467,3.91,2.0,1,0.5,2,1.16,40.9,92.9,43.4,7.45e-02,LOW-N
stratxweekday,v65_strict_ny_long|5,13,53.8,53.8,0.314,0.124,0.1121,2.97,1.5,2,0.2,1,1.0,29.1,76.8,28.2,4.60e-02,LOW-N
stratxweekday,v65_strict_ny_long|6,17,23.5,23.5,0.41,0.243,-0.0891,0.52,-1.5,8,2.4,3,inf,9.6,47.3,37.2,9.26e-01,LOW-N
stratxhourb,asia_burst_fade|0-5,2055,45.8,45.8,0.328,0.313,-0.0192,0.89,-39.5,24,44.2,54,inf,43.7,48.0,48.8,9.97e-01,OK
stratxhourb,asia_burst_fade|6-11,572,42.0,42.0,0.338,0.287,-0.025,0.85,-14.3,14,22.4,52,inf,38.0,46.0,46.0,9.75e-01,OK
stratxhourb,asia_pump_short_4h|0-5,381,57.0,57.0,0.345,0.42,0.0158,1.09,6.0,20,26.5,52,1.03,51.9,61.8,54.9,2.24e-01,OK
stratxhourb,asia_pump_short_4h|6-11,82,59.8,59.8,0.343,0.465,0.0177,1.09,1.4,11,8.0,33,1.8,48.9,69.7,57.6,3.89e-01,OK
stratxhourb,burst_follow|0-5,1981,53.5,53.5,0.124,0.132,0.0053,1.09,10.4,23,20.3,54,0.56,51.3,55.7,51.5,3.52e-02,OK
stratxhourb,burst_follow|12-17,2662,52.9,52.9,0.123,0.143,-0.0026,0.96,-7.0,25,29.8,53,inf,51.0,54.8,53.9,8.52e-01,OK
stratxhourb,burst_follow|18-23,1987,52.9,52.9,0.123,0.158,-0.0094,0.87,-18.7,40,36.5,53,inf,50.7,55.1,56.2,9.99e-01,OK
stratxhourb,burst_follow|6-11,1749,54.3,54.3,0.119,0.127,0.0069,1.12,12.0,19,6.7,56,0.42,51.9,56.6,51.5,1.02e-02,OK
stratxhourb,fade_3h_asia|0-5,93,35.5,35.5,0.259,0.343,-0.1292,0.42,-12.0,14,13.9,15,inf,26.5,45.6,57.0,1.00e+00,OK
stratxhourb,fade_3h_asia|6-11,27,29.6,29.6,0.29,0.346,-0.1572,0.35,-4.2,12,5.3,14,inf,15.9,48.5,54.4,9.97e-01,LOW-N
stratxhourb,fade_3h_late|18-23,99,45.5,45.5,0.374,0.261,0.028,1.2,2.8,11,5.0,20,1.71,36.0,55.2,41.0,2.14e-01,OK
stratxhourb,fade_3h_london|12-17,43,53.5,53.5,0.682,0.281,0.2341,2.79,10.1,7,2.3,15,0.54,38.9,67.5,29.2,7.13e-04,OK
stratxhourb,fade_3h_london|6-11,60,43.3,43.3,0.357,0.271,0.0016,1.01,0.1,6,3.0,16,18.38,31.6,55.9,43.1,5.34e-01,OK
stratxhourb,follow_3h_all|0-5,167,55.1,55.1,0.212,0.243,0.0074,1.07,1.2,11,8.3,17,1.9,47.5,62.4,53.5,3.67e-01,OK
stratxhourb,follow_3h_all|12-17,145,71.7,71.7,0.303,0.201,0.1605,3.82,23.3,7,2.2,24,0.33,63.9,78.4,39.9,8.77e-15,OK
stratxhourb,follow_3h_all|18-23,190,51.1,51.1,0.273,0.297,-0.0059,0.96,-1.1,14,9.5,29,inf,44.0,58.1,52.1,6.40e-01,OK
stratxhourb,follow_3h_all|6-11,100,61.0,61.0,0.282,0.314,0.0494,1.4,4.9,11,6.6,21,0.79,51.2,70.0,52.7,5.88e-02,OK
stratxhourb,late_fade|18-23,797,47.8,47.8,0.128,0.097,0.0107,1.21,8.5,22,8.2,53,1.04,44.4,51.3,43.0,3.81e-03,OK
stratxhourb,london_burst_fade|12-17,894,48.9,48.9,0.395,0.364,0.0071,1.04,6.4,21,26.1,53,1.1,45.6,52.2,47.9,2.99e-01,OK
stratxhourb,london_burst_fade|6-11,1243,45.1,45.1,0.351,0.308,-0.0115,0.93,-14.3,23,42.3,53,inf,42.3,47.8,46.8,8.96e-01,OK
stratxhourb,nony_momentum|0-5,774,56.2,56.2,0.126,0.126,0.0154,1.28,12.0,19,6.5,50,0.47,52.7,59.7,50.1,3.74e-04,OK
stratxhourb,nony_momentum|12-17,344,52.0,52.0,0.136,0.142,0.0028,1.04,1.0,16,6.6,40,3.6,46.8,57.3,51.0,3.73e-01,OK
stratxhourb,nony_momentum|18-23,328,49.1,49.1,0.113,0.201,-0.0467,0.54,-15.3,30,18.9,41,inf,43.7,54.5,63.9,1.00e+00,OK
stratxhourb,nony_momentum|6-11,546,57.9,57.9,0.12,0.112,0.0224,1.47,12.2,14,3.1,52,0.18,53.7,61.9,48.2,4.06e-06,OK
stratxhourb,ny_burst_fade|12-17,64,53.1,53.1,0.254,0.26,0.0131,1.11,0.8,6,2.4,2,2.72,41.1,64.8,50.6,3.89e-01,OK
stratxhourb,ny_burst_follow|12-17,63,41.3,41.3,0.099,0.085,-0.0088,0.82,-0.6,6,1.6,2,inf,30.0,53.6,46.1,8.13e-01,OK
stratxhourb,ny_flush_buy_4h|12-17,470,53.8,53.8,0.266,0.253,0.0264,1.23,12.4,25,11.7,51,0.46,49.3,58.3,48.7,1.53e-02,OK
stratxhourb,ny_flush_buy_4h|18-23,334,53.3,53.3,0.32,0.421,-0.0263,0.87,-8.8,26,20.8,48,inf,47.9,58.6,56.8,9.13e-01,OK
stratxhourb,setup_fade|0-5,1318,50.0,50.0,0.35,0.341,0.0048,1.03,6.4,11,12.4,62,1.07,47.3,52.7,49.3,3.15e-01,OK
stratxhourb,setup_fade|12-17,1335,49.9,50.0,0.366,0.39,-0.0126,0.94,-16.8,14,21.8,61,inf,47.2,52.6,51.6,8.93e-01,OK
stratxhourb,setup_fade|18-23,1241,48.1,48.1,0.366,0.336,0.0015,1.01,1.9,13,23.3,61,2.82,45.3,50.9,47.9,4.49e-01,OK
stratxhourb,setup_fade|6-11,1386,49.0,49.0,0.363,0.344,0.0022,1.01,3.0,12,18.8,63,2.02,46.4,51.6,48.7,4.19e-01,OK
stratxhourb,setup_follow|0-5,1309,49.4,49.4,0.139,0.138,-0.001,0.99,-1.3,13,11.0,62,inf,46.6,52.1,49.7,6.11e-01,OK
stratxhourb,setup_follow|12-17,1331,49.5,49.5,0.149,0.139,0.0037,1.05,4.9,11,7.9,61,0.71,46.8,52.2,48.2,1.85e-01,OK
stratxhourb,setup_follow|18-23,1240,49.6,49.6,0.142,0.146,-0.0029,0.96,-3.6,18,13.3,61,inf,46.8,52.4,50.6,7.72e-01,OK
stratxhourb,setup_follow|6-11,1378,49.6,49.6,0.139,0.146,-0.0043,0.94,-6.0,14,12.7,63,inf,46.9,52.2,51.1,8.77e-01,OK
stratxhourb,v65_strict_long|12-17,30,30.0,30.0,0.384,0.326,-0.1134,0.5,-3.4,10,4.2,10,inf,16.7,47.9,46.0,9.76e-01,OK
stratxhourb,v65_strict_long|18-23,29,58.6,58.6,0.437,0.214,0.1677,2.89,4.9,3,1.0,11,0.39,40.7,74.5,32.9,3.85e-03,LOW-N
stratxhourb,v65_strict_ny_long|12-17,30,30.0,30.0,0.384,0.326,-0.1134,0.5,-3.4,10,4.2,10,inf,16.7,47.9,46.0,9.76e-01,OK
stratxhourb,v65_strict_ny_long|18-23,29,58.6,58.6,0.437,0.214,0.1677,2.89,4.9,3,1.0,11,0.39,40.7,74.5,32.9,3.85e-03,LOW-N
stratxweekend,asia_burst_fade|False,1915,44.2,44.2,0.33,0.319,-0.0317,0.82,-60.7,24,61.9,39,inf,42.0,46.5,49.1,1.00e+00,OK
stratxweekend,asia_burst_fade|True,712,47.1,47.1,0.33,0.275,0.0097,1.07,6.9,21,10.5,16,2.44,43.4,50.7,45.4,2.05e-01,OK
stratxweekend,asia_pump_short_4h|False,352,58.0,58.0,0.34,0.392,0.0323,1.2,11.4,14,22.8,40,0.61,52.7,63.0,53.5,5.41e-02,OK
stratxweekend,asia_pump_short_4h|True,111,55.9,55.9,0.36,0.535,-0.0349,0.85,-3.9,13,16.8,12,inf,46.6,64.7,59.8,8.25e-01,OK
stratxweekend,burst_follow|False,6263,53.6,53.6,0.126,0.139,0.0029,1.04,18.1,29,41.6,41,0.94,52.3,54.8,52.5,4.35e-02,OK
stratxweekend,burst_follow|True,2116,52.6,52.6,0.111,0.145,-0.0101,0.85,-21.3,40,29.5,16,inf,50.5,54.8,56.6,1.00e+00,OK
stratxweekend,fade_3h_asia|False,85,34.1,34.1,0.308,0.322,-0.1073,0.49,-9.1,16,10.9,11,inf,24.9,44.7,51.1,9.99e-01,OK
stratxweekend,fade_3h_asia|True,35,34.3,34.3,0.16,0.394,-0.204,0.21,-7.1,6,7.7,6,inf,20.8,50.8,71.1,1.00e+00,OK
stratxweekend,fade_3h_late|False,43,37.2,37.2,0.398,0.331,-0.0597,0.71,-2.6,9,4.8,13,inf,24.4,52.1,45.4,8.92e-01,OK
stratxweekend,fade_3h_late|True,56,51.8,51.8,0.361,0.19,0.0954,2.04,5.3,9,4.4,7,0.67,39.0,64.3,34.5,5.72e-03,OK
stratxweekend,fade_3h_london|False,61,41.0,41.0,0.453,0.297,0.0106,1.06,0.6,9,3.7,13,5.77,29.5,53.5,39.6,4.59e-01,OK
stratxweekend,fade_3h_london|True,42,57.1,57.1,0.569,0.23,0.2266,3.3,9.5,3,2.0,6,0.5,42.2,70.9,28.8,1.13e-04,OK
stratxweekend,follow_3h_all|False,408,60.5,60.5,0.291,0.27,0.0692,1.65,28.2,14,11.0,27,0.27,55.7,65.2,48.2,3.74e-07,OK
stratxweekend,follow_3h_all|True,194,55.2,55.2,0.214,0.262,0.0004,1.0,0.1,16,5.7,10,53.15,48.1,62.0,55.1,5.20e-01,OK
stratxweekend,late_fade|False,483,42.7,42.7,0.121,0.1,-0.006,0.9,-2.9,22,5.8,38,inf,38.3,47.1,45.4,8.93e-01,OK
stratxweekend,late_fade|True,314,55.7,55.7,0.136,0.089,0.0363,1.92,11.4,21,3.2,15,0.78,50.2,61.1,39.6,5.93e-09,OK
stratxweekend,london_burst_fade|False,1694,46.8,46.8,0.384,0.35,-0.0061,0.97,-10.4,23,48.5,38,inf,44.4,49.2,47.6,7.62e-01,OK
stratxweekend,london_burst_fade|True,443,46.0,46.0,0.315,0.259,0.0056,1.04,2.5,10,12.4,16,4.45,41.5,50.7,45.1,3.58e-01,OK
stratxweekend,nony_momentum|False,1494,55.0,55.0,0.129,0.135,0.0102,1.17,15.2,19,16.6,41,0.51,52.5,57.5,51.2,1.61e-03,OK
stratxweekend,nony_momentum|True,498,54.0,54.0,0.109,0.152,-0.0107,0.85,-5.3,30,10.9,16,inf,49.6,58.3,58.1,9.71e-01,OK
stratxweekend,ny_burst_fade|False,64,53.1,53.1,0.254,0.26,0.0131,1.11,0.8,6,2.4,2,2.72,41.1,64.8,50.6,3.89e-01,OK
stratxweekend,ny_burst_follow|False,63,41.3,41.3,0.099,0.085,-0.0088,0.82,-0.6,6,1.6,2,inf,30.0,53.6,46.1,8.13e-01,OK
stratxweekend,ny_flush_buy_4h|False,634,53.3,53.3,0.29,0.277,0.025,1.19,15.9,25,12.5,38,0.49,49.4,57.2,48.9,1.46e-02,OK
stratxweekend,ny_flush_buy_4h|True,170,54.7,54.7,0.281,0.498,-0.0719,0.68,-12.2,30,22.4,13,inf,47.2,62.0,63.9,9.95e-01,OK
stratxweekend,setup_fade|False,3744,49.6,49.6,0.365,0.356,0.0018,1.01,6.7,13,35.4,45,1.52,48.0,51.2,49.4,3.87e-01,OK
stratxweekend,setup_fade|True,1536,48.4,48.5,0.351,0.345,-0.0079,0.96,-12.2,16,37.1,18,inf,45.9,50.9,49.6,8.20e-01,OK
stratxweekend,setup_follow|False,3731,49.3,49.3,0.144,0.144,-0.0019,0.97,-7.2,14,25.7,45,inf,47.7,50.9,50.0,7.99e-01,OK
stratxweekend,setup_follow|True,1527,49.9,49.9,0.14,0.138,0.0008,1.01,1.2,12,10.3,18,4.16,47.4,52.4,49.6,4.23e-01,OK
stratxweekend,v65_strict_long|False,29,51.7,51.7,0.47,0.395,0.0524,1.28,1.5,3,1.8,11,1.51,34.4,68.6,45.7,3.18e-01,LOW-N
stratxweekend,v65_strict_long|True,30,36.7,36.7,0.349,0.205,-0.0019,0.99,-0.1,9,2.6,4,inf,21.9,54.5,37.0,5.84e-01,OK
stratxweekend,v65_strict_ny_long|False,29,51.7,51.7,0.47,0.395,0.0524,1.28,1.5,3,1.8,11,1.51,34.4,68.6,45.7,3.18e-01,LOW-N
stratxweekend,v65_strict_ny_long|True,30,36.7,36.7,0.349,0.205,-0.0019,0.99,-0.1,9,2.6,4,inf,21.9,54.5,37.0,5.84e-01,OK
